observation_date,WIMFSL
1980-02-04,11.5
1980-02-11,11.5
1980-02-18,11.8
1980-02-25,12.0
1980-03-03,12.2
1980-03-10,12.1
1980-03-17,11.8
1980-03-24,12.0
1980-03-31,12.0
1980-04-07,11.8
1980-04-14,11.8
1980-04-21,11.7
1980-04-28,11.9
1980-05-05,12.4
1980-05-12,13.3
1980-05-19,14.0
1980-05-26,14.9
1980-06-02,15.6
1980-06-09,16.3
1980-06-16,17.0
1980-06-23,17.8
1980-06-30,18.4
1980-07-07,19.2
1980-07-14,19.7
1980-07-21,20.0
1980-07-28,20.3
1980-08-04,20.6
1980-08-11,20.7
1980-08-18,20.6
1980-08-25,20.1
1980-09-01,19.4
1980-09-08,18.6
1980-09-15,18.3
1980-09-22,18.2
1980-09-29,17.8
1980-10-06,17.2
1980-10-13,17.0
1980-10-20,16.7
1980-10-27,16.5
1980-11-03,16.3
1980-11-10,16.1
1980-11-17,15.9
1980-11-24,15.8
1980-12-01,15.5
1980-12-08,15.4
1980-12-15,15.3
1980-12-22,15.2
1980-12-29,14.9
1981-01-05,15.0
1981-01-12,15.6
1981-01-19,16.1
1981-01-26,16.7
1981-02-02,17.2
1981-02-09,17.9
1981-02-16,18.6
1981-02-23,19.2
1981-03-02,20.1
1981-03-09,20.6
1981-03-16,21.5
1981-03-23,22.4
1981-03-30,23.6
1981-04-06,24.1
1981-04-13,24.2
1981-04-20,24.2
1981-04-27,23.6
1981-05-04,23.6
1981-05-11,22.8
1981-05-18,22.2
1981-05-25,22.1
1981-06-01,22.0
1981-06-08,22.1
1981-06-15,22.4
1981-06-22,23.0
1981-06-29,23.7
1981-07-06,23.9
1981-07-13,24.2
1981-07-20,24.9
1981-07-27,24.9
1981-08-03,25.2
1981-08-10,25.7
1981-08-17,26.1
1981-08-24,26.5
1981-08-31,27.4
1981-09-07,27.7
1981-09-14,28.4
1981-09-21,29.9
1981-09-28,31.5
1981-10-05,31.3
1981-10-12,32.8
1981-10-19,32.5
1981-10-26,33.1
1981-11-02,33.7
1981-11-09,33.5
1981-11-16,34.5
1981-11-23,35.8
1981-11-30,37.3
1981-12-07,38.1
1981-12-14,38.7
1981-12-21,38.3
1981-12-28,37.5
1982-01-04,36.3
1982-01-11,37.6
1982-01-18,37.2
1982-01-25,37.6
1982-02-01,36.7
1982-02-08,36.0
1982-02-15,35.1
1982-02-22,34.7
1982-03-01,36.2
1982-03-08,35.9
1982-03-15,36.3
1982-03-22,36.8
1982-03-29,38.1
1982-04-05,36.7
1982-04-12,36.9
1982-04-19,36.0
1982-04-26,36.1
1982-05-03,36.4
1982-05-10,36.4
1982-05-17,36.7
1982-05-24,37.4
1982-05-31,38.5
1982-06-07,38.6
1982-06-14,38.6
1982-06-21,38.2
1982-06-28,38.6
1982-07-05,38.0
1982-07-12,39.0
1982-07-19,40.2
1982-07-26,43.0
1982-08-02,44.9
1982-08-09,46.1
1982-08-16,47.5
1982-08-23,49.1
1982-08-30,51.0
1982-09-06,50.1
1982-09-13,50.3
1982-09-20,49.9
1982-09-27,50.2
1982-10-04,49.9
1982-10-11,49.0
1982-10-18,50.9
1982-10-25,51.6
1982-11-01,51.7
1982-11-08,52.2
1982-11-15,51.6
1982-11-22,50.8
1982-11-29,51.7
1982-12-06,52.0
1982-12-13,51.3
1982-12-20,50.0
1982-12-27,48.7
1983-01-03,47.2
1983-01-10,46.8
1983-01-17,46.1
1983-01-24,45.7
1983-01-31,45.7
1983-02-07,46.6
1983-02-14,46.4
1983-02-21,46.4
1983-02-28,46.0
1983-03-07,46.3
1983-03-14,45.7
1983-03-21,45.2
1983-03-28,44.5
1983-04-04,43.8
1983-04-11,43.4
1983-04-18,43.0
1983-04-25,42.4
1983-05-02,42.2
1983-05-09,42.0
1983-05-16,42.3
1983-05-23,42.3
1983-05-30,41.9
1983-06-06,42.2
1983-06-13,42.3
1983-06-20,42.3
1983-06-27,41.6
1983-07-04,41.3
1983-07-11,41.5
1983-07-18,40.6
1983-07-25,40.4
1983-08-01,40.9
1983-08-08,41.1
1983-08-15,41.1
1983-08-22,41.7
1983-08-29,41.3
1983-09-05,41.3
1983-09-12,41.6
1983-09-19,41.4
1983-09-26,42.2
1983-10-03,43.0
1983-10-10,43.0
1983-10-17,42.7
1983-10-24,42.8
1983-10-31,42.5
1983-11-07,41.5
1983-11-14,41.2
1983-11-21,40.9
1983-11-28,40.4
1983-12-05,40.7
1983-12-12,40.6
1983-12-19,40.7
1983-12-26,40.7
1984-01-02,41.8
1984-01-09,41.6
1984-01-16,41.1
1984-01-23,41.7
1984-01-30,42.0
1984-02-06,42.8
1984-02-13,43.2
1984-02-20,43.9
1984-02-27,43.8
1984-03-05,44.0
1984-03-12,44.0
1984-03-19,44.4
1984-03-26,44.7
1984-04-02,45.4
1984-04-09,45.6
1984-04-16,45.5
1984-04-23,45.1
1984-04-30,44.9
1984-05-07,44.4
1984-05-14,44.9
1984-05-21,45.5
1984-05-28,46.0
1984-06-04,46.8
1984-06-11,46.4
1984-06-18,46.5
1984-06-25,45.9
1984-07-02,47.0
1984-07-09,46.7
1984-07-16,46.3
1984-07-23,46.4
1984-07-30,47.1
1984-08-06,46.9
1984-08-13,47.1
1984-08-20,46.9
1984-08-27,46.3
1984-09-03,46.5
1984-09-10,45.9
1984-09-17,46.1
1984-09-24,46.6
1984-10-01,48.7
1984-10-08,54.5
1984-10-15,55.9
1984-10-22,57.5
1984-10-29,58.6
1984-11-05,59.0
1984-11-12,60.8
1984-11-19,61.9
1984-11-26,62.3
1984-12-03,64.3
1984-12-10,65.2
1984-12-17,65.1
1984-12-24,67.0
1984-12-31,67.9
1985-01-07,67.1
1985-01-14,68.4
1985-01-21,69.2
1985-01-28,68.8
1985-02-04,68.3
1985-02-11,67.7
1985-02-18,66.8
1985-02-25,65.8
1985-03-04,66.8
1985-03-11,65.7
1985-03-18,64.4
1985-03-25,65.0
1985-04-01,66.4
1985-04-08,65.7
1985-04-15,64.1
1985-04-22,66.6
1985-04-29,69.3
1985-05-06,68.0
1985-05-13,69.0
1985-05-20,69.0
1985-05-27,71.6
1985-06-03,73.2
1985-06-10,73.3
1985-06-17,75.2
1985-06-24,77.5
1985-07-01,75.7
1985-07-08,72.9
1985-07-15,71.8
1985-07-22,71.9
1985-07-29,71.0
1985-08-05,70.7
1985-08-12,70.6
1985-08-19,70.3
1985-08-26,71.6
1985-09-02,70.4
1985-09-09,70.4
1985-09-16,69.2
1985-09-23,69.1
1985-09-30,69.3
1985-10-07,69.9
1985-10-14,69.8
1985-10-21,69.7
1985-10-28,68.5
1985-11-04,70.3
1985-11-11,68.7
1985-11-18,68.3
1985-11-25,69.3
1985-12-02,68.9
1985-12-09,68.9
1985-12-16,68.6
1985-12-23,69.5
1985-12-30,70.1
1986-01-06,71.4
1986-01-13,71.4
1986-01-20,70.5
1986-01-27,71.1
1986-02-03,72.4
1986-02-10,72.2
1986-02-17,72.2
1986-02-24,73.3
1986-03-03,73.0
1986-03-10,74.5
1986-03-17,75.7
1986-03-24,77.6
1986-03-31,77.7
1986-04-07,79.1
1986-04-14,80.6
1986-04-21,82.2
1986-04-28,81.3
1986-05-05,82.8
1986-05-12,82.7
1986-05-19,82.8
1986-05-26,82.8
1986-06-02,84.1
1986-06-09,83.8
1986-06-16,84.2
1986-06-23,83.8
1986-06-30,83.5
1986-07-07,84.9
1986-07-14,84.1
1986-07-21,86.4
1986-07-28,87.2
1986-08-04,88.8
1986-08-11,89.5
1986-08-18,89.4
1986-08-25,89.6
1986-09-01,91.5
1986-09-08,92.4
1986-09-15,93.2
1986-09-22,95.2
1986-09-29,94.9
1986-10-06,93.5
1986-10-13,94.6
1986-10-20,94.1
1986-10-27,93.4
1986-11-03,93.6
1986-11-10,91.2
1986-11-17,91.3
1986-11-24,90.6
1986-12-01,90.2
1986-12-08,90.7
1986-12-15,91.1
1986-12-22,92.0
1986-12-29,90.6
1987-01-05,90.8
1987-01-12,90.6
1987-01-19,89.3
1987-01-26,88.7
1987-02-02,89.3
1987-02-09,90.5
1987-02-16,90.5
1987-02-23,91.6
1987-03-02,91.6
1987-03-09,92.5
1987-03-16,91.7
1987-03-23,92.7
1987-03-30,91.8
1987-04-06,93.3
1987-04-13,92.5
1987-04-20,91.8
1987-04-27,90.9
1987-05-04,91.5
1987-05-11,90.1
1987-05-18,90.3
1987-05-25,90.8
1987-06-01,91.4
1987-06-08,92.6
1987-06-15,92.1
1987-06-22,92.0
1987-06-29,92.2
1987-07-06,93.4
1987-07-13,92.9
1987-07-20,93.5
1987-07-27,94.0
1987-08-03,94.8
1987-08-10,94.0
1987-08-17,93.9
1987-08-24,94.2
1987-08-31,92.9
1987-09-07,93.9
1987-09-14,91.8
1987-09-21,92.4
1987-09-28,91.6
1987-10-05,92.2
1987-10-12,91.8
1987-10-19,92.3
1987-10-26,95.5
1987-11-02,96.9
1987-11-09,98.3
1987-11-16,98.5
1987-11-23,98.5
1987-11-30,98.5
1987-12-07,99.7
1987-12-14,98.9
1987-12-21,99.7
1987-12-28,99.2
1988-01-04,98.7
1988-01-11,100.9
1988-01-18,103.0
1988-01-25,103.1
1988-02-01,103.3
1988-02-08,104.6
1988-02-15,105.8
1988-02-22,105.5
1988-02-29,106.0
1988-03-07,106.5
1988-03-14,106.6
1988-03-21,105.4
1988-03-28,104.1
1988-04-04,106.0
1988-04-11,103.3
1988-04-18,103.1
1988-04-25,101.8
1988-05-02,102.3
1988-05-09,103.5
1988-05-16,100.4
1988-05-23,102.5
1988-05-30,100.5
1988-06-06,100.3
1988-06-13,98.9
1988-06-20,99.0
1988-06-27,99.2
1988-07-04,99.0
1988-07-11,99.4
1988-07-18,98.3
1988-07-25,97.1
1988-08-01,97.4
1988-08-08,97.6
1988-08-15,97.3
1988-08-22,98.1
1988-08-29,97.7
1988-09-05,98.5
1988-09-12,98.2
1988-09-19,98.5
1988-09-26,99.4
1988-10-03,100.7
1988-10-10,100.4
1988-10-17,100.1
1988-10-24,99.1
1988-10-31,99.7
1988-11-07,99.3
1988-11-14,99.6
1988-11-21,100.0
1988-11-28,101.7
1988-12-05,101.2
1988-12-12,99.4
1988-12-19,100.9
1988-12-26,100.4
1989-01-02,101.8
1989-01-09,101.6
1989-01-16,99.2
1989-01-23,99.3
1989-01-30,99.3
1989-02-06,99.9
1989-02-13,98.6
1989-02-20,99.2
1989-02-27,99.1
1989-03-06,99.0
1989-03-13,98.7
1989-03-20,99.1
1989-03-27,99.7
1989-04-03,101.5
1989-04-10,101.7
1989-04-17,101.9
1989-04-24,102.3
1989-05-01,102.9
1989-05-08,104.1
1989-05-15,105.6
1989-05-22,106.5
1989-05-29,107.7
1989-06-05,108.4
1989-06-12,109.2
1989-06-19,110.8
1989-06-26,112.9
1989-07-03,112.9
1989-07-10,113.8
1989-07-17,114.6
1989-07-24,115.0
1989-07-31,114.7
1989-08-07,118.4
1989-08-14,116.7
1989-08-21,116.2
1989-08-28,115.8
1989-09-04,117.2
1989-09-11,116.9
1989-09-18,117.6
1989-09-25,118.1
1989-10-02,118.9
1989-10-09,117.6
1989-10-16,117.1
1989-10-23,118.9
1989-10-30,117.3
1989-11-06,116.7
1989-11-13,117.8
1989-11-20,117.0
1989-11-27,118.5
1989-12-04,119.2
1989-12-11,118.7
1989-12-18,118.0
1989-12-25,118.2
1990-01-01,118.4
1990-01-08,120.8
1990-01-15,119.0
1990-01-22,120.7
1990-01-29,119.1
1990-02-05,120.2
1990-02-12,120.1
1990-02-19,120.7
1990-02-26,121.2
1990-03-05,121.5
1990-03-12,122.3
1990-03-19,122.6
1990-03-26,123.2
1990-04-02,124.0
1990-04-09,124.8
1990-04-16,123.1
1990-04-23,123.5
1990-04-30,123.0
1990-05-07,124.9
1990-05-14,123.4
1990-05-21,124.2
1990-05-28,123.2
1990-06-04,125.0
1990-06-11,124.7
1990-06-18,125.0
1990-06-25,125.6
1990-07-02,127.0
1990-07-09,127.4
1990-07-16,126.1
1990-07-23,128.3
1990-07-30,128.8
1990-08-06,127.0
1990-08-13,128.1
1990-08-20,129.6
1990-08-27,132.0
1990-09-03,133.0
1990-09-10,133.3
1990-09-17,133.5
1990-09-24,134.8
1990-10-01,136.8
1990-10-08,137.7
1990-10-15,137.8
1990-10-22,141.5
1990-10-29,139.7
1990-11-05,140.4
1990-11-12,140.7
1990-11-19,139.6
1990-11-26,141.5
1990-12-03,143.1
1990-12-10,144.5
1990-12-17,146.5
1990-12-24,148.5
1990-12-31,148.9
1991-01-07,149.5
1991-01-14,152.5
1991-01-21,156.2
1991-01-28,156.1
1991-02-04,156.3
1991-02-11,162.3
1991-02-18,162.4
1991-02-25,162.2
1991-03-04,165.1
1991-03-11,162.0
1991-03-18,163.8
1991-03-25,164.6
1991-04-01,165.5
1991-04-08,165.1
1991-04-15,169.7
1991-04-22,168.8
1991-04-29,169.1
1991-05-06,167.9
1991-05-13,170.4
1991-05-20,168.4
1991-05-27,171.2
1991-06-03,170.7
1991-06-10,170.8
1991-06-17,170.3
1991-06-24,170.5
1991-07-01,167.3
1991-07-08,169.2
1991-07-15,169.0
1991-07-22,169.6
1991-07-29,169.2
1991-08-05,167.5
1991-08-12,172.0
1991-08-19,172.1
1991-08-26,172.9
1991-09-02,173.2
1991-09-09,172.3
1991-09-16,173.3
1991-09-23,174.5
1991-09-30,178.8
1991-10-07,180.3
1991-10-14,184.3
1991-10-21,180.4
1991-10-28,181.9
1991-11-04,182.4
1991-11-11,185.9
1991-11-18,185.9
1991-11-25,192.6
1991-12-02,192.8
1991-12-09,193.9
1991-12-16,196.7
1991-12-23,199.8
1991-12-30,196.2
1992-01-06,182.3
1992-01-13,201.3
1992-01-20,203.7
1992-01-27,205.7
1992-02-03,208.5
1992-02-10,207.6
1992-02-17,211.7
1992-02-24,196.3
1992-03-02,210.6
1992-03-09,204.6
1992-03-16,210.0
1992-03-23,209.3
1992-03-30,210.0
1992-04-06,203.8
1992-04-13,211.9
1992-04-20,210.0
1992-04-27,218.5
1992-05-04,216.8
1992-05-11,216.6
1992-05-18,220.3
1992-05-25,220.7
1992-06-01,216.0
1992-06-08,220.8
1992-06-15,224.9
1992-06-22,228.3
1992-06-29,225.3
1992-07-06,212.7
1992-07-13,229.8
1992-07-20,234.2
1992-07-27,236.8
1992-08-03,242.2
1992-08-10,237.2
1992-08-17,238.6
1992-08-24,236.5
1992-08-31,240.6
1992-09-07,233.7
1992-09-14,243.1
1992-09-21,243.4
1992-09-28,241.8
1992-10-05,216.5
1992-10-12,234.8
1992-10-19,226.1
1992-10-26,234.1
1992-11-02,231.0
1992-11-09,228.0
1992-11-16,226.0
1992-11-23,229.5
1992-11-30,227.0
1992-12-07,222.3
1992-12-14,222.8
1992-12-21,223.7
1992-12-28,219.6
1993-01-04,212.1
1993-01-11,205.6
1993-01-18,220.0
1993-01-25,216.2
1993-02-01,227.3
1993-02-08,221.9
1993-02-15,226.8
1993-02-22,221.3
1993-03-01,226.8
1993-03-08,219.8
1993-03-15,224.5
1993-03-22,223.0
1993-03-29,224.3
1993-04-05,212.7
1993-04-12,220.8
1993-04-19,221.9
1993-04-26,226.7
1993-05-03,227.9
1993-05-10,230.1
1993-05-17,227.3
1993-05-24,229.6
1993-05-31,222.4
1993-06-07,222.2
1993-06-14,222.8
1993-06-21,224.8
1993-06-28,222.1
1993-07-05,217.2
1993-07-12,219.1
1993-07-19,224.5
1993-07-26,219.3
1993-08-02,223.3
1993-08-09,216.2
1993-08-16,220.8
1993-08-23,219.5
1993-08-30,224.2
1993-09-06,220.2
1993-09-13,223.2
1993-09-20,221.9
1993-09-27,221.6
1993-10-04,219.8
1993-10-11,219.4
1993-10-18,221.7
1993-10-25,228.0
1993-11-01,226.0
1993-11-08,223.1
1993-11-15,222.2
1993-11-22,226.9
1993-11-29,226.5
1993-12-06,224.7
1993-12-13,229.7
1993-12-20,227.8
1993-12-27,227.5
1994-01-03,224.3
1994-01-10,221.2
1994-01-17,222.1
1994-01-24,222.5
1994-01-31,226.3
1994-02-07,219.3
1994-02-14,210.1
1994-02-21,209.1
1994-02-28,208.1
1994-03-07,210.0
1994-03-14,211.9
1994-03-21,217.7
1994-03-28,217.8
1994-04-04,220.3
1994-04-11,217.3
1994-04-18,223.0
1994-04-25,217.9
1994-05-02,217.2
1994-05-09,215.7
1994-05-16,216.4
1994-05-23,216.0
1994-05-30,213.2
1994-06-06,212.5
1994-06-13,214.0
1994-06-20,212.8
1994-06-27,214.5
1994-07-04,217.6
1994-07-11,215.7
1994-07-18,213.5
1994-07-25,213.8
1994-08-01,215.3
1994-08-08,217.3
1994-08-15,217.0
1994-08-22,216.5
1994-08-29,211.6
1994-09-05,212.6
1994-09-12,213.4
1994-09-19,215.3
1994-09-26,216.1
1994-10-03,221.2
1994-10-10,221.7
1994-10-17,223.1
1994-10-24,222.0
1994-10-31,224.0
1994-11-07,225.9
1994-11-14,229.8
1994-11-21,223.2
1994-11-28,220.3
1994-12-05,220.8
1994-12-12,224.7
1994-12-19,225.4
1994-12-26,225.8
1995-01-02,229.7
1995-01-09,229.9
1995-01-16,230.8
1995-01-23,231.2
1995-01-30,232.5
1995-02-06,228.5
1995-02-13,225.0
1995-02-20,225.7
1995-02-27,228.8
1995-03-06,231.0
1995-03-13,234.3
1995-03-20,236.2
1995-03-27,239.4
1995-04-03,240.8
1995-04-10,239.7
1995-04-17,242.3
1995-04-24,243.3
1995-05-01,245.4
1995-05-08,245.6
1995-05-15,246.0
1995-05-22,251.2
1995-05-29,253.4
1995-06-05,255.7
1995-06-12,259.0
1995-06-19,261.0
1995-06-26,260.1
1995-07-03,263.4
1995-07-10,263.1
1995-07-17,268.0
1995-07-24,268.0
1995-07-31,269.1
1995-08-07,271.1
1995-08-14,266.4
1995-08-21,267.7
1995-08-28,265.7
1995-09-04,270.2
1995-09-11,270.1
1995-09-18,270.7
1995-09-25,270.2
1995-10-02,271.9
1995-10-09,272.9
1995-10-16,272.1
1995-10-23,275.0
1995-10-30,272.7
1995-11-06,275.4
1995-11-13,275.6
1995-11-20,275.6
1995-11-27,277.3
1995-12-04,280.7
1995-12-11,276.3
1995-12-18,276.6
1995-12-25,279.6
1996-01-01,284.2
1996-01-08,286.5
1996-01-15,286.7
1996-01-22,284.4
1996-01-29,281.1
1996-02-05,279.1
1996-02-12,291.1
1996-02-19,291.8
1996-02-26,298.6
1996-03-04,295.8
1996-03-11,300.5
1996-03-18,297.6
1996-03-25,298.7
1996-04-01,298.7
1996-04-08,301.5
1996-04-15,298.1
1996-04-22,300.6
1996-04-29,296.2
1996-05-06,300.6
1996-05-13,298.1
1996-05-20,297.0
1996-05-27,300.7
1996-06-03,305.7
1996-06-10,304.7
1996-06-17,306.6
1996-06-24,304.7
1996-07-01,308.7
1996-07-08,313.7
1996-07-15,314.4
1996-07-22,315.4
1996-07-29,314.4
1996-08-05,312.2
1996-08-12,321.8
1996-08-19,319.0
1996-08-26,325.5
1996-09-02,321.6
1996-09-09,324.5
1996-09-16,331.0
1996-09-23,332.6
1996-09-30,322.5
1996-10-07,328.8
1996-10-14,327.4
1996-10-21,333.0
1996-10-28,326.1
1996-11-04,330.7
1996-11-11,330.6
1996-11-18,336.0
1996-11-25,334.5
1996-12-02,335.7
1996-12-09,339.5
1996-12-16,343.9
1996-12-23,338.7
1996-12-30,339.2
1997-01-06,335.9
1997-01-13,344.3
1997-01-20,340.8
1997-01-27,345.7
1997-02-03,340.7
1997-02-10,348.0
1997-02-17,349.2
1997-02-24,356.6
1997-03-03,354.0
1997-03-10,362.7
1997-03-17,360.3
1997-03-24,363.8
1997-03-31,354.4
1997-04-07,363.4
1997-04-14,360.1
1997-04-21,359.9
1997-04-28,360.7
1997-05-05,357.9
1997-05-12,362.3
1997-05-19,369.7
1997-05-26,366.0
1997-06-02,372.6
1997-06-09,373.9
1997-06-16,373.7
1997-06-23,373.0
1997-06-30,375.8
1997-07-07,385.5
1997-07-14,381.8
1997-07-21,379.8
1997-07-28,382.8
1997-08-04,379.9
1997-08-11,386.9
1997-08-18,387.8
1997-08-25,390.7
1997-09-01,390.3
1997-09-08,397.5
1997-09-15,396.9
1997-09-22,397.4
1997-09-29,399.8
1997-10-06,402.0
1997-10-13,403.9
1997-10-20,403.9
1997-10-27,400.5
1997-11-03,407.6
1997-11-10,402.9
1997-11-17,405.7
1997-11-24,404.8
1997-12-01,406.7
1997-12-08,414.1
1997-12-15,416.6
1997-12-22,412.5
1997-12-29,416.2
1998-01-05,413.4
1998-01-12,428.4
1998-01-19,425.5
1998-01-26,424.5
1998-02-02,420.3
1998-02-09,427.1
1998-02-16,427.9
1998-02-23,431.1
1998-03-02,429.6
1998-03-09,434.6
1998-03-16,435.4
1998-03-23,437.4
1998-03-30,437.3
1998-04-06,447.2
1998-04-13,452.6
1998-04-20,449.4
1998-04-27,449.3
1998-05-04,458.2
1998-05-11,462.9
1998-05-18,461.2
1998-05-25,464.2
1998-06-01,469.0
1998-06-08,477.0
1998-06-15,476.4
1998-06-22,478.1
1998-06-29,481.9
1998-07-06,481.3
1998-07-13,486.5
1998-07-20,480.9
1998-07-27,487.5
1998-08-03,491.6
1998-08-10,498.8
1998-08-17,500.7
1998-08-24,502.1
1998-08-31,503.0
1998-09-07,517.2
1998-09-14,512.0
1998-09-21,513.9
1998-09-28,519.2
1998-10-05,521.4
1998-10-12,530.9
1998-10-19,541.4
1998-10-26,545.8
1998-11-02,552.8
1998-11-09,545.5
1998-11-16,553.6
1998-11-23,554.4
1998-11-30,566.0
1998-12-07,571.8
1998-12-14,566.7
1998-12-21,565.9
1998-12-28,565.8
1999-01-04,556.7
1999-01-11,566.4
1999-01-18,572.0
1999-01-25,577.5
1999-02-01,574.3
1999-02-08,589.3
1999-02-15,581.8
1999-02-22,591.6
1999-03-01,582.9
1999-03-08,584.8
1999-03-15,582.4
1999-03-22,588.6
1999-03-29,590.5
1999-04-05,589.6
1999-04-12,601.4
1999-04-19,607.7
1999-04-26,604.2
1999-05-03,601.8
1999-05-10,606.6
1999-05-17,608.5
1999-05-24,603.3
1999-05-31,608.7
1999-06-07,608.0
1999-06-14,607.8
1999-06-21,607.4
1999-06-28,609.5
1999-07-05,600.2
1999-07-12,608.4
1999-07-19,604.7
1999-07-26,606.4
1999-08-02,610.5
1999-08-09,616.0
1999-08-16,616.4
1999-08-23,622.2
1999-08-30,615.2
1999-09-06,619.3
1999-09-13,619.7
1999-09-20,617.0
1999-09-27,622.4
1999-10-04,621.8
1999-10-11,626.1
1999-10-18,632.5
1999-10-25,636.3
1999-11-01,643.3
1999-11-08,650.0
1999-11-15,655.7
1999-11-22,655.0
1999-11-29,652.4
1999-12-06,655.6
1999-12-13,662.0
1999-12-20,668.8
1999-12-27,675.1
2000-01-03,697.7
2000-01-10,683.6
2000-01-17,677.0
2000-01-24,685.2
2000-01-31,695.3
2000-02-07,687.5
2000-02-14,685.0
2000-02-21,687.8
2000-02-28,686.4
2000-03-06,697.2
2000-03-13,705.3
2000-03-20,703.7
2000-03-27,704.7
2000-04-03,707.1
2000-04-10,707.1
2000-04-17,710.4
2000-04-24,709.2
2000-05-01,706.2
2000-05-08,715.3
2000-05-15,718.0
2000-05-22,716.6
2000-05-29,711.9
2000-06-05,716.5
2000-06-12,718.6
2000-06-19,722.4
2000-06-26,723.0
2000-07-03,731.1
2000-07-10,743.7
2000-07-17,751.5
2000-07-24,752.3
2000-07-31,755.7
2000-08-07,763.5
2000-08-14,764.4
2000-08-21,765.6
2000-08-28,770.1
2000-09-04,778.3
2000-09-11,782.0
2000-09-18,792.5
2000-09-25,786.2
2000-10-02,790.3
2000-10-09,793.0
2000-10-16,800.5
2000-10-23,799.6
2000-10-30,792.6
2000-11-06,803.0
2000-11-13,805.7
2000-11-20,800.9
2000-11-27,802.5
2000-12-04,812.5
2000-12-11,808.8
2000-12-18,822.4
2000-12-25,826.0
2001-01-01,830.8
2001-01-08,835.7
2001-01-15,858.8
2001-01-22,875.1
2001-01-29,873.8
2001-02-05,895.8
2001-02-12,920.3
2001-02-19,933.8
2001-02-26,933.8
2001-03-05,941.9
2001-03-12,941.6
2001-03-19,936.1
2001-03-26,962.9
2001-04-02,977.6
2001-04-09,971.6
2001-04-16,977.6
2001-04-23,973.4
2001-04-30,1001.8
2001-05-07,1011.0
2001-05-14,1013.7
2001-05-21,1029.7
2001-05-28,1045.5
2001-06-04,1051.8
2001-06-11,1051.5
2001-06-18,1056.6
2001-06-25,1059.0
2001-07-02,1073.9
2001-07-09,1068.5
2001-07-16,1078.2
2001-07-23,1081.3
2001-07-30,1065.6
2001-08-06,1050.5
2001-08-13,1054.0
2001-08-20,1043.2
2001-08-27,1065.7
2001-09-03,1084.0
2001-09-10,1070.4
2001-09-17,1074.4
2001-09-24,1153.8
2001-10-01,1144.1
2001-10-08,1172.0
2001-10-15,1183.3
2001-10-22,1187.6
2001-10-29,1190.7
2001-11-05,1190.0
2001-11-12,1210.3
2001-11-19,1207.9
2001-11-26,1216.8
2001-12-03,1231.6
2001-12-10,1220.5
2001-12-17,1233.9
2001-12-24,1236.2
2001-12-31,1226.1
2002-01-07,1212.0
2002-01-14,1221.4
2002-01-21,1231.7
2002-01-28,1233.0
2002-02-04,1231.2
2002-02-11,1230.5
2002-02-18,1238.2
2002-02-25,1234.3
2002-03-04,1229.6
2002-03-11,1230.3
2002-03-18,1243.2
2002-03-25,1240.2
2002-04-01,1231.3
2002-04-08,1234.0
2002-04-15,1232.2
2002-04-22,1247.0
2002-04-29,1254.7
2002-05-06,1239.3
2002-05-13,1247.3
2002-05-20,1242.9
2002-05-27,1259.6
2002-06-03,1245.0
2002-06-10,1242.0
2002-06-17,1248.0
2002-06-24,1252.7
2002-07-01,1227.1
2002-07-08,1238.5
2002-07-15,1238.6
2002-07-22,1248.6
2002-07-29,1248.4
2002-08-05,1229.7
2002-08-12,1228.8
2002-08-19,1234.3
2002-08-26,1227.6
2002-09-02,1217.4
2002-09-09,1201.8
2002-09-16,1216.6
2002-09-23,1212.2
2002-09-30,1201.3
2002-10-07,1192.8
2002-10-14,1186.3
2002-10-21,1187.2
2002-10-28,1186.5
2002-11-04,1182.0
2002-11-11,1214.8
2002-11-18,1287.4
2002-11-25,1308.1
2002-12-02,1292.0
2002-12-09,1302.8
2002-12-16,1299.1
2002-12-23,1286.2
2002-12-30,1265.2
2003-01-06,1258.5
2003-01-13,1254.0
2003-01-20,1255.2
2003-01-27,1274.1
2003-02-03,1266.6
2003-02-10,1252.1
2003-02-17,1253.0
2003-02-24,1249.3
2003-03-03,1235.4
2003-03-10,1228.0
2003-03-17,1243.4
2003-03-24,1239.6
2003-03-31,1223.6
2003-04-07,1216.4
2003-04-14,1209.6
2003-04-21,1212.5
2003-04-28,1214.6
2003-05-05,1195.8
2003-05-12,1196.5
2003-05-19,1193.7
2003-05-26,1191.4
2003-06-02,1185.0
2003-06-09,1183.7
2003-06-16,1180.5
2003-06-23,1194.8
2003-06-30,1235.1
2003-07-07,1247.7
2003-07-14,1242.5
2003-07-21,1238.4
2003-07-28,1230.5
2003-08-04,1218.7
2003-08-11,1206.4
2003-08-18,1199.4
2003-08-25,1202.9
2003-09-01,1190.4
2003-09-08,1190.8
2003-09-15,1194.7
2003-09-22,1200.0
2003-09-29,1199.6
2003-10-06,1177.3
2003-10-13,1184.8
2003-10-20,1182.4
2003-10-27,1184.0
2003-11-03,1184.7
2003-11-10,1174.8
2003-11-17,1164.5
2003-11-24,1170.2
2003-12-01,1150.4
2003-12-08,1147.8
2003-12-15,1136.3
2003-12-22,1136.7
2003-12-29,1128.8
2004-01-05,1143.1
2004-01-12,1140.8
2004-01-19,1142.3
2004-01-26,1139.8
2004-02-02,1138.6
2004-02-09,1132.8
2004-02-16,1134.0
2004-02-23,1140.7
2004-03-01,1139.0
2004-03-08,1138.7
2004-03-15,1138.7
2004-03-22,1141.3
2004-03-29,1143.5
2004-04-05,1139.8
2004-04-12,1142.2
2004-04-19,1143.4
2004-04-26,1148.1
2004-05-03,1148.7
2004-05-10,1143.2
2004-05-17,1154.1
2004-05-24,1152.1
2004-05-31,1143.0
2004-06-07,1142.2
2004-06-14,1144.4
2004-06-21,1145.5
2004-06-28,1147.5
2004-07-05,1126.3
2004-07-12,1125.3
2004-07-19,1133.6
2004-07-26,1138.2
2004-08-02,1138.6
2004-08-09,1133.2
2004-08-16,1122.3
2004-08-23,1121.2
2004-08-30,1106.0
2004-09-06,1107.3
2004-09-13,1110.9
2004-09-20,1109.0
2004-09-27,1110.7
2004-10-04,1102.4
2004-10-11,1089.2
2004-10-18,1088.8
2004-10-25,1086.7
2004-11-01,1094.5
2004-11-08,1098.1
2004-11-15,1084.9
2004-11-22,1084.6
2004-11-29,1090.0
2004-12-06,1085.1
2004-12-13,1084.0
2004-12-20,1071.8
2004-12-27,1091.3
2005-01-03,1101.2
2005-01-10,1089.6
2005-01-17,1078.5
2005-01-24,1082.2
2005-01-31,1079.4
2005-02-07,1075.0
2005-02-14,1067.7
2005-02-21,1076.1
2005-02-28,1071.4
2005-03-07,1072.4
2005-03-14,1065.9
2005-03-21,1065.6
2005-03-28,1069.4
2005-04-04,1073.6
2005-04-11,1075.9
2005-04-18,1080.2
2005-04-25,1082.8
2005-05-02,1078.4
2005-05-09,1074.8
2005-05-16,1071.2
2005-05-23,1077.3
2005-05-30,1083.5
2005-06-06,1082.8
2005-06-13,1090.0
2005-06-20,1085.1
2005-06-27,1100.6
2005-07-04,1103.3
2005-07-11,1100.5
2005-07-18,1101.7
2005-07-25,1113.5
2005-08-01,1116.9
2005-08-08,1116.0
2005-08-15,1107.2
2005-08-22,1110.2
2005-08-29,1119.9
2005-09-05,1121.1
2005-09-12,1124.9
2005-09-19,1135.2
2005-09-26,1132.6
2005-10-03,1130.8
2005-10-10,1129.1
2005-10-17,1139.6
2005-10-24,1145.4
2005-10-31,1143.0
2005-11-07,1133.4
2005-11-14,1138.6
2005-11-21,1146.2
2005-11-28,1143.1
2005-12-05,1136.0
2005-12-12,1151.9
2005-12-19,1151.9
2005-12-26,1164.5
2006-01-02,1179.2
2006-01-09,1177.3
2006-01-16,1165.7
2006-01-23,1163.4
2006-01-30,1157.3
2006-02-06,1171.1
2006-02-13,1160.7
2006-02-20,1161.8
2006-02-27,1178.9
2006-03-06,1176.4
2006-03-13,1176.4
2006-03-20,1170.1
2006-03-27,1178.8
2006-04-03,1188.5
2006-04-10,1187.7
2006-04-17,1188.2
2006-04-24,1195.8
2006-05-01,1191.8
2006-05-08,1209.3
2006-05-15,1204.8
2006-05-22,1208.4
2006-05-29,1213.4
2006-06-05,1208.8
2006-06-12,1220.6
2006-06-19,1239.6
2006-06-26,1241.4
2006-07-03,1239.2
2006-07-10,1251.1
2006-07-17,1247.3
2006-07-24,1252.5
2006-07-31,1252.8
2006-08-07,1269.1
2006-08-14,1262.4
2006-08-21,1267.8
2006-08-28,1271.8
2006-09-04,1273.3
2006-09-11,1282.8
2006-09-18,1290.5
2006-09-25,1292.7
2006-10-02,1289.4
2006-10-09,1309.6
2006-10-16,1313.7
2006-10-23,1314.4
2006-10-30,1303.9
2006-11-06,1321.3
2006-11-13,1316.5
2006-11-20,1323.9
2006-11-27,1333.8
2006-12-04,1352.5
2006-12-11,1355.8
2006-12-18,1375.1
2006-12-25,1377.9
2007-01-01,1373.8
2007-01-08,1374.3
2007-01-15,1353.2
2007-01-22,1347.1
2007-01-29,1350.9
2007-02-05,1339.4
2007-02-12,1362.0
2007-02-19,1373.6
2007-02-26,1388.0
2007-03-05,1382.8
2007-03-12,1397.3
2007-03-19,1401.6
2007-03-26,1406.3
2007-04-02,1411.9
2007-04-09,1427.5
2007-04-16,1436.0
2007-04-23,1434.0
2007-04-30,1438.0
2007-05-07,1465.7
2007-05-14,1466.4
2007-05-21,1477.0
2007-05-28,1477.1
2007-06-04,1475.8
2007-06-11,1493.4
2007-06-18,1506.6
2007-06-25,1513.0
2007-07-02,1523.4
2007-07-09,1542.2
2007-07-16,1548.7
2007-07-23,1545.5
2007-07-30,1555.0
2007-08-06,1573.7
2007-08-13,1599.5
2007-08-20,1633.5
2007-08-27,1669.5
2007-09-03,1671.9
2007-09-10,1710.4
2007-09-17,1738.8
2007-09-24,1754.1
2007-10-01,1781.3
2007-10-08,1812.0
2007-10-15,1808.0
2007-10-22,1830.3
2007-10-29,1862.1
2007-11-05,1851.6
2007-11-12,1894.8
2007-11-19,1905.2
2007-11-26,1901.6
2007-12-03,1922.6
2007-12-10,1940.5
2007-12-17,1942.1
2007-12-24,1948.5
2007-12-31,1928.8
2008-01-07,1922.9
2008-01-14,1940.1
2008-01-21,1948.7
2008-01-28,1994.0
2008-02-04,2036.6
2008-02-11,2072.4
2008-02-18,2099.6
2008-02-25,2108.8
2008-03-03,2137.3
2008-03-10,2160.3
2008-03-17,2168.0
2008-03-24,2188.7
2008-03-31,2211.9
2008-04-07,2215.0
2008-04-14,2227.7
2008-04-21,2220.3
2008-04-28,2227.2
2008-05-05,2196.7
2008-05-12,2233.5
2008-05-19,2259.8
2008-05-26,2273.1
2008-06-02,2276.8
2008-06-09,2288.6
2008-06-16,2282.2
2008-06-23,2279.7
2008-06-30,2262.8
2008-07-07,2280.0
2008-07-14,2297.3
2008-07-21,2292.3
2008-07-28,2290.6
2008-08-04,2302.1
2008-08-11,2317.3
2008-08-18,2322.4
2008-08-25,2306.6
2008-09-01,2315.0
2008-09-08,2337.3
2008-09-15,2316.8
2008-09-22,2233.0
2008-09-29,2223.0
2008-10-06,2227.6
2008-10-13,2242.7
2008-10-20,2286.3
2008-10-27,2299.8
2008-11-03,2328.2
2008-11-10,2347.3
2008-11-17,2363.6
2008-11-24,2390.6
2008-12-01,2407.5
2008-12-08,2415.8
2008-12-15,2424.8
2008-12-22,2445.1
2008-12-29,2462.1
2009-01-05,2474.9
2009-01-12,2489.9
2009-01-19,2515.4
2009-01-26,2497.4
2009-02-02,2519.5
2009-02-09,2534.0
2009-02-16,2529.8
2009-02-23,2520.3
2009-03-02,2535.4
2009-03-09,2556.9
2009-03-16,2550.3
2009-03-23,2547.2
2009-03-30,2540.4
2009-04-06,2545.2
2009-04-13,2541.2
2009-04-20,2553.1
2009-04-27,2562.8
2009-05-04,2581.6
2009-05-11,2571.4
2009-05-18,2571.1
2009-05-25,2557.9
2009-06-01,2573.9
2009-06-08,2564.4
2009-06-15,2552.7
2009-06-22,2531.2
2009-06-29,2557.8
2009-07-06,2545.4
2009-07-13,2526.1
2009-07-20,2522.2
2009-07-27,2532.8
2009-08-03,2528.6
2009-08-10,2496.3
2009-08-17,2474.6
2009-08-24,2453.7
2009-08-31,2458.1
2009-09-07,2457.3
2009-09-14,2426.8
2009-09-21,2410.9
2009-09-28,2418.2
2009-10-05,2377.1
2009-10-12,2377.1
2009-10-19,2347.8
2009-10-26,2322.7
2009-11-02,2327.4
2009-11-09,2302.1
2009-11-16,2288.7
2009-11-23,2291.4
2009-11-30,2278.1
2009-12-07,2261.4
2009-12-14,2241.4
2009-12-21,2217.4
2009-12-28,2206.7
2010-01-04,2217.8
2010-01-11,2214.7
2010-01-18,2193.0
2010-01-25,2162.3
2010-02-01,2144.3
2010-02-08,2144.5
2010-02-15,2131.4
2010-02-22,2104.2
2010-03-01,2109.3
2010-03-08,2090.8
2010-03-15,2063.9
2010-03-22,2027.7
2010-03-29,2021.5
2010-04-05,2006.7
2010-04-12,1980.2
2010-04-19,1956.0
2010-04-26,1937.9
2010-05-03,1943.0
2010-05-10,1930.0
2010-05-17,1928.9
2010-05-24,1903.5
2010-05-31,1896.6
2010-06-07,1894.2
2010-06-14,1886.3
2010-06-21,1886.3
2010-06-28,1896.7
2010-07-05,1905.1
2010-07-12,1904.3
2010-07-19,1894.2
2010-07-26,1882.3
2010-08-02,1894.8
2010-08-09,1914.5
2010-08-16,1907.9
2010-08-23,1906.8
2010-08-30,1906.4
2010-09-06,1914.0
2010-09-13,1909.4
2010-09-20,1911.3
2010-09-27,1906.7
2010-10-04,1910.1
2010-10-11,1900.2
2010-10-18,1898.4
2010-10-25,1883.6
2010-11-01,1903.4
2010-11-08,1904.0
2010-11-15,1895.7
2010-11-22,1888.1
2010-11-29,1891.4
2010-12-06,1887.5
2010-12-13,1882.3
2010-12-20,1858.1
2010-12-27,1841.8
2011-01-03,1846.5
2011-01-10,1827.3
2011-01-17,1820.0
2011-01-24,1796.1
2011-01-31,1790.1
2011-02-07,1783.4
2011-02-14,1785.3
2011-02-21,1802.6
2011-02-28,1798.0
2011-03-07,1807.2
2011-03-14,1809.0
2011-03-21,1820.8
2011-03-28,1814.7
2011-04-04,1831.6
2011-04-11,1839.2
2011-04-18,1855.3
2011-04-25,1835.5
2011-05-02,1857.2
2011-05-09,1863.9
2011-05-16,1870.3
2011-05-23,1863.0
2011-05-30,1862.5
2011-06-06,1852.2
2011-06-13,1851.5
2011-06-20,1843.3
2011-06-27,1834.1
2011-07-04,1826.1
2011-07-11,1820.8
2011-07-18,1828.1
2011-07-25,1809.1
2011-08-01,1770.2
2011-08-08,1703.4
2011-08-15,1729.0
2011-08-22,1728.0
2011-08-29,1723.6
2011-09-05,1739.8
2011-09-12,1740.7
2011-09-19,1743.0
2011-09-26,1735.7
2011-10-03,1744.5
2011-10-10,1743.9
2011-10-17,1735.6
2011-10-24,1739.1
2011-10-31,1730.1
2011-11-07,1724.8
2011-11-14,1729.8
2011-11-21,1735.5
2011-11-28,1727.7
2011-12-05,1728.5
2011-12-12,1725.0
2011-12-19,1731.7
2011-12-26,1752.7
2012-01-02,1737.1
2012-01-09,1727.8
2012-01-16,1732.1
2012-01-23,1733.7
2012-01-30,1718.7
2012-02-06,1712.7
2012-02-13,1708.2
2012-02-20,1722.5
2012-02-27,1729.4
2012-03-05,1725.0
2012-03-12,1723.5
2012-03-19,1732.6
2012-03-26,1732.8
2012-04-02,1718.1
2012-04-09,1711.2
2012-04-16,1707.5
2012-04-23,1733.1
2012-04-30,1734.0
2012-05-07,1729.1
2012-05-14,1719.6
2012-05-21,1716.7
2012-05-28,1710.3
2012-06-04,1724.4
2012-06-11,1710.7
2012-06-18,1713.6
2012-06-25,1709.4
2012-07-02,1712.7
2012-07-09,1705.9
2012-07-16,1710.9
2012-07-23,1707.2
2012-07-30,1721.6
2012-08-06,1728.9
2012-08-13,1720.6
2012-08-20,1726.7
2012-08-27,1717.4
2012-09-03,1718.3
2012-09-10,1718.4
2012-09-17,1726.1
2012-09-24,1730.8
2012-10-01,1726.0
2012-10-08,1712.7
2012-10-15,1707.1
2012-10-22,1726.7
2012-10-29,1711.3
2012-11-05,1695.0
2012-11-12,1712.0
2012-11-19,1705.7
2012-11-26,1713.2
2012-12-03,1712.4
2012-12-10,1723.2
2012-12-17,1714.7
2012-12-24,1715.0
2012-12-31,1716.1
2013-01-07,1737.3
2013-01-14,1742.8
2013-01-21,1743.3
2013-01-28,1744.6
2013-02-04,1755.7
2013-02-11,1753.4
2013-02-18,1744.5
2013-02-25,1731.2
2013-03-04,1734.2
2013-03-11,1722.5
2013-03-18,1735.6
2013-03-25,1732.4
2013-04-01,1733.1
2013-04-08,1750.4
2013-04-15,1743.2
2013-04-22,1744.4
2013-04-29,1741.0
2013-05-06,1724.9
2013-05-13,1732.2
2013-05-20,1732.0
2013-05-27,1747.3
2013-06-03,1756.0
2013-06-10,1745.1
2013-06-17,1742.9
2013-06-24,1737.1
2013-07-01,1730.5
2013-07-08,1730.4
2013-07-15,1739.9
2013-07-22,1756.3
2013-07-29,1748.6
2013-08-05,1748.4
2013-08-12,1739.3
2013-08-19,1736.1
2013-08-26,1737.6
2013-09-02,1743.0
2013-09-09,1743.2
2013-09-16,1759.6
2013-09-23,1779.7
2013-09-30,1797.2
2013-10-07,1789.3
2013-10-14,1759.9
2013-10-21,1721.2
2013-10-28,1764.3
2013-11-04,1773.7
2013-11-11,1769.2
2013-11-18,1763.7
2013-11-25,1754.0
2013-12-02,1757.2
2013-12-09,1765.2
2013-12-16,1756.6
2013-12-23,1741.8
2013-12-30,1745.3
2014-01-06,1762.3
2014-01-13,1755.1
2014-01-20,1752.9
2014-01-27,1763.7
2014-02-03,1765.5
2014-02-10,1767.2
2014-02-17,1768.3
2014-02-24,1735.0
2014-03-03,1751.5
2014-03-10,1753.0
2014-03-17,1753.3
2014-03-24,1750.0
2014-03-31,1740.3
2014-04-07,1742.2
2014-04-14,1727.2
2014-04-21,1724.7
2014-04-28,1734.5
2014-05-05,1733.3
2014-05-12,1737.9
2014-05-19,1735.1
2014-05-26,1727.3
2014-06-02,1727.1
2014-06-09,1721.0
2014-06-16,1729.3
2014-06-23,1724.3
2014-06-30,1726.1
2014-07-07,1739.7
2014-07-14,1730.5
2014-07-21,1723.9
2014-07-28,1716.9
2014-08-04,1716.1
2014-08-11,1708.3
2014-08-18,1709.6
2014-08-25,1713.0
2014-09-01,1723.4
2014-09-08,1724.4
2014-09-15,1728.3
2014-09-22,1729.8
2014-09-29,1730.7
2014-10-06,1751.8
2014-10-13,1756.4
2014-10-20,1747.8
2014-10-27,1743.2
2014-11-03,1757.3
2014-11-10,1758.4
2014-11-17,1762.8
2014-11-24,1771.8
2014-12-01,1768.6
2014-12-08,1779.1
2014-12-15,1781.3
2014-12-22,1782.2
2014-12-29,1792.6
2015-01-05,1801.9
2015-01-12,1785.2
2015-01-19,1785.3
2015-01-26,1791.4
2015-02-02,1789.9
2015-02-09,1786.6
2015-02-16,1782.1
2015-02-23,1783.7
2015-03-02,1787.2
2015-03-09,1774.7
2015-03-16,1791.2
2015-03-23,1802.1
2015-03-30,1813.7
2015-04-06,1784.9
2015-04-13,1784.7
2015-04-20,1778.6
2015-04-27,1784.4
2015-05-04,1782.9
2015-05-11,1787.0
2015-05-18,1781.7
2015-05-25,1796.9
2015-06-01,1793.6
2015-06-08,1795.1
2015-06-15,1788.6
2015-06-22,1800.8
2015-06-29,1799.9
2015-07-06,1811.5
2015-07-13,1815.2
2015-07-20,1811.6
2015-07-27,1828.4
2015-08-03,1829.0
2015-08-10,1836.6
2015-08-17,1828.4
2015-08-24,1832.5
2015-08-31,1828.8
2015-09-07,1820.8
2015-09-14,1800.6
2015-09-21,1801.7
2015-09-28,1805.6
2015-10-05,1811.2
2015-10-12,1823.8
2015-10-19,1843.5
2015-10-26,1841.8
2015-11-02,1852.2
2015-11-09,1837.4
2015-11-16,1834.8
2015-11-23,1832.1
2015-11-30,1827.2
2015-12-07,1836.3
2015-12-14,1832.5
2015-12-21,1789.9
2015-12-28,1798.3
2016-01-04,1799.1
2016-01-11,1711.2
2016-01-18,1724.2
2016-01-25,1731.3
2016-02-01,1736.2
2016-02-08,1744.2
2016-02-15,1737.6
2016-02-22,1752.6
2016-02-29,1761.4
2016-03-07,1789.2
2016-03-14,1784.5
2016-03-21,1777.2
2016-03-28,1774.7
2016-04-04,1795.1
2016-04-11,1774.9
2016-04-18,1791.5
2016-04-25,1779.4
2016-05-02,1787.5
2016-05-09,1789.9
2016-05-16,1787.0
2016-05-23,1790.7
2016-05-30,1797.8
2016-06-06,1799.2
2016-06-13,1789.4
2016-06-20,1796.0
2016-06-27,1805.9
2016-07-04,1815.7
2016-07-11,1795.1
2016-07-18,1805.9
2016-07-25,1801.3
2016-08-01,1796.8
2016-08-08,1816.4
2016-08-15,1814.8
2016-08-22,1792.1
2016-08-29,1808.9
2016-09-05,1815.4
2016-09-12,1788.5
2016-09-19,1768.7
2016-09-26,1782.8
2016-10-03,1786.3
2016-10-10,1751.0
2016-10-17,1748.6
2016-10-24,1733.7
2016-10-31,1735.1
2016-11-07,1756.3
2016-11-14,1742.4
2016-11-21,1739.6
2016-11-28,1748.0
2016-12-05,1753.4
2016-12-12,1754.8
2016-12-19,1743.5
2016-12-26,1740.5
2017-01-02,1738.3
2017-01-09,1731.4
2017-01-16,1712.2
2017-01-23,1703.1
2017-01-30,1719.0
2017-02-06,1726.0
2017-02-13,1711.2
2017-02-20,1716.0
2017-02-27,1716.5
2017-03-06,1711.7
2017-03-13,1711.6
2017-03-20,1717.9
2017-03-27,1706.6
2017-04-03,1703.3
2017-04-10,1709.4
2017-04-17,1718.7
2017-04-24,1729.9
2017-05-01,1743.5
2017-05-08,1744.7
2017-05-15,1746.4
2017-05-22,1742.2
2017-05-29,1737.5
2017-06-05,1741.7
2017-06-12,1739.3
2017-06-19,1732.5
2017-06-26,1732.0
2017-07-03,1727.1
2017-07-10,1727.6
2017-07-17,1717.3
2017-07-24,1714.0
2017-07-31,1731.0
2017-08-07,1740.8
2017-08-14,1750.5
2017-08-21,1758.4
2017-08-28,1776.8
2017-09-04,1768.8
2017-09-11,1779.8
2017-09-18,1803.9
2017-09-25,1796.2
2017-10-02,1794.6
2017-10-09,1799.5
2017-10-16,1799.0
2017-10-23,1813.3
2017-10-30,1803.8
2017-11-06,1785.4
2017-11-13,1784.9
2017-11-20,1782.0
2017-11-27,1794.9
2017-12-04,1819.5
2017-12-11,1815.9
2017-12-18,1828.3
2017-12-25,1830.3
2018-01-01,1836.3
2018-01-08,1834.0
2018-01-15,1838.5
2018-01-22,1837.6
2018-01-29,1838.1
2018-02-05,1827.0
2018-02-12,1836.3
2018-02-19,1836.7
2018-02-26,1851.1
2018-03-05,1849.2
2018-03-12,1854.9
2018-03-19,1832.3
2018-03-26,1858.5
2018-04-02,1857.4
2018-04-09,1869.5
2018-04-16,1871.9
2018-04-23,1878.2
2018-04-30,1877.3
2018-05-07,1879.4
2018-05-14,1876.3
2018-05-21,1881.8
2018-05-28,1873.5
2018-06-04,1881.8
2018-06-11,1907.4
2018-06-18,1895.8
2018-06-25,1863.8
2018-07-02,1878.6
2018-07-09,1868.8
2018-07-16,1882.3
2018-07-23,1882.1
2018-07-30,1873.5
2018-08-06,1881.9
2018-08-13,1864.8
2018-08-20,1864.1
2018-08-27,1851.2
2018-09-03,1856.9
2018-09-10,1874.0
2018-09-17,1875.1
2018-09-24,1870.4
2018-10-01,1867.3
2018-10-08,1855.1
2018-10-15,1863.2
2018-10-22,1857.0
2018-10-29,1852.0
2018-11-05,1848.1
2018-11-12,1852.1
2018-11-19,1862.5
2018-11-26,1874.1
2018-12-03,1852.2
2018-12-10,1823.3
2018-12-17,1877.9
2018-12-24,1894.4
2018-12-31,1884.7
2019-01-07,1881.8
2019-01-14,1895.7
2019-01-21,1895.0
2019-01-28,1895.0
2019-02-04,1891.8
2019-02-11,1908.0
2019-02-18,1921.5
2019-02-25,1913.3
2019-03-04,1915.7
2019-03-11,1935.8
2019-03-18,1944.8
2019-03-25,1924.7
2019-04-01,1944.3
2019-04-08,1954.5
2019-04-15,1949.7
2019-04-22,1939.3
2019-04-29,1944.6
2019-05-06,1963.7
2019-05-13,1966.1
2019-05-20,1976.0
2019-05-27,1993.0
2019-06-03,2002.6
2019-06-10,2003.6
2019-06-17,2020.2
2019-06-24,2055.9
2019-07-01,2048.9
2019-07-08,2081.8
2019-07-15,2081.6
2019-07-22,2089.2
2019-07-29,2102.7
2019-08-05,2098.8
2019-08-12,2122.3
2019-08-19,2136.8
2019-08-26,2142.1
2019-09-02,2132.3
2019-09-09,2144.2
2019-09-16,2154.9
2019-09-23,2170.3
2019-09-30,2184.2
2019-10-07,2201.7
2019-10-14,2200.1
2019-10-21,2206.0
2019-10-28,2206.5
2019-11-04,2226.3
2019-11-11,2249.2
2019-11-18,2253.5
2019-11-25,2225.8
2019-12-02,2248.6
2019-12-09,2253.1
2019-12-16,2255.5
2019-12-23,2256.7
2019-12-30,2246.1
2020-01-06,2264.6
2020-01-13,2268.6
2020-01-20,2273.5
2020-01-27,2275.9
2020-02-03,2268.7
2020-02-10,2260.0
2020-02-17,2255.4
2020-02-24,2270.4
2020-03-02,2260.9
2020-03-09,2283.9
2020-03-16,2366.8
2020-03-23,2546.1
2020-03-30,2780.6
2020-04-06,2957.1
2020-04-13,3021.6
2020-04-20,3109.5
2020-04-27,3245.3
2020-05-04,3313.8
2020-05-11,3339.9
2020-05-18,3344.8
2020-05-25,3329.4
2020-06-01,3318.0
2020-06-08,3272.6
2020-06-15,3242.7
2020-06-22,3246.6
2020-06-29,3248.6
2020-07-06,3205.4
2020-07-13,3200.4
2020-07-20,3123.7
2020-07-27,3150.4
2020-08-03,3136.4
2020-08-10,3122.9
2020-08-17,3090.1
2020-08-24,3072.7
2020-08-31,3066.7
2020-09-07,3041.6
2020-09-14,3003.9
2020-09-21,2980.8
2020-09-28,2969.2
2020-10-05,2953.2
2020-10-12,2932.3
2020-10-19,2926.6
2020-10-26,2915.4
2020-11-02,2894.3
2020-11-09,2865.3
2020-11-16,2839.9
2020-11-23,2859.7
2020-11-30,2835.3
2020-12-07,2836.9
2020-12-14,2836.1
2020-12-21,2790.3
2020-12-28,2834.1
2021-01-04,2789.8
2021-01-11,2807.8
2021-01-18,2816.9
2021-01-25,2826.1
2021-02-01,2840.9
