case_id,position_id,side,direction,entry_time_server,entry,sl,tp,exit_time_server,exit,net_usd,net_R,hold_minutes,risk_pts,recomputed_signal_parity
B-001-P1812,1812,BUY,1,2019.07.11 14:05:00,1421.64,1420.24,1423.88,2019.07.11 14:20:03,1420.23,-10.07,-1.0268699332075664,15.05,140.0,True
B-002-P2844,2844,SELL,-1,2020.05.19 15:05:00,1734.03,1736.6399999999999,1729.854,2020.05.19 16:06:37,1736.64,-7.93,-0.813919522347274,61.61666666666667,261.0,False
B-003-P7206,7206,SELL,-1,2023.08.28 15:15:00,1914.24,1916.13,1911.2160000000001,2023.08.28 15:43:34,1916.13,-9.65,-1.0045236876574644,28.566666666666666,189.0,False
B-004-P9360,9360,BUY,1,2025.04.21 18:00:00,3417.06,3408.06,3431.46,2025.04.21 18:09:13,3408.06,-9.059999999999999,-0.9486115353047351,9.216666666666667,900.0,True
B-005-P1530,1530,SELL,-1,2019.04.23 18:50:00,1269.59,1270.59,1267.99,2019.04.23 18:51:22,1270.59,-9.219999999999999,-0.9363551674364514,1.3666666666666667,100.0,False
B-006-P2984,2984,SELL,-1,2020.06.24 17:20:00,1769.5,1774.24,1761.916,2020.06.24 17:49:37,1774.24,-9.559999999999999,-0.9825115008315375,29.616666666666667,474.0,False
B-007-P2802,2802,BUY,1,2020.04.28 15:15:00,1710.75,1707.83,1715.422,2020.04.28 15:19:41,1707.81,-8.92,-0.9150025229245573,4.683333333333334,292.0,True
B-008-P6724,6724,SELL,-1,2023.04.21 19:30:00,1976.02,1978.43,1972.164,2023.04.21 19:46:53,1978.43,-9.8,-1.0162698582241327,16.883333333333333,241.0,False
B-009-P186,186,BUY,1,2018.03.23 10:05:00,1340.28,1338.85,1342.568,2018.03.23 10:13:32,1338.83,-8.86,-0.8879861586410323,8.533333333333333,143.0,True
B-010-P7466,7466,BUY,1,2023.11.03 12:55:00,1988.28,1986.69,1990.824,2023.11.03 14:10:00,1987.3,-6.12,-0.6361039506108936,75.0,159.0,True
B-011-P5014,5014,SELL,-1,2021.12.15 15:05:00,1770.59,1772.4499999999998,1767.6139999999998,2021.12.15 15:30:28,1772.45,-9.48,-0.9818818968011056,25.466666666666665,186.0,True
B-012-P2424,2424,BUY,1,2019.12.27 13:00:00,1511.77,1510.28,1514.154,2019.12.27 13:23:33,1510.28,-9.12,-0.9329848825758729,23.55,149.0,True
B-013-P2722,2722,BUY,1,2020.03.20 11:00:00,1505.06,1499.97,1513.204,2020.03.20 12:15:00,1504.56,-0.54,-0.05535306130105525,75.0,509.0,False
B-014-P9868,9868,BUY,1,2025.10.03 11:40:00,3862.94,3859.7200000000003,3868.092,2025.10.03 12:07:15,3859.72,-6.6,-0.6901419496510077,27.25,322.0,False
B-015-P5100,5100,SELL,-1,2022.01.10 18:40:00,1794.58,1796.4299999999998,1791.62,2022.01.10 19:35:18,1796.43,-9.43,-0.9763370278147341,55.3,185.0,False
B-016-P2052,2052,BUY,1,2019.09.11 19:45:00,1493.91,1492.15,1496.726,2019.09.11 20:02:37,1492.12,-9.09,-0.9293406650030548,17.616666666666667,176.0,False
B-017-P3848,3848,SELL,-1,2021.02.02 11:05:00,1848.73,1851.8700000000001,1843.7060000000001,2021.02.02 12:04:17,1851.87,-9.540000000000001,-0.9817606570428052,59.28333333333333,314.0,True
B-018-P8382,8382,SELL,-1,2024.07.12 11:15:00,2404.51,2406.9,2400.686,2024.07.12 11:21:31,2406.91,-9.799999999999999,-1.0226473606149908,6.516666666666667,239.0,True
B-019-P3072,3072,BUY,1,2020.07.22 11:30:00,1852.11,1847.4299999999998,1859.598,2020.07.22 11:50:41,1847.42,-9.459999999999999,-0.9728162640071144,20.683333333333334,468.0,True
B-020-P4948,4948,BUY,1,2021.11.26 14:30:00,1809.5,1806.28,1814.652,2021.11.26 14:56:39,1806.28,-9.760000000000002,-1.0098022205095591,26.65,322.0,True
B-021-P3748,3748,BUY,1,2021.01.04 14:20:00,1934.05,1931.24,1938.546,2021.01.04 14:45:27,1931.23,-8.58,-0.8829968460134803,25.45,281.0,True
B-022-P6406,6406,BUY,1,2023.01.11 12:30:00,1884.41,1882.6000000000001,1887.306,2023.01.11 12:40:38,1882.6,-9.23,-0.9552760059403057,10.633333333333333,181.0,False
B-023-P7028,7028,BUY,1,2023.07.13 12:30:00,1960.08,1958.9099999999999,1961.952,2023.07.13 13:26:26,1958.9,-9.76,-1.0145279150058448,56.43333333333333,117.0,False
B-024-P9848,9848,SELL,-1,2025.09.25 19:20:00,3739.64,3745.2799999999997,3730.616,2025.09.25 20:35:00,3739.63,-0.07,-0.00732097496979575,75.0,564.0,False
B-025-P7238,7238,SELL,-1,2023.09.04 18:10:00,1938.51,1939.49,1936.942,2023.09.04 19:25:00,1938.88,-3.67,-0.3818228995110794,75.0,98.0,False
B-026-P7184,7184,BUY,1,2023.08.22 14:05:00,1902.46,1901.0900000000001,1904.652,2023.08.22 15:20:00,1901.5,-6.9799999999999995,-0.7260618550609944,75.0,137.0,False
B-027-P8496,8496,BUY,1,2024.08.13 11:25:00,2462.47,2459.9599999999996,2466.486,2024.08.13 11:38:30,2459.96,-7.67,-0.7999532752193874,13.5,251.0,False
B-028-P6350,6350,BUY,1,2022.12.27 18:45:00,1821.24,1817.32,1827.512,2022.12.27 19:33:27,1817.32,-7.92,-0.8187039957096602,48.45,392.0,False
B-029-P6174,6174,SELL,-1,2022.10.31 16:35:00,1639.64,1641.99,1635.88,2022.10.31 16:46:35,1641.99,-9.540000000000001,-0.9863172773838482,11.583333333333334,235.0,True
B-030-P8034,8034,SELL,-1,2024.04.11 13:40:00,2335.07,2338.1600000000003,2330.126,2024.04.11 13:56:28,2338.17,-9.44,-0.9845904296767237,16.466666666666665,309.0,True
B-031-P9144,9144,BUY,1,2025.02.20 13:00:00,2952.67,2948.6,2959.1820000000002,2025.02.20 13:45:35,2948.6,-8.26,-0.862821782385065,45.583333333333336,407.0,True
B-032-P6032,6032,BUY,1,2022.09.27 11:25:00,1634.91,1632.8700000000001,1638.174,2022.09.27 12:31:04,1632.87,-8.3,-0.8571532433026384,66.06666666666666,204.0,True
B-033-P8940,8940,BUY,1,2024.12.18 13:50:00,2647.43,2645.7599999999998,2650.102,2024.12.18 13:53:42,2645.72,-8.81,-0.919965699167666,3.7,167.0,False
B-034-P7380,7380,BUY,1,2023.10.09 15:25:00,1848.95,1847.01,1852.054,2023.10.09 15:37:15,1847.01,-7.9,-0.8216834567453348,12.25,194.0,True
B-035-P2730,2730,BUY,1,2020.03.30 18:35:00,1620.55,1617.3999999999999,1625.59,2020.03.30 19:50:00,1619.58,-3.01,-0.30855376646764776,75.0,315.0,False
B-036-P9216,9216,SELL,-1,2025.03.12 14:25:00,2913.75,2916.35,2909.59,2025.03.12 14:36:42,2916.44,-8.25,-0.8626785195558241,11.7,260.0,True
B-037-P4402,4402,BUY,1,2021.06.24 16:05:00,1784.59,1781.87,1788.942,2021.06.24 16:44:15,1781.86,-8.290000000000001,-0.8552059034584982,39.25,272.0,True
B-038-P8502,8502,BUY,1,2024.08.14 13:05:00,2474.15,2471.59,2478.246,2024.08.14 13:17:13,2471.59,-7.82,-0.8156584731582651,12.216666666666667,256.0,True
B-039-P6886,6886,BUY,1,2023.06.02 15:25:00,1979.47,1977.06,1983.326,2023.06.02 15:30:12,1977.06,-7.35,-0.7634643164568939,5.2,241.0,False
B-040-P1516,1516,BUY,1,2019.04.18 13:10:00,1276.01,1274.17,1278.954,2019.04.18 14:25:00,1275.07,-4.819999999999999,-0.4893693643203639,75.0,184.0,True
B-041-P2656,2656,SELL,-1,2020.02.26 17:45:00,1636.44,1641.67,1628.0720000000001,2020.02.26 19:00:00,1639.95,-3.55,-0.3638578650234913,75.0,523.0,True
B-042-P822,822,BUY,1,2018.09.21 12:45:00,1208.29,1206.96,1210.418,2018.09.21 13:10:04,1206.96,-9.47,-0.9555927858900016,25.066666666666666,133.0,False
B-043-P3570,3570,SELL,-1,2020.11.18 10:15:00,1881.66,1883.78,1878.268,2020.11.18 10:29:29,1883.78,-8.64,-0.8883278349199,14.483333333333333,212.0,True
B-044-P9434,9434,BUY,1,2025.05.13 11:45:00,3254.61,3250.65,3260.946,2025.05.13 11:55:41,3250.64,-8.08,-0.8456323299473154,10.683333333333334,396.0,False
B-045-P9266,9266,BUY,1,2025.03.24 16:55:00,3025.17,3018.26,3036.226,2025.03.24 17:24:39,3018.26,-6.970000000000001,-0.7294930044551404,29.65,691.0,True
B-046-P8584,8584,BUY,1,2024.09.10 14:15:00,2506.53,2504.4100000000003,2509.922,2024.09.10 14:38:01,2504.41,-8.68,-0.9055295830151026,23.016666666666666,212.0,False
B-047-P2208,2208,BUY,1,2019.10.23 13:20:00,1492.83,1491.1,1495.598,2019.10.23 13:37:55,1491.1,-8.790000000000001,-0.8995855765831838,17.916666666666668,173.0,True
B-048-P522,522,BUY,1,2018.06.22 15:40:00,1269.0,1267.31,1271.704,2018.06.22 16:08:29,1267.31,-8.57,-0.8623154851133358,28.483333333333334,169.0,True
B-049-P6908,6908,SELL,-1,2023.06.08 13:55:00,1946.68,1948.3100000000002,1944.0720000000001,2023.06.08 15:10:00,1947.57,-4.6499999999999995,-0.4829924843253358,75.0,163.0,False
B-050-P8306,8306,BUY,1,2024.06.19 12:20:00,2330.72,2328.8799999999997,2333.6639999999998,2024.06.19 12:31:19,2328.87,-9.489999999999998,-0.9905135108025985,11.316666666666666,184.0,True
B-051-P5106,5106,BUY,1,2022.01.11 12:05:00,1807.55,1805.7,1810.51,2022.01.11 12:21:36,1805.7,-9.43,-0.9765598705763029,16.6,185.0,False
B-052-P276,276,BUY,1,2018.04.19 12:10:00,1351.91,1350.8400000000001,1353.622,2018.04.19 12:23:18,1350.84,-9.87,-0.9897615336550509,13.3,107.0,False
B-053-P6798,6798,BUY,1,2023.05.11 16:35:00,2030.94,2025.41,2039.788,2023.05.11 16:44:39,2025.41,-5.569999999999999,-0.5780819552080928,9.65,553.0,True
B-054-P3788,3788,BUY,1,2021.01.18 10:00:00,1834.74,1832.13,1838.916,2021.01.18 11:03:37,1832.08,-8.09,-0.8322690782511938,63.61666666666667,261.0,True
B-055-P2684,2684,BUY,1,2020.03.06 14:30:00,1686.05,1683.05,1690.85,2020.03.06 15:29:20,1682.96,-9.370000000000001,-0.9601871760393028,59.333333333333336,300.0,True
B-056-P3890,3890,BUY,1,2021.02.10 10:25:00,1843.9,1841.5700000000002,1847.6280000000002,2021.02.10 11:39:40,1841.55,-9.540000000000001,-0.9822752852227805,74.66666666666667,233.0,True
B-057-P7268,7268,SELL,-1,2023.09.12 17:10:00,1909.25,1911.71,1905.314,2023.09.12 17:28:41,1911.71,-7.5,-0.7800393139814247,18.683333333333334,246.0,True
B-058-P9202,9202,BUY,1,2025.03.07 18:50:00,2918.26,2911.76,2928.6600000000003,2025.03.07 19:12:31,2911.74,-6.58,-0.687894376223025,22.516666666666666,650.0,True
B-059-P9704,9704,BUY,1,2025.08.06 19:40:00,3375.7,3371.71,3382.084,2025.08.06 20:23:32,3371.64,-8.26,-0.8639248314274517,43.53333333333333,399.0,True
B-060-P3284,3284,BUY,1,2020.09.09 11:50:00,1931.15,1926.5300000000002,1938.5420000000001,2020.09.09 13:05:00,1928.25,-5.88,-0.6044276173257738,75.0,462.0,True
B-061-P7880,7880,BUY,1,2024.02.27 11:50:00,2036.93,2034.95,2040.098,2024.02.27 12:16:04,2034.95,-8.08,-0.8414537613347622,26.066666666666666,198.0,True
B-062-P4654,4654,BUY,1,2021.09.03 11:05:00,1812.03,1810.56,1814.382,2021.09.03 12:20:00,1812.05,-0.1,-0.010331326679752326,75.0,147.0,False
B-063-P4182,4182,SELL,-1,2021.04.27 12:00:00,1779.18,1780.7,1776.748,2021.04.27 12:27:26,1780.7,-9.34,-0.9623775299890337,27.433333333333334,152.0,False
B-064-P1124,1124,SELL,-1,2018.12.14 11:40:00,1238.69,1239.66,1237.1380000000001,2018.12.14 12:02:42,1239.68,-10.139999999999999,-1.0265486331464455,22.7,97.0,True
B-065-P3458,3458,BUY,1,2020.10.20 14:50:00,1904.33,1903.05,1906.378,2020.10.20 15:03:17,1903.02,-9.430000000000001,-0.9697766983741484,13.283333333333333,128.0,False
B-066-P7964,7964,SELL,-1,2024.03.19 18:05:00,2153.51,2156.03,2149.478,2024.03.19 19:17:13,2156.03,-7.68,-0.8005704898667895,72.21666666666667,252.0,True
B-067-P8870,8870,BUY,1,2024.11.29 10:00:00,2660.59,2658.09,2664.59,2024.11.29 10:09:43,2658.09,-7.66,-0.7995427367074454,9.716666666666667,250.0,True
B-068-P6372,6372,BUY,1,2022.12.30 16:35:00,1822.29,1818.18,1828.866,2022.12.30 16:51:04,1818.18,-8.299999999999999,-0.8585525383467836,16.066666666666666,411.0,True
B-069-P2362,2362,BUY,1,2019.12.03 14:10:00,1469.41,1468.42,1470.9940000000001,2019.12.03 14:28:04,1468.42,-9.17,-0.9377588871573359,18.066666666666666,99.0,False
B-070-P4860,4860,BUY,1,2021.11.02 12:40:00,1793.37,1791.0,1797.1619999999998,2021.11.02 13:17:36,1790.98,-9.700000000000001,-1.0034500059482863,37.6,237.0,False
B-071-P1710,1710,BUY,1,2019.06.12 16:00:00,1334.31,1332.3999999999999,1337.366,2019.06.12 16:03:40,1332.4,-9.69,-0.9868930620399273,3.6666666666666665,191.0,True
B-072-P346,346,SELL,-1,2018.05.04 14:05:00,1310.24,1311.3,1308.544,2018.05.04 14:40:27,1311.31,-9.87,-0.9893163853847399,35.45,106.0,True
B-073-P504,504,SELL,-1,2018.06.20 14:20:00,1273.07,1274.23,1271.214,2018.06.20 14:40:40,1274.23,-9.48,-0.9534492484898943,20.666666666666668,116.0,True
B-074-P3408,3408,SELL,-1,2020.10.07 15:25:00,1887.74,1891.11,1882.348,2020.10.07 15:44:29,1891.13,-6.86,-0.7057102037054107,19.483333333333334,337.0,True
B-075-P924,924,BUY,1,2018.10.19 16:45:00,1227.77,1225.82,1230.8899999999999,2018.10.19 18:00:00,1227.54,-1.27,-0.12834551015571746,75.0,195.0,True
B-076-P9086,9086,SELL,-1,2025.02.06 11:20:00,2856.32,2861.05,2848.752,2025.02.06 12:21:29,2861.05,-9.58,-1.0005421518068924,61.483333333333334,473.0,True
B-077-P5230,5230,BUY,1,2022.02.09 13:30:00,1826.63,1825.63,1828.23,2022.02.09 14:45:00,1826.6,-0.59,-0.06110830369666915,75.0,100.0,False
B-078-P5970,5970,SELL,-1,2022.09.09 17:50:00,1714.62,1717.75,1709.6119999999999,2022.09.09 18:35:42,1717.76,-9.520000000000001,-0.9835092768066198,45.7,313.0,False
B-079-P2010,2010,BUY,1,2019.08.30 18:05:00,1529.78,1526.61,1534.8519999999999,2019.08.30 19:00:39,1526.61,-9.610000000000001,-0.9822770039549683,55.65,317.0,False
B-080-P7128,7128,BUY,1,2023.08.04 19:30:00,1942.74,1940.38,1946.516,2023.08.04 20:45:00,1941.85,-3.72,-0.386782196706612,75.0,236.0,False
B-081-P6838,6838,BUY,1,2023.05.22 17:10:00,1975.92,1969.8300000000002,1985.664,2023.05.22 17:24:31,1969.83,-6.13,-0.6361914033209606,14.516666666666667,609.0,True
B-082-P4090,4090,SELL,-1,2021.03.29 18:45:00,1711.2,1713.77,1707.088,2021.03.29 19:10:26,1713.77,-7.81,-0.8044342972880161,25.433333333333334,257.0,True
B-083-P5736,5736,SELL,-1,2022.07.11 13:50:00,1735.88,1737.5700000000002,1733.1760000000002,2022.07.11 14:09:39,1737.59,-8.73,-0.9014761904958595,19.65,169.0,True
B-084-P7688,7688,BUY,1,2024.01.02 10:15:00,2074.13,2071.9100000000003,2077.6820000000002,2024.01.02 10:33:01,2071.91,-9.040000000000001,-0.9406132777761073,18.016666666666666,222.0,True
B-085-P1042,1042,BUY,1,2018.11.22 14:35:00,1228.27,1227.3,1229.822,2018.11.22 15:50:00,1227.71,-5.84,-0.5905686589662177,75.0,97.0,False
B-086-P2084,2084,BUY,1,2019.09.19 18:15:00,1500.45,1498.8,1503.0900000000001,2019.09.19 18:16:34,1498.76,-8.6,-0.8796338677450023,1.5666666666666667,165.0,True
B-087-P6354,6354,SELL,-1,2022.12.28 14:40:00,1804.89,1806.51,1802.298,2022.12.28 15:06:14,1806.52,-8.33,-0.8611877070779084,26.233333333333334,162.0,False
B-088-P3204,3204,BUY,1,2020.08.20 19:40:00,1945.06,1941.62,1950.5639999999999,2020.08.20 20:06:26,1941.6,-7.0,-0.719768810258145,26.433333333333334,344.0,False
B-089-P3930,3930,SELL,-1,2021.02.19 10:20:00,1771.57,1775.61,1765.106,2021.02.19 11:35:00,1774.15,-5.24,-0.5397377822009725,75.0,404.0,False
B-090-P2156,2156,BUY,1,2019.10.09 19:40:00,1506.3,1505.03,1508.3319999999999,2019.10.09 19:49:24,1505.0,-9.32,-0.9536858628350052,9.4,127.0,False
B-091-P4452,4452,BUY,1,2021.07.08 14:50:00,1815.59,1812.33,1820.8059999999998,2021.07.08 15:05:55,1812.32,-6.62,-0.6833321256315402,15.916666666666666,326.0,True
B-092-P6040,6040,SELL,-1,2022.09.29 11:25:00,1644.92,1648.42,1639.3200000000002,2022.09.29 12:28:37,1648.43,-7.08,-0.7312546284389883,63.61666666666667,350.0,True
B-093-P8988,8988,SELL,-1,2025.01.03 11:30:00,2653.83,2657.1,2648.598,2025.01.03 12:07:42,2657.1,-6.64,-0.6936293487112909,37.7,327.0,True
B-094-P1720,1720,BUY,1,2019.06.14 12:10:00,1353.86,1352.9399999999998,1355.3319999999999,2019.06.14 12:13:33,1352.91,-9.780000000000001,-0.9962297085681767,3.55,92.0,True
B-095-P7846,7846,BUY,1,2024.02.16 15:25:00,2006.51,2005.18,2008.638,2024.02.16 15:30:20,2005.17,-9.66,-1.0059607862739464,5.333333333333333,133.0,True
B-096-P402,402,SELL,-1,2018.05.21 14:50:00,1285.02,1286.17,1283.18,2018.05.21 15:52:31,1286.25,-10.04,-1.0077112999465732,62.516666666666666,115.0,True
B-097-P6102,6102,BUY,1,2022.10.12 12:20:00,1670.41,1668.15,1674.026,2022.10.12 13:35:00,1668.86,-6.34,-0.6546901059493053,75.0,226.0,False
B-098-P8446,8446,BUY,1,2024.07.30 17:25:00,2392.52,2387.21,2401.016,2024.07.30 18:23:37,2387.21,-5.35,-0.5581467358379133,58.61666666666667,531.0,True
B-099-P2486,2486,SELL,-1,2020.01.14 15:00:00,1543.12,1544.62,1540.7199999999998,2020.01.14 15:30:22,1544.63,-9.24,-0.9464227422517016,30.366666666666667,150.0,False
B-100-P5724,5724,SELL,-1,2022.07.07 14:20:00,1742.96,1745.58,1738.768,2022.07.07 15:19:36,1745.59,-7.99,-0.8247054929204866,59.6,262.0,False
