symbol,direction,entry_date,exit_date,gross_pips,net_a_pips,net_b_pips,family
USDJPY,1,2018-01-03,2020-03-24,-121.60000000000082,-123.10000000000082,-124.60000000000082,candidate
GBPUSD,1,2020-03-24,2020-03-30,683.0000000000002,681.5000000000002,680.0000000000002,candidate
USDJPY,1,2020-03-30,2020-03-31,-21.50000000000034,-23.00000000000034,-24.50000000000034,candidate
GBPUSD,1,2020-03-31,2021-03-08,1403.4999999999998,1401.9999999999998,1400.4999999999998,candidate
USDJPY,1,2021-03-08,2021-03-09,-38.89999999999958,-40.39999999999958,-41.89999999999958,candidate
GBPUSD,1,2021-03-09,2021-03-15,13.499999999999623,11.999999999999623,10.499999999999623,candidate
USDJPY,1,2021-03-15,2021-03-16,-14.000000000000057,-15.500000000000057,-17.000000000000057,candidate
GBPUSD,1,2021-03-16,2021-03-22,-33.199999999999896,-34.699999999999896,-36.199999999999896,candidate
USDJPY,1,2021-03-22,2021-03-23,-21.699999999999875,-23.199999999999875,-24.699999999999875,candidate
GBPUSD,1,2021-03-23,2021-03-29,10.399999999999299,8.899999999999299,7.399999999999299,candidate
USDJPY,1,2021-03-29,2021-03-30,54.80000000000018,53.30000000000018,51.80000000000018,candidate
GBPUSD,1,2021-03-30,2021-04-05,159.60000000000196,158.10000000000196,156.60000000000196,candidate
USDJPY,1,2021-04-05,2021-04-06,-43.00000000000068,-44.50000000000068,-46.00000000000068,candidate
GBPUSD,1,2021-04-06,2021-04-12,-83.40000000000013,-84.90000000000013,-86.40000000000013,candidate
USDJPY,1,2021-04-12,2021-04-13,-31.90000000000026,-33.40000000000026,-34.90000000000026,candidate
GBPUSD,1,2021-04-13,2021-04-19,233.9000000000002,232.4000000000002,230.9000000000002,candidate
USDJPY,1,2021-04-19,2021-04-20,-5.200000000000671,-6.700000000000671,-8.20000000000067,candidate
GBPUSD,1,2021-04-20,2021-04-26,-39.00000000000014,-40.50000000000014,-42.00000000000014,candidate
USDJPY,1,2021-04-26,2021-04-27,60.09999999999991,58.59999999999991,57.09999999999991,candidate
GBPUSD,1,2021-04-27,2021-06-21,22.799999999998377,21.299999999998377,19.799999999998377,candidate
USDJPY,1,2021-06-21,2021-12-17,338.8000000000005,337.3000000000005,335.8000000000005,candidate
GBPUSD,1,2021-12-17,2022-05-06,-900.7999999999994,-902.2999999999994,-903.7999999999994,candidate
EURUSD,-1,2018-01-03,2026-06-30,592.8,591.3,589.8,candidate
USDJPY,1,2022-05-06,2026-06-30,3199.600000000001,3198.100000000001,3196.600000000001,candidate
EURUSD,1,2017-02-01,2017-02-02,-10.600000000000609,-12.100000000000609,-13.600000000000609,control
USDJPY,-1,2017-02-01,2017-03-01,-48.799999999999955,-50.299999999999955,-51.799999999999955,control
GBPUSD,1,2017-02-02,2017-03-01,-231.50000000000003,-233.00000000000003,-234.50000000000003,control
EURUSD,-1,2017-03-01,2017-03-02,40.000000000000036,38.500000000000036,37.000000000000036,control
USDJPY,1,2017-03-01,2017-03-17,-101.00000000000051,-102.50000000000051,-104.00000000000051,control
GBPUSD,-1,2017-03-02,2017-04-03,-213.99999999999864,-215.49999999999864,-216.99999999999864,control
EURUSD,1,2017-03-17,2017-04-03,-67.90000000000073,-69.40000000000073,-70.90000000000073,control
GBPUSD,1,2017-04-03,2017-06-01,395.2,393.7,392.2,control
USDJPY,-1,2017-04-03,2017-06-16,6.000000000000227,4.500000000000227,3.0000000000002274,control
EURUSD,1,2017-06-01,2017-07-03,151.9999999999988,150.4999999999988,148.9999999999988,control
GBPUSD,-1,2017-06-16,2017-08-01,-427.90000000000106,-429.40000000000106,-430.90000000000106,control
USDJPY,1,2017-07-03,2017-08-01,-306.0999999999993,-307.5999999999993,-309.0999999999993,control
USDJPY,-1,2017-08-01,2017-09-01,13.100000000000023,11.600000000000023,10.100000000000023,control
EURUSD,1,2017-08-01,2017-10-02,-69.50000000000011,-71.00000000000011,-72.50000000000011,control
GBPUSD,-1,2017-09-01,2017-10-02,-315.70000000000095,-317.20000000000095,-318.70000000000095,control
GBPUSD,1,2017-10-02,2017-10-03,-35.30000000000033,-36.80000000000033,-38.30000000000033,control
EURUSD,-1,2017-10-02,2017-12-01,-159.29999999999998,-160.79999999999998,-162.29999999999998,control
USDJPY,1,2017-10-03,2017-12-01,-70.09999999999934,-71.59999999999934,-73.09999999999934,control
GBPUSD,1,2017-12-01,2018-01-02,116.89999999999978,115.39999999999978,113.89999999999978,control
USDJPY,-1,2017-12-01,2018-01-02,-12.399999999999523,-13.899999999999523,-15.399999999999523,control
GBPUSD,-1,2018-01-02,2018-01-03,76.89999999999974,75.39999999999974,73.89999999999974,control
EURUSD,1,2018-01-02,2018-02-01,449.90000000000083,448.40000000000083,446.90000000000083,control
USDJPY,-1,2018-01-03,2018-03-01,628.2000000000011,626.7000000000011,625.2000000000011,control
GBPUSD,1,2018-02-01,2018-03-01,-484.0999999999984,-485.5999999999984,-487.0999999999984,control
EURUSD,1,2018-03-01,2018-03-23,86.29999999999914,84.79999999999914,83.29999999999914,control
GBPUSD,-1,2018-03-01,2018-03-23,-356.09999999999917,-357.59999999999917,-359.09999999999917,control
USDJPY,-1,2018-03-23,2018-04-04,-203.8000000000011,-205.3000000000011,-206.8000000000011,control
GBPUSD,1,2018-03-23,2018-05-01,-518.8999999999999,-520.3999999999999,-521.8999999999999,control
EURUSD,-1,2018-04-04,2018-05-01,285.6000000000014,284.1000000000014,282.6000000000014,control
GBPUSD,-1,2018-05-01,2018-06-01,265.2999999999994,263.7999999999994,262.2999999999994,control
EURUSD,-1,2018-06-01,2018-07-03,4.60000000000127,3.1000000000012697,1.6000000000012697,control
USDJPY,1,2018-05-01,2018-09-18,250.19999999999953,248.69999999999953,247.19999999999953,control
GBPUSD,-1,2018-07-03,2018-09-18,42.599999999999305,41.099999999999305,39.599999999999305,control
USDJPY,-1,2018-09-18,2018-09-19,9.299999999998931,7.799999999998931,6.299999999998931,control
GBPUSD,1,2018-09-18,2018-09-28,-118.30000000000007,-119.80000000000007,-121.30000000000007,control
EURUSD,-1,2018-09-19,2018-11-16,258.00000000000045,256.50000000000045,255.00000000000045,control
USDJPY,1,2018-09-28,2018-12-07,-99.09999999999997,-100.59999999999997,-102.09999999999997,control
EURUSD,1,2018-12-07,2018-12-18,-36.19999999999956,-37.69999999999956,-39.19999999999956,control
USDJPY,1,2018-12-18,2018-12-21,-131.1000000000007,-132.6000000000007,-134.1000000000007,control
GBPUSD,-1,2018-11-16,2019-01-03,193.00000000000094,191.50000000000094,190.00000000000094,control
EURUSD,1,2018-12-21,2019-01-16,24.699999999999722,23.199999999999722,21.699999999999722,control
USDJPY,-1,2019-01-03,2019-02-01,-181.70000000000073,-183.20000000000073,-184.70000000000073,control
GBPUSD,1,2019-01-16,2019-03-01,325.6999999999999,324.1999999999999,322.6999999999999,control
EURUSD,-1,2019-02-01,2019-03-21,80.19999999999915,78.69999999999915,77.19999999999915,control
USDJPY,1,2019-03-01,2019-03-21,-107.8000000000003,-109.3000000000003,-110.8000000000003,control
GBPUSD,1,2019-03-21,2019-04-16,-66.0000000000016,-67.5000000000016,-69.0000000000016,control
USDJPY,-1,2019-03-21,2019-04-16,-115.30000000000058,-116.80000000000058,-118.30000000000058,control
USDJPY,1,2019-04-16,2019-05-06,-123.60000000000042,-125.10000000000042,-126.60000000000042,control
GBPUSD,-1,2019-04-16,2019-05-06,-49.600000000000755,-51.100000000000755,-52.600000000000755,control
GBPUSD,1,2019-05-06,2019-05-16,-299.59999999999985,-301.09999999999985,-302.59999999999985,control
USDJPY,-1,2019-05-06,2019-06-18,231.60000000000025,230.10000000000025,228.60000000000025,control
EURUSD,1,2019-05-16,2019-07-09,34.399999999998876,32.899999999998876,31.399999999998876,control
GBPUSD,-1,2019-06-18,2019-07-16,150.50000000000006,149.00000000000006,147.50000000000006,control
USDJPY,1,2019-07-09,2019-07-16,-61.299999999999955,-62.799999999999955,-64.29999999999995,control
EURUSD,1,2019-07-16,2019-08-01,-125.59999999999904,-127.09999999999904,-128.59999999999906,control
USDJPY,-1,2019-07-16,2019-08-01,90.30000000000058,88.80000000000058,87.30000000000058,control
USDJPY,1,2019-08-01,2019-08-19,-70.49999999999983,-71.99999999999983,-73.49999999999983,control
GBPUSD,-1,2019-08-01,2019-09-09,-212.39999999999924,-213.89999999999924,-215.39999999999924,control
EURUSD,1,2019-08-19,2019-09-09,-30.09999999999957,-31.59999999999957,-33.09999999999957,control
GBPUSD,1,2019-09-09,2019-09-23,85.60000000000123,84.10000000000123,82.60000000000123,control
USDJPY,1,2019-09-23,2019-09-25,22.89999999999992,21.39999999999992,19.89999999999992,control
GBPUSD,1,2019-09-25,2019-09-27,-63.20000000000103,-64.70000000000104,-66.20000000000104,control
USDJPY,1,2019-09-27,2019-10-01,-18.999999999999773,-20.499999999999773,-21.999999999999773,control
EURUSD,-1,2019-09-09,2019-10-18,-121.19999999999908,-122.69999999999908,-124.19999999999908,control
USDJPY,-1,2019-10-18,2019-12-03,-25.40000000000049,-26.90000000000049,-28.40000000000049,control
EURUSD,-1,2019-12-03,2019-12-04,3.4000000000000696,1.9000000000000696,0.40000000000006963,control
USDJPY,-1,2019-12-04,2019-12-17,-61.999999999999034,-63.499999999999034,-64.99999999999903,control
GBPUSD,1,2019-10-01,2020-01-31,905.4999999999991,903.9999999999991,902.4999999999991,control
EURUSD,-1,2019-12-17,2020-03-05,-88.39999999999958,-89.89999999999958,-91.39999999999958,control
USDJPY,1,2020-01-31,2020-03-05,-219.5999999999998,-221.0999999999998,-222.5999999999998,control
USDJPY,-1,2020-03-05,2020-03-16,27.300000000001035,25.800000000001035,24.300000000001035,control
EURUSD,1,2020-03-05,2020-03-20,-543.5999999999996,-545.0999999999996,-546.5999999999996,control
USDJPY,1,2020-03-20,2020-03-30,-315.39999999999964,-316.89999999999964,-318.39999999999964,control
EURUSD,1,2020-03-30,2020-03-31,-7.800000000000029,-9.30000000000003,-10.80000000000003,control
GBPUSD,-1,2020-03-16,2021-02-09,-1547.7000000000007,-1549.2000000000007,-1550.7000000000007,control
USDJPY,1,2020-03-31,2021-02-09,-292.3000000000002,-293.8000000000002,-295.3000000000002,control
GBPUSD,1,2021-02-09,2021-03-08,4.3999999999999595,2.8999999999999595,1.3999999999999595,control
EURUSD,-1,2021-02-09,2021-04-12,207.50000000000045,206.00000000000045,204.50000000000045,control
USDJPY,1,2021-03-08,2021-04-19,-71.29999999999939,-72.79999999999939,-74.29999999999939,control
GBPUSD,-1,2021-04-12,2021-04-20,-198.4000000000008,-199.9000000000008,-201.4000000000008,control
EURUSD,1,2021-04-19,2021-04-20,-2.4000000000001798,-3.9000000000001798,-5.40000000000018,control
GBPUSD,1,2021-04-20,2021-04-26,-39.00000000000014,-40.50000000000014,-42.00000000000014,control
USDJPY,-1,2021-04-20,2021-06-21,-221.2999999999994,-222.7999999999994,-224.2999999999994,control
EURUSD,1,2021-04-26,2021-06-21,-165.59999999999908,-167.09999999999908,-168.59999999999908,control
EURUSD,-1,2021-06-21,2021-06-28,-5.699999999999594,-7.199999999999594,-8.699999999999594,control
GBPUSD,-1,2021-06-28,2021-06-29,43.69999999999985,42.19999999999985,40.69999999999985,control
EURUSD,-1,2021-06-29,2021-07-20,115.49999999999949,113.99999999999949,112.49999999999949,control
GBPUSD,-1,2021-07-20,2021-07-26,-190.20000000000036,-191.70000000000036,-193.20000000000036,control
USDJPY,1,2021-06-21,2021-08-16,-107.0999999999998,-108.5999999999998,-110.0999999999998,control
EURUSD,-1,2021-07-26,2021-08-16,26.100000000000012,24.600000000000012,23.100000000000012,control
GBPUSD,1,2021-08-16,2021-10-25,-77.19999999999949,-78.69999999999949,-80.19999999999949,control
USDJPY,-1,2021-08-16,2021-10-25,-446.50000000000034,-448.00000000000034,-449.50000000000034,control
USDJPY,1,2021-10-25,2021-12-17,-0.6000000000000227,-2.1000000000000227,-3.6000000000000227,control
EURUSD,-1,2021-10-25,2021-12-17,370.90000000000066,369.40000000000066,367.90000000000066,control
GBPUSD,-1,2021-12-17,2022-02-04,-291.50000000000006,-293.00000000000006,-294.50000000000006,control
EURUSD,1,2021-12-17,2022-03-18,-186.90000000000094,-188.40000000000094,-189.90000000000094,control
USDJPY,-1,2022-02-04,2022-03-18,-397.1999999999994,-398.6999999999994,-400.1999999999994,control
GBPUSD,-1,2022-03-18,2022-03-28,86.60000000000112,85.10000000000112,83.60000000000112,control
EURUSD,-1,2022-03-28,2022-04-25,273.3999999999992,271.8999999999992,270.3999999999992,control
GBPUSD,-1,2022-04-25,2022-07-12,853.2000000000006,851.7000000000006,850.2000000000006,control
USDJPY,1,2022-03-18,2022-07-28,1510.3000000000009,1508.8000000000009,1507.3000000000009,control
EURUSD,-1,2022-07-12,2022-08-05,-141.10000000000068,-142.60000000000068,-144.10000000000068,control
GBPUSD,1,2022-07-28,2022-08-22,-412.4000000000016,-413.9000000000016,-415.4000000000016,control
USDJPY,-1,2022-08-05,2022-08-22,-249.7000000000014,-251.2000000000014,-252.7000000000014,control
EURUSD,-1,2022-08-22,2022-08-29,-54.20000000000091,-55.70000000000091,-57.20000000000091,control
USDJPY,1,2022-08-22,2022-10-24,1150.7000000000005,1149.2000000000005,1147.7000000000005,control
GBPUSD,-1,2022-08-29,2022-10-24,432.300000000001,430.800000000001,429.300000000001,control
GBPUSD,1,2022-10-24,2022-11-03,-117.00000000000043,-118.50000000000043,-120.00000000000043,control
EURUSD,-1,2022-10-24,2022-11-08,-199.20000000000047,-200.70000000000047,-202.20000000000047,control
USDJPY,1,2022-11-03,2022-11-08,-253.20000000000107,-254.70000000000107,-256.20000000000107,control
GBPUSD,1,2022-11-08,2022-11-14,214.40000000000126,212.90000000000126,211.40000000000126,control
EURUSD,1,2022-11-14,2022-12-16,263.10000000000053,261.60000000000053,260.10000000000053,control
GBPUSD,1,2022-12-16,2022-12-22,-115.3000000000004,-116.8000000000004,-118.3000000000004,control
EURUSD,1,2022-12-22,2023-03-24,162.9999999999998,161.4999999999998,159.9999999999998,control
USDJPY,-1,2022-11-08,2023-05-05,1083.5000000000007,1082.0000000000007,1080.5000000000007,control
GBPUSD,1,2023-03-24,2023-05-05,400.3000000000023,398.8000000000023,397.3000000000023,control
USDJPY,1,2023-05-05,2023-05-11,-27.09999999999866,-28.59999999999866,-30.09999999999866,control
GBPUSD,1,2023-05-11,2023-05-12,-64.80000000000041,-66.30000000000041,-67.80000000000041,control
EURUSD,-1,2023-05-05,2023-06-22,63.10000000000038,61.60000000000038,60.10000000000038,control
USDJPY,1,2023-05-12,2023-06-22,738.5999999999996,737.0999999999996,735.5999999999996,control
USDJPY,-1,2023-06-22,2023-06-23,-58.69999999999891,-60.19999999999891,-61.69999999999891,control
EURUSD,-1,2023-06-23,2023-07-28,-124.2999999999994,-125.7999999999994,-127.2999999999994,control
GBPUSD,1,2023-06-22,2023-08-03,-38.40000000000065,-39.90000000000065,-41.40000000000065,control
USDJPY,-1,2023-07-28,2023-09-21,-639.9000000000001,-641.4000000000001,-642.9000000000001,control
EURUSD,1,2023-08-03,2023-09-21,-287.59999999999894,-289.09999999999894,-290.59999999999894,control
USDJPY,1,2023-09-21,2024-01-02,-558.6999999999989,-560.1999999999989,-561.6999999999989,control
GBPUSD,-1,2023-09-21,2024-01-02,-322.5000000000011,-324.0000000000011,-325.5000000000011,control
EURUSD,1,2024-01-02,2024-03-25,-105.20000000000084,-106.70000000000084,-108.20000000000084,control
USDJPY,-1,2024-01-02,2024-03-25,-942.9000000000002,-944.4000000000002,-945.9000000000002,control
GBPUSD,-1,2024-03-25,2024-06-13,-126.1000000000001,-127.6000000000001,-129.10000000000008,control
USDJPY,1,2024-03-25,2024-08-02,-491.3999999999987,-492.8999999999987,-494.3999999999987,control
EURUSD,-1,2024-06-13,2024-08-02,-173.90000000000015,-175.40000000000015,-176.90000000000015,control
GBPUSD,1,2024-08-02,2024-08-05,-30.399999999999316,-31.899999999999316,-33.39999999999932,control
EURUSD,1,2024-08-05,2024-09-19,210.0999999999997,208.5999999999997,207.0999999999997,control
USDJPY,-1,2024-08-02,2024-10-03,-41.19999999999777,-42.69999999999777,-44.19999999999777,control
GBPUSD,1,2024-09-19,2024-10-03,-160.60000000000184,-162.10000000000184,-163.60000000000184,control
EURUSD,-1,2024-10-03,2024-11-01,197.6,196.1,194.6,control
GBPUSD,-1,2024-11-01,2024-11-08,-2.100000000000435,-3.600000000000435,-5.100000000000435,control
USDJPY,1,2024-10-03,2024-12-17,648.3000000000004,646.8000000000004,645.3000000000004,control
GBPUSD,1,2024-12-17,2024-12-19,-205.8000000000004,-207.3000000000004,-208.8000000000004,control
EURUSD,-1,2024-11-08,2024-12-27,295.0999999999992,293.5999999999992,292.0999999999992,control
GBPUSD,-1,2024-12-27,2024-12-30,33.799999999999386,32.299999999999386,30.799999999999386,control
EURUSD,-1,2024-12-30,2025-01-03,95.19999999999972,93.69999999999972,92.19999999999972,control
USDJPY,1,2024-12-19,2025-01-29,-213.3999999999986,-214.8999999999986,-216.3999999999986,control
GBPUSD,-1,2025-01-03,2025-01-29,-25.699999999999612,-27.199999999999612,-28.699999999999612,control
EURUSD,1,2025-01-29,2025-02-06,-38.399999999998435,-39.899999999998435,-41.399999999998435,control
GBPUSD,1,2025-02-06,2025-03-13,515.5999999999982,514.0999999999982,512.5999999999982,control
USDJPY,-1,2025-01-29,2025-04-09,753.3999999999992,751.8999999999992,750.3999999999992,control
GBPUSD,-1,2025-04-09,2025-04-17,-450.600000000001,-452.100000000001,-453.600000000001,control
EURUSD,1,2025-03-13,2025-05-09,395.4999999999997,393.9999999999997,392.4999999999997,control
USDJPY,-1,2025-04-17,2025-05-09,-299.8999999999995,-301.3999999999995,-302.8999999999995,control
EURUSD,-1,2025-05-09,2025-05-26,-134.4999999999996,-135.9999999999996,-137.4999999999996,control
GBPUSD,1,2025-05-09,2025-06-12,312.3000000000009,310.8000000000009,309.3000000000009,control
USDJPY,-1,2025-05-26,2025-07-04,-160.8000000000004,-162.3000000000004,-163.8000000000004,control
EURUSD,1,2025-06-12,2025-08-01,7.399999999999629,5.899999999999629,4.399999999999629,control
GBPUSD,-1,2025-07-04,2025-09-03,192.7999999999974,191.2999999999974,189.7999999999974,control
USDJPY,1,2025-08-01,2025-09-03,75.29999999999859,73.79999999999859,72.29999999999859,control
EURUSD,1,2025-09-08,2025-09-15,-1.7000000000000348,-3.200000000000035,-4.700000000000035,control
USDJPY,-1,2025-09-08,2025-09-15,11.899999999999977,10.399999999999977,8.899999999999977,control
USDJPY,1,2025-09-15,2025-09-16,-95.19999999999982,-96.69999999999982,-98.19999999999982,control
GBPUSD,-1,2025-09-15,2025-09-16,-45.999999999999375,-47.499999999999375,-48.999999999999375,control
EURUSD,1,2025-09-16,2025-09-22,-64.90000000000107,-66.40000000000107,-67.90000000000107,control
USDJPY,-1,2025-09-16,2025-09-22,-127.89999999999964,-129.39999999999964,-130.89999999999964,control
USDJPY,1,2025-09-22,2025-09-23,-7.900000000000773,-9.400000000000773,-10.900000000000773,control
GBPUSD,-1,2025-09-22,2025-09-23,-12.099999999999334,-13.599999999999334,-15.099999999999334,control
EURUSD,1,2025-09-23,2025-09-29,-88.0000000000014,-89.5000000000014,-91.0000000000014,control
USDJPY,-1,2025-09-23,2025-09-29,-93.80000000000166,-95.30000000000166,-96.80000000000166,control
USDJPY,1,2025-09-29,2025-10-01,-151.50000000000148,-153.00000000000148,-154.50000000000148,control
GBPUSD,-1,2025-09-29,2025-10-01,-45.600000000001195,-47.100000000001195,-48.600000000001195,control
USDJPY,-1,2025-10-01,2025-10-06,-328.49999999999966,-329.99999999999966,-331.49999999999966,control
EURUSD,1,2025-10-01,2025-10-07,-73.40000000000124,-74.90000000000124,-76.40000000000124,control
GBPUSD,-1,2025-10-06,2025-10-20,80.70000000000022,79.20000000000022,77.70000000000022,control
EURUSD,-1,2025-10-20,2025-10-27,-4.300000000001525,-5.800000000001525,-7.300000000001525,control
GBPUSD,-1,2025-10-27,2025-11-28,111.79999999999967,110.29999999999967,108.79999999999967,control
EURUSD,-1,2025-11-28,2025-12-02,-26.000000000001577,-27.500000000001577,-29.000000000001577,control
USDJPY,1,2025-10-07,2025-12-03,333.29999999999984,331.79999999999984,330.29999999999984,control
GBPUSD,-1,2025-12-02,2025-12-03,-140.10000000000076,-141.60000000000076,-143.10000000000076,control
GBPUSD,1,2025-12-04,2025-12-09,-29.69999999999917,-31.19999999999917,-32.69999999999917,control
USDJPY,-1,2025-12-04,2025-12-09,-177.60000000000105,-179.10000000000105,-180.60000000000105,control
USDJPY,1,2025-12-09,2025-12-12,-107.30000000000075,-108.80000000000075,-110.30000000000075,control
EURUSD,-1,2025-12-09,2025-12-12,-114.4999999999996,-115.9999999999996,-117.4999999999996,control
USDJPY,-1,2025-12-12,2026-01-06,-85.20000000000039,-86.70000000000039,-88.20000000000039,control
GBPUSD,1,2025-12-12,2026-02-18,125.50000000000061,124.00000000000061,122.50000000000061,control
EURUSD,-1,2026-01-06,2026-02-18,-94.19999999999983,-95.69999999999983,-97.19999999999983,control
EURUSD,1,2026-02-18,2026-03-03,-169.39999999999955,-170.89999999999955,-172.39999999999955,control
USDJPY,-1,2026-02-18,2026-03-03,-285.89999999999804,-287.39999999999804,-288.89999999999804,control
GBPUSD,-1,2026-03-03,2026-03-17,-0.7999999999985796,-2.2999999999985796,-3.7999999999985796,control
EURUSD,-1,2026-03-17,2026-04-01,-53.300000000000566,-54.800000000000566,-56.300000000000566,control
USDJPY,1,2026-03-03,2026-04-13,176.20000000000005,174.70000000000005,173.20000000000005,control
GBPUSD,-1,2026-04-01,2026-04-13,-200.19999999999925,-201.69999999999925,-203.19999999999925,control
USDJPY,-1,2026-04-13,2026-04-17,80.4000000000002,78.9000000000002,77.4000000000002,control
EURUSD,1,2026-04-13,2026-05-18,-103.1000000000004,-104.6000000000004,-106.1000000000004,control
GBPUSD,-1,2026-04-17,2026-05-19,121.79999999999858,120.29999999999858,118.79999999999858,control
EURUSD,-1,2026-05-19,2026-06-19,141.09999999999843,139.59999999999843,138.09999999999843,control
USDJPY,1,2026-05-18,2026-06-30,370.4000000000008,368.9000000000008,367.4000000000008,control
GBPUSD,-1,2026-06-19,2026-06-30,-24.699999999999722,-26.199999999999722,-27.699999999999722,control
