symbol,direction,entry_date,exit_date,gross_pips,net_a_pips,net_b_pips,family,d_spec_oi
EURUSD,1,2022-01-21,2022-01-26,-98.78571428571402,-100.28571428571402,-101.78571428571402,candidate,0.031529942967153356
EURUSD,-1,2022-02-04,2022-02-11,103.6999999999999,102.1999999999999,100.6999999999999,candidate,0.017594768838876562
EURUSD,1,2022-02-11,2022-02-18,-24.999999999999467,-26.499999999999467,-27.999999999999467,candidate,0.05784904399098412
EURUSD,-1,2022-03-11,2022-03-17,-195.43928571428725,-196.93928571428725,-198.43928571428725,candidate,0.031275118743149435
EURUSD,-1,2022-03-18,2022-03-25,64.89999999999884,63.39999999999884,61.89999999999884,candidate,0.0406195102175643
EURUSD,1,2022-04-01,2022-04-05,-134.1535714285702,-135.6535714285702,-137.1535714285702,candidate,0.017821154412264215
EURUSD,-1,2022-04-22,2022-04-29,254.90000000000012,253.40000000000012,251.90000000000012,candidate,0.016025114692302115
EURUSD,-1,2022-04-29,2022-05-06,2.100000000000435,0.6000000000004349,-0.8999999999995651,candidate,0.016139176612937196
EURUSD,-1,2022-05-06,2022-05-13,136.19999999999965,134.69999999999965,133.19999999999965,candidate,0.039440170608093524
EURUSD,1,2022-05-13,2022-05-20,150.50000000000006,149.00000000000006,147.50000000000006,candidate,0.03316237522090757
EURUSD,1,2022-05-27,2022-06-03,-14.400000000001079,-15.900000000001079,-17.40000000000108,candidate,0.02250972581523349
EURUSD,1,2022-06-03,2022-06-10,-144.84642857142794,-146.34642857142794,-147.84642857142794,candidate,0.029931319789839407
EURUSD,1,2022-06-10,2022-06-15,-136.03928571428668,-137.53928571428668,-139.03928571428668,candidate,0.01573220085209815
EURUSD,-1,2022-06-17,2022-06-24,-57.19999999999947,-58.69999999999947,-60.19999999999947,candidate,0.055751282619237195
EURUSD,1,2022-07-01,2022-07-05,-162.23571428571447,-163.73571428571447,-165.23571428571447,candidate,0.0251313532060905
EURUSD,-1,2022-07-15,2022-07-19,-166.0499999999998,-167.5499999999998,-169.0499999999998,candidate,0.029824157552955803
EURUSD,-1,2022-07-22,2022-07-29,-14.899999999999913,-16.399999999999913,-17.899999999999913,candidate,0.037386220548446494
EURUSD,1,2022-08-05,2022-08-12,78.40000000000069,76.90000000000069,75.40000000000069,candidate,0.026954903104770844
EURUSD,-1,2022-08-26,2022-09-02,7.500000000000284,6.000000000000284,4.500000000000284,candidate,0.018148236365839697
EURUSD,-1,2022-09-02,2022-09-09,-149.36785714285804,-150.86785714285804,-152.36785714285804,candidate,0.021864206943385537
EURUSD,1,2022-09-16,2022-09-21,-168.43928571428467,-169.93928571428467,-171.43928571428467,candidate,0.04333480634400547
EURUSD,-1,2022-09-30,2022-10-04,-195.25714285714255,-196.75714285714255,-198.25714285714255,candidate,0.01648265972831587
EURUSD,1,2022-10-21,2022-10-28,103.0999999999993,101.5999999999993,100.0999999999993,candidate,0.026013749299341575
EURUSD,1,2022-10-28,2022-11-03,-170.19642857142858,-171.69642857142858,-173.19642857142858,candidate,0.040540317585069575
EURUSD,1,2022-11-04,2022-11-11,393.5999999999984,392.0999999999984,390.5999999999984,candidate,0.04068605047571268
EURUSD,1,2022-11-18,2022-11-25,73.90000000000008,72.40000000000008,70.90000000000008,candidate,0.027882650258213383
EURUSD,1,2022-11-25,2022-12-02,146.80000000000027,145.30000000000027,143.80000000000027,candidate,0.02471826610836382
EURUSD,1,2022-12-16,2022-12-23,27.200000000000557,25.700000000000557,24.200000000000557,candidate,0.03679736024844721
EURUSD,1,2023-01-13,2023-01-20,23.400000000000087,21.900000000000087,20.400000000000087,candidate,0.015251359287447917
EURUSD,1,2023-01-20,2023-01-27,11.600000000000499,10.100000000000499,8.600000000000499,candidate,0.01792642406637353
EURUSD,1,2023-01-27,2023-02-03,-74.09999999999917,-75.59999999999917,-77.09999999999917,candidate,0.02889004062661963
EURUSD,1,2023-02-03,2023-02-10,-115.00000000000065,-116.50000000000065,-118.00000000000065,candidate,0.031633987584375294
EURUSD,-1,2023-03-17,2023-03-22,-148.13571428571314,-149.63571428571314,-151.13571428571314,candidate,0.02334307750304198
EURUSD,1,2023-04-14,2023-04-21,-5.20000000000076,-6.70000000000076,-8.20000000000076,candidate,0.01935375981481067
EURUSD,-1,2023-05-26,2023-06-02,19.800000000000928,18.300000000000928,16.800000000000928,candidate,0.01792675417315839
EURUSD,-1,2023-06-09,2023-06-14,-100.25357142857239,-101.75357142857239,-103.25357142857239,candidate,0.015230821761020606
EURUSD,-1,2023-06-16,2023-06-23,50.799999999999734,49.299999999999734,47.799999999999734,candidate,0.01896751045467766
EURUSD,1,2023-07-21,2023-07-27,-106.25357142857172,-107.75357142857172,-109.25357142857172,candidate,0.04622464667514544
EURUSD,-1,2023-08-25,2023-08-30,-104.51785714285843,-106.01785714285843,-107.51785714285843,candidate,0.028955903241366262
EURUSD,-1,2023-09-01,2023-09-08,73.49999999999967,71.99999999999967,70.49999999999967,candidate,0.026286980686434255
EURUSD,-1,2023-09-08,2023-09-15,40.200000000001346,38.700000000001346,37.200000000001346,candidate,0.02141693282051486
EURUSD,-1,2023-09-15,2023-09-22,16.299999999997983,14.799999999997983,13.299999999997983,candidate,0.02901477494726114
EURUSD,-1,2023-09-22,2023-09-29,69.30000000000102,67.80000000000102,66.30000000000102,candidate,0.02365738923092632
EURUSD,1,2023-10-27,2023-11-03,165.2000000000009,163.7000000000009,162.2000000000009,candidate,0.018913626349855123
EURUSD,1,2023-11-24,2023-12-01,-102.321428571428,-103.821428571428,-105.321428571428,candidate,0.03779247687979741
EURUSD,1,2023-12-01,2023-12-06,-112.5857142857134,-114.0857142857134,-115.5857142857134,candidate,0.027912170729627664
EURUSD,1,2023-12-08,2023-12-15,136.60000000000005,135.10000000000005,133.60000000000005,candidate,0.02039346298976362
EURUSD,-1,2023-12-15,2023-12-22,-124.0178571428574,-125.5178571428574,-127.0178571428574,candidate,0.023109288782792125
EURUSD,-1,2023-12-22,2023-12-28,-112.71428571428598,-114.21428571428598,-115.71428571428598,candidate,0.03371967485619298
EURUSD,1,2024-01-05,2024-01-12,8.900000000000574,7.400000000000574,5.900000000000574,candidate,0.027046050480953144
EURUSD,1,2024-01-19,2024-01-26,-43.50000000000076,-45.00000000000076,-46.50000000000076,candidate,0.016431793597247817
EURUSD,-1,2024-01-26,2024-02-02,67.49999999999811,65.99999999999811,64.49999999999811,candidate,0.016708871927137683
EURUSD,-1,2024-02-02,2024-02-09,1.40000000000029,-0.0999999999997101,-1.59999999999971,candidate,0.017590517182106958
EURUSD,-1,2024-02-09,2024-02-16,7.500000000000284,6.000000000000284,4.500000000000284,candidate,0.053156391267105745
EURUSD,-1,2024-03-22,2024-03-29,14.499999999999513,12.999999999999513,11.499999999999513,candidate,0.04796230314150647
EURUSD,-1,2024-03-29,2024-04-04,-75.92142857142825,-77.42142857142825,-78.92142857142825,candidate,0.027622090369694204
EURUSD,-1,2024-04-05,2024-04-12,195.70000000000087,194.20000000000087,192.70000000000087,candidate,0.04035338504440747
EURUSD,1,2024-04-12,2024-04-19,15.099999999999003,13.599999999999003,12.099999999999003,candidate,0.015328766612379875
EURUSD,-1,2024-04-19,2024-04-26,-96.28928571428607,-97.78928571428607,-99.28928571428607,candidate,0.05153863082725596
EURUSD,-1,2024-04-26,2024-05-03,-98.80714285714242,-100.30714285714242,-101.80714285714242,candidate,0.035910245414714666
EURUSD,1,2024-05-10,2024-05-17,99.10000000000085,97.60000000000085,96.10000000000085,candidate,0.020296149687540087
EURUSD,1,2024-05-17,2024-05-24,-22.800000000000598,-24.300000000000598,-25.800000000000598,candidate,0.03251360379535994
EURUSD,1,2024-05-24,2024-05-31,1.7000000000000348,0.20000000000003482,-1.2999999999999652,candidate,0.04309419505390603
EURUSD,1,2024-05-31,2024-06-07,-48.00000000000137,-49.50000000000137,-51.00000000000137,candidate,0.02377929922510468
EURUSD,1,2024-06-07,2024-06-14,-80.47499999999985,-81.97499999999985,-83.47499999999985,candidate,0.02535817642645325
EURUSD,-1,2024-06-14,2024-06-21,10.299999999998644,8.799999999998644,7.299999999998644,candidate,0.031583938145081876
EURUSD,-1,2024-06-21,2024-06-28,-20.099999999998452,-21.599999999998452,-23.099999999998452,candidate,0.04708112695806196
EURUSD,-1,2024-06-28,2024-07-03,-88.1892857142863,-89.6892857142863,-91.1892857142863,candidate,0.017285378726232026
EURUSD,-1,2024-07-05,2024-07-12,-65.79999999999808,-67.29999999999808,-68.79999999999808,candidate,0.027660760407916533
EURUSD,1,2024-07-12,2024-07-19,-21.599999999999397,-23.099999999999397,-24.599999999999397,candidate,0.023845615488665643
EURUSD,1,2024-07-19,2024-07-26,-28.69999999999928,-30.19999999999928,-31.69999999999928,candidate,0.042049992991924544
EURUSD,1,2024-07-26,2024-08-01,-60.71785714285793,-62.21785714285793,-63.71785714285793,candidate,0.03516105127510707
EURUSD,-1,2024-08-02,2024-08-05,-75.68571428571369,-77.18571428571369,-78.68571428571369,candidate,0.047262171830019226
EURUSD,1,2024-08-09,2024-08-16,112.00000000000098,110.50000000000098,109.00000000000098,candidate,0.018551521075720008
EURUSD,1,2024-08-23,2024-08-29,-91.11428571428658,-92.61428571428658,-94.11428571428658,candidate,0.07019625240420395
EURUSD,1,2024-08-30,2024-09-06,38.50000000000131,37.00000000000131,35.50000000000131,candidate,0.054696436018879066
EURUSD,-1,2024-09-13,2024-09-18,-84.02142857142802,-85.52142857142802,-87.02142857142802,candidate,0.02667518547273982
EURUSD,-1,2024-09-20,2024-09-27,-0.0,-1.5,-3.0,candidate,0.028610577270535
EURUSD,-1,2024-10-04,2024-10-11,37.4999999999992,35.9999999999992,34.4999999999992,candidate,0.02009532645457321
EURUSD,-1,2024-10-18,2024-10-25,71.39999999999924,69.89999999999924,68.39999999999924,candidate,0.07445772922833005
EURUSD,-1,2024-10-25,2024-10-30,-72.835714285715,-74.335714285715,-75.835714285715,candidate,0.08079488720094535
EURUSD,-1,2024-11-01,2024-11-04,-78.4285714285704,-79.9285714285704,-81.4285714285704,candidate,0.03192957267540711
EURUSD,1,2024-11-08,2024-11-12,-118.8750000000005,-120.3750000000005,-121.8750000000005,candidate,0.048917513557219135
EURUSD,-1,2024-11-22,2024-11-27,-159.92142857142787,-161.42142857142787,-162.92142857142787,candidate,0.06654937808717405
EURUSD,-1,2024-12-06,2024-12-13,64.00000000000183,62.50000000000183,61.00000000000183,candidate,0.036490143824465714
EURUSD,1,2025-01-31,2025-02-03,-125.92500000000005,-127.42500000000005,-128.92500000000007,candidate,0.023357267962281953
EURUSD,1,2025-02-21,2025-02-28,-82.79999999999842,-84.29999999999842,-85.79999999999842,candidate,0.034305919526538185
EURUSD,1,2025-02-28,2025-03-07,458.1999999999997,456.6999999999997,455.1999999999997,candidate,0.03730924084993715
EURUSD,1,2025-03-07,2025-03-14,42.599999999999305,41.099999999999305,39.599999999999305,candidate,0.025768514767796742
EURUSD,1,2025-03-14,2025-03-21,-62.19999999999892,-63.69999999999892,-65.19999999999892,candidate,0.0408490462617847
EURUSD,1,2025-03-21,2025-03-28,14.699999999998603,13.199999999998603,11.699999999998603,candidate,0.05981275474242285
EURUSD,1,2025-03-28,2025-04-04,134.70000000000093,133.20000000000093,131.70000000000093,candidate,0.02608508266765744
EURUSD,1,2025-04-11,2025-04-18,30.800000000001937,29.300000000001937,27.800000000001937,candidate,0.038876372933434225
EURUSD,1,2025-05-16,2025-05-23,197.0000000000005,195.5000000000005,194.0000000000005,candidate,0.024710150138632533
EURUSD,-1,2025-05-23,2025-05-30,13.199999999999878,11.699999999999878,10.199999999999878,candidate,0.0183879069975726
EURUSD,1,2025-06-13,2025-06-20,-27.399999999999647,-28.899999999999647,-30.399999999999647,candidate,0.017470330665488816
EURUSD,1,2025-06-20,2025-06-27,193.20000000000002,191.70000000000002,190.20000000000002,candidate,0.021415313132970216
EURUSD,1,2025-07-11,2025-07-16,-107.95714285714241,-109.45714285714241,-110.95714285714241,candidate,0.02244594817626671
EURUSD,1,2025-07-18,2025-07-25,116.00000000000054,114.50000000000054,113.00000000000054,candidate,0.025101165228414022
EURUSD,-1,2025-08-01,2025-08-08,-52.39999999999911,-53.89999999999911,-55.39999999999911,candidate,0.01748781344401305
EURUSD,1,2025-08-15,2025-08-22,14.199999999999768,12.699999999999768,11.199999999999768,candidate,0.025143883671203387
EURUSD,-1,2025-10-17,2025-10-24,24.899999999998812,23.399999999998812,21.899999999998812,candidate,0.017655892014899907
EURUSD,-1,2025-11-07,2025-11-13,-80.53928571428503,-82.03928571428503,-83.53928571428503,candidate,0.03078632527754629
EURUSD,1,2025-11-21,2025-11-28,84.69999999999978,83.19999999999978,81.69999999999978,candidate,0.0213647878212608
EURUSD,1,2025-12-05,2025-12-12,97.80000000000122,96.30000000000122,94.80000000000122,candidate,0.019430581401906052
EURUSD,1,2025-12-12,2025-12-19,-31.09999999999946,-32.59999999999946,-34.09999999999946,candidate,0.036334554526227365
EURUSD,1,2025-12-26,2026-01-02,-51.49999999999988,-52.99999999999988,-54.49999999999988,candidate,0.02354112285469421
GBPUSD,1,2022-01-14,2022-01-21,-116.74285714285747,-118.24285714285747,-119.74285714285747,candidate,0.058964652132493404
GBPUSD,1,2022-01-21,2022-01-24,-110.45357142857259,-111.95357142857259,-113.45357142857259,candidate,0.14870056867175305
GBPUSD,-1,2022-01-28,2022-02-01,-118.84285714285791,-120.34285714285791,-121.84285714285791,candidate,0.057696110744891234
GBPUSD,-1,2022-02-04,2022-02-11,-32.600000000000406,-34.100000000000406,-35.600000000000406,candidate,0.06928540762036227
GBPUSD,1,2022-02-11,2022-02-18,32.2,30.700000000000003,29.200000000000003,candidate,0.07323640552064178
GBPUSD,1,2022-02-18,2022-02-24,-122.75357142857101,-124.25357142857101,-125.75357142857101,candidate,0.06895474700719911
GBPUSD,-1,2022-02-25,2022-03-04,176.49999999999943,174.99999999999943,173.49999999999943,candidate,0.02218708044342321
GBPUSD,-1,2022-03-04,2022-03-11,196.7999999999992,195.2999999999992,193.7999999999992,candidate,0.03695207887892991
GBPUSD,-1,2022-03-11,2022-03-18,-139.89999999999947,-141.39999999999947,-142.89999999999947,candidate,0.07841274481145864
GBPUSD,-1,2022-03-18,2022-03-25,-7.500000000000284,-9.000000000000284,-10.500000000000284,candidate,0.08371786770601573
GBPUSD,1,2022-03-25,2022-04-01,-72.90000000000019,-74.40000000000019,-75.90000000000019,candidate,0.024367437867887507
GBPUSD,1,2022-04-01,2022-04-08,-77.79999999999897,-79.29999999999897,-80.79999999999897,candidate,0.06732779176787823
GBPUSD,-1,2022-04-08,2022-04-15,-27.599999999998737,-29.099999999998737,-30.599999999998737,candidate,0.03755886278361159
GBPUSD,-1,2022-04-15,2022-04-22,222.7000000000001,221.2000000000001,219.7000000000001,candidate,0.049392245441840815
GBPUSD,-1,2022-04-22,2022-04-29,261.4000000000005,259.9000000000005,258.4000000000005,candidate,0.016996020502626948
GBPUSD,-1,2022-04-29,2022-05-06,241.29999999999984,239.79999999999984,238.29999999999984,candidate,0.07525147365025367
GBPUSD,1,2022-06-03,2022-06-10,-180.48214285714346,-181.98214285714346,-183.48214285714346,candidate,0.05062064765640756
GBPUSD,-1,2022-06-17,2022-06-24,-54.09999999999915,-55.59999999999915,-57.09999999999915,candidate,0.03288827720479016
GBPUSD,1,2022-06-24,2022-07-01,-250.41428571428656,-251.91428571428656,-253.41428571428656,candidate,0.05918971725968826
GBPUSD,1,2022-07-01,2022-07-08,-59.899999999999395,-61.399999999999395,-62.899999999999395,candidate,0.04457103385562395
GBPUSD,-1,2022-07-08,2022-07-15,170.09999999999968,168.59999999999968,167.09999999999968,candidate,0.0312585607198891
GBPUSD,-1,2022-07-15,2022-07-22,-194.71071428571517,-196.21071428571517,-197.71071428571517,candidate,0.01982366509301774
GBPUSD,1,2022-08-12,2022-08-18,-195.16071428571368,-196.66071428571368,-198.16071428571368,candidate,0.06255204135701595
GBPUSD,1,2022-08-19,2022-08-26,-87.30000000000126,-88.80000000000126,-90.30000000000126,candidate,0.030783483789384947
GBPUSD,-1,2022-08-26,2022-09-02,225.40000000000003,223.90000000000003,222.40000000000003,candidate,0.03653929122968303
GBPUSD,-1,2022-09-02,2022-09-09,-73.70000000000098,-75.20000000000098,-76.70000000000098,candidate,0.031114028793453534
GBPUSD,-1,2022-09-09,2022-09-16,163.29999999999956,161.79999999999956,160.29999999999956,candidate,0.0734648693479321
GBPUSD,-1,2022-09-16,2022-09-23,578.1000000000014,576.6000000000014,575.1000000000014,candidate,0.03121740989916602
GBPUSD,1,2022-09-23,2022-09-26,-228.78214285714236,-230.28214285714236,-231.78214285714236,candidate,0.05188982143863009
GBPUSD,1,2022-10-07,2022-10-14,91.79999999999966,90.29999999999966,88.79999999999966,candidate,0.06896296699960297
GBPUSD,1,2022-11-04,2022-11-11,458.7000000000007,457.2000000000007,455.7000000000007,candidate,0.031270914682466365
GBPUSD,1,2022-11-18,2022-11-25,206.90000000000097,205.40000000000097,203.90000000000097,candidate,0.07936045753622306
GBPUSD,1,2022-12-09,2022-12-16,-107.49999999999815,-108.99999999999815,-110.49999999999815,candidate,0.018244894946398565
GBPUSD,1,2022-12-23,2022-12-30,42.90000000000127,41.40000000000127,39.90000000000127,candidate,0.09099624000085213
GBPUSD,-1,2023-01-06,2023-01-13,-140.60000000000184,-142.10000000000184,-143.60000000000184,candidate,0.015273038372172155
GBPUSD,-1,2023-01-20,2023-01-27,1.7000000000000348,0.20000000000003482,-1.2999999999999652,candidate,0.030957238210303235
GBPUSD,1,2023-02-03,2023-02-10,7.200000000000539,5.700000000000539,4.200000000000539,candidate,0.027076226461274878
GBPUSD,-1,2023-02-17,2023-02-24,100.89999999999932,99.39999999999932,97.89999999999932,candidate,0.04696662705293304
GBPUSD,-1,2023-02-24,2023-02-28,-177.28928571428602,-178.78928571428602,-180.28928571428602,candidate,0.02928309805060374
GBPUSD,-1,2023-03-03,2023-03-10,12.399999999999078,10.899999999999078,9.399999999999078,candidate,0.020026972989286254
GBPUSD,1,2023-03-10,2023-03-17,144.99999999999957,143.49999999999957,141.99999999999957,candidate,0.025427079682599593
GBPUSD,-1,2023-03-17,2023-03-24,-54.59999999999798,-56.09999999999798,-57.59999999999798,candidate,0.04521220207160107
GBPUSD,1,2023-03-24,2023-03-31,100.10000000000073,98.60000000000073,97.10000000000073,candidate,0.017820080085536386
GBPUSD,1,2023-03-31,2023-04-07,85.60000000000123,84.10000000000123,82.60000000000123,candidate,0.03826025176616567
GBPUSD,1,2023-04-07,2023-04-14,-2.6999999999999247,-4.199999999999925,-5.699999999999925,candidate,0.06484044683786551
GBPUSD,1,2023-04-14,2023-04-21,29.89999999999826,28.39999999999826,26.89999999999826,candidate,0.026166042291781332
GBPUSD,1,2023-04-21,2023-04-28,123.90000000000123,122.40000000000123,120.90000000000123,candidate,0.02781291196066555
GBPUSD,-1,2023-05-05,2023-05-12,182.9000000000014,181.4000000000014,179.9000000000014,candidate,0.03255585012219238
GBPUSD,1,2023-05-19,2023-05-25,-133.83214285714206,-135.33214285714206,-136.83214285714206,candidate,0.020585438876863635
GBPUSD,1,2023-06-02,2023-06-09,129.50000000000017,128.00000000000017,126.50000000000017,candidate,0.021252512473938934
GBPUSD,-1,2023-06-16,2023-06-23,105.89999999999877,104.39999999999877,102.89999999999877,candidate,0.03145169622868951
GBPUSD,1,2023-06-23,2023-06-30,-21.300000000001873,-22.800000000001873,-24.300000000001873,candidate,0.20939935100770402
GBPUSD,1,2023-06-30,2023-07-06,46.50000000000265,45.00000000000265,43.50000000000265,candidate,0.0170804887594034
GBPUSD,-1,2023-07-06,2023-07-07,-98.79999999999889,-100.29999999999889,-101.79999999999889,candidate,0.034164174444962246
GBPUSD,1,2023-07-14,2023-07-19,-142.2214285714296,-143.7214285714296,-145.2214285714296,candidate,0.05151280710925248
GBPUSD,1,2023-07-21,2023-07-28,-5.999999999999339,-7.499999999999339,-8.99999999999934,candidate,0.05872835501907693
GBPUSD,-1,2023-07-28,2023-08-04,101.40000000000038,99.90000000000038,98.40000000000038,candidate,0.025250695205190864
GBPUSD,-1,2023-08-04,2023-08-11,52.499999999999766,50.999999999999766,49.499999999999766,candidate,0.04511421147456384
GBPUSD,-1,2023-08-11,2023-08-18,-39.1000000000008,-40.6000000000008,-42.1000000000008,candidate,0.0276100002899195
GBPUSD,1,2023-08-18,2023-08-25,-143.8178571428561,-145.3178571428561,-146.8178571428561,candidate,0.0503715055261447
GBPUSD,1,2023-08-25,2023-09-01,7.699999999999374,6.199999999999374,4.699999999999374,candidate,0.05432577055732561
GBPUSD,-1,2023-09-01,2023-09-08,120.29999999999984,118.79999999999984,117.29999999999984,candidate,0.06649140917521083
GBPUSD,-1,2023-09-08,2023-09-15,83.3000000000017,81.8000000000017,80.3000000000017,candidate,0.019715710457667124
GBPUSD,-1,2023-09-15,2023-09-22,146.99999999999935,145.49999999999935,143.99999999999935,candidate,0.03204843539089946
GBPUSD,-1,2023-09-22,2023-09-29,32.79999999999949,31.299999999999493,29.799999999999493,candidate,0.08590549244703506
GBPUSD,-1,2023-09-29,2023-10-06,-33.49999999999964,-34.99999999999964,-36.49999999999964,candidate,0.17442712745179795
GBPUSD,-1,2023-10-06,2023-10-13,94.70000000000088,93.20000000000088,91.70000000000088,candidate,0.0966873405380738
GBPUSD,1,2023-10-13,2023-10-20,23.100000000000342,21.600000000000342,20.100000000000342,candidate,0.018690337350438426
GBPUSD,-1,2023-10-20,2023-10-27,46.39999999999977,44.89999999999977,43.39999999999977,candidate,0.02457556796519321
GBPUSD,-1,2023-10-27,2023-11-03,-138.664285714285,-140.164285714285,-141.664285714285,candidate,0.054261571900762674
GBPUSD,1,2023-11-10,2023-11-17,234.19999999999996,232.69999999999996,231.19999999999996,candidate,0.03265171814036572
GBPUSD,-1,2023-11-17,2023-11-24,-152.79642857142895,-154.29642857142895,-155.79642857142895,candidate,0.055556325695089434
GBPUSD,1,2023-11-24,2023-12-01,114.00000000000077,112.50000000000077,111.00000000000077,candidate,0.03304945436769435
GBPUSD,1,2023-12-01,2023-12-06,-149.0142857142862,-150.5142857142862,-152.0142857142862,candidate,0.10987155659422557
GBPUSD,1,2023-12-08,2023-12-15,131.2000000000002,129.7000000000002,128.2000000000002,candidate,0.06153796950743125
GBPUSD,-1,2023-12-15,2023-12-22,-18.199999999999328,-19.699999999999328,-21.199999999999328,candidate,0.020330191195722207
GBPUSD,1,2023-12-22,2023-12-29,34.600000000000186,33.100000000000186,31.600000000000186,candidate,0.029944156675917707
GBPUSD,-1,2023-12-29,2024-01-05,12.499999999999734,10.999999999999734,9.499999999999734,candidate,0.027583962361109524
GBPUSD,1,2024-01-19,2024-01-26,-4.199999999998649,-5.699999999998649,-7.199999999998649,candidate,0.04773083812681494
GBPUSD,-1,2024-02-09,2024-02-16,27.399999999999647,25.899999999999647,24.399999999999647,candidate,0.04233962036879034
GBPUSD,1,2024-02-16,2024-02-23,70.9000000000004,69.4000000000004,67.9000000000004,candidate,0.034942482543828805
GBPUSD,1,2024-03-01,2024-03-08,205.29999999999936,203.79999999999936,202.29999999999936,candidate,0.015875500407915456
GBPUSD,1,2024-03-08,2024-03-12,-100.86428571428607,-102.36428571428607,-103.86428571428607,candidate,0.02098987038055979
GBPUSD,1,2024-03-15,2024-03-22,-98.95714285714341,-100.45714285714341,-101.95714285714341,candidate,0.01520694845553867
GBPUSD,-1,2024-03-22,2024-03-29,-18.100000000000893,-19.600000000000893,-21.100000000000893,candidate,0.04817171399912867
GBPUSD,-1,2024-03-29,2024-04-05,-20.299999999999763,-21.799999999999763,-23.299999999999763,candidate,0.13038319326076148
GBPUSD,-1,2024-04-05,2024-04-12,188.90000000000072,187.40000000000072,185.90000000000072,candidate,0.02328265868525751
GBPUSD,-1,2024-04-12,2024-04-19,79.70000000000032,78.20000000000032,76.70000000000032,candidate,0.05720208627168861
GBPUSD,-1,2024-04-19,2024-04-25,-119.9035714285701,-121.4035714285701,-122.9035714285701,candidate,0.11080986836369977
GBPUSD,-1,2024-04-26,2024-05-03,-135.11785714285685,-136.61785714285685,-138.11785714285685,candidate,0.12973754329320775
GBPUSD,-1,2024-05-03,2024-05-10,21.800000000000708,20.300000000000708,18.800000000000708,candidate,0.02389966470014006
GBPUSD,1,2024-05-10,2024-05-17,176.70000000000073,175.20000000000073,173.70000000000073,candidate,0.08141956822956242
GBPUSD,1,2024-05-24,2024-05-31,4.300000000001525,2.800000000001525,1.3000000000015248,candidate,0.19248044433332143
GBPUSD,1,2024-05-31,2024-06-07,-25.800000000000267,-27.300000000000267,-28.800000000000267,candidate,0.09935292782484773
GBPUSD,1,2024-06-07,2024-06-14,-29.69999999999917,-31.19999999999917,-32.69999999999917,candidate,0.09885714285714285
GBPUSD,-1,2024-06-21,2024-06-28,-3.699999999997594,-5.199999999997594,-6.699999999997594,candidate,0.030052628278413724
GBPUSD,-1,2024-06-28,2024-07-03,-97.72499999999961,-99.22499999999961,-100.72499999999961,candidate,0.04695301328377396
GBPUSD,1,2024-07-05,2024-07-12,174.00000000000082,172.50000000000082,171.00000000000082,candidate,0.059459213906793394
GBPUSD,1,2024-07-12,2024-07-19,-76.30000000000025,-77.80000000000025,-79.30000000000025,candidate,0.10306050076055295
GBPUSD,1,2024-07-19,2024-07-26,-47.399999999999665,-48.899999999999665,-50.399999999999665,candidate,0.17203864259166213
GBPUSD,1,2024-07-26,2024-08-01,-88.79999999999998,-90.29999999999998,-91.79999999999998,candidate,0.044575284969973136
GBPUSD,-1,2024-08-02,2024-08-09,46.69999999999952,45.19999999999952,43.69999999999952,candidate,0.1023481311021247
GBPUSD,-1,2024-08-09,2024-08-16,-116.34642857142774,-117.84642857142774,-119.34642857142774,candidate,0.17687754974513709
GBPUSD,-1,2024-08-16,2024-08-21,-127.84285714285691,-129.34285714285693,-130.84285714285693,candidate,0.06518979028939188
GBPUSD,1,2024-08-23,2024-08-30,-88.70000000000155,-90.20000000000155,-91.70000000000155,candidate,0.1258605861277622
GBPUSD,1,2024-08-30,2024-09-06,2.4000000000001798,0.9000000000001798,-0.5999999999998202,candidate,0.1263971701037507
GBPUSD,1,2024-09-06,2024-09-11,-121.31785714285748,-122.81785714285748,-124.31785714285748,candidate,0.07005860695506566
GBPUSD,-1,2024-09-13,2024-09-18,-116.14285714285576,-117.64285714285576,-119.14285714285576,candidate,0.0637337700487633
GBPUSD,-1,2024-09-20,2024-09-27,-52.799999999999514,-54.299999999999514,-55.799999999999514,candidate,0.12427855782120935
GBPUSD,1,2024-09-27,2024-10-03,-146.94642857142836,-148.44642857142836,-149.94642857142836,candidate,0.10987080801618178
GBPUSD,-1,2024-10-18,2024-10-25,87.09999999999995,85.59999999999995,84.09999999999995,candidate,0.03751349190485709
GBPUSD,-1,2024-10-25,2024-11-01,45.80000000000028,44.30000000000028,42.80000000000028,candidate,0.08624255855386086
GBPUSD,-1,2024-11-01,2024-11-05,-121.06071428571451,-122.56071428571451,-124.06071428571451,candidate,0.04842575665244769
GBPUSD,-1,2024-11-08,2024-11-15,299.2000000000017,297.7000000000017,296.2000000000017,candidate,0.0503963940197492
GBPUSD,1,2024-11-15,2024-11-22,-89.09999999999751,-90.59999999999751,-92.09999999999751,candidate,0.016265982245873462
GBPUSD,-1,2024-11-22,2024-11-27,-159.41785714285837,-160.91785714285837,-162.41785714285837,candidate,0.10247356221932494
GBPUSD,-1,2024-11-29,2024-12-06,-7.299999999998974,-8.799999999998974,-10.299999999998974,candidate,0.07969062418954079
GBPUSD,1,2024-12-13,2024-12-20,-128.5071428571438,-130.0071428571438,-131.5071428571438,candidate,0.04556259523618574
GBPUSD,-1,2024-12-27,2025-01-03,154.09999999999923,152.59999999999923,151.09999999999923,candidate,0.028960411768443797
GBPUSD,1,2025-01-03,2025-01-09,-142.40357142857096,-143.90357142857096,-145.40357142857096,candidate,0.016687932485877202
GBPUSD,-1,2025-01-10,2025-01-17,39.00000000000014,37.50000000000014,36.00000000000014,candidate,0.02622768448376331
GBPUSD,-1,2025-01-17,2025-01-20,-175.49999999999955,-176.99999999999955,-178.49999999999955,candidate,0.04773286327467559
GBPUSD,-1,2025-01-24,2025-01-31,86.69999999999955,85.19999999999955,83.69999999999955,candidate,0.05138042578800873
GBPUSD,-1,2025-01-31,2025-02-05,-156.25714285714352,-157.75714285714352,-159.25714285714352,candidate,0.08896098558657003
GBPUSD,1,2025-02-07,2025-02-14,184.5999999999992,183.0999999999992,181.5999999999992,candidate,0.03667344266140224
GBPUSD,1,2025-02-14,2025-02-21,48.30000000000112,46.80000000000112,45.30000000000112,candidate,0.027549029970500342
GBPUSD,1,2025-02-21,2025-02-28,-57.49999999999922,-58.99999999999922,-60.49999999999922,candidate,0.07263116487190835
GBPUSD,1,2025-02-28,2025-03-07,344.09999999999826,342.59999999999826,341.09999999999826,candidate,0.03213480455733583
GBPUSD,1,2025-03-07,2025-03-14,15.000000000000568,13.500000000000568,12.000000000000568,candidate,0.021636412572146296
GBPUSD,1,2025-03-14,2025-03-21,-18.000000000000238,-19.500000000000238,-21.000000000000238,candidate,0.05381212845683559
GBPUSD,1,2025-03-21,2025-03-28,20.700000000000163,19.200000000000163,17.700000000000163,candidate,0.09039432429592847
GBPUSD,1,2025-03-28,2025-04-04,-38.89999999999949,-40.39999999999949,-41.89999999999949,candidate,0.08622889776792252
GBPUSD,-1,2025-04-11,2025-04-16,-206.08928571428598,-207.58928571428598,-209.08928571428598,candidate,0.04386411169521225
GBPUSD,-1,2025-04-18,2025-04-25,-17.100000000001003,-18.600000000001003,-20.100000000001003,candidate,0.05150672858547168
GBPUSD,1,2025-04-25,2025-05-02,-41.70000000000007,-43.20000000000007,-44.70000000000007,candidate,0.04565175016011807
GBPUSD,1,2025-05-30,2025-06-06,74.9999999999984,73.4999999999984,71.9999999999984,candidate,0.05565791418296468
GBPUSD,1,2025-06-13,2025-06-17,-129.97499999999994,-131.47499999999994,-132.97499999999994,candidate,0.023660839487706833
GBPUSD,-1,2025-06-20,2025-06-24,-136.6178571428578,-138.1178571428578,-139.6178571428578,candidate,0.09843186876504016
GBPUSD,-1,2025-07-04,2025-07-11,147.49999999999818,145.99999999999818,144.49999999999818,candidate,0.02735718563350275
GBPUSD,-1,2025-07-18,2025-07-23,-134.09999999999923,-135.59999999999923,-137.09999999999923,candidate,0.01672940862368175
GBPUSD,-1,2025-07-25,2025-08-01,158.00000000000034,156.50000000000034,155.00000000000034,candidate,0.1386320964664112
GBPUSD,-1,2025-08-01,2025-08-07,-143.56071428571536,-145.06071428571536,-146.56071428571536,candidate,0.0536802659239269
GBPUSD,-1,2025-08-08,2025-08-14,-137.0249999999995,-138.5249999999995,-140.0249999999995,candidate,0.12343033347232053
GBPUSD,-1,2025-08-29,2025-09-05,-6.500000000000394,-8.000000000000394,-9.500000000000394,candidate,0.02908970196356625
GBPUSD,-1,2025-09-05,2025-09-12,-47.900000000000716,-49.400000000000716,-50.900000000000716,candidate,0.03809889726502294
GBPUSD,1,2025-09-12,2025-09-19,-84.20000000000094,-85.70000000000094,-87.20000000000094,candidate,0.019694684386411008
GBPUSD,1,2025-09-19,2025-09-26,-68.60000000000088,-70.10000000000088,-71.60000000000088,candidate,0.1363018108480329
GBPUSD,1,2025-09-26,2025-10-03,77.70000000000054,76.20000000000054,74.70000000000054,candidate,0.017747012857792302
GBPUSD,-1,2025-10-03,2025-10-10,124.59999999999916,123.09999999999916,121.59999999999916,candidate,0.03360479803556129
GBPUSD,1,2025-10-10,2025-10-17,71.99999999999874,70.49999999999874,68.99999999999874,candidate,0.05514845485760452
GBPUSD,-1,2025-10-17,2025-10-24,113.9000000000001,112.4000000000001,110.9000000000001,candidate,0.038476759851801955
GBPUSD,-1,2025-10-24,2025-10-31,161.5999999999995,160.0999999999995,158.5999999999995,candidate,0.036220897363416764
GBPUSD,-1,2025-10-31,2025-11-07,-14.899999999999913,-16.399999999999913,-17.899999999999913,candidate,0.04804165759840076
GBPUSD,-1,2025-11-07,2025-11-13,-28.799999999999937,-30.299999999999937,-31.799999999999937,candidate,0.18098162905982276
GBPUSD,-1,2025-11-13,2025-11-14,19.700000000000273,18.200000000000273,16.700000000000273,candidate,0.05885654336566255
GBPUSD,-1,2025-11-28,2025-12-03,-118.49999999999916,-119.99999999999916,-121.49999999999916,candidate,0.048163524005704325
GBPUSD,1,2025-12-05,2025-12-12,35.799999999999166,34.299999999999166,32.799999999999166,candidate,0.04362707160203891
GBPUSD,1,2025-12-12,2025-12-19,6.399999999999739,4.899999999999739,3.3999999999997392,candidate,0.03170229088010108
GBPUSD,1,2025-12-19,2025-12-26,122.60000000000159,121.10000000000159,119.60000000000159,candidate,0.11011910038258206
GBPUSD,1,2025-12-26,2026-01-02,-38.200000000001566,-39.700000000001566,-41.200000000001566,candidate,0.036006298831082306
GBPUSD,1,2026-01-02,2026-01-09,-57.300000000000125,-58.800000000000125,-60.300000000000125,candidate,0.04933087758860834
USDJPY,1,2022-01-14,2022-01-21,-50.60000000000002,-52.10000000000002,-53.60000000000002,candidate,0.057524411871541205
USDJPY,-1,2022-01-21,2022-01-27,-102.71785714285642,-104.21785714285642,-105.71785714285642,candidate,0.10515310672876821
USDJPY,-1,2022-01-28,2022-02-04,5.19999999999925,3.6999999999992497,2.1999999999992497,candidate,0.06875600262851944
USDJPY,-1,2022-02-11,2022-02-18,40.00000000000057,38.50000000000057,37.00000000000057,candidate,0.021697085678803733
USDJPY,1,2022-02-18,2022-02-25,49.39999999999998,47.89999999999998,46.39999999999998,candidate,0.08158455559734236
USDJPY,-1,2022-02-25,2022-03-04,67.1999999999997,65.6999999999997,64.1999999999997,candidate,0.05498818039954885
USDJPY,-1,2022-03-11,2022-03-15,-106.81071428571443,-108.31071428571443,-109.81071428571443,candidate,0.01810880617970798
USDJPY,1,2022-03-18,2022-03-25,293.5000000000002,292.0000000000002,290.5000000000002,candidate,0.0582827495312877
USDJPY,1,2022-03-25,2022-04-01,46.999999999999886,45.499999999999886,43.999999999999886,candidate,0.13178175899702282
USDJPY,1,2022-04-01,2022-04-08,172.20000000000084,170.70000000000084,169.20000000000084,candidate,0.057109362614623405
USDJPY,1,2022-04-08,2022-04-15,207.49999999999886,205.99999999999886,204.49999999999886,candidate,0.016935227502611293
USDJPY,1,2022-04-15,2022-04-22,218.10000000000116,216.60000000000116,215.10000000000116,candidate,0.03655619531953562
USDJPY,-1,2022-04-29,2022-05-06,-68.99999999999977,-70.49999999999977,-71.99999999999977,candidate,0.05789617428937583
USDJPY,1,2022-05-06,2022-05-12,-222.05357142857167,-223.55357142857167,-225.05357142857167,candidate,0.029386255803275342
USDJPY,-1,2022-05-20,2022-05-27,81.30000000000024,79.80000000000024,78.30000000000024,candidate,0.01927826677938568
USDJPY,-1,2022-05-27,2022-06-01,-183.1928571428577,-184.6928571428577,-186.1928571428577,candidate,0.03685470546582594
USDJPY,1,2022-06-10,2022-06-16,-186.0857142857128,-187.5857142857128,-189.0857142857128,candidate,0.03323385478136018
USDJPY,-1,2022-06-17,2022-06-24,-24.500000000000455,-26.000000000000455,-27.500000000000455,candidate,0.030664952067196244
USDJPY,-1,2022-06-24,2022-07-01,-6.700000000000728,-8.200000000000728,-9.700000000000728,candidate,0.09237146682807829
USDJPY,-1,2022-07-01,2022-07-08,-84.99999999999943,-86.49999999999943,-87.99999999999943,candidate,0.03263366188420102
USDJPY,-1,2022-07-15,2022-07-22,246.60000000000082,245.10000000000082,243.60000000000082,candidate,0.03355566590169948
USDJPY,-1,2022-08-05,2022-08-12,149.79999999999905,148.29999999999905,146.79999999999905,candidate,0.10336364826790911
USDJPY,-1,2022-08-12,2022-08-19,-275.0464285714287,-276.5464285714287,-278.0464285714287,candidate,0.04304489138039445
USDJPY,1,2022-08-26,2022-09-02,271.50000000000034,270.00000000000034,268.50000000000034,candidate,0.11193894239505724
USDJPY,1,2022-09-09,2022-09-16,32.59999999999934,31.09999999999934,29.59999999999934,candidate,0.09515192024631487
USDJPY,1,2022-09-16,2022-09-22,-240.79285714285845,-242.29285714285845,-243.79285714285845,candidate,0.04788155447329935
USDJPY,-1,2022-09-23,2022-09-30,-146.10000000000127,-147.60000000000127,-149.10000000000127,candidate,0.06647083207117006
USDJPY,-1,2022-10-07,2022-10-13,-208.55357142857258,-210.05357142857258,-211.55357142857258,candidate,0.042640645487465524
USDJPY,1,2022-10-21,2022-10-24,-199.39285714285688,-200.89285714285688,-202.39285714285688,candidate,0.06869241102681022
USDJPY,-1,2022-11-04,2022-11-11,788.8000000000005,787.3000000000005,785.8000000000005,candidate,0.04712521146670993
USDJPY,-1,2022-11-18,2022-11-25,120.79999999999984,119.29999999999984,117.79999999999984,candidate,0.0698876346712607
USDJPY,-1,2022-11-25,2022-12-02,485.59999999999945,484.09999999999945,482.59999999999945,candidate,0.025141249148108252
USDJPY,-1,2022-12-09,2022-12-16,-14.300000000000068,-15.800000000000068,-17.300000000000068,candidate,0.022258128043540534
USDJPY,-1,2022-12-16,2022-12-23,392.9000000000002,391.4000000000002,389.9000000000002,candidate,0.036164325619922104
USDJPY,-1,2022-12-23,2022-12-30,167.99999999999784,166.49999999999784,164.99999999999784,candidate,0.07878198578287572
USDJPY,-1,2022-12-30,2023-01-06,-297.49285714285634,-298.99285714285634,-300.49285714285634,candidate,0.04779479715368266
USDJPY,-1,2023-01-06,2023-01-13,428.20000000000107,426.70000000000107,425.20000000000107,candidate,0.06090735268555536
USDJPY,-1,2023-01-13,2023-01-18,-272.5821428571436,-274.0821428571436,-275.5821428571436,candidate,0.09865999032689408
USDJPY,-1,2023-01-20,2023-01-27,-24.799999999999045,-26.299999999999045,-27.799999999999045,candidate,0.07493412943424817
USDJPY,-1,2023-01-27,2023-02-03,-134.70000000000084,-136.20000000000084,-137.70000000000084,candidate,0.017216609643378473
USDJPY,-1,2023-02-03,2023-02-10,-19.200000000000728,-20.700000000000728,-22.200000000000728,candidate,0.016019935920256318
USDJPY,-1,2023-02-17,2023-02-24,-233.70000000000175,-235.20000000000175,-236.70000000000175,candidate,0.03474607756280186
USDJPY,1,2023-02-24,2023-03-03,-65.70000000000107,-67.20000000000107,-68.70000000000107,candidate,0.07269210102095648
USDJPY,1,2023-03-03,2023-03-10,-76.59999999999911,-78.09999999999911,-79.59999999999911,candidate,0.14012707013851744
USDJPY,1,2023-03-10,2023-03-13,-198.21428571428612,-199.71428571428612,-201.21428571428612,candidate,0.025319810503698584
USDJPY,-1,2023-03-31,2023-04-07,64.30000000000007,62.80000000000007,61.30000000000007,candidate,0.0534480418709765
USDJPY,-1,2023-04-07,2023-04-14,-156.90000000000168,-158.40000000000168,-159.90000000000168,candidate,0.024615831972621738
USDJPY,1,2023-05-05,2023-05-12,89.10000000000196,87.60000000000196,86.10000000000196,candidate,0.029222250684742556
USDJPY,-1,2023-05-12,2023-05-18,-200.00357142857013,-201.50357142857013,-203.00357142857013,candidate,0.06480106348728282
USDJPY,1,2023-05-19,2023-05-26,262.80000000000143,261.30000000000143,259.80000000000143,candidate,0.025868388898586142
USDJPY,1,2023-05-26,2023-06-01,-172.33928571428692,-173.83928571428692,-175.33928571428692,candidate,0.15500883392226147
USDJPY,1,2023-06-02,2023-06-09,-59.10000000000082,-60.60000000000082,-62.10000000000082,candidate,0.0664043710455235
USDJPY,1,2023-06-09,2023-06-16,250.90000000000146,249.40000000000146,247.90000000000146,candidate,0.04475160191087995
USDJPY,-1,2023-06-16,2023-06-23,-191.16428571428514,-192.66428571428514,-194.16428571428514,candidate,0.023154343815082
USDJPY,1,2023-06-23,2023-06-30,60.09999999999991,58.59999999999991,57.09999999999991,candidate,0.023499723335401332
USDJPY,1,2023-06-30,2023-07-06,-24.199999999999022,-25.699999999999022,-27.199999999999022,candidate,0.02103576597064296
USDJPY,1,2023-07-06,2023-07-07,-137.88214285714275,-139.38214285714275,-140.88214285714275,candidate,0.022288788452687256
USDJPY,-1,2023-07-14,2023-07-21,-181.41428571428548,-182.91428571428548,-184.41428571428548,candidate,0.02104228667440727
USDJPY,-1,2023-07-21,2023-07-28,62.000000000000455,60.500000000000455,59.000000000000455,candidate,0.13696239585678902
USDJPY,1,2023-08-11,2023-08-18,43.09999999999832,41.59999999999832,40.09999999999832,candidate,0.02403752028505671
USDJPY,1,2023-08-18,2023-08-25,102.20000000000198,100.70000000000198,99.20000000000198,candidate,0.05097316437726353
USDJPY,1,2023-08-25,2023-09-01,-154.43571428571374,-155.93571428571374,-157.43571428571374,candidate,0.019200317507887074
USDJPY,-1,2023-09-01,2023-09-07,-165.34285714285772,-166.84285714285772,-168.34285714285772,candidate,0.02098984730212017
USDJPY,1,2023-09-08,2023-09-11,-164.53928571428662,-166.03928571428662,-167.53928571428662,candidate,0.03688176370628745
USDJPY,1,2023-09-29,2023-10-03,-106.81071428571443,-108.31071428571443,-109.81071428571443,candidate,0.022131382573240925
USDJPY,-1,2023-10-06,2023-10-13,-30.799999999999272,-32.29999999999927,-33.79999999999927,candidate,0.02468498171089776
USDJPY,-1,2023-10-13,2023-10-20,-28.20000000000107,-29.70000000000107,-31.20000000000107,candidate,0.053743791764927655
USDJPY,1,2023-10-20,2023-10-27,-24.099999999998545,-25.599999999998545,-27.099999999998545,candidate,0.051666971938651544
USDJPY,-1,2023-11-10,2023-11-17,194.49999999999932,192.99999999999932,191.49999999999932,candidate,0.031567436021840756
USDJPY,1,2023-11-17,2023-11-21,-169.93928571428683,-171.43928571428683,-172.93928571428683,candidate,0.1275007944828191
USDJPY,-1,2023-11-24,2023-12-01,261.9999999999976,260.4999999999976,258.9999999999976,candidate,0.08065216324465936
USDJPY,1,2023-12-01,2023-12-07,-207.04285714285788,-208.54285714285788,-210.04285714285788,candidate,0.01751661355696926
USDJPY,-1,2023-12-08,2023-12-15,280.1000000000016,278.6000000000016,277.1000000000016,candidate,0.02028921572292715
USDJPY,-1,2023-12-15,2023-12-22,-29.000000000002046,-30.500000000002046,-32.000000000002046,candidate,0.07171336395153369
USDJPY,-1,2023-12-22,2023-12-29,139.7999999999996,138.2999999999996,136.7999999999996,candidate,0.10741099279337421
USDJPY,-1,2023-12-29,2024-01-03,-210.3428571428566,-211.8428571428566,-213.3428571428566,candidate,0.020128354725787632
USDJPY,-1,2024-01-05,2024-01-12,-34.80000000000132,-36.30000000000132,-37.80000000000132,candidate,0.03013985937992415
USDJPY,1,2024-01-12,2024-01-19,320.5999999999989,319.0999999999989,317.5999999999989,candidate,0.015461884482698366
USDJPY,1,2024-01-19,2024-01-26,3.8000000000010914,2.3000000000010914,0.8000000000010914,candidate,0.020172613438720354
USDJPY,1,2024-01-26,2024-01-31,-184.57500000000095,-186.07500000000095,-187.57500000000095,candidate,0.05567579577997959
USDJPY,1,2024-02-02,2024-02-09,90.99999999999966,89.49999999999966,87.99999999999966,candidate,0.07043784009354251
USDJPY,1,2024-02-09,2024-02-16,92.4999999999983,90.9999999999983,89.4999999999983,candidate,0.0293362923919828
USDJPY,1,2024-02-16,2024-02-23,32.800000000000296,31.300000000000296,29.800000000000296,candidate,0.10186741608446709
USDJPY,1,2024-02-23,2024-02-29,-118.69285714285809,-120.19285714285809,-121.69285714285809,candidate,0.03854792134573956
USDJPY,1,2024-03-01,2024-03-07,-115.69285714285797,-117.19285714285797,-118.69285714285797,candidate,0.03132418056214938
USDJPY,-1,2024-03-08,2024-03-15,-133.42499999999973,-134.92499999999973,-136.42499999999973,candidate,0.035294005454788197
USDJPY,-1,2024-03-15,2024-03-19,-155.35714285714164,-156.85714285714164,-158.35714285714164,candidate,0.04332847163583327
USDJPY,1,2024-03-22,2024-03-29,-9.399999999999409,-10.899999999999409,-12.399999999999409,candidate,0.08525619834710743
USDJPY,1,2024-04-05,2024-04-12,164.50000000000102,163.00000000000102,161.50000000000102,candidate,0.03221499389221897
USDJPY,1,2024-04-12,2024-04-19,136.29999999999995,134.79999999999995,133.29999999999995,candidate,0.06116266383957051
USDJPY,1,2024-04-19,2024-04-26,370.79999999999984,369.29999999999984,367.79999999999984,candidate,0.02961251547823986
USDJPY,1,2024-04-26,2024-04-29,-145.17857142857054,-146.67857142857054,-148.17857142857054,candidate,0.029878007061966225
USDJPY,-1,2024-05-03,2024-05-09,-282.5571428571436,-284.0571428571436,-285.5571428571436,candidate,0.028804114105504586
USDJPY,-1,2024-05-10,2024-05-17,13.800000000000523,12.300000000000523,10.800000000000523,candidate,0.12419837323542064
USDJPY,1,2024-05-24,2024-05-31,23.30000000000041,21.80000000000041,20.30000000000041,candidate,0.06258234737732937
USDJPY,1,2024-05-31,2024-06-04,-133.10357142857185,-134.60357142857185,-136.10357142857185,candidate,0.06068302222112898
USDJPY,-1,2024-06-07,2024-06-14,-59.29999999999893,-60.79999999999893,-62.29999999999893,candidate,0.10026764881571175
USDJPY,1,2024-06-14,2024-06-21,242.79999999999973,241.29999999999973,239.79999999999973,candidate,0.05994537607196326
USDJPY,1,2024-06-21,2024-06-28,104.30000000000064,102.80000000000064,101.30000000000064,candidate,0.03989000965949441
USDJPY,1,2024-06-28,2024-07-05,-8.699999999998909,-10.199999999998909,-11.699999999998909,candidate,0.09086607276692424
USDJPY,-1,2024-07-12,2024-07-19,41.59999999999968,40.09999999999968,38.59999999999968,candidate,0.027404758220281183
USDJPY,-1,2024-07-19,2024-07-26,372.199999999998,370.699999999998,369.199999999998,candidate,0.19317393922624956
USDJPY,-1,2024-07-26,2024-08-02,723.8,722.3,720.8,candidate,0.09366729278638466
USDJPY,-1,2024-08-02,2024-08-09,-10.099999999999909,-11.599999999999909,-13.099999999999909,candidate,0.033880805275258864
USDJPY,-1,2024-08-09,2024-08-16,-100.39999999999907,-101.89999999999907,-103.39999999999907,candidate,0.19919581717887047
USDJPY,-1,2024-08-16,2024-08-23,325.39999999999907,323.89999999999907,322.39999999999907,candidate,0.11510823307054653
USDJPY,-1,2024-09-06,2024-09-13,146.39999999999986,144.89999999999986,143.39999999999986,candidate,0.04661944032191435
USDJPY,-1,2024-09-13,2024-09-19,-242.8607142857146,-244.3607142857146,-245.8607142857146,candidate,0.026131830423304313
USDJPY,-1,2024-09-27,2024-10-02,-291.09642857142717,-292.59642857142717,-294.09642857142717,candidate,0.05629700243618261
USDJPY,-1,2024-10-04,2024-10-11,-44.10000000000025,-45.60000000000025,-47.10000000000025,candidate,0.023007135575942916
USDJPY,1,2024-10-18,2024-10-25,279.90000000000066,278.40000000000066,276.90000000000066,candidate,0.044498688539503006
USDJPY,1,2024-10-25,2024-11-01,66.29999999999825,64.79999999999825,63.29999999999825,candidate,0.15194513306774446
USDJPY,1,2024-11-01,2024-11-08,-33.19999999999936,-34.69999999999936,-36.19999999999936,candidate,0.1050315634766749
USDJPY,1,2024-11-08,2024-11-15,168.99999999999977,167.49999999999977,165.99999999999977,candidate,0.07753582002188648
USDJPY,1,2024-11-15,2024-11-22,39.6000000000015,38.1000000000015,36.6000000000015,candidate,0.0998416689950638
USDJPY,-1,2024-11-22,2024-11-29,504.4000000000011,502.9000000000011,501.4000000000011,candidate,0.024444383223069265
USDJPY,-1,2024-11-29,2024-12-06,-36.50000000000091,-38.00000000000091,-39.50000000000091,candidate,0.08377306105708178
USDJPY,-1,2024-12-06,2024-12-11,-229.80000000000018,-231.30000000000018,-232.80000000000018,candidate,0.08532639800038155
USDJPY,-1,2024-12-13,2024-12-19,-234.9642857142868,-236.4642857142868,-237.9642857142868,candidate,0.0463261459644731
USDJPY,1,2024-12-20,2024-12-27,136.19999999999948,134.69999999999948,133.19999999999948,candidate,0.13525950471451453
USDJPY,1,2024-12-27,2025-01-03,-52.40000000000009,-53.90000000000009,-55.40000000000009,candidate,0.02246412913511359
USDJPY,1,2025-01-03,2025-01-10,43.39999999999975,41.89999999999975,40.39999999999975,candidate,0.01678012861705263
USDJPY,1,2025-01-10,2025-01-15,-141.96428571428612,-143.46428571428612,-144.96428571428612,candidate,0.055978649696878414
USDJPY,1,2025-01-17,2025-01-24,-29.599999999999227,-31.099999999999227,-32.59999999999923,candidate,0.0435316496392084
USDJPY,-1,2025-01-24,2025-01-31,78.2999999999987,76.7999999999987,75.2999999999987,candidate,0.09284094130989509
USDJPY,-1,2025-01-31,2025-02-07,379.0999999999997,377.5999999999997,376.0999999999997,candidate,0.07774876838201376
USDJPY,-1,2025-02-07,2025-02-12,-235.2428571428561,-236.7428571428561,-238.2428571428561,candidate,0.0888056193970963
USDJPY,-1,2025-02-14,2025-02-21,303.1999999999982,301.6999999999982,300.1999999999982,candidate,0.0793519541626115
USDJPY,-1,2025-02-21,2025-02-28,-136.099999999999,-137.599999999999,-139.099999999999,candidate,0.03122388080935258
USDJPY,-1,2025-02-28,2025-03-07,257.30000000000075,255.80000000000075,254.30000000000075,candidate,0.1366036222682617
USDJPY,-1,2025-03-07,2025-03-14,-58.60000000000127,-60.10000000000127,-61.60000000000127,candidate,0.07414189580012133
USDJPY,1,2025-03-21,2025-03-28,52.09999999999866,50.59999999999866,49.09999999999866,candidate,0.035715369545499
USDJPY,-1,2025-03-28,2025-04-04,287.3999999999995,285.8999999999995,284.3999999999995,candidate,0.019132392734167714
USDJPY,-1,2025-04-04,2025-04-11,350.1999999999981,348.6999999999981,347.1999999999981,candidate,0.024861647630494726
USDJPY,-1,2025-04-11,2025-04-18,136.89999999999998,135.39999999999998,133.89999999999998,candidate,0.1067814364723561
USDJPY,-1,2025-04-18,2025-04-25,-154.6999999999997,-156.1999999999997,-157.6999999999997,candidate,0.03200540653801546
USDJPY,-1,2025-04-25,2025-05-02,-130.89999999999975,-132.39999999999975,-133.89999999999975,candidate,0.018273134676817775
USDJPY,-1,2025-05-02,2025-05-09,-42.900000000000205,-44.400000000000205,-45.900000000000205,candidate,0.020368823140730546
USDJPY,1,2025-05-16,2025-05-22,-267.417857142857,-268.917857142857,-270.417857142857,candidate,0.016524764895513754
USDJPY,1,2025-05-30,2025-06-06,79.49999999999875,77.99999999999875,76.49999999999875,candidate,0.029659612053759703
USDJPY,1,2025-06-20,2025-06-26,-196.40357142857,-197.90357142857,-199.40357142857,candidate,0.06202070401199283
USDJPY,1,2025-07-11,2025-07-18,140.70000000000107,139.20000000000107,137.70000000000107,candidate,0.040713366880413195
USDJPY,1,2025-07-18,2025-07-22,-193.21071428571486,-194.71071428571486,-196.21071428571486,candidate,0.10305585809864634
USDJPY,1,2025-08-01,2025-08-08,31.399999999999295,29.899999999999295,28.399999999999295,candidate,0.04139586466736551
USDJPY,1,2025-08-08,2025-08-15,-51.09999999999957,-52.59999999999957,-54.09999999999957,candidate,0.04206854033161617
USDJPY,1,2025-08-15,2025-08-22,-23.199999999999932,-24.699999999999932,-26.199999999999932,candidate,0.034710376662689404
USDJPY,-1,2025-08-29,2025-09-02,-163.66071428571445,-165.16071428571445,-166.66071428571445,candidate,0.021221940531555884
USDJPY,1,2025-09-05,2025-09-12,26.69999999999959,25.19999999999959,23.69999999999959,candidate,0.03442132630374485
USDJPY,-1,2025-09-12,2025-09-19,-31.89999999999884,-33.39999999999884,-34.89999999999884,candidate,0.06001231745939012
USDJPY,1,2025-09-19,2025-09-26,154.6999999999997,153.1999999999997,151.6999999999997,candidate,0.0830418530138175
USDJPY,-1,2025-09-26,2025-10-03,201.6999999999996,200.1999999999996,198.6999999999996,candidate,0.01792231512167103
USDJPY,1,2025-10-03,2025-10-10,368.0000000000007,366.5000000000007,365.0000000000007,candidate,0.023545112868035498
USDJPY,-1,2025-10-24,2025-10-31,-109.70000000000084,-111.20000000000084,-112.70000000000084,candidate,0.06579986929762102
USDJPY,1,2025-11-07,2025-11-13,111.89999999999998,110.39999999999998,108.89999999999998,candidate,0.043922467296858586
USDJPY,1,2025-11-21,2025-11-28,-21.90000000000225,-23.40000000000225,-24.90000000000225,candidate,0.03921009178767423
USDJPY,-1,2025-11-28,2025-12-05,80.59999999999832,79.09999999999832,77.59999999999832,candidate,0.028764299401893036
USDJPY,1,2025-12-05,2025-12-12,48.099999999999454,46.599999999999454,45.099999999999454,candidate,0.01523075325622564
USDJPY,1,2025-12-12,2025-12-19,189.50000000000102,188.00000000000102,186.50000000000102,candidate,0.04869622015573165
USDJPY,1,2025-12-19,2025-12-23,-166.41428571428492,-167.91428571428492,-169.41428571428492,candidate,0.03089978639851032
USDJPY,1,2025-12-26,2026-01-02,29.800000000000182,28.300000000000182,26.800000000000182,candidate,0.020741255208991033
USDJPY,-1,2026-01-02,2026-01-09,-108.89999999999986,-110.39999999999986,-111.89999999999986,candidate,0.03184544196384885
EURUSD,-1,2022-01-21,2022-01-28,195.19999999999982,193.69999999999982,192.19999999999982,control,0.0
EURUSD,1,2022-02-04,2022-02-11,-119.81785714285874,-121.31785714285874,-122.81785714285874,control,0.0
EURUSD,-1,2022-02-11,2022-02-18,24.999999999999467,23.499999999999467,21.999999999999467,control,0.0
EURUSD,-1,2022-03-11,2022-03-17,-195.43928571428725,-196.93928571428725,-198.43928571428725,control,0.0
EURUSD,1,2022-03-18,2022-03-25,-64.89999999999884,-66.39999999999884,-67.89999999999884,control,0.0
EURUSD,1,2022-04-01,2022-04-05,-134.1535714285702,-135.6535714285702,-137.1535714285702,control,0.0
EURUSD,1,2022-04-22,2022-04-26,-116.86071428571364,-118.36071428571364,-119.86071428571364,control,0.0
EURUSD,-1,2022-04-29,2022-05-06,2.100000000000435,0.6000000000004349,-0.8999999999995651,control,0.0
EURUSD,1,2022-05-06,2022-05-12,-154.39285714285765,-155.89285714285765,-157.39285714285765,control,0.0
EURUSD,-1,2022-05-13,2022-05-19,-157.4464285714283,-158.9464285714283,-160.4464285714283,control,0.0
EURUSD,1,2022-05-27,2022-06-03,-14.400000000001079,-15.900000000001079,-17.40000000000108,control,0.0
EURUSD,1,2022-06-03,2022-06-10,-144.84642857142794,-146.34642857142794,-147.84642857142794,control,0.0
EURUSD,-1,2022-06-10,2022-06-17,24.500000000000632,23.000000000000632,21.500000000000632,control,0.0
EURUSD,-1,2022-06-17,2022-06-24,-57.19999999999947,-58.69999999999947,-60.19999999999947,control,0.0
EURUSD,-1,2022-07-01,2022-07-08,242.99999999999986,241.49999999999986,239.99999999999986,control,0.0
EURUSD,-1,2022-07-15,2022-07-19,-166.0499999999998,-167.5499999999998,-169.0499999999998,control,0.0
EURUSD,1,2022-07-22,2022-07-29,14.899999999999913,13.399999999999913,11.899999999999913,control,0.0
EURUSD,1,2022-08-05,2022-08-12,78.40000000000069,76.90000000000069,75.40000000000069,control,0.0
EURUSD,-1,2022-08-26,2022-09-02,7.500000000000284,6.000000000000284,4.500000000000284,control,0.0
EURUSD,-1,2022-09-02,2022-09-09,-149.36785714285804,-150.86785714285804,-152.36785714285804,control,0.0
EURUSD,-1,2022-09-16,2022-09-23,324.90000000000015,323.40000000000015,321.90000000000015,control,0.0
EURUSD,-1,2022-09-30,2022-10-04,-195.25714285714255,-196.75714285714255,-198.25714285714255,control,0.0
EURUSD,1,2022-10-21,2022-10-28,103.0999999999993,101.5999999999993,100.0999999999993,control,0.0
EURUSD,1,2022-10-28,2022-11-03,-170.19642857142858,-171.69642857142858,-173.19642857142858,control,0.0
EURUSD,-1,2022-11-04,2022-11-10,-182.20714285714257,-183.70714285714257,-185.20714285714257,control,0.0
EURUSD,1,2022-11-18,2022-11-25,73.90000000000008,72.40000000000008,70.90000000000008,control,0.0
EURUSD,1,2022-11-25,2022-12-02,146.80000000000027,145.30000000000027,143.80000000000027,control,0.0
EURUSD,1,2022-12-16,2022-12-23,27.200000000000557,25.700000000000557,24.200000000000557,control,0.0
EURUSD,1,2023-01-13,2023-01-20,23.400000000000087,21.900000000000087,20.400000000000087,control,0.0
EURUSD,-1,2023-01-20,2023-01-27,-11.600000000000499,-13.100000000000499,-14.600000000000499,control,0.0
EURUSD,1,2023-01-27,2023-02-03,-74.09999999999917,-75.59999999999917,-77.09999999999917,control,0.0
EURUSD,1,2023-02-03,2023-02-10,-115.00000000000065,-116.50000000000065,-118.00000000000065,control,0.0
EURUSD,1,2023-03-17,2023-03-24,94.79999999999933,93.29999999999933,91.79999999999933,control,0.0
EURUSD,1,2023-04-14,2023-04-21,-5.20000000000076,-6.70000000000076,-8.20000000000076,control,0.0
EURUSD,-1,2023-05-26,2023-06-02,19.800000000000928,18.300000000000928,16.800000000000928,control,0.0
EURUSD,1,2023-06-09,2023-06-16,191.0999999999996,189.5999999999996,188.0999999999996,control,0.0
EURUSD,1,2023-06-16,2023-06-23,-50.799999999999734,-52.299999999999734,-53.799999999999734,control,0.0
EURUSD,-1,2023-07-21,2023-07-28,110.50000000000004,109.00000000000004,107.50000000000004,control,0.0
EURUSD,-1,2023-08-25,2023-08-30,-104.51785714285843,-106.01785714285843,-107.51785714285843,control,0.0
EURUSD,1,2023-09-01,2023-09-08,-73.49999999999967,-74.99999999999967,-76.49999999999967,control,0.0
EURUSD,-1,2023-09-08,2023-09-15,40.200000000001346,38.700000000001346,37.200000000001346,control,0.0
EURUSD,-1,2023-09-15,2023-09-22,16.299999999997983,14.799999999997983,13.299999999997983,control,0.0
EURUSD,1,2023-09-22,2023-09-27,-94.87500000000092,-96.37500000000092,-97.87500000000092,control,0.0
EURUSD,-1,2023-10-27,2023-10-31,-105.54642857142804,-107.04642857142804,-108.54642857142804,control,0.0
EURUSD,1,2023-11-24,2023-12-01,-102.321428571428,-103.821428571428,-105.321428571428,control,0.0
EURUSD,-1,2023-12-01,2023-12-08,124.99999999999955,123.49999999999955,121.99999999999955,control,0.0
EURUSD,-1,2023-12-08,2023-12-13,-100.43571428571373,-101.93571428571373,-103.43571428571373,control,0.0
EURUSD,1,2023-12-15,2023-12-22,119.29999999999995,117.79999999999995,116.29999999999995,control,0.0
EURUSD,1,2023-12-22,2023-12-29,22.799999999998377,21.299999999998377,19.799999999998377,control,0.0
EURUSD,-1,2024-01-05,2024-01-12,-8.900000000000574,-10.400000000000574,-11.900000000000574,control,0.0
EURUSD,-1,2024-01-19,2024-01-26,43.50000000000076,42.00000000000076,40.50000000000076,control,0.0
EURUSD,-1,2024-01-26,2024-02-02,67.49999999999811,65.99999999999811,64.49999999999811,control,0.0
EURUSD,1,2024-02-02,2024-02-09,-1.40000000000029,-2.90000000000029,-4.40000000000029,control,0.0
EURUSD,-1,2024-02-09,2024-02-16,7.500000000000284,6.000000000000284,4.500000000000284,control,0.0
EURUSD,-1,2024-03-22,2024-03-29,14.499999999999513,12.999999999999513,11.499999999999513,control,0.0
EURUSD,-1,2024-03-29,2024-04-04,-75.92142857142825,-77.42142857142825,-78.92142857142825,control,0.0
EURUSD,1,2024-04-05,2024-04-10,-83.6250000000005,-85.1250000000005,-86.6250000000005,control,0.0
EURUSD,-1,2024-04-12,2024-04-19,-15.099999999999003,-16.599999999999003,-18.099999999999003,control,0.0
EURUSD,-1,2024-04-19,2024-04-26,-96.28928571428607,-97.78928571428607,-99.28928571428607,control,0.0
EURUSD,1,2024-04-26,2024-05-03,68.8999999999984,67.3999999999984,65.8999999999984,control,0.0
EURUSD,1,2024-05-10,2024-05-17,99.10000000000085,97.60000000000085,96.10000000000085,control,0.0
EURUSD,1,2024-05-17,2024-05-24,-22.800000000000598,-24.300000000000598,-25.800000000000598,control,0.0
EURUSD,-1,2024-05-24,2024-05-31,-1.7000000000000348,-3.200000000000035,-4.700000000000035,control,0.0
EURUSD,1,2024-05-31,2024-06-07,-48.00000000000137,-49.50000000000137,-51.00000000000137,control,0.0
EURUSD,1,2024-06-07,2024-06-14,-80.47499999999985,-81.97499999999985,-83.47499999999985,control,0.0
EURUSD,-1,2024-06-14,2024-06-21,10.299999999998644,8.799999999998644,7.299999999998644,control,0.0
EURUSD,-1,2024-06-21,2024-06-28,-20.099999999998452,-21.599999999998452,-23.099999999998452,control,0.0
EURUSD,1,2024-06-28,2024-07-05,128.1000000000021,126.6000000000021,125.1000000000021,control,0.0
EURUSD,1,2024-07-05,2024-07-12,65.79999999999808,64.29999999999808,62.79999999999808,control,0.0
EURUSD,1,2024-07-12,2024-07-19,-21.599999999999397,-23.099999999999397,-24.599999999999397,control,0.0
EURUSD,1,2024-07-19,2024-07-26,-28.69999999999928,-30.19999999999928,-31.69999999999928,control,0.0
EURUSD,-1,2024-07-26,2024-08-02,-60.71785714285793,-62.21785714285793,-63.71785714285793,control,0.0
EURUSD,-1,2024-08-02,2024-08-05,-75.68571428571369,-77.18571428571369,-78.68571428571369,control,0.0
EURUSD,1,2024-08-09,2024-08-16,112.00000000000098,110.50000000000098,109.00000000000098,control,0.0
EURUSD,1,2024-08-23,2024-08-29,-91.11428571428658,-92.61428571428658,-94.11428571428658,control,0.0
EURUSD,-1,2024-08-30,2024-09-06,-102.01071428571406,-103.51071428571406,-105.01071428571406,control,0.0
EURUSD,-1,2024-09-13,2024-09-18,-84.02142857142802,-85.52142857142802,-87.02142857142802,control,0.0
EURUSD,1,2024-09-20,2024-09-27,0.0,-1.5,-3.0,control,0.0
EURUSD,-1,2024-10-04,2024-10-11,37.4999999999992,35.9999999999992,34.4999999999992,control,0.0
EURUSD,-1,2024-10-18,2024-10-25,71.39999999999924,69.89999999999924,68.39999999999924,control,0.0
EURUSD,-1,2024-10-25,2024-10-30,-72.835714285715,-74.335714285715,-75.835714285715,control,0.0
EURUSD,1,2024-11-01,2024-11-06,-78.4285714285704,-79.9285714285704,-81.4285714285704,control,0.0
EURUSD,-1,2024-11-08,2024-11-15,179.00000000000026,177.50000000000026,176.00000000000026,control,0.0
EURUSD,-1,2024-11-22,2024-11-27,-159.92142857142787,-161.42142857142787,-162.92142857142787,control,0.0
EURUSD,1,2024-12-06,2024-12-13,-64.00000000000183,-65.50000000000183,-67.00000000000183,control,0.0
EURUSD,-1,2025-01-31,2025-02-07,37.799999999998946,36.299999999998946,34.799999999998946,control,0.0
EURUSD,1,2025-02-21,2025-02-28,-82.79999999999842,-84.29999999999842,-85.79999999999842,control,0.0
EURUSD,-1,2025-02-28,2025-03-03,-108.15000000000019,-109.65000000000019,-111.15000000000019,control,0.0
EURUSD,1,2025-03-07,2025-03-14,42.599999999999305,41.099999999999305,39.599999999999305,control,0.0
EURUSD,1,2025-03-14,2025-03-21,-62.19999999999892,-63.69999999999892,-65.19999999999892,control,0.0
EURUSD,1,2025-03-21,2025-03-28,14.699999999998603,13.199999999998603,11.699999999998603,control,0.0
EURUSD,-1,2025-03-28,2025-04-03,-114.73928571428482,-116.23928571428482,-117.73928571428482,control,0.0
EURUSD,1,2025-04-11,2025-04-18,30.800000000001937,29.300000000001937,27.800000000001937,control,0.0
EURUSD,-1,2025-05-16,2025-05-21,-144.21428571428584,-145.71428571428584,-147.21428571428584,control,0.0
EURUSD,1,2025-05-23,2025-05-30,-13.199999999999878,-14.699999999999878,-16.19999999999988,control,0.0
EURUSD,1,2025-06-13,2025-06-20,-27.399999999999647,-28.899999999999647,-30.399999999999647,control,0.0
EURUSD,-1,2025-06-20,2025-06-25,-130.70357142857202,-132.20357142857202,-133.70357142857202,control,0.0
EURUSD,-1,2025-07-11,2025-07-18,63.99999999999961,62.49999999999961,60.99999999999961,control,0.0
EURUSD,-1,2025-07-18,2025-07-22,-116.22857142857157,-117.72857142857157,-119.22857142857157,control,0.0
EURUSD,-1,2025-08-01,2025-08-08,-52.39999999999911,-53.89999999999911,-55.39999999999911,control,0.0
EURUSD,-1,2025-08-15,2025-08-22,-14.199999999999768,-15.699999999999768,-17.19999999999977,control,0.0
EURUSD,1,2025-10-17,2025-10-24,-24.899999999998812,-26.399999999998812,-27.899999999998812,control,0.0
EURUSD,-1,2025-11-07,2025-11-13,-80.53928571428503,-82.03928571428503,-83.53928571428503,control,0.0
EURUSD,-1,2025-11-21,2025-11-26,-80.05714285714171,-81.55714285714171,-83.05714285714171,control,0.0
EURUSD,1,2025-12-05,2025-12-12,97.80000000000122,96.30000000000122,94.80000000000122,control,0.0
EURUSD,1,2025-12-12,2025-12-19,-31.09999999999946,-32.59999999999946,-34.09999999999946,control,0.0
EURUSD,1,2025-12-26,2026-01-02,-51.49999999999988,-52.99999999999988,-54.49999999999988,control,0.0
GBPUSD,1,2022-01-14,2022-01-21,-116.74285714285747,-118.24285714285747,-119.74285714285747,control,0.0
GBPUSD,-1,2022-01-21,2022-01-28,157.00000000000045,155.50000000000045,154.00000000000045,control,0.0
GBPUSD,-1,2022-01-28,2022-02-01,-118.84285714285791,-120.34285714285791,-121.84285714285791,control,0.0
GBPUSD,1,2022-02-04,2022-02-11,32.600000000000406,31.100000000000406,29.600000000000406,control,0.0
GBPUSD,-1,2022-02-11,2022-02-18,-32.2,-33.7,-35.2,control,0.0
GBPUSD,1,2022-02-18,2022-02-24,-122.75357142857101,-124.25357142857101,-125.75357142857101,control,0.0
GBPUSD,-1,2022-02-25,2022-03-04,176.49999999999943,174.99999999999943,173.49999999999943,control,0.0
GBPUSD,-1,2022-03-04,2022-03-11,196.7999999999992,195.2999999999992,193.7999999999992,control,0.0
GBPUSD,-1,2022-03-11,2022-03-18,-139.89999999999947,-141.39999999999947,-142.89999999999947,control,0.0
GBPUSD,1,2022-03-18,2022-03-25,7.500000000000284,6.000000000000284,4.500000000000284,control,0.0
GBPUSD,1,2022-03-25,2022-04-01,-72.90000000000019,-74.40000000000019,-75.90000000000019,control,0.0
GBPUSD,-1,2022-04-01,2022-04-08,77.79999999999897,76.29999999999897,74.79999999999897,control,0.0
GBPUSD,-1,2022-04-08,2022-04-15,-27.599999999998737,-29.099999999998737,-30.599999999998737,control,0.0
GBPUSD,1,2022-04-15,2022-04-22,-121.52142857142722,-123.02142857142722,-124.52142857142722,control,0.0
GBPUSD,-1,2022-04-22,2022-04-29,261.4000000000005,259.9000000000005,258.4000000000005,control,0.0
GBPUSD,-1,2022-04-29,2022-05-06,241.29999999999984,239.79999999999984,238.29999999999984,control,0.0
GBPUSD,-1,2022-06-03,2022-06-10,175.09999999999914,173.59999999999914,172.09999999999914,control,0.0
GBPUSD,-1,2022-06-17,2022-06-24,-54.09999999999915,-55.59999999999915,-57.09999999999915,control,0.0
GBPUSD,-1,2022-06-24,2022-07-01,178.19999999999945,176.69999999999945,175.19999999999945,control,0.0
GBPUSD,-1,2022-07-01,2022-07-08,59.899999999999395,58.399999999999395,56.899999999999395,control,0.0
GBPUSD,-1,2022-07-08,2022-07-15,170.09999999999968,168.59999999999968,167.09999999999968,control,0.0
GBPUSD,-1,2022-07-15,2022-07-22,-194.71071428571517,-196.21071428571517,-197.71071428571517,control,0.0
GBPUSD,1,2022-08-12,2022-08-18,-195.16071428571368,-196.66071428571368,-198.16071428571368,control,0.0
GBPUSD,-1,2022-08-19,2022-08-26,87.30000000000126,85.80000000000126,84.30000000000126,control,0.0
GBPUSD,-1,2022-08-26,2022-09-02,225.40000000000003,223.90000000000003,222.40000000000003,control,0.0
GBPUSD,-1,2022-09-02,2022-09-09,-73.70000000000098,-75.20000000000098,-76.70000000000098,control,0.0
GBPUSD,-1,2022-09-09,2022-09-16,163.29999999999956,161.79999999999956,160.29999999999956,control,0.0
GBPUSD,-1,2022-09-16,2022-09-23,578.1000000000014,576.6000000000014,575.1000000000014,control,0.0
GBPUSD,-1,2022-09-23,2022-09-29,-228.78214285714236,-230.28214285714236,-231.78214285714236,control,0.0
GBPUSD,1,2022-10-07,2022-10-14,91.79999999999966,90.29999999999966,88.79999999999966,control,0.0
GBPUSD,-1,2022-11-04,2022-11-10,-271.24285714285713,-272.74285714285713,-274.24285714285713,control,0.0
GBPUSD,1,2022-11-18,2022-11-25,206.90000000000097,205.40000000000097,203.90000000000097,control,0.0
GBPUSD,-1,2022-12-09,2022-12-16,107.49999999999815,105.99999999999815,104.49999999999815,control,0.0
GBPUSD,-1,2022-12-23,2022-12-30,-42.90000000000127,-44.40000000000127,-45.90000000000127,control,0.0
GBPUSD,-1,2023-01-06,2023-01-13,-140.60000000000184,-142.10000000000184,-143.60000000000184,control,0.0
GBPUSD,1,2023-01-20,2023-01-27,-1.7000000000000348,-3.200000000000035,-4.700000000000035,control,0.0
GBPUSD,-1,2023-02-03,2023-02-10,-7.200000000000539,-8.70000000000054,-10.20000000000054,control,0.0
GBPUSD,-1,2023-02-17,2023-02-24,100.89999999999932,99.39999999999932,97.89999999999932,control,0.0
GBPUSD,1,2023-02-24,2023-03-03,104.29999999999939,102.79999999999939,101.29999999999939,control,0.0
GBPUSD,-1,2023-03-03,2023-03-10,12.399999999999078,10.899999999999078,9.399999999999078,control,0.0
GBPUSD,-1,2023-03-10,2023-03-17,-144.99999999999957,-146.49999999999957,-147.99999999999957,control,0.0
GBPUSD,1,2023-03-17,2023-03-24,54.59999999999798,53.09999999999798,51.59999999999798,control,0.0
GBPUSD,1,2023-03-24,2023-03-31,100.10000000000073,98.60000000000073,97.10000000000073,control,0.0
GBPUSD,1,2023-03-31,2023-04-07,85.60000000000123,84.10000000000123,82.60000000000123,control,0.0
GBPUSD,1,2023-04-07,2023-04-14,-2.6999999999999247,-4.199999999999925,-5.699999999999925,control,0.0
GBPUSD,1,2023-04-14,2023-04-21,29.89999999999826,28.39999999999826,26.89999999999826,control,0.0
GBPUSD,-1,2023-04-21,2023-04-28,-132.60000000000048,-134.10000000000048,-135.60000000000048,control,0.0
GBPUSD,1,2023-05-05,2023-05-12,-136.65000000000038,-138.15000000000038,-139.65000000000038,control,0.0
GBPUSD,-1,2023-05-19,2023-05-26,95.79999999999922,94.29999999999922,92.79999999999922,control,0.0
GBPUSD,1,2023-06-02,2023-06-09,129.50000000000017,128.00000000000017,126.50000000000017,control,0.0
GBPUSD,1,2023-06-16,2023-06-23,-105.89999999999877,-107.39999999999877,-108.89999999999877,control,0.0
GBPUSD,-1,2023-06-23,2023-06-30,21.300000000001873,19.800000000001873,18.300000000001873,control,0.0
GBPUSD,-1,2023-06-30,2023-07-06,-46.50000000000265,-48.00000000000265,-49.50000000000265,control,0.0
GBPUSD,1,2023-07-06,2023-07-07,98.79999999999889,97.29999999999889,95.79999999999889,control,0.0
GBPUSD,1,2023-07-14,2023-07-19,-142.2214285714296,-143.7214285714296,-145.2214285714296,control,0.0
GBPUSD,-1,2023-07-21,2023-07-28,5.999999999999339,4.499999999999339,2.999999999999339,control,0.0
GBPUSD,-1,2023-07-28,2023-08-04,101.40000000000038,99.90000000000038,98.40000000000038,control,0.0
GBPUSD,-1,2023-08-04,2023-08-11,52.499999999999766,50.999999999999766,49.499999999999766,control,0.0
GBPUSD,-1,2023-08-11,2023-08-18,-39.1000000000008,-40.6000000000008,-42.1000000000008,control,0.0
GBPUSD,1,2023-08-18,2023-08-25,-143.8178571428561,-145.3178571428561,-146.8178571428561,control,0.0
GBPUSD,-1,2023-08-25,2023-08-30,-145.5642857142858,-147.0642857142858,-148.5642857142858,control,0.0
GBPUSD,1,2023-09-01,2023-09-08,-120.29999999999984,-121.79999999999984,-123.29999999999984,control,0.0
GBPUSD,-1,2023-09-08,2023-09-15,83.3000000000017,81.8000000000017,80.3000000000017,control,0.0
GBPUSD,-1,2023-09-15,2023-09-22,146.99999999999935,145.49999999999935,143.99999999999935,control,0.0
GBPUSD,-1,2023-09-22,2023-09-29,32.79999999999949,31.299999999999493,29.799999999999493,control,0.0
GBPUSD,-1,2023-09-29,2023-10-06,-33.49999999999964,-34.99999999999964,-36.49999999999964,control,0.0
GBPUSD,-1,2023-10-06,2023-10-13,94.70000000000088,93.20000000000088,91.70000000000088,control,0.0
GBPUSD,-1,2023-10-13,2023-10-20,-23.100000000000342,-24.600000000000342,-26.100000000000342,control,0.0
GBPUSD,-1,2023-10-20,2023-10-27,46.39999999999977,44.89999999999977,43.39999999999977,control,0.0
GBPUSD,-1,2023-10-27,2023-11-03,-138.664285714285,-140.164285714285,-141.664285714285,control,0.0
GBPUSD,1,2023-11-10,2023-11-17,234.19999999999996,232.69999999999996,231.19999999999996,control,0.0
GBPUSD,1,2023-11-17,2023-11-24,135.60000000000016,134.10000000000016,132.60000000000016,control,0.0
GBPUSD,1,2023-11-24,2023-12-01,114.00000000000077,112.50000000000077,111.00000000000077,control,0.0
GBPUSD,1,2023-12-01,2023-12-06,-149.0142857142862,-150.5142857142862,-152.0142857142862,control,0.0
GBPUSD,-1,2023-12-08,2023-12-14,-130.02857142857093,-131.52857142857093,-133.02857142857093,control,0.0
GBPUSD,1,2023-12-15,2023-12-22,18.199999999999328,16.699999999999328,15.199999999999328,control,0.0
GBPUSD,-1,2023-12-22,2023-12-29,-34.600000000000186,-36.100000000000186,-37.600000000000186,control,0.0
GBPUSD,1,2023-12-29,2024-01-05,-12.499999999999734,-13.999999999999734,-15.499999999999734,control,0.0
GBPUSD,-1,2024-01-19,2024-01-26,4.199999999998649,2.6999999999986493,1.1999999999986493,control,0.0
GBPUSD,-1,2024-02-09,2024-02-16,27.399999999999647,25.899999999999647,24.399999999999647,control,0.0
GBPUSD,-1,2024-02-16,2024-02-23,-70.9000000000004,-72.4000000000004,-73.9000000000004,control,0.0
GBPUSD,-1,2024-03-01,2024-03-06,-99.89999999999942,-101.39999999999942,-102.89999999999942,control,0.0
GBPUSD,1,2024-03-08,2024-03-12,-100.86428571428607,-102.36428571428607,-103.86428571428607,control,0.0
GBPUSD,-1,2024-03-15,2024-03-22,133.2,131.7,130.2,control,0.0
GBPUSD,-1,2024-03-22,2024-03-29,-18.100000000000893,-19.600000000000893,-21.100000000000893,control,0.0
GBPUSD,-1,2024-03-29,2024-04-05,-20.299999999999763,-21.799999999999763,-23.299999999999763,control,0.0
GBPUSD,1,2024-04-05,2024-04-10,-109.93928571428445,-111.43928571428445,-112.93928571428445,control,0.0
GBPUSD,-1,2024-04-12,2024-04-19,79.70000000000032,78.20000000000032,76.70000000000032,control,0.0
GBPUSD,-1,2024-04-19,2024-04-25,-119.9035714285701,-121.4035714285701,-122.9035714285701,control,0.0
GBPUSD,1,2024-04-26,2024-05-03,52.499999999999766,50.999999999999766,49.499999999999766,control,0.0
GBPUSD,1,2024-05-03,2024-05-10,-21.800000000000708,-23.300000000000708,-24.800000000000708,control,0.0
GBPUSD,-1,2024-05-10,2024-05-15,-119.31428571428481,-120.81428571428481,-122.31428571428481,control,0.0
GBPUSD,1,2024-05-24,2024-05-31,4.300000000001525,2.800000000001525,1.3000000000015248,control,0.0
GBPUSD,1,2024-05-31,2024-06-07,-25.800000000000267,-27.300000000000267,-28.800000000000267,control,0.0
GBPUSD,1,2024-06-07,2024-06-14,-29.69999999999917,-31.19999999999917,-32.69999999999917,control,0.0
GBPUSD,-1,2024-06-21,2024-06-28,-3.699999999997594,-5.199999999997594,-6.699999999997594,control,0.0
GBPUSD,-1,2024-06-28,2024-07-03,-97.72499999999961,-99.22499999999961,-100.72499999999961,control,0.0
GBPUSD,1,2024-07-05,2024-07-12,174.00000000000082,172.50000000000082,171.00000000000082,control,0.0
GBPUSD,1,2024-07-12,2024-07-19,-76.30000000000025,-77.80000000000025,-79.30000000000025,control,0.0
GBPUSD,1,2024-07-19,2024-07-26,-47.399999999999665,-48.899999999999665,-50.399999999999665,control,0.0
GBPUSD,-1,2024-07-26,2024-08-02,60.20000000000136,58.70000000000136,57.20000000000136,control,0.0
GBPUSD,-1,2024-08-02,2024-08-09,46.69999999999952,45.19999999999952,43.69999999999952,control,0.0
GBPUSD,1,2024-08-09,2024-08-16,185.59999999999908,184.09999999999908,182.59999999999908,control,0.0
GBPUSD,1,2024-08-16,2024-08-23,270.40000000000174,268.90000000000174,267.40000000000174,control,0.0
GBPUSD,1,2024-08-23,2024-08-30,-88.70000000000155,-90.20000000000155,-91.70000000000155,control,0.0
GBPUSD,1,2024-08-30,2024-09-06,2.4000000000001798,0.9000000000001798,-0.5999999999998202,control,0.0
GBPUSD,1,2024-09-06,2024-09-11,-121.31785714285748,-122.81785714285748,-124.31785714285748,control,0.0
GBPUSD,-1,2024-09-13,2024-09-18,-116.14285714285576,-117.64285714285576,-119.14285714285576,control,0.0
GBPUSD,1,2024-09-20,2024-09-27,52.799999999999514,51.299999999999514,49.799999999999514,control,0.0
GBPUSD,1,2024-09-27,2024-10-03,-146.94642857142836,-148.44642857142836,-149.94642857142836,control,0.0
GBPUSD,-1,2024-10-18,2024-10-25,87.09999999999995,85.59999999999995,84.09999999999995,control,0.0
GBPUSD,-1,2024-10-25,2024-11-01,45.80000000000028,44.30000000000028,42.80000000000028,control,0.0
GBPUSD,-1,2024-11-01,2024-11-05,-121.06071428571451,-122.56071428571451,-124.06071428571451,control,0.0
GBPUSD,1,2024-11-08,2024-11-12,-149.68928571428506,-151.18928571428506,-152.68928571428506,control,0.0
GBPUSD,-1,2024-11-15,2024-11-22,89.09999999999751,87.59999999999751,86.09999999999751,control,0.0
GBPUSD,-1,2024-11-22,2024-11-27,-159.41785714285837,-160.91785714285837,-162.41785714285837,control,0.0
GBPUSD,1,2024-11-29,2024-12-06,7.299999999998974,5.799999999998974,4.299999999998974,control,0.0
GBPUSD,-1,2024-12-13,2024-12-20,52.299999999998455,50.799999999998455,49.299999999998455,control,0.0
GBPUSD,1,2024-12-27,2025-01-02,-130.90714285714398,-132.40714285714398,-133.90714285714398,control,0.0
GBPUSD,-1,2025-01-03,2025-01-07,-142.40357142857096,-143.90357142857096,-145.40357142857096,control,0.0
GBPUSD,-1,2025-01-10,2025-01-17,39.00000000000014,37.50000000000014,36.00000000000014,control,0.0
GBPUSD,-1,2025-01-17,2025-01-20,-175.49999999999955,-176.99999999999955,-178.49999999999955,control,0.0
GBPUSD,1,2025-01-24,2025-01-31,-86.69999999999955,-88.19999999999955,-89.69999999999955,control,0.0
GBPUSD,1,2025-01-31,2025-02-07,6.999999999999229,5.499999999999229,3.999999999999229,control,0.0
GBPUSD,1,2025-02-07,2025-02-14,184.5999999999992,183.0999999999992,181.5999999999992,control,0.0
GBPUSD,1,2025-02-14,2025-02-21,48.30000000000112,46.80000000000112,45.30000000000112,control,0.0
GBPUSD,1,2025-02-21,2025-02-28,-57.49999999999922,-58.99999999999922,-60.49999999999922,control,0.0
GBPUSD,-1,2025-02-28,2025-03-03,-127.09285714285645,-128.59285714285645,-130.09285714285645,control,0.0
GBPUSD,1,2025-03-07,2025-03-14,15.000000000000568,13.500000000000568,12.000000000000568,control,0.0
GBPUSD,1,2025-03-14,2025-03-21,-18.000000000000238,-19.500000000000238,-21.000000000000238,control,0.0
GBPUSD,1,2025-03-21,2025-03-28,20.700000000000163,19.200000000000163,17.700000000000163,control,0.0
GBPUSD,-1,2025-03-28,2025-04-03,-107.68928571428748,-109.18928571428748,-110.68928571428748,control,0.0
GBPUSD,-1,2025-04-11,2025-04-16,-206.08928571428598,-207.58928571428598,-209.08928571428598,control,0.0
GBPUSD,1,2025-04-18,2025-04-25,17.100000000001003,15.600000000001003,14.100000000001003,control,0.0
GBPUSD,1,2025-04-25,2025-05-02,-41.70000000000007,-43.20000000000007,-44.70000000000007,control,0.0
GBPUSD,1,2025-05-30,2025-06-06,74.9999999999984,73.4999999999984,71.9999999999984,control,0.0
GBPUSD,1,2025-06-13,2025-06-17,-129.97499999999994,-131.47499999999994,-132.97499999999994,control,0.0
GBPUSD,-1,2025-06-20,2025-06-24,-136.6178571428578,-138.1178571428578,-139.6178571428578,control,0.0
GBPUSD,-1,2025-07-04,2025-07-11,147.49999999999818,145.99999999999818,144.49999999999818,control,0.0
GBPUSD,-1,2025-07-18,2025-07-23,-134.09999999999923,-135.59999999999923,-137.09999999999923,control,0.0
GBPUSD,1,2025-07-25,2025-07-29,-128.88214285714295,-130.38214285714295,-131.88214285714295,control,0.0
GBPUSD,-1,2025-08-01,2025-08-07,-143.56071428571536,-145.06071428571536,-146.56071428571536,control,0.0
GBPUSD,1,2025-08-08,2025-08-15,103.4999999999986,101.9999999999986,100.4999999999986,control,0.0
GBPUSD,1,2025-08-29,2025-09-02,-116.28214285714255,-117.78214285714255,-119.28214285714255,control,0.0
GBPUSD,-1,2025-09-05,2025-09-12,-47.900000000000716,-49.400000000000716,-50.900000000000716,control,0.0
GBPUSD,1,2025-09-12,2025-09-19,-84.20000000000094,-85.70000000000094,-87.20000000000094,control,0.0
GBPUSD,-1,2025-09-19,2025-09-26,68.60000000000088,67.10000000000088,65.60000000000088,control,0.0
GBPUSD,-1,2025-09-26,2025-10-03,-77.70000000000054,-79.20000000000054,-80.70000000000054,control,0.0
GBPUSD,1,2025-10-03,2025-10-09,-133.92857142857207,-135.42857142857207,-136.92857142857207,control,0.0
GBPUSD,-1,2025-10-10,2025-10-17,-71.99999999999874,-73.49999999999874,-74.99999999999874,control,0.0
GBPUSD,1,2025-10-17,2025-10-24,-128.49642857142962,-129.99642857142962,-131.49642857142962,control,0.0
GBPUSD,-1,2025-10-24,2025-10-31,161.5999999999995,160.0999999999995,158.5999999999995,control,0.0
GBPUSD,-1,2025-10-31,2025-11-07,-14.899999999999913,-16.399999999999913,-17.899999999999913,control,0.0
GBPUSD,-1,2025-11-07,2025-11-13,-28.799999999999937,-30.299999999999937,-31.799999999999937,control,0.0
GBPUSD,1,2025-11-13,2025-11-14,-19.700000000000273,-21.200000000000273,-22.700000000000273,control,0.0
GBPUSD,1,2025-11-28,2025-12-05,105.90000000000099,104.40000000000099,102.90000000000099,control,0.0
GBPUSD,1,2025-12-05,2025-12-12,35.799999999999166,34.299999999999166,32.799999999999166,control,0.0
GBPUSD,1,2025-12-12,2025-12-19,6.399999999999739,4.899999999999739,3.3999999999997392,control,0.0
GBPUSD,-1,2025-12-19,2025-12-23,-114.65357142857124,-116.15357142857124,-117.65357142857124,control,0.0
GBPUSD,1,2025-12-26,2026-01-02,-38.200000000001566,-39.700000000001566,-41.200000000001566,control,0.0
GBPUSD,-1,2026-01-02,2026-01-09,57.300000000000125,55.800000000000125,54.300000000000125,control,0.0
USDJPY,-1,2022-01-14,2022-01-21,50.60000000000002,49.10000000000002,47.60000000000002,control,0.0
USDJPY,-1,2022-01-21,2022-01-27,-102.71785714285642,-104.21785714285642,-105.71785714285642,control,0.0
USDJPY,1,2022-01-28,2022-02-02,-101.9357142857146,-103.4357142857146,-104.9357142857146,control,0.0
USDJPY,1,2022-02-11,2022-02-18,-40.00000000000057,-41.50000000000057,-43.00000000000057,control,0.0
USDJPY,-1,2022-02-18,2022-02-25,-49.39999999999998,-50.89999999999998,-52.39999999999998,control,0.0
USDJPY,1,2022-02-25,2022-03-04,-67.1999999999997,-68.6999999999997,-70.1999999999997,control,0.0
USDJPY,1,2022-03-11,2022-03-18,186.099999999999,184.599999999999,183.099999999999,control,0.0
USDJPY,1,2022-03-18,2022-03-25,293.5000000000002,292.0000000000002,290.5000000000002,control,0.0
USDJPY,1,2022-03-25,2022-04-01,46.999999999999886,45.499999999999886,43.999999999999886,control,0.0
USDJPY,-1,2022-04-01,2022-04-08,-201.06428571428552,-202.56428571428552,-204.06428571428552,control,0.0
USDJPY,1,2022-04-08,2022-04-15,207.49999999999886,205.99999999999886,204.49999999999886,control,0.0
USDJPY,1,2022-04-15,2022-04-22,218.10000000000116,216.60000000000116,215.10000000000116,control,0.0
USDJPY,1,2022-04-29,2022-05-06,68.99999999999977,67.49999999999977,65.99999999999977,control,0.0
USDJPY,-1,2022-05-06,2022-05-13,129.59999999999923,128.09999999999923,126.59999999999923,control,0.0
USDJPY,-1,2022-05-20,2022-05-27,81.30000000000024,79.80000000000024,78.30000000000024,control,0.0
USDJPY,-1,2022-05-27,2022-06-01,-183.1928571428577,-184.6928571428577,-186.1928571428577,control,0.0
USDJPY,1,2022-06-10,2022-06-16,-186.0857142857128,-187.5857142857128,-189.0857142857128,control,0.0
USDJPY,-1,2022-06-17,2022-06-24,-24.500000000000455,-26.000000000000455,-27.500000000000455,control,0.0
USDJPY,1,2022-06-24,2022-07-01,6.700000000000728,5.200000000000728,3.7000000000007276,control,0.0
USDJPY,1,2022-07-01,2022-07-08,84.99999999999943,83.49999999999943,81.99999999999943,control,0.0
USDJPY,1,2022-07-15,2022-07-22,-180.4392857142858,-181.9392857142858,-183.4392857142858,control,0.0
USDJPY,-1,2022-08-05,2022-08-12,149.79999999999905,148.29999999999905,146.79999999999905,control,0.0
USDJPY,1,2022-08-12,2022-08-19,338.8000000000005,337.3000000000005,335.8000000000005,control,0.0
USDJPY,1,2022-08-26,2022-09-02,271.50000000000034,270.00000000000034,268.50000000000034,control,0.0
USDJPY,1,2022-09-09,2022-09-16,32.59999999999934,31.09999999999934,29.59999999999934,control,0.0
USDJPY,-1,2022-09-16,2022-09-22,-240.79285714285845,-242.29285714285845,-243.79285714285845,control,0.0
USDJPY,-1,2022-09-23,2022-09-30,-146.10000000000127,-147.60000000000127,-149.10000000000127,control,0.0
USDJPY,1,2022-10-07,2022-10-14,335.9000000000009,334.4000000000009,332.9000000000009,control,0.0
USDJPY,1,2022-10-21,2022-10-24,-199.39285714285688,-200.89285714285688,-202.39285714285688,control,0.0
USDJPY,1,2022-11-04,2022-11-10,-313.74642857142874,-315.24642857142874,-316.74642857142874,control,0.0
USDJPY,-1,2022-11-18,2022-11-25,120.79999999999984,119.29999999999984,117.79999999999984,control,0.0
USDJPY,-1,2022-11-25,2022-12-02,485.59999999999945,484.09999999999945,482.59999999999945,control,0.0
USDJPY,1,2022-12-09,2022-12-16,14.300000000000068,12.800000000000068,11.300000000000068,control,0.0
USDJPY,1,2022-12-16,2022-12-20,-298.4785714285721,-299.9785714285721,-301.4785714285721,control,0.0
USDJPY,-1,2022-12-23,2022-12-30,167.99999999999784,166.49999999999784,164.99999999999784,control,0.0
USDJPY,1,2022-12-30,2023-01-06,102.89999999999964,101.39999999999964,99.89999999999964,control,0.0
USDJPY,1,2023-01-06,2023-01-12,-293.1214285714276,-294.6214285714276,-296.1214285714276,control,0.0
USDJPY,-1,2023-01-13,2023-01-18,-272.5821428571436,-274.0821428571436,-275.5821428571436,control,0.0
USDJPY,-1,2023-01-20,2023-01-27,-24.799999999999045,-26.299999999999045,-27.799999999999045,control,0.0
USDJPY,1,2023-01-27,2023-02-03,134.70000000000084,133.20000000000084,131.70000000000084,control,0.0
USDJPY,-1,2023-02-03,2023-02-10,-19.200000000000728,-20.700000000000728,-22.200000000000728,control,0.0
USDJPY,1,2023-02-17,2023-02-24,233.70000000000175,232.20000000000175,230.70000000000175,control,0.0
USDJPY,1,2023-02-24,2023-03-03,-65.70000000000107,-67.20000000000107,-68.70000000000107,control,0.0
USDJPY,1,2023-03-03,2023-03-10,-76.59999999999911,-78.09999999999911,-79.59999999999911,control,0.0
USDJPY,-1,2023-03-10,2023-03-17,324.0000000000009,322.5000000000009,321.0000000000009,control,0.0
USDJPY,1,2023-03-31,2023-04-07,-64.30000000000007,-65.80000000000007,-67.30000000000007,control,0.0
USDJPY,-1,2023-04-07,2023-04-14,-156.90000000000168,-158.40000000000168,-159.90000000000168,control,0.0
USDJPY,1,2023-05-05,2023-05-12,89.10000000000196,87.60000000000196,86.10000000000196,control,0.0
USDJPY,1,2023-05-12,2023-05-19,224.09999999999854,222.59999999999854,221.09999999999854,control,0.0
USDJPY,1,2023-05-19,2023-05-26,262.80000000000143,261.30000000000143,259.80000000000143,control,0.0
USDJPY,1,2023-05-26,2023-06-01,-172.33928571428692,-173.83928571428692,-175.33928571428692,control,0.0
USDJPY,-1,2023-06-02,2023-06-09,59.10000000000082,57.60000000000082,56.10000000000082,control,0.0
USDJPY,1,2023-06-09,2023-06-16,250.90000000000146,249.40000000000146,247.90000000000146,control,0.0
USDJPY,1,2023-06-16,2023-06-23,181.3999999999993,179.8999999999993,178.3999999999993,control,0.0
USDJPY,1,2023-06-23,2023-06-30,60.09999999999991,58.59999999999991,57.09999999999991,control,0.0
USDJPY,1,2023-06-30,2023-07-06,-24.199999999999022,-25.699999999999022,-27.199999999999022,control,0.0
USDJPY,1,2023-07-06,2023-07-07,-137.88214285714275,-139.38214285714275,-140.88214285714275,control,0.0
USDJPY,-1,2023-07-14,2023-07-21,-181.41428571428548,-182.91428571428548,-184.41428571428548,control,0.0
USDJPY,1,2023-07-21,2023-07-27,-217.3178571428565,-218.8178571428565,-220.3178571428565,control,0.0
USDJPY,1,2023-08-11,2023-08-18,43.09999999999832,41.59999999999832,40.09999999999832,control,0.0
USDJPY,1,2023-08-18,2023-08-25,102.20000000000198,100.70000000000198,99.20000000000198,control,0.0
USDJPY,-1,2023-08-25,2023-09-01,18.300000000002115,16.800000000002115,15.300000000002115,control,0.0
USDJPY,-1,2023-09-01,2023-09-07,-165.34285714285772,-166.84285714285772,-168.34285714285772,control,0.0
USDJPY,1,2023-09-08,2023-09-11,-164.53928571428662,-166.03928571428662,-167.53928571428662,control,0.0
USDJPY,1,2023-09-29,2023-10-03,-106.81071428571443,-108.31071428571443,-109.81071428571443,control,0.0
USDJPY,-1,2023-10-06,2023-10-13,-30.799999999999272,-32.29999999999927,-33.79999999999927,control,0.0
USDJPY,1,2023-10-13,2023-10-20,28.20000000000107,26.70000000000107,25.20000000000107,control,0.0
USDJPY,-1,2023-10-20,2023-10-27,24.099999999998545,22.599999999998545,21.099999999998545,control,0.0
USDJPY,1,2023-11-10,2023-11-15,-144.82500000000016,-146.32500000000016,-147.82500000000016,control,0.0
USDJPY,-1,2023-11-17,2023-11-24,16.800000000000637,15.300000000000637,13.800000000000637,control,0.0
USDJPY,-1,2023-11-24,2023-12-01,261.9999999999976,260.4999999999976,258.9999999999976,control,0.0
USDJPY,-1,2023-12-01,2023-12-08,188.80000000000052,187.30000000000052,185.80000000000052,control,0.0
USDJPY,-1,2023-12-08,2023-12-15,280.1000000000016,278.6000000000016,277.1000000000016,control,0.0
USDJPY,-1,2023-12-15,2023-12-22,-29.000000000002046,-30.500000000002046,-32.000000000002046,control,0.0
USDJPY,1,2023-12-22,2023-12-29,-139.7999999999996,-141.2999999999996,-142.7999999999996,control,0.0
USDJPY,-1,2023-12-29,2024-01-03,-210.3428571428566,-211.8428571428566,-213.3428571428566,control,0.0
USDJPY,1,2024-01-05,2024-01-12,34.80000000000132,33.30000000000132,31.80000000000132,control,0.0
USDJPY,1,2024-01-12,2024-01-19,320.5999999999989,319.0999999999989,317.5999999999989,control,0.0
USDJPY,1,2024-01-19,2024-01-26,3.8000000000010914,2.3000000000010914,0.8000000000010914,control,0.0
USDJPY,-1,2024-01-26,2024-02-02,-19.10000000000025,-20.60000000000025,-22.10000000000025,control,0.0
USDJPY,-1,2024-02-02,2024-02-09,-90.99999999999966,-92.49999999999966,-93.99999999999966,control,0.0
USDJPY,1,2024-02-09,2024-02-16,92.4999999999983,90.9999999999983,89.4999999999983,control,0.0
USDJPY,1,2024-02-16,2024-02-23,32.800000000000296,31.300000000000296,29.800000000000296,control,0.0
USDJPY,1,2024-02-23,2024-02-29,-118.69285714285809,-120.19285714285809,-121.69285714285809,control,0.0
USDJPY,-1,2024-03-01,2024-03-08,301.20000000000005,299.70000000000005,298.20000000000005,control,0.0
USDJPY,-1,2024-03-08,2024-03-15,-133.42499999999973,-134.92499999999973,-136.42499999999973,control,0.0
USDJPY,1,2024-03-15,2024-03-22,240.99999999999966,239.49999999999966,237.99999999999966,control,0.0
USDJPY,1,2024-03-22,2024-03-29,-9.399999999999409,-10.899999999999409,-12.399999999999409,control,0.0
USDJPY,-1,2024-04-05,2024-04-10,-117.43928571428626,-118.93928571428626,-120.43928571428626,control,0.0
USDJPY,1,2024-04-12,2024-04-19,136.29999999999995,134.79999999999995,133.29999999999995,control,0.0
USDJPY,1,2024-04-19,2024-04-26,370.79999999999984,369.29999999999984,367.79999999999984,control,0.0
USDJPY,1,2024-04-26,2024-04-29,-145.17857142857054,-146.67857142857054,-148.17857142857054,control,0.0
USDJPY,-1,2024-05-03,2024-05-09,-282.5571428571436,-284.0571428571436,-285.5571428571436,control,0.0
USDJPY,1,2024-05-10,2024-05-17,-13.800000000000523,-15.300000000000523,-16.800000000000523,control,0.0
USDJPY,1,2024-05-24,2024-05-31,23.30000000000041,21.80000000000041,20.30000000000041,control,0.0
USDJPY,-1,2024-05-31,2024-06-07,45.79999999999984,44.29999999999984,42.79999999999984,control,0.0
USDJPY,-1,2024-06-07,2024-06-14,-59.29999999999893,-60.79999999999893,-62.29999999999893,control,0.0
USDJPY,1,2024-06-14,2024-06-21,242.79999999999973,241.29999999999973,239.79999999999973,control,0.0
USDJPY,1,2024-06-21,2024-06-28,104.30000000000064,102.80000000000064,101.30000000000064,control,0.0
USDJPY,1,2024-06-28,2024-07-05,-8.699999999998909,-10.199999999998909,-11.699999999998909,control,0.0
USDJPY,-1,2024-07-12,2024-07-19,41.59999999999968,40.09999999999968,38.59999999999968,control,0.0
USDJPY,-1,2024-07-19,2024-07-26,372.199999999998,370.699999999998,369.199999999998,control,0.0
USDJPY,-1,2024-07-26,2024-08-02,723.8,722.3,720.8,control,0.0
USDJPY,-1,2024-08-02,2024-08-09,-10.099999999999909,-11.599999999999909,-13.099999999999909,control,0.0
USDJPY,-1,2024-08-09,2024-08-16,-100.39999999999907,-101.89999999999907,-103.39999999999907,control,0.0
USDJPY,1,2024-08-16,2024-08-23,-325.39999999999907,-326.89999999999907,-328.39999999999907,control,0.0
USDJPY,-1,2024-09-06,2024-09-13,146.39999999999986,144.89999999999986,143.39999999999986,control,0.0
USDJPY,-1,2024-09-13,2024-09-19,-242.8607142857146,-244.3607142857146,-245.8607142857146,control,0.0
USDJPY,1,2024-09-27,2024-10-04,649.199999999999,647.699999999999,646.199999999999,control,0.0
USDJPY,1,2024-10-04,2024-10-11,44.10000000000025,42.60000000000025,41.10000000000025,control,0.0
USDJPY,1,2024-10-18,2024-10-25,279.90000000000066,278.40000000000066,276.90000000000066,control,0.0
USDJPY,1,2024-10-25,2024-11-01,66.29999999999825,64.79999999999825,63.29999999999825,control,0.0
USDJPY,1,2024-11-01,2024-11-08,-33.19999999999936,-34.69999999999936,-36.19999999999936,control,0.0
USDJPY,1,2024-11-08,2024-11-15,168.99999999999977,167.49999999999977,165.99999999999977,control,0.0
USDJPY,1,2024-11-15,2024-11-22,39.6000000000015,38.1000000000015,36.6000000000015,control,0.0
USDJPY,-1,2024-11-22,2024-11-29,504.4000000000011,502.9000000000011,501.4000000000011,control,0.0
USDJPY,-1,2024-11-29,2024-12-06,-36.50000000000091,-38.00000000000091,-39.50000000000091,control,0.0
USDJPY,-1,2024-12-06,2024-12-11,-229.80000000000018,-231.30000000000018,-232.80000000000018,control,0.0
USDJPY,1,2024-12-13,2024-12-20,281.7000000000007,280.2000000000007,278.7000000000007,control,0.0
USDJPY,1,2024-12-20,2024-12-27,136.19999999999948,134.69999999999948,133.19999999999948,control,0.0
USDJPY,1,2024-12-27,2025-01-03,-52.40000000000009,-53.90000000000009,-55.40000000000009,control,0.0
USDJPY,-1,2025-01-03,2025-01-10,-43.39999999999975,-44.89999999999975,-46.39999999999975,control,0.0
USDJPY,1,2025-01-10,2025-01-15,-141.96428571428612,-143.46428571428612,-144.96428571428612,control,0.0
USDJPY,-1,2025-01-17,2025-01-24,29.599999999999227,28.099999999999227,26.599999999999227,control,0.0
USDJPY,1,2025-01-24,2025-01-27,-193.6071428571438,-195.1071428571438,-196.6071428571438,control,0.0
USDJPY,-1,2025-01-31,2025-02-07,379.0999999999997,377.5999999999997,376.0999999999997,control,0.0
USDJPY,-1,2025-02-07,2025-02-12,-235.2428571428561,-236.7428571428561,-238.2428571428561,control,0.0
USDJPY,1,2025-02-14,2025-02-20,-232.47857142857242,-233.97857142857242,-235.47857142857242,control,0.0
USDJPY,-1,2025-02-21,2025-02-28,-136.099999999999,-137.599999999999,-139.099999999999,control,0.0
USDJPY,1,2025-02-28,2025-03-04,-223.93928571428603,-225.43928571428603,-226.93928571428603,control,0.0
USDJPY,-1,2025-03-07,2025-03-14,-58.60000000000127,-60.10000000000127,-61.60000000000127,control,0.0
USDJPY,1,2025-03-21,2025-03-28,52.09999999999866,50.59999999999866,49.09999999999866,control,0.0
USDJPY,1,2025-03-28,2025-04-03,-181.72500000000014,-183.22500000000014,-184.72500000000014,control,0.0
USDJPY,-1,2025-04-04,2025-04-11,350.1999999999981,348.6999999999981,347.1999999999981,control,0.0
USDJPY,-1,2025-04-11,2025-04-18,136.89999999999998,135.39999999999998,133.89999999999998,control,0.0
USDJPY,-1,2025-04-18,2025-04-25,-154.6999999999997,-156.1999999999997,-157.6999999999997,control,0.0
USDJPY,1,2025-04-25,2025-05-02,130.89999999999975,129.39999999999975,127.89999999999975,control,0.0
USDJPY,1,2025-05-02,2025-05-06,-231.48214285714346,-232.98214285714346,-234.48214285714346,control,0.0
USDJPY,-1,2025-05-16,2025-05-23,306.3999999999993,304.8999999999993,303.3999999999993,control,0.0
USDJPY,1,2025-05-30,2025-06-06,79.49999999999875,77.99999999999875,76.49999999999875,control,0.0
USDJPY,1,2025-06-20,2025-06-26,-196.40357142857,-197.90357142857,-199.40357142857,control,0.0
USDJPY,1,2025-07-11,2025-07-18,140.70000000000107,139.20000000000107,137.70000000000107,control,0.0
USDJPY,1,2025-07-18,2025-07-22,-193.21071428571486,-194.71071428571486,-196.21071428571486,control,0.0
USDJPY,1,2025-08-01,2025-08-08,31.399999999999295,29.899999999999295,28.399999999999295,control,0.0
USDJPY,-1,2025-08-08,2025-08-15,51.09999999999957,49.59999999999957,48.09999999999957,control,0.0
USDJPY,1,2025-08-15,2025-08-22,-23.199999999999932,-24.699999999999932,-26.199999999999932,control,0.0
USDJPY,-1,2025-08-29,2025-09-02,-163.66071428571445,-165.16071428571445,-166.66071428571445,control,0.0
USDJPY,1,2025-09-05,2025-09-12,26.69999999999959,25.19999999999959,23.69999999999959,control,0.0
USDJPY,-1,2025-09-12,2025-09-19,-31.89999999999884,-33.39999999999884,-34.89999999999884,control,0.0
USDJPY,1,2025-09-19,2025-09-26,154.6999999999997,153.1999999999997,151.6999999999997,control,0.0
USDJPY,1,2025-09-26,2025-09-30,-154.29642857142767,-155.79642857142767,-157.29642857142767,control,0.0
USDJPY,-1,2025-10-03,2025-10-06,-165.428571428572,-166.928571428572,-168.428571428572,control,0.0
USDJPY,1,2025-10-24,2025-10-31,109.70000000000084,108.20000000000084,106.70000000000084,control,0.0
USDJPY,-1,2025-11-07,2025-11-13,-111.89999999999998,-113.39999999999998,-114.89999999999998,control,0.0
USDJPY,1,2025-11-21,2025-11-28,-21.90000000000225,-23.40000000000225,-24.90000000000225,control,0.0
USDJPY,-1,2025-11-28,2025-12-05,80.59999999999832,79.09999999999832,77.59999999999832,control,0.0
USDJPY,-1,2025-12-05,2025-12-09,-161.8071428571426,-163.3071428571426,-164.8071428571426,control,0.0
USDJPY,1,2025-12-12,2025-12-19,189.50000000000102,188.00000000000102,186.50000000000102,control,0.0
USDJPY,-1,2025-12-19,2025-12-26,117.9000000000002,116.4000000000002,114.9000000000002,control,0.0
USDJPY,1,2025-12-26,2026-01-02,29.800000000000182,28.300000000000182,26.800000000000182,control,0.0
USDJPY,1,2026-01-02,2026-01-09,108.89999999999986,107.39999999999986,105.89999999999986,control,0.0
