symbol,report_date,available_at,market,spec_net,oi,d_spec,frac,fx_sign
EURUSD,2022-01-04,2022-01-07,EURO FX - CHICAGO MERCANTILE EXCHANGE,176802.0,678218.0,,,1
EURUSD,2022-01-11,2022-01-14,EURO FX - CHICAGO MERCANTILE EXCHANGE,186108.0,682293.0,9306.0,0.013639301590372464,1
EURUSD,2022-01-18,2022-01-21,EURO FX - CHICAGO MERCANTILE EXCHANGE,207923.0,691882.0,21815.0,0.031529942967153356,1
EURUSD,2022-01-25,2022-01-28,EURO FX - CHICAGO MERCANTILE EXCHANGE,215244.0,682952.0,7321.0,0.010719640618960044,1
EURUSD,2022-02-01,2022-02-04,EURO FX - CHICAGO MERCANTILE EXCHANGE,203184.0,685431.0,-12060.0,0.017594768838876562,1
EURUSD,2022-02-08,2022-02-11,EURO FX - CHICAGO MERCANTILE EXCHANGE,243684.0,700098.0,40500.0,0.05784904399098412,1
EURUSD,2022-02-15,2022-02-18,EURO FX - CHICAGO MERCANTILE EXCHANGE,252765.0,702047.0,9081.0,0.012935031415275616,1
EURUSD,2022-02-22,2022-02-25,EURO FX - CHICAGO MERCANTILE EXCHANGE,261797.0,696682.0,9032.0,0.012964307962599866,1
EURUSD,2022-03-01,2022-03-04,EURO FX - CHICAGO MERCANTILE EXCHANGE,256744.0,719975.0,-5053.0,0.007018299246501615,1
EURUSD,2022-03-08,2022-03-11,EURO FX - CHICAGO MERCANTILE EXCHANGE,233632.0,738990.0,-23112.0,0.031275118743149435,1
EURUSD,2022-03-15,2022-03-18,EURO FX - CHICAGO MERCANTILE EXCHANGE,206579.0,666010.0,-27053.0,0.0406195102175643,1
EURUSD,2022-03-22,2022-03-25,EURO FX - CHICAGO MERCANTILE EXCHANGE,213067.0,658817.0,6488.0,0.0098479547431229,1
EURUSD,2022-03-29,2022-04-01,EURO FX - CHICAGO MERCANTILE EXCHANGE,224872.0,662415.0,11805.0,0.017821154412264215,1
EURUSD,2022-04-05,2022-04-08,EURO FX - CHICAGO MERCANTILE EXCHANGE,217469.0,663589.0,-7403.0,0.011156001681763863,1
EURUSD,2022-04-12,2022-04-15,EURO FX - CHICAGO MERCANTILE EXCHANGE,219314.0,678607.0,1845.0,0.0027188048458091354,1
EURUSD,2022-04-19,2022-04-22,EURO FX - CHICAGO MERCANTILE EXCHANGE,208482.0,675939.0,-10832.0,0.016025114692302115,1
EURUSD,2022-04-26,2022-04-29,EURO FX - CHICAGO MERCANTILE EXCHANGE,197371.0,688449.0,-11111.0,0.016139176612937196,1
EURUSD,2022-05-03,2022-05-06,EURO FX - CHICAGO MERCANTILE EXCHANGE,169963.0,694926.0,-27408.0,0.039440170608093524,1
EURUSD,2022-05-10,2022-05-13,EURO FX - CHICAGO MERCANTILE EXCHANGE,193344.0,705046.0,23381.0,0.03316237522090757,1
EURUSD,2022-05-17,2022-05-20,EURO FX - CHICAGO MERCANTILE EXCHANGE,201021.0,706712.0,7677.0,0.010862982374715585,1
EURUSD,2022-05-24,2022-05-27,EURO FX - CHICAGO MERCANTILE EXCHANGE,216979.0,708938.0,15958.0,0.02250972581523349,1
EURUSD,2022-05-31,2022-06-03,EURO FX - CHICAGO MERCANTILE EXCHANGE,238120.0,706317.0,21141.0,0.029931319789839407,1
EURUSD,2022-06-07,2022-06-10,EURO FX - CHICAGO MERCANTILE EXCHANGE,249615.0,730667.0,11495.0,0.01573220085209815,1
EURUSD,2022-06-14,2022-06-17,EURO FX - CHICAGO MERCANTILE EXCHANGE,212364.0,668164.0,-37251.0,0.055751282619237195,1
EURUSD,2022-06-21,2022-06-24,EURO FX - CHICAGO MERCANTILE EXCHANGE,212993.0,671718.0,629.0,0.0009364048603729541,1
EURUSD,2022-06-28,2022-07-01,EURO FX - CHICAGO MERCANTILE EXCHANGE,229868.0,671472.0,16875.0,0.0251313532060905,1
EURUSD,2022-07-05,2022-07-08,EURO FX - CHICAGO MERCANTILE EXCHANGE,220432.0,673772.0,-9436.0,0.014004737507643535,1
EURUSD,2022-07-12,2022-07-15,EURO FX - CHICAGO MERCANTILE EXCHANGE,200091.0,682031.0,-20341.0,0.029824157552955803,1
EURUSD,2022-07-19,2022-07-22,EURO FX - CHICAGO MERCANTILE EXCHANGE,174141.0,694106.0,-25950.0,0.037386220548446494,1
EURUSD,2022-07-26,2022-07-29,EURO FX - CHICAGO MERCANTILE EXCHANGE,177611.0,694099.0,3470.0,0.0049992868452483005,1
EURUSD,2022-08-02,2022-08-05,EURO FX - CHICAGO MERCANTILE EXCHANGE,196045.0,683883.0,18434.0,0.026954903104770844,1
EURUSD,2022-08-09,2022-08-12,EURO FX - CHICAGO MERCANTILE EXCHANGE,194781.0,692398.0,-1264.0,0.0018255396462728084,1
EURUSD,2022-08-16,2022-08-19,EURO FX - CHICAGO MERCANTILE EXCHANGE,184353.0,698570.0,-10428.0,0.014927637888830038,1
EURUSD,2022-08-23,2022-08-26,EURO FX - CHICAGO MERCANTILE EXCHANGE,171324.0,717921.0,-13029.0,0.018148236365839697,1
EURUSD,2022-08-30,2022-09-02,EURO FX - CHICAGO MERCANTILE EXCHANGE,155580.0,720081.0,-15744.0,0.021864206943385537,1
EURUSD,2022-09-06,2022-09-09,EURO FX - CHICAGO MERCANTILE EXCHANGE,166357.0,721678.0,10777.0,0.014933252780325852,1
EURUSD,2022-09-13,2022-09-16,EURO FX - CHICAGO MERCANTILE EXCHANGE,198522.0,742244.0,32165.0,0.04333480634400547,1
EURUSD,2022-09-20,2022-09-23,EURO FX - CHICAGO MERCANTILE EXCHANGE,200071.0,657952.0,1549.0,0.0023542750838966976,1
EURUSD,2022-09-27,2022-09-30,EURO FX - CHICAGO MERCANTILE EXCHANGE,189289.0,654142.0,-10782.0,0.01648265972831587,1
EURUSD,2022-10-04,2022-10-07,EURO FX - CHICAGO MERCANTILE EXCHANGE,195806.0,640458.0,6517.0,0.010175530635888693,1
EURUSD,2022-10-11,2022-10-14,EURO FX - CHICAGO MERCANTILE EXCHANGE,190517.0,639348.0,-5289.0,0.00827249009928865,1
EURUSD,2022-10-18,2022-10-21,EURO FX - CHICAGO MERCANTILE EXCHANGE,207178.0,640469.0,16661.0,0.026013749299341575,1
EURUSD,2022-10-25,2022-10-28,EURO FX - CHICAGO MERCANTILE EXCHANGE,234207.0,666719.0,27029.0,0.040540317585069575,1
EURUSD,2022-11-01,2022-11-04,EURO FX - CHICAGO MERCANTILE EXCHANGE,261537.0,671729.0,27330.0,0.04068605047571268,1
EURUSD,2022-11-08,2022-11-11,EURO FX - CHICAGO MERCANTILE EXCHANGE,269510.0,667902.0,7973.0,0.011937380034795523,1
EURUSD,2022-11-15,2022-11-18,EURO FX - CHICAGO MERCANTILE EXCHANGE,288542.0,682575.0,19032.0,0.027882650258213383,1
EURUSD,2022-11-22,2022-11-25,EURO FX - CHICAGO MERCANTILE EXCHANGE,305372.0,680873.0,16830.0,0.02471826610836382,1
EURUSD,2022-11-29,2022-12-02,EURO FX - CHICAGO MERCANTILE EXCHANGE,310945.0,695776.0,5573.0,0.008009761762406292,1
EURUSD,2022-12-06,2022-12-09,EURO FX - CHICAGO MERCANTILE EXCHANGE,311129.0,711537.0,184.0,0.00025859512576296105,1
EURUSD,2022-12-13,2022-12-16,EURO FX - CHICAGO MERCANTILE EXCHANGE,339566.0,772800.0,28437.0,0.03679736024844721,1
EURUSD,2022-12-20,2022-12-23,EURO FX - CHICAGO MERCANTILE EXCHANGE,343973.0,725968.0,4407.0,0.006070515504815639,1
EURUSD,2022-12-27,2022-12-30,EURO FX - CHICAGO MERCANTILE EXCHANGE,354510.0,728387.0,10537.0,0.014466210956538213,1
EURUSD,2023-01-03,2023-01-06,EURO FX - CHICAGO MERCANTILE EXCHANGE,343854.0,712030.0,-10656.0,0.014965661559203966,1
EURUSD,2023-01-10,2023-01-13,EURO FX - CHICAGO MERCANTILE EXCHANGE,355234.0,746163.0,11380.0,0.015251359287447917,1
EURUSD,2023-01-17,2023-01-20,EURO FX - CHICAGO MERCANTILE EXCHANGE,368749.0,753915.0,13515.0,0.01792642406637353,1
EURUSD,2023-01-24,2023-01-27,EURO FX - CHICAGO MERCANTILE EXCHANGE,391213.0,777569.0,22464.0,0.02889004062661963,1
EURUSD,2023-01-31,2023-02-03,EURO FX - CHICAGO MERCANTILE EXCHANGE,416417.0,796738.0,25204.0,0.031633987584375294,1
EURUSD,2023-02-07,2023-02-10,EURO FX - CHICAGO MERCANTILE EXCHANGE,426448.0,781287.0,10031.0,0.012839071941552848,1
EURUSD,2023-02-14,2023-02-17,EURO FX - CHICAGO MERCANTILE EXCHANGE,434245.0,788633.0,7797.0,0.009886728047139798,1
EURUSD,2023-02-21,2023-02-24,EURO FX - CHICAGO MERCANTILE EXCHANGE,431157.0,789898.0,-3088.0,0.0039093655130156045,1
EURUSD,2023-02-28,2023-03-03,EURO FX - CHICAGO MERCANTILE EXCHANGE,432573.0,803963.0,1416.0,0.0017612750835548402,1
EURUSD,2023-03-07,2023-03-10,EURO FX - CHICAGO MERCANTILE EXCHANGE,425732.0,821057.0,-6841.0,0.00833194284927843,1
EURUSD,2023-03-14,2023-03-17,EURO FX - CHICAGO MERCANTILE EXCHANGE,408332.0,745403.0,-17400.0,0.02334307750304198,1
EURUSD,2023-03-21,2023-03-24,EURO FX - CHICAGO MERCANTILE EXCHANGE,411538.0,737437.0,3206.0,0.00434749002287653,1
EURUSD,2023-03-28,2023-03-31,EURO FX - CHICAGO MERCANTILE EXCHANGE,406317.0,732506.0,-5221.0,0.0071275866682320695,1
EURUSD,2023-04-04,2023-04-07,EURO FX - CHICAGO MERCANTILE EXCHANGE,414673.0,747095.0,8356.0,0.011184655231262422,1
EURUSD,2023-04-11,2023-04-14,EURO FX - CHICAGO MERCANTILE EXCHANGE,429371.0,759439.0,14698.0,0.01935375981481067,1
EURUSD,2023-04-18,2023-04-21,EURO FX - CHICAGO MERCANTILE EXCHANGE,440606.0,766374.0,11235.0,0.014659944100400066,1
EURUSD,2023-04-25,2023-04-28,EURO FX - CHICAGO MERCANTILE EXCHANGE,449396.0,772882.0,8790.0,0.011373016838275442,1
EURUSD,2023-05-02,2023-05-05,EURO FX - CHICAGO MERCANTILE EXCHANGE,450474.0,779458.0,1078.0,0.001383012298289324,1
EURUSD,2023-05-09,2023-05-12,EURO FX - CHICAGO MERCANTILE EXCHANGE,454729.0,794721.0,4255.0,0.005354080236963664,1
EURUSD,2023-05-16,2023-05-19,EURO FX - CHICAGO MERCANTILE EXCHANGE,457053.0,789930.0,2324.0,0.0029420328383527655,1
EURUSD,2023-05-23,2023-05-26,EURO FX - CHICAGO MERCANTILE EXCHANGE,443050.0,781123.0,-14003.0,0.01792675417315839,1
EURUSD,2023-05-30,2023-06-02,EURO FX - CHICAGO MERCANTILE EXCHANGE,435870.0,775142.0,-7180.0,0.009262818941561675,1
EURUSD,2023-06-06,2023-06-09,EURO FX - CHICAGO MERCANTILE EXCHANGE,423960.0,781967.0,-11910.0,0.015230821761020606,1
EURUSD,2023-06-13,2023-06-16,EURO FX - CHICAGO MERCANTILE EXCHANGE,408439.0,818294.0,-15521.0,0.01896751045467766,1
EURUSD,2023-06-20,2023-06-23,EURO FX - CHICAGO MERCANTILE EXCHANGE,400341.0,732979.0,-8098.0,0.011048065497101554,1
EURUSD,2023-06-27,2023-06-30,EURO FX - CHICAGO MERCANTILE EXCHANGE,410009.0,732123.0,9668.0,0.013205431327796013,1
EURUSD,2023-07-03,2023-07-06,EURO FX - CHICAGO MERCANTILE EXCHANGE,413239.0,725927.0,3230.0,0.004449483212499329,1
EURUSD,2023-07-11,2023-07-14,EURO FX - CHICAGO MERCANTILE EXCHANGE,409478.0,736056.0,-3761.0,0.005109665568924103,1
EURUSD,2023-07-18,2023-07-21,EURO FX - CHICAGO MERCANTILE EXCHANGE,445678.0,783132.0,36200.0,0.04622464667514544,1
EURUSD,2023-07-25,2023-07-28,EURO FX - CHICAGO MERCANTILE EXCHANGE,440970.0,772408.0,-4708.0,0.006095224285610714,1
EURUSD,2023-08-01,2023-08-04,EURO FX - CHICAGO MERCANTILE EXCHANGE,431139.0,755156.0,-9831.0,0.013018502137306728,1
EURUSD,2023-08-08,2023-08-11,EURO FX - CHICAGO MERCANTILE EXCHANGE,427872.0,760968.0,-3267.0,0.004293216009083168,1
EURUSD,2023-08-15,2023-08-18,EURO FX - CHICAGO MERCANTILE EXCHANGE,435307.0,760233.0,7435.0,0.0097798964264903,1
EURUSD,2023-08-22,2023-08-25,EURO FX - CHICAGO MERCANTILE EXCHANGE,413576.0,750486.0,-21731.0,0.028955903241366262,1
EURUSD,2023-08-29,2023-09-01,EURO FX - CHICAGO MERCANTILE EXCHANGE,393910.0,748127.0,-19666.0,0.026286980686434255,1
EURUSD,2023-09-05,2023-09-08,EURO FX - CHICAGO MERCANTILE EXCHANGE,377756.0,754263.0,-16154.0,0.02141693282051486,1
EURUSD,2023-09-12,2023-09-15,EURO FX - CHICAGO MERCANTILE EXCHANGE,356176.0,743759.0,-21580.0,0.02901477494726114,1
EURUSD,2023-09-19,2023-09-22,EURO FX - CHICAGO MERCANTILE EXCHANGE,339726.0,695343.0,-16450.0,0.02365738923092632,1
EURUSD,2023-09-26,2023-09-29,EURO FX - CHICAGO MERCANTILE EXCHANGE,330009.0,699271.0,-9717.0,0.013895900158879747,1
EURUSD,2023-10-03,2023-10-06,EURO FX - CHICAGO MERCANTILE EXCHANGE,319939.0,702433.0,-10070.0,0.014335886839029487,1
EURUSD,2023-10-10,2023-10-13,EURO FX - CHICAGO MERCANTILE EXCHANGE,317671.0,687382.0,-2268.0,0.0032994754008688035,1
EURUSD,2023-10-17,2023-10-20,EURO FX - CHICAGO MERCANTILE EXCHANGE,321687.0,695676.0,4016.0,0.0057728022815218575,1
EURUSD,2023-10-24,2023-10-27,EURO FX - CHICAGO MERCANTILE EXCHANGE,334977.0,702668.0,13290.0,0.018913626349855123,1
EURUSD,2023-10-31,2023-11-03,EURO FX - CHICAGO MERCANTILE EXCHANGE,326883.0,694962.0,-8094.0,0.011646679962357654,1
EURUSD,2023-11-07,2023-11-10,EURO FX - CHICAGO MERCANTILE EXCHANGE,329793.0,697624.0,2910.0,0.004171301446051168,1
EURUSD,2023-11-14,2023-11-17,EURO FX - CHICAGO MERCANTILE EXCHANGE,335123.0,702463.0,5330.0,0.007587588243081842,1
EURUSD,2023-11-21,2023-11-24,EURO FX - CHICAGO MERCANTILE EXCHANGE,362045.0,712364.0,26922.0,0.03779247687979741,1
EURUSD,2023-11-28,2023-12-01,EURO FX - CHICAGO MERCANTILE EXCHANGE,382341.0,727138.0,20296.0,0.027912170729627664,1
EURUSD,2023-12-05,2023-12-08,EURO FX - CHICAGO MERCANTILE EXCHANGE,397771.0,756615.0,15430.0,0.02039346298976362,1
EURUSD,2023-12-12,2023-12-15,EURO FX - CHICAGO MERCANTILE EXCHANGE,379465.0,792149.0,-18306.0,0.023109288782792125,1
EURUSD,2023-12-19,2023-12-22,EURO FX - CHICAGO MERCANTILE EXCHANGE,355853.0,700244.0,-23612.0,0.03371967485619298,1
EURUSD,2023-12-26,2023-12-29,EURO FX - CHICAGO MERCANTILE EXCHANGE,361467.0,705627.0,5614.0,0.007956044765860718,1
EURUSD,2024-01-02,2024-01-05,EURO FX - CHICAGO MERCANTILE EXCHANGE,380910.0,718885.0,19443.0,0.027046050480953144,1
EURUSD,2024-01-09,2024-01-12,EURO FX - CHICAGO MERCANTILE EXCHANGE,381413.0,714079.0,503.0,0.0007044038544754852,1
EURUSD,2024-01-16,2024-01-19,EURO FX - CHICAGO MERCANTILE EXCHANGE,393459.0,733091.0,12046.0,0.016431793597247817,1
EURUSD,2024-01-23,2024-01-26,EURO FX - CHICAGO MERCANTILE EXCHANGE,381338.0,725423.0,-12121.0,0.016708871927137683,1
EURUSD,2024-01-30,2024-02-02,EURO FX - CHICAGO MERCANTILE EXCHANGE,368546.0,727210.0,-12792.0,0.017590517182106958,1
EURUSD,2024-02-06,2024-02-09,EURO FX - CHICAGO MERCANTILE EXCHANGE,329636.0,731991.0,-38910.0,0.053156391267105745,1
EURUSD,2024-02-13,2024-02-16,EURO FX - CHICAGO MERCANTILE EXCHANGE,322837.0,740105.0,-6799.0,0.009186534343099965,1
EURUSD,2024-02-20,2024-02-23,EURO FX - CHICAGO MERCANTILE EXCHANGE,313171.0,722299.0,-9666.0,0.013382269669485905,1
EURUSD,2024-02-27,2024-03-01,EURO FX - CHICAGO MERCANTILE EXCHANGE,315107.0,715545.0,1936.0,0.0027056299743552117,1
EURUSD,2024-03-05,2024-03-08,EURO FX - CHICAGO MERCANTILE EXCHANGE,309076.0,707108.0,-6031.0,0.008529107293369613,1
EURUSD,2024-03-12,2024-03-15,EURO FX - CHICAGO MERCANTILE EXCHANGE,315062.0,717720.0,5986.0,0.008340299838377084,1
EURUSD,2024-03-19,2024-03-22,EURO FX - CHICAGO MERCANTILE EXCHANGE,283590.0,656182.0,-31472.0,0.04796230314150647,1
EURUSD,2024-03-26,2024-03-29,EURO FX - CHICAGO MERCANTILE EXCHANGE,265434.0,657300.0,-18156.0,0.027622090369694204,1
EURUSD,2024-04-02,2024-04-05,EURO FX - CHICAGO MERCANTILE EXCHANGE,237882.0,682768.0,-27552.0,0.04035338504440747,1
EURUSD,2024-04-09,2024-04-12,EURO FX - CHICAGO MERCANTILE EXCHANGE,247746.0,643496.0,9864.0,0.015328766612379875,1
EURUSD,2024-04-16,2024-04-19,EURO FX - CHICAGO MERCANTILE EXCHANGE,213789.0,658865.0,-33957.0,0.05153863082725596,1
EURUSD,2024-04-23,2024-04-26,EURO FX - CHICAGO MERCANTILE EXCHANGE,189881.0,665771.0,-23908.0,0.035910245414714666,1
EURUSD,2024-04-30,2024-05-03,EURO FX - CHICAGO MERCANTILE EXCHANGE,198610.0,652297.0,8729.0,0.013381941048326147,1
EURUSD,2024-05-07,2024-05-10,EURO FX - CHICAGO MERCANTILE EXCHANGE,211900.0,654804.0,13290.0,0.020296149687540087,1
EURUSD,2024-05-14,2024-05-17,EURO FX - CHICAGO MERCANTILE EXCHANGE,233255.0,656802.0,21355.0,0.03251360379535994,1
EURUSD,2024-05-21,2024-05-24,EURO FX - CHICAGO MERCANTILE EXCHANGE,261399.0,653081.0,28144.0,0.04309419505390603,1
EURUSD,2024-05-28,2024-05-31,EURO FX - CHICAGO MERCANTILE EXCHANGE,277209.0,664864.0,15810.0,0.02377929922510468,1
EURUSD,2024-06-04,2024-06-07,EURO FX - CHICAGO MERCANTILE EXCHANGE,294243.0,671736.0,17034.0,0.02535817642645325,1
EURUSD,2024-06-11,2024-06-14,EURO FX - CHICAGO MERCANTILE EXCHANGE,271727.0,712894.0,-22516.0,0.031583938145081876,1
EURUSD,2024-06-18,2024-06-21,EURO FX - CHICAGO MERCANTILE EXCHANGE,241106.0,650388.0,-30621.0,0.04708112695806196,1
EURUSD,2024-06-25,2024-06-28,EURO FX - CHICAGO MERCANTILE EXCHANGE,229869.0,650087.0,-11237.0,0.017285378726232026,1
EURUSD,2024-07-02,2024-07-05,EURO FX - CHICAGO MERCANTILE EXCHANGE,212252.0,636895.0,-17617.0,0.027660760407916533,1
EURUSD,2024-07-09,2024-07-12,EURO FX - CHICAGO MERCANTILE EXCHANGE,227448.0,637266.0,15196.0,0.023845615488665643,1
EURUSD,2024-07-16,2024-07-19,EURO FX - CHICAGO MERCANTILE EXCHANGE,254749.0,649251.0,27301.0,0.042049992991924544,1
EURUSD,2024-07-23,2024-07-26,EURO FX - CHICAGO MERCANTILE EXCHANGE,278378.0,672022.0,23629.0,0.03516105127510707,1
EURUSD,2024-07-30,2024-08-02,EURO FX - CHICAGO MERCANTILE EXCHANGE,246840.0,667299.0,-31538.0,0.047262171830019226,1
EURUSD,2024-08-06,2024-08-09,EURO FX - CHICAGO MERCANTILE EXCHANGE,259290.0,671104.0,12450.0,0.018551521075720008,1
EURUSD,2024-08-13,2024-08-16,EURO FX - CHICAGO MERCANTILE EXCHANGE,253697.0,667350.0,-5593.0,0.008380909567693115,1
EURUSD,2024-08-20,2024-08-23,EURO FX - CHICAGO MERCANTILE EXCHANGE,302274.0,692017.0,48577.0,0.07019625240420395,1
EURUSD,2024-08-27,2024-08-30,EURO FX - CHICAGO MERCANTILE EXCHANGE,342012.0,726519.0,39738.0,0.054696436018879066,1
EURUSD,2024-09-03,2024-09-06,EURO FX - CHICAGO MERCANTILE EXCHANGE,351045.0,740311.0,9033.0,0.012201628774933778,1
EURUSD,2024-09-10,2024-09-13,EURO FX - CHICAGO MERCANTILE EXCHANGE,331255.0,741888.0,-19790.0,0.02667518547273982,1
EURUSD,2024-09-17,2024-09-20,EURO FX - CHICAGO MERCANTILE EXCHANGE,311857.0,678001.0,-19398.0,0.028610577270535,1
EURUSD,2024-09-24,2024-09-27,EURO FX - CHICAGO MERCANTILE EXCHANGE,307757.0,679514.0,-4100.0,0.0060337241028146586,1
EURUSD,2024-10-01,2024-10-04,EURO FX - CHICAGO MERCANTILE EXCHANGE,294198.0,674734.0,-13559.0,0.02009532645457321,1
EURUSD,2024-10-08,2024-10-11,EURO FX - CHICAGO MERCANTILE EXCHANGE,284571.0,669131.0,-9627.0,0.014387317281668314,1
EURUSD,2024-10-15,2024-10-18,EURO FX - CHICAGO MERCANTILE EXCHANGE,235542.0,658481.0,-49029.0,0.07445772922833005,1
EURUSD,2024-10-22,2024-10-25,EURO FX - CHICAGO MERCANTILE EXCHANGE,182964.0,650759.0,-52578.0,0.08079488720094535,1
EURUSD,2024-10-29,2024-11-01,EURO FX - CHICAGO MERCANTILE EXCHANGE,161837.0,661675.0,-21127.0,0.03192957267540711,1
EURUSD,2024-11-05,2024-11-08,EURO FX - CHICAGO MERCANTILE EXCHANGE,193418.0,645597.0,31581.0,0.048917513557219135,1
EURUSD,2024-11-12,2024-11-15,EURO FX - CHICAGO MERCANTILE EXCHANGE,187183.0,637105.0,-6235.0,0.009786455921708353,1
EURUSD,2024-11-19,2024-11-22,EURO FX - CHICAGO MERCANTILE EXCHANGE,143342.0,658774.0,-43841.0,0.06654937808717405,1
EURUSD,2024-11-26,2024-11-29,EURO FX - CHICAGO MERCANTILE EXCHANGE,138752.0,665553.0,-4590.0,0.00689652063772532,1
EURUSD,2024-12-03,2024-12-06,EURO FX - CHICAGO MERCANTILE EXCHANGE,114119.0,675059.0,-24633.0,0.036490143824465714,1
EURUSD,2024-12-10,2024-12-13,EURO FX - CHICAGO MERCANTILE EXCHANGE,118613.0,727276.0,4494.0,0.006179222193500129,1
EURUSD,2024-12-17,2024-12-20,EURO FX - CHICAGO MERCANTILE EXCHANGE,124767.0,584000.0,6154.0,0.010537671232876713,1
EURUSD,2024-12-24,2024-12-27,EURO FX - CHICAGO MERCANTILE EXCHANGE,116334.0,597583.0,-8433.0,0.014111847224569641,1
EURUSD,2024-12-31,2025-01-03,EURO FX - CHICAGO MERCANTILE EXCHANGE,112021.0,609159.0,-4313.0,0.007080253267209382,1
EURUSD,2025-01-07,2025-01-10,EURO FX - CHICAGO MERCANTILE EXCHANGE,109675.0,603187.0,-2346.0,0.003889341116436528,1
EURUSD,2025-01-14,2025-01-17,EURO FX - CHICAGO MERCANTILE EXCHANGE,118077.0,604225.0,8402.0,0.01390541602879722,1
EURUSD,2025-01-21,2025-01-24,EURO FX - CHICAGO MERCANTILE EXCHANGE,125644.0,609492.0,7567.0,0.012415257296240148,1
EURUSD,2025-01-28,2025-01-31,EURO FX - CHICAGO MERCANTILE EXCHANGE,140100.0,618908.0,14456.0,0.023357267962281953,1
EURUSD,2025-02-04,2025-02-07,EURO FX - CHICAGO MERCANTILE EXCHANGE,141573.0,616623.0,1473.0,0.0023888178027741424,1
EURUSD,2025-02-11,2025-02-14,EURO FX - CHICAGO MERCANTILE EXCHANGE,139418.0,622873.0,-2155.0,0.00345977430391107,1
EURUSD,2025-02-18,2025-02-21,EURO FX - CHICAGO MERCANTILE EXCHANGE,161306.0,638024.0,21888.0,0.034305919526538185,1
EURUSD,2025-02-25,2025-02-28,EURO FX - CHICAGO MERCANTILE EXCHANGE,185881.0,658684.0,24575.0,0.03730924084993715,1
EURUSD,2025-03-04,2025-03-07,EURO FX - CHICAGO MERCANTILE EXCHANGE,203502.0,683819.0,17621.0,0.025768514767796742,1
EURUSD,2025-03-11,2025-03-14,EURO FX - CHICAGO MERCANTILE EXCHANGE,233312.0,729760.0,29810.0,0.0408490462617847,1
EURUSD,2025-03-18,2025-03-21,EURO FX - CHICAGO MERCANTILE EXCHANGE,272347.0,652620.0,39035.0,0.05981275474242285,1
EURUSD,2025-03-25,2025-03-28,EURO FX - CHICAGO MERCANTILE EXCHANGE,289899.0,672875.0,17552.0,0.02608508266765744,1
EURUSD,2025-04-01,2025-04-04,EURO FX - CHICAGO MERCANTILE EXCHANGE,289108.0,670827.0,-791.0,0.0011791415670508194,1
EURUSD,2025-04-08,2025-04-11,EURO FX - CHICAGO MERCANTILE EXCHANGE,316235.0,697776.0,27127.0,0.038876372933434225,1
EURUSD,2025-04-15,2025-04-18,EURO FX - CHICAGO MERCANTILE EXCHANGE,311576.0,708122.0,-4659.0,0.006579374740510816,1
EURUSD,2025-04-22,2025-04-25,EURO FX - CHICAGO MERCANTILE EXCHANGE,310987.0,719232.0,-589.0,0.0008189290799074569,1
EURUSD,2025-04-29,2025-05-02,EURO FX - CHICAGO MERCANTILE EXCHANGE,318991.0,730212.0,8004.0,0.010961200308951372,1
EURUSD,2025-05-06,2025-05-09,EURO FX - CHICAGO MERCANTILE EXCHANGE,312675.0,737013.0,-6316.0,0.008569726721238296,1
EURUSD,2025-05-13,2025-05-16,EURO FX - CHICAGO MERCANTILE EXCHANGE,331230.0,750906.0,18555.0,0.024710150138632533,1
EURUSD,2025-05-20,2025-05-23,EURO FX - CHICAGO MERCANTILE EXCHANGE,317269.0,759249.0,-13961.0,0.0183879069975726,1
EURUSD,2025-05-27,2025-05-30,EURO FX - CHICAGO MERCANTILE EXCHANGE,313079.0,760471.0,-4190.0,0.005509743303820922,1
EURUSD,2025-06-03,2025-06-06,EURO FX - CHICAGO MERCANTILE EXCHANGE,318160.0,781284.0,5081.0,0.006503396972163771,1
EURUSD,2025-06-10,2025-06-13,EURO FX - CHICAGO MERCANTILE EXCHANGE,332320.0,810517.0,14160.0,0.017470330665488816,1
EURUSD,2025-06-17,2025-06-20,EURO FX - CHICAGO MERCANTILE EXCHANGE,348507.0,755861.0,16187.0,0.021415313132970216,1
EURUSD,2025-06-24,2025-06-27,EURO FX - CHICAGO MERCANTILE EXCHANGE,358824.0,762607.0,10317.0,0.013528593364603263,1
EURUSD,2025-07-01,2025-07-04,EURO FX - CHICAGO MERCANTILE EXCHANGE,360558.0,779031.0,1734.0,0.0022258421038443914,1
EURUSD,2025-07-08,2025-07-11,EURO FX - CHICAGO MERCANTILE EXCHANGE,378646.0,805847.0,18088.0,0.02244594817626671,1
EURUSD,2025-07-15,2025-07-18,EURO FX - CHICAGO MERCANTILE EXCHANGE,399240.0,820440.0,20594.0,0.025101165228414022,1
EURUSD,2025-07-22,2025-07-25,EURO FX - CHICAGO MERCANTILE EXCHANGE,402737.0,843447.0,3497.0,0.0041460814965255674,1
EURUSD,2025-07-29,2025-08-01,EURO FX - CHICAGO MERCANTILE EXCHANGE,388247.0,828577.0,-14490.0,0.01748781344401305,1
EURUSD,2025-08-05,2025-08-08,EURO FX - CHICAGO MERCANTILE EXCHANGE,381633.0,818360.0,-6614.0,0.008082017693924434,1
EURUSD,2025-08-12,2025-08-15,EURO FX - CHICAGO MERCANTILE EXCHANGE,402376.0,824972.0,20743.0,0.025143883671203387,1
EURUSD,2025-08-19,2025-08-22,EURO FX - CHICAGO MERCANTILE EXCHANGE,404456.0,825219.0,2080.0,0.0025205430316073674,1
EURUSD,2025-08-26,2025-08-29,EURO FX - CHICAGO MERCANTILE EXCHANGE,411021.0,842215.0,6565.0,0.007794921724262807,1
EURUSD,2025-09-02,2025-09-05,EURO FX - CHICAGO MERCANTILE EXCHANGE,409473.0,845820.0,-1548.0,0.0018301766333262395,1
EURUSD,2025-09-09,2025-09-12,EURO FX - CHICAGO MERCANTILE EXCHANGE,415863.0,878104.0,6390.0,0.007277042354891903,1
EURUSD,2025-09-16,2025-09-19,EURO FX - CHICAGO MERCANTILE EXCHANGE,415936.0,855448.0,73.0,8.533540320393524e-05,1
EURUSD,2025-09-23,2025-09-26,EURO FX - CHICAGO MERCANTILE EXCHANGE,414421.0,859215.0,-1515.0,0.0017632373736492031,1
EURUSD,2025-09-30,2025-10-03,EURO FX - CHICAGO MERCANTILE EXCHANGE,407754.0,845775.0,-6667.0,0.007882711122934587,1
EURUSD,2025-10-07,2025-10-10,EURO FX - CHICAGO MERCANTILE EXCHANGE,408249.0,855286.0,495.0,0.0005787537735915237,1
EURUSD,2025-10-14,2025-10-17,EURO FX - CHICAGO MERCANTILE EXCHANGE,393399.0,841079.0,-14850.0,0.017655892014899907,1
EURUSD,2025-10-21,2025-10-24,EURO FX - CHICAGO MERCANTILE EXCHANGE,393977.0,835887.0,578.0,0.0006914810255453189,1
EURUSD,2025-10-28,2025-10-31,EURO FX - CHICAGO MERCANTILE EXCHANGE,381914.0,843717.0,-12063.0,0.014297448077969272,1
EURUSD,2025-11-04,2025-11-07,EURO FX - CHICAGO MERCANTILE EXCHANGE,356202.0,835176.0,-25712.0,0.03078632527754629,1
EURUSD,2025-11-10,2025-11-13,EURO FX - CHICAGO MERCANTILE EXCHANGE,351703.0,831275.0,-4499.0,0.005412168055096088,1
EURUSD,2025-11-18,2025-11-21,EURO FX - CHICAGO MERCANTILE EXCHANGE,369372.0,827015.0,17669.0,0.0213647878212608,1
EURUSD,2025-11-25,2025-11-28,EURO FX - CHICAGO MERCANTILE EXCHANGE,364486.0,830589.0,-4886.0,0.0058825724877165485,1
EURUSD,2025-12-02,2025-12-05,EURO FX - CHICAGO MERCANTILE EXCHANGE,381025.0,851184.0,16539.0,0.019430581401906052,1
EURUSD,2025-12-09,2025-12-12,EURO FX - CHICAGO MERCANTILE EXCHANGE,415281.0,942794.0,34256.0,0.036334554526227365,1
EURUSD,2025-12-16,2025-12-19,EURO FX - CHICAGO MERCANTILE EXCHANGE,426095.0,986986.0,10814.0,0.010956589049895337,1
EURUSD,2025-12-23,2025-12-26,EURO FX - CHICAGO MERCANTILE EXCHANGE,446504.0,866951.0,20409.0,0.02354112285469421,1
EURUSD,2025-12-30,2026-01-02,EURO FX - CHICAGO MERCANTILE EXCHANGE,444106.0,869169.0,-2398.0,0.0027589571188111864,1
GBPUSD,2022-01-04,2022-01-07,BRITISH POUND STERLING - CHICAGO MERCANTILE EXCHANGE,-54759.0,200007.0,,,1
GBPUSD,2022-01-11,2022-01-14,BRITISH POUND STERLING - CHICAGO MERCANTILE EXCHANGE,-42937.0,200493.0,11822.0,0.058964652132493404,1
GBPUSD,2022-01-18,2022-01-21,BRITISH POUND STERLING - CHICAGO MERCANTILE EXCHANGE,-15690.0,183234.0,27247.0,0.14870056867175305,1
GBPUSD,2022-01-25,2022-01-28,BRITISH POUND STERLING - CHICAGO MERCANTILE EXCHANGE,-26193.0,182040.0,-10503.0,0.057696110744891234,1
GBPUSD,2022-02-01,2022-02-04,BRITISH POUND STERLING - CHICAGO MERCANTILE EXCHANGE,-38942.0,184007.0,-12749.0,0.06928540762036227,1
GBPUSD,2022-02-08,2022-02-11,BRITISH POUND - CHICAGO MERCANTILE EXCHANGE,-24445.0,197948.0,14497.0,0.07323640552064178,1
GBPUSD,2022-02-15,2022-02-18,BRITISH POUND - CHICAGO MERCANTILE EXCHANGE,-10978.0,195302.0,13467.0,0.06895474700719911,1
GBPUSD,2022-02-22,2022-02-25,BRITISH POUND - CHICAGO MERCANTILE EXCHANGE,-15159.0,188443.0,-4181.0,0.02218708044342321,1
GBPUSD,2022-03-01,2022-03-04,BRITISH POUND - CHICAGO MERCANTILE EXCHANGE,-22988.0,211869.0,-7829.0,0.03695207887892991,1
GBPUSD,2022-03-08,2022-03-11,BRITISH POUND - CHICAGO MERCANTILE EXCHANGE,-42302.0,246312.0,-19314.0,0.07841274481145864,1
GBPUSD,2022-03-15,2022-03-18,BRITISH POUND - CHICAGO MERCANTILE EXCHANGE,-58068.0,188323.0,-15766.0,0.08371786770601573,1
GBPUSD,2022-03-22,2022-03-25,BRITISH POUND - CHICAGO MERCANTILE EXCHANGE,-53299.0,195712.0,4769.0,0.024367437867887507,1
GBPUSD,2022-03-29,2022-04-01,BRITISH POUND - CHICAGO MERCANTILE EXCHANGE,-38193.0,224365.0,15106.0,0.06732779176787823,1
GBPUSD,2022-04-05,2022-04-08,BRITISH POUND - CHICAGO MERCANTILE EXCHANGE,-47142.0,238266.0,-8949.0,0.03755886278361159,1
GBPUSD,2022-04-12,2022-04-15,BRITISH POUND - CHICAGO MERCANTILE EXCHANGE,-59300.0,246152.0,-12158.0,0.049392245441840815,1
GBPUSD,2022-04-19,2022-04-22,BRITISH POUND - CHICAGO MERCANTILE EXCHANGE,-63541.0,249529.0,-4241.0,0.016996020502626948,1
GBPUSD,2022-04-26,2022-04-29,BRITISH POUND - CHICAGO MERCANTILE EXCHANGE,-84069.0,272792.0,-20528.0,0.07525147365025367,1
GBPUSD,2022-05-03,2022-05-06,BRITISH POUND - CHICAGO MERCANTILE EXCHANGE,-86183.0,268496.0,-2114.0,0.007873487873189916,1
GBPUSD,2022-05-10,2022-05-13,BRITISH POUND - CHICAGO MERCANTILE EXCHANGE,-86924.0,264594.0,-741.0,0.0028005170185264974,1
GBPUSD,2022-05-17,2022-05-20,BRITISH POUND - CHICAGO MERCANTILE EXCHANGE,-88080.0,253811.0,-1156.0,0.004554570132894162,1
GBPUSD,2022-05-24,2022-05-27,BRITISH POUND - CHICAGO MERCANTILE EXCHANGE,-84566.0,253864.0,3514.0,0.013842057164466013,1
GBPUSD,2022-05-31,2022-06-03,BRITISH POUND - CHICAGO MERCANTILE EXCHANGE,-71765.0,252881.0,12801.0,0.05062064765640756,1
GBPUSD,2022-06-07,2022-06-10,BRITISH POUND - CHICAGO MERCANTILE EXCHANGE,-69922.0,258623.0,1843.0,0.0071262030059198135,1
GBPUSD,2022-06-14,2022-06-17,BRITISH POUND - CHICAGO MERCANTILE EXCHANGE,-77760.0,238322.0,-7838.0,0.03288827720479016,1
GBPUSD,2022-06-21,2022-06-24,BRITISH POUND - CHICAGO MERCANTILE EXCHANGE,-64249.0,228266.0,13511.0,0.05918971725968826,1
GBPUSD,2022-06-28,2022-07-01,BRITISH POUND - CHICAGO MERCANTILE EXCHANGE,-54054.0,228736.0,10195.0,0.04457103385562395,1
GBPUSD,2022-07-05,2022-07-08,BRITISH POUND - CHICAGO MERCANTILE EXCHANGE,-61585.0,240926.0,-7531.0,0.0312585607198891,1
GBPUSD,2022-07-12,2022-07-15,BRITISH POUND - CHICAGO MERCANTILE EXCHANGE,-66183.0,231945.0,-4598.0,0.01982366509301774,1
GBPUSD,2022-07-19,2022-07-22,BRITISH POUND - CHICAGO MERCANTILE EXCHANGE,-63818.0,228051.0,2365.0,0.010370487303278653,1
GBPUSD,2022-07-26,2022-07-29,BRITISH POUND - CHICAGO MERCANTILE EXCHANGE,-63786.0,225889.0,32.0,0.00014166249795253421,1
GBPUSD,2022-08-02,2022-08-05,BRITISH POUND - CHICAGO MERCANTILE EXCHANGE,-67035.0,226987.0,-3249.0,0.014313595051698996,1
GBPUSD,2022-08-09,2022-08-12,BRITISH POUND - CHICAGO MERCANTILE EXCHANGE,-52987.0,224581.0,14048.0,0.06255204135701595,1
GBPUSD,2022-08-16,2022-08-19,BRITISH POUND - CHICAGO MERCANTILE EXCHANGE,-45976.0,227752.0,7011.0,0.030783483789384947,1
GBPUSD,2022-08-23,2022-08-26,BRITISH POUND - CHICAGO MERCANTILE EXCHANGE,-55038.0,248007.0,-9062.0,0.03653929122968303,1
GBPUSD,2022-08-30,2022-09-02,BRITISH POUND - CHICAGO MERCANTILE EXCHANGE,-63190.0,262004.0,-8152.0,0.031114028793453534,1
GBPUSD,2022-09-06,2022-09-09,BRITISH POUND - CHICAGO MERCANTILE EXCHANGE,-83829.0,280937.0,-20639.0,0.0734648693479321,1
GBPUSD,2022-09-13,2022-09-16,BRITISH POUND - CHICAGO MERCANTILE EXCHANGE,-93318.0,303965.0,-9489.0,0.03121740989916602,1
GBPUSD,2022-09-20,2022-09-23,BRITISH POUND - CHICAGO MERCANTILE EXCHANGE,-79500.0,266295.0,13818.0,0.05188982143863009,1
GBPUSD,2022-09-27,2022-09-30,BRITISH POUND - CHICAGO MERCANTILE EXCHANGE,-75660.0,281805.0,3840.0,0.0136264438175334,1
GBPUSD,2022-10-04,2022-10-07,BRITISH POUND - CHICAGO MERCANTILE EXCHANGE,-57943.0,256906.0,17717.0,0.06896296699960297,1
GBPUSD,2022-10-11,2022-10-14,BRITISH POUND - CHICAGO MERCANTILE EXCHANGE,-55897.0,255649.0,2046.0,0.008003160583456223,1
GBPUSD,2022-10-18,2022-10-21,BRITISH POUND - CHICAGO MERCANTILE EXCHANGE,-59656.0,258826.0,-3759.0,0.014523270459691066,1
GBPUSD,2022-10-25,2022-10-28,BRITISH POUND - CHICAGO MERCANTILE EXCHANGE,-57524.0,258969.0,2132.0,0.008232645606230861,1
GBPUSD,2022-11-01,2022-11-04,BRITISH POUND - CHICAGO MERCANTILE EXCHANGE,-49908.0,243549.0,7616.0,0.031270914682466365,1
GBPUSD,2022-11-08,2022-11-11,BRITISH POUND - CHICAGO MERCANTILE EXCHANGE,-46921.0,237334.0,2987.0,0.012585638804385381,1
GBPUSD,2022-11-15,2022-11-18,BRITISH POUND - CHICAGO MERCANTILE EXCHANGE,-28660.0,230102.0,18261.0,0.07936045753622306,1
GBPUSD,2022-11-22,2022-11-25,BRITISH POUND - CHICAGO MERCANTILE EXCHANGE,-27499.0,222317.0,1161.0,0.0052222727006931546,1
GBPUSD,2022-11-29,2022-12-02,BRITISH POUND - CHICAGO MERCANTILE EXCHANGE,-27373.0,225480.0,126.0,0.0005588078765300692,1
GBPUSD,2022-12-06,2022-12-09,BRITISH POUND - CHICAGO MERCANTILE EXCHANGE,-23171.0,230311.0,4202.0,0.018244894946398565,1
GBPUSD,2022-12-13,2022-12-16,BRITISH POUND - CHICAGO MERCANTILE EXCHANGE,-20683.0,240264.0,2488.0,0.010355275863217129,1
GBPUSD,2022-12-20,2022-12-23,BRITISH POUND - CHICAGO MERCANTILE EXCHANGE,-3597.0,187766.0,17086.0,0.09099624000085213,1
GBPUSD,2022-12-27,2022-12-30,BRITISH POUND - CHICAGO MERCANTILE EXCHANGE,-5237.0,195440.0,-1640.0,0.008391322144903807,1
GBPUSD,2023-01-03,2023-01-06,BRITISH POUND - CHICAGO MERCANTILE EXCHANGE,-8379.0,205722.0,-3142.0,0.015273038372172155,1
GBPUSD,2023-01-10,2023-01-13,BRITISH POUND - CHICAGO MERCANTILE EXCHANGE,-9584.0,202713.0,-1205.0,0.005944364692940266,1
GBPUSD,2023-01-17,2023-01-20,BRITISH POUND - CHICAGO MERCANTILE EXCHANGE,-15836.0,201956.0,-6252.0,0.030957238210303235,1
GBPUSD,2023-01-24,2023-01-27,BRITISH POUND - CHICAGO MERCANTILE EXCHANGE,-16551.0,194051.0,-715.0,0.0036845983787767134,1
GBPUSD,2023-01-31,2023-02-03,BRITISH POUND - CHICAGO MERCANTILE EXCHANGE,-11241.0,196113.0,5310.0,0.027076226461274878,1
GBPUSD,2023-02-07,2023-02-10,BRITISH POUND - CHICAGO MERCANTILE EXCHANGE,-10745.0,203720.0,496.0,0.0024347143137639898,1
GBPUSD,2023-02-14,2023-02-17,BRITISH POUND - CHICAGO MERCANTILE EXCHANGE,-20388.0,205316.0,-9643.0,0.04696662705293304,1
GBPUSD,2023-02-21,2023-02-24,BRITISH POUND - CHICAGO MERCANTILE EXCHANGE,-26640.0,213502.0,-6252.0,0.02928309805060374,1
GBPUSD,2023-02-28,2023-03-03,BRITISH POUND - CHICAGO MERCANTILE EXCHANGE,-30887.0,212064.0,-4247.0,0.020026972989286254,1
GBPUSD,2023-03-07,2023-03-10,BRITISH POUND - CHICAGO MERCANTILE EXCHANGE,-25228.0,222558.0,5659.0,0.025427079682599593,1
GBPUSD,2023-03-14,2023-03-17,BRITISH POUND - CHICAGO MERCANTILE EXCHANGE,-33971.0,193377.0,-8743.0,0.04521220207160107,1
GBPUSD,2023-03-21,2023-03-24,BRITISH POUND - CHICAGO MERCANTILE EXCHANGE,-30571.0,190796.0,3400.0,0.017820080085536386,1
GBPUSD,2023-03-28,2023-03-31,BRITISH POUND - CHICAGO MERCANTILE EXCHANGE,-22924.0,199868.0,7647.0,0.03826025176616567,1
GBPUSD,2023-04-04,2023-04-07,BRITISH POUND - CHICAGO MERCANTILE EXCHANGE,-8355.0,224690.0,14569.0,0.06484044683786551,1
GBPUSD,2023-04-11,2023-04-14,BRITISH POUND - CHICAGO MERCANTILE EXCHANGE,-2460.0,225292.0,5895.0,0.026166042291781332,1
GBPUSD,2023-04-18,2023-04-21,BRITISH POUND - CHICAGO MERCANTILE EXCHANGE,3785.0,224536.0,6245.0,0.02781291196066555,1
GBPUSD,2023-04-25,2023-04-28,BRITISH POUND - CHICAGO MERCANTILE EXCHANGE,4856.0,231666.0,1071.0,0.0046230348864313275,1
GBPUSD,2023-05-02,2023-05-05,BRITISH POUND - CHICAGO MERCANTILE EXCHANGE,-2684.0,231602.0,-7540.0,0.03255585012219238,1
GBPUSD,2023-05-09,2023-05-12,BRITISH POUND - CHICAGO MERCANTILE EXCHANGE,510.0,242576.0,3194.0,0.013167007453334214,1
GBPUSD,2023-05-16,2023-05-19,BRITISH POUND - CHICAGO MERCANTILE EXCHANGE,5598.0,247165.0,5088.0,0.020585438876863635,1
GBPUSD,2023-05-23,2023-05-26,BRITISH POUND - CHICAGO MERCANTILE EXCHANGE,5950.0,237614.0,352.0,0.0014813941939448012,1
GBPUSD,2023-05-30,2023-06-02,BRITISH POUND - CHICAGO MERCANTILE EXCHANGE,11057.0,240301.0,5107.0,0.021252512473938934,1
GBPUSD,2023-06-06,2023-06-09,BRITISH POUND - CHICAGO MERCANTILE EXCHANGE,11237.0,242117.0,180.0,0.0007434422200836786,1
GBPUSD,2023-06-13,2023-06-16,BRITISH POUND - CHICAGO MERCANTILE EXCHANGE,2105.0,290350.0,-9132.0,0.03145169622868951,1
GBPUSD,2023-06-20,2023-06-23,BRITISH POUND - CHICAGO MERCANTILE EXCHANGE,49535.0,226505.0,47430.0,0.20939935100770402,1
GBPUSD,2023-06-27,2023-06-30,BRITISH POUND - CHICAGO MERCANTILE EXCHANGE,53463.0,229970.0,3928.0,0.0170804887594034,1
GBPUSD,2023-07-03,2023-07-06,BRITISH POUND - CHICAGO MERCANTILE EXCHANGE,45912.0,221021.0,-7551.0,0.034164174444962246,1
GBPUSD,2023-07-11,2023-07-14,BRITISH POUND - CHICAGO MERCANTILE EXCHANGE,58230.0,239125.0,12318.0,0.05151280710925248,1
GBPUSD,2023-07-18,2023-07-21,BRITISH POUND - CHICAGO MERCANTILE EXCHANGE,73838.0,265766.0,15608.0,0.05872835501907693,1
GBPUSD,2023-07-25,2023-07-28,BRITISH POUND - CHICAGO MERCANTILE EXCHANGE,67845.0,237340.0,-5993.0,0.025250695205190864,1
GBPUSD,2023-08-01,2023-08-04,BRITISH POUND - CHICAGO MERCANTILE EXCHANGE,57879.0,220906.0,-9966.0,0.04511421147456384,1
GBPUSD,2023-08-08,2023-08-11,BRITISH POUND - CHICAGO MERCANTILE EXCHANGE,52165.0,206954.0,-5714.0,0.0276100002899195,1
GBPUSD,2023-08-15,2023-08-18,BRITISH POUND - CHICAGO MERCANTILE EXCHANGE,63012.0,215340.0,10847.0,0.0503715055261447,1
GBPUSD,2023-08-22,2023-08-25,BRITISH POUND - CHICAGO MERCANTILE EXCHANGE,75408.0,228179.0,12396.0,0.05432577055732561,1
GBPUSD,2023-08-29,2023-09-01,BRITISH POUND - CHICAGO MERCANTILE EXCHANGE,60207.0,228616.0,-15201.0,0.06649140917521083,1
GBPUSD,2023-09-05,2023-09-08,BRITISH POUND - CHICAGO MERCANTILE EXCHANGE,55763.0,225404.0,-4444.0,0.019715710457667124,1
GBPUSD,2023-09-12,2023-09-15,BRITISH POUND - CHICAGO MERCANTILE EXCHANGE,48474.0,227437.0,-7289.0,0.03204843539089946,1
GBPUSD,2023-09-19,2023-09-22,BRITISH POUND - CHICAGO MERCANTILE EXCHANGE,32056.0,191117.0,-16418.0,0.08590549244703506,1
GBPUSD,2023-09-26,2023-09-29,BRITISH POUND - CHICAGO MERCANTILE EXCHANGE,-7686.0,227843.0,-39742.0,0.17442712745179795,1
GBPUSD,2023-10-03,2023-10-06,BRITISH POUND - CHICAGO MERCANTILE EXCHANGE,-30992.0,241045.0,-23306.0,0.0966873405380738,1
GBPUSD,2023-10-10,2023-10-13,BRITISH POUND - CHICAGO MERCANTILE EXCHANGE,-26665.0,231510.0,4327.0,0.018690337350438426,1
GBPUSD,2023-10-17,2023-10-20,BRITISH POUND - CHICAGO MERCANTILE EXCHANGE,-32144.0,222945.0,-5479.0,0.02457556796519321,1
GBPUSD,2023-10-24,2023-10-27,BRITISH POUND - CHICAGO MERCANTILE EXCHANGE,-44801.0,233259.0,-12657.0,0.054261571900762674,1
GBPUSD,2023-10-31,2023-11-03,BRITISH POUND - CHICAGO MERCANTILE EXCHANGE,-47875.0,229991.0,-3074.0,0.013365740398537334,1
GBPUSD,2023-11-07,2023-11-10,BRITISH POUND - CHICAGO MERCANTILE EXCHANGE,-40929.0,212730.0,6946.0,0.03265171814036572,1
GBPUSD,2023-11-14,2023-11-17,BRITISH POUND - CHICAGO MERCANTILE EXCHANGE,-52952.0,216411.0,-12023.0,0.055556325695089434,1
GBPUSD,2023-11-21,2023-11-24,BRITISH POUND - CHICAGO MERCANTILE EXCHANGE,-46056.0,208657.0,6896.0,0.03304945436769435,1
GBPUSD,2023-11-28,2023-12-01,BRITISH POUND - CHICAGO MERCANTILE EXCHANGE,-22173.0,217372.0,23883.0,0.10987155659422557,1
GBPUSD,2023-12-05,2023-12-08,BRITISH POUND - CHICAGO MERCANTILE EXCHANGE,-8704.0,218873.0,13469.0,0.06153796950743125,1
GBPUSD,2023-12-12,2023-12-15,BRITISH POUND - CHICAGO MERCANTILE EXCHANGE,-13658.0,243677.0,-4954.0,0.020330191195722207,1
GBPUSD,2023-12-19,2023-12-22,BRITISH POUND - CHICAGO MERCANTILE EXCHANGE,-8328.0,177998.0,5330.0,0.029944156675917707,1
GBPUSD,2023-12-26,2023-12-29,BRITISH POUND - CHICAGO MERCANTILE EXCHANGE,-13159.0,175138.0,-4831.0,0.027583962361109524,1
GBPUSD,2024-01-02,2024-01-05,BRITISH POUND - CHICAGO MERCANTILE EXCHANGE,-15556.0,177770.0,-2397.0,0.013483714912527422,1
GBPUSD,2024-01-09,2024-01-12,BRITISH POUND - CHICAGO MERCANTILE EXCHANGE,-16662.0,172631.0,-1106.0,0.006406728803053913,1
GBPUSD,2024-01-16,2024-01-19,BRITISH POUND - CHICAGO MERCANTILE EXCHANGE,-8082.0,179758.0,8580.0,0.04773083812681494,1
GBPUSD,2024-01-23,2024-01-26,BRITISH POUND - CHICAGO MERCANTILE EXCHANGE,-6506.0,185680.0,1576.0,0.008487720809995691,1
GBPUSD,2024-01-30,2024-02-02,BRITISH POUND - CHICAGO MERCANTILE EXCHANGE,-6219.0,192229.0,287.0,0.0014930109400766794,1
GBPUSD,2024-02-06,2024-02-09,BRITISH POUND - CHICAGO MERCANTILE EXCHANGE,-14655.0,199246.0,-8436.0,0.04233962036879034,1
GBPUSD,2024-02-13,2024-02-16,BRITISH POUND - CHICAGO MERCANTILE EXCHANGE,-7699.0,199070.0,6956.0,0.034942482543828805,1
GBPUSD,2024-02-20,2024-02-23,BRITISH POUND - CHICAGO MERCANTILE EXCHANGE,-8551.0,199275.0,-852.0,0.0042754986827248775,1
GBPUSD,2024-02-27,2024-03-01,BRITISH POUND - CHICAGO MERCANTILE EXCHANGE,-5204.0,210828.0,3347.0,0.015875500407915456,1
GBPUSD,2024-03-05,2024-03-08,BRITISH POUND - CHICAGO MERCANTILE EXCHANGE,-550.0,221726.0,4654.0,0.02098987038055979,1
GBPUSD,2024-03-12,2024-03-15,BRITISH POUND - CHICAGO MERCANTILE EXCHANGE,3673.0,277702.0,4223.0,0.01520694845553867,1
GBPUSD,2024-03-19,2024-03-22,BRITISH POUND - CHICAGO MERCANTILE EXCHANGE,-5836.0,197398.0,-9509.0,0.04817171399912867,1
GBPUSD,2024-03-26,2024-03-29,BRITISH POUND - CHICAGO MERCANTILE EXCHANGE,-32318.0,203109.0,-26482.0,0.13038319326076148,1
GBPUSD,2024-04-02,2024-04-05,BRITISH POUND - CHICAGO MERCANTILE EXCHANGE,-37421.0,219176.0,-5103.0,0.02328265868525751,1
GBPUSD,2024-04-09,2024-04-12,BRITISH POUND - CHICAGO MERCANTILE EXCHANGE,-49507.0,211286.0,-12086.0,0.05720208627168861,1
GBPUSD,2024-04-16,2024-04-19,BRITISH POUND - CHICAGO MERCANTILE EXCHANGE,-74929.0,229420.0,-25422.0,0.11080986836369977,1
GBPUSD,2024-04-23,2024-04-26,BRITISH POUND - CHICAGO MERCANTILE EXCHANGE,-106432.0,242821.0,-31503.0,0.12973754329320775,1
GBPUSD,2024-04-30,2024-05-03,BRITISH POUND - CHICAGO MERCANTILE EXCHANGE,-112063.0,235610.0,-5631.0,0.02389966470014006,1
GBPUSD,2024-05-07,2024-05-10,BRITISH POUND - CHICAGO MERCANTILE EXCHANGE,-93847.0,223730.0,18216.0,0.08141956822956242,1
GBPUSD,2024-05-14,2024-05-17,BRITISH POUND - CHICAGO MERCANTILE EXCHANGE,-93627.0,223242.0,220.0,0.0009854776430958333,1
GBPUSD,2024-05-21,2024-05-24,BRITISH POUND - CHICAGO MERCANTILE EXCHANGE,-50516.0,223976.0,43111.0,0.19248044433332143,1
GBPUSD,2024-05-28,2024-05-31,BRITISH POUND - CHICAGO MERCANTILE EXCHANGE,-23815.0,268749.0,26701.0,0.09935292782484773,1
GBPUSD,2024-06-04,2024-06-07,BRITISH POUND - CHICAGO MERCANTILE EXCHANGE,2654.0,267750.0,26469.0,0.09885714285714285,1
GBPUSD,2024-06-11,2024-06-14,BRITISH POUND - CHICAGO MERCANTILE EXCHANGE,6650.0,275487.0,3996.0,0.0145052216620022,1
GBPUSD,2024-06-18,2024-06-21,BRITISH POUND - CHICAGO MERCANTILE EXCHANGE,420.0,207303.0,-6230.0,0.030052628278413724,1
GBPUSD,2024-06-25,2024-06-28,BRITISH POUND - CHICAGO MERCANTILE EXCHANGE,-9332.0,207697.0,-9752.0,0.04695301328377396,1
GBPUSD,2024-07-02,2024-07-05,BRITISH POUND - CHICAGO MERCANTILE EXCHANGE,2448.0,198119.0,11780.0,0.059459213906793394,1
GBPUSD,2024-07-09,2024-07-12,BRITISH POUND - CHICAGO MERCANTILE EXCHANGE,25552.0,224179.0,23104.0,0.10306050076055295,1
GBPUSD,2024-07-16,2024-07-19,BRITISH POUND - CHICAGO MERCANTILE EXCHANGE,73830.0,280623.0,48278.0,0.17203864259166213,1
GBPUSD,2024-07-23,2024-07-26,BRITISH POUND - CHICAGO MERCANTILE EXCHANGE,86723.0,289241.0,12893.0,0.044575284969973136,1
GBPUSD,2024-07-30,2024-08-02,BRITISH POUND - CHICAGO MERCANTILE EXCHANGE,59237.0,268554.0,-27486.0,0.1023481311021247,1
GBPUSD,2024-08-06,2024-08-09,BRITISH POUND - CHICAGO MERCANTILE EXCHANGE,19609.0,224042.0,-39628.0,0.17687754974513709,1
GBPUSD,2024-08-13,2024-08-16,BRITISH POUND - CHICAGO MERCANTILE EXCHANGE,6208.0,205569.0,-13401.0,0.06518979028939188,1
GBPUSD,2024-08-20,2024-08-23,BRITISH POUND - CHICAGO MERCANTILE EXCHANGE,35330.0,231383.0,29122.0,0.1258605861277622,1
GBPUSD,2024-08-27,2024-08-30,BRITISH POUND - CHICAGO MERCANTILE EXCHANGE,69990.0,274215.0,34660.0,0.1263971701037507,1
GBPUSD,2024-09-03,2024-09-06,BRITISH POUND - CHICAGO MERCANTILE EXCHANGE,89989.0,285461.0,19999.0,0.07005860695506566,1
GBPUSD,2024-09-10,2024-09-13,BRITISH POUND - CHICAGO MERCANTILE EXCHANGE,72632.0,272336.0,-17357.0,0.0637337700487633,1
GBPUSD,2024-09-17,2024-09-20,BRITISH POUND - CHICAGO MERCANTILE EXCHANGE,46211.0,212595.0,-26421.0,0.12427855782120935,1
GBPUSD,2024-09-24,2024-09-27,BRITISH POUND - CHICAGO MERCANTILE EXCHANGE,73859.0,251641.0,27648.0,0.10987080801618178,1
GBPUSD,2024-10-01,2024-10-04,BRITISH POUND - CHICAGO MERCANTILE EXCHANGE,75927.0,257312.0,2068.0,0.008036935704514364,1
GBPUSD,2024-10-08,2024-10-11,BRITISH POUND - CHICAGO MERCANTILE EXCHANGE,77752.0,255908.0,1825.0,0.007131469121715616,1
GBPUSD,2024-10-15,2024-10-18,BRITISH POUND - CHICAGO MERCANTILE EXCHANGE,68368.0,250150.0,-9384.0,0.03751349190485709,1
GBPUSD,2024-10-22,2024-10-25,BRITISH POUND - CHICAGO MERCANTILE EXCHANGE,48521.0,230130.0,-19847.0,0.08624255855386086,1
GBPUSD,2024-10-29,2024-11-01,BRITISH POUND - CHICAGO MERCANTILE EXCHANGE,37793.0,221535.0,-10728.0,0.04842575665244769,1
GBPUSD,2024-11-05,2024-11-08,BRITISH POUND - CHICAGO MERCANTILE EXCHANGE,26713.0,219857.0,-11080.0,0.0503963940197492,1
GBPUSD,2024-11-12,2024-11-15,BRITISH POUND - CHICAGO MERCANTILE EXCHANGE,30167.0,212345.0,3454.0,0.016265982245873462,1
GBPUSD,2024-11-19,2024-11-22,BRITISH POUND - CHICAGO MERCANTILE EXCHANGE,7531.0,220896.0,-22636.0,0.10247356221932494,1
GBPUSD,2024-11-26,2024-11-29,BRITISH POUND - CHICAGO MERCANTILE EXCHANGE,-11520.0,239062.0,-19051.0,0.07969062418954079,1
GBPUSD,2024-12-03,2024-12-06,BRITISH POUND - CHICAGO MERCANTILE EXCHANGE,-15079.0,243504.0,-3559.0,0.014615776332216309,1
GBPUSD,2024-12-10,2024-12-13,BRITISH POUND - CHICAGO MERCANTILE EXCHANGE,-876.0,311725.0,14203.0,0.04556259523618574,1
GBPUSD,2024-12-17,2024-12-20,BRITISH POUND - CHICAGO MERCANTILE EXCHANGE,-3501.0,187135.0,-2625.0,0.014027306489967136,1
GBPUSD,2024-12-24,2024-12-27,BRITISH POUND - CHICAGO MERCANTILE EXCHANGE,-8970.0,188844.0,-5469.0,0.028960411768443797,1
GBPUSD,2024-12-31,2025-01-03,BRITISH POUND - CHICAGO MERCANTILE EXCHANGE,-5818.0,188879.0,3152.0,0.016687932485877202,1
GBPUSD,2025-01-07,2025-01-10,BRITISH POUND - CHICAGO MERCANTILE EXCHANGE,-10769.0,188770.0,-4951.0,0.02622768448376331,1
GBPUSD,2025-01-14,2025-01-17,BRITISH POUND - CHICAGO MERCANTILE EXCHANGE,-20355.0,200826.0,-9586.0,0.04773286327467559,1
GBPUSD,2025-01-21,2025-01-24,BRITISH POUND - CHICAGO MERCANTILE EXCHANGE,-31283.0,212688.0,-10928.0,0.05138042578800873,1
GBPUSD,2025-01-28,2025-01-31,BRITISH POUND - CHICAGO MERCANTILE EXCHANGE,-49682.0,206821.0,-18399.0,0.08896098558657003,1
GBPUSD,2025-02-04,2025-02-07,BRITISH POUND - CHICAGO MERCANTILE EXCHANGE,-42177.0,204644.0,7505.0,0.03667344266140224,1
GBPUSD,2025-02-11,2025-02-14,BRITISH POUND - CHICAGO MERCANTILE EXCHANGE,-36443.0,208138.0,5734.0,0.027549029970500342,1
GBPUSD,2025-02-18,2025-02-21,BRITISH POUND - CHICAGO MERCANTILE EXCHANGE,-21672.0,203370.0,14771.0,0.07263116487190835,1
GBPUSD,2025-02-25,2025-02-28,BRITISH POUND - CHICAGO MERCANTILE EXCHANGE,-15230.0,200468.0,6442.0,0.03213480455733583,1
GBPUSD,2025-03-04,2025-03-07,BRITISH POUND - CHICAGO MERCANTILE EXCHANGE,-10889.0,200634.0,4341.0,0.021636412572146296,1
GBPUSD,2025-03-11,2025-03-14,BRITISH POUND - CHICAGO MERCANTILE EXCHANGE,2481.0,248457.0,13370.0,0.05381212845683559,1
GBPUSD,2025-03-18,2025-03-21,BRITISH POUND - CHICAGO MERCANTILE EXCHANGE,18828.0,180841.0,16347.0,0.09039432429592847,1
GBPUSD,2025-03-25,2025-03-28,BRITISH POUND - CHICAGO MERCANTILE EXCHANGE,35316.0,191212.0,16488.0,0.08622889776792252,1
GBPUSD,2025-04-01,2025-04-04,BRITISH POUND - CHICAGO MERCANTILE EXCHANGE,33335.0,187160.0,-1981.0,0.010584526608249626,1
GBPUSD,2025-04-08,2025-04-11,BRITISH POUND - CHICAGO MERCANTILE EXCHANGE,25575.0,176910.0,-7760.0,0.04386411169521225,1
GBPUSD,2025-04-15,2025-04-18,BRITISH POUND - CHICAGO MERCANTILE EXCHANGE,16458.0,177006.0,-9117.0,0.05150672858547168,1
GBPUSD,2025-04-22,2025-04-25,BRITISH POUND - CHICAGO MERCANTILE EXCHANGE,24655.0,179555.0,8197.0,0.04565175016011807,1
GBPUSD,2025-04-29,2025-05-02,BRITISH POUND - CHICAGO MERCANTILE EXCHANGE,26602.0,192312.0,1947.0,0.010124173218519905,1
GBPUSD,2025-05-06,2025-05-09,BRITISH POUND - CHICAGO MERCANTILE EXCHANGE,28613.0,200214.0,2011.0,0.010044252649664858,1
GBPUSD,2025-05-13,2025-05-16,BRITISH POUND - CHICAGO MERCANTILE EXCHANGE,26640.0,194861.0,-1973.0,0.010125166144071928,1
GBPUSD,2025-05-20,2025-05-23,BRITISH POUND - CHICAGO MERCANTILE EXCHANGE,25996.0,195326.0,-644.0,0.003297052107758312,1
GBPUSD,2025-05-27,2025-05-30,BRITISH POUND - CHICAGO MERCANTILE EXCHANGE,37294.0,202990.0,11298.0,0.05565791418296468,1
GBPUSD,2025-06-03,2025-06-06,BRITISH POUND - CHICAGO MERCANTILE EXCHANGE,40778.0,233601.0,3484.0,0.014914319716097106,1
GBPUSD,2025-06-10,2025-06-13,BRITISH POUND - CHICAGO MERCANTILE EXCHANGE,45840.0,213940.0,5062.0,0.023660839487706833,1
GBPUSD,2025-06-17,2025-06-20,BRITISH POUND - CHICAGO MERCANTILE EXCHANGE,28415.0,177026.0,-17425.0,0.09843186876504016,1
GBPUSD,2025-06-24,2025-06-27,BRITISH POUND - CHICAGO MERCANTILE EXCHANGE,28382.0,179898.0,-33.0,0.00018343728112597138,1
GBPUSD,2025-07-01,2025-07-04,BRITISH POUND - CHICAGO MERCANTILE EXCHANGE,23220.0,188689.0,-5162.0,0.02735718563350275,1
GBPUSD,2025-07-08,2025-07-11,BRITISH POUND - CHICAGO MERCANTILE EXCHANGE,23495.0,191557.0,275.0,0.0014356040238675694,1
GBPUSD,2025-07-15,2025-07-18,BRITISH POUND - CHICAGO MERCANTILE EXCHANGE,20362.0,187275.0,-3133.0,0.01672940862368175,1
GBPUSD,2025-07-22,2025-07-25,BRITISH POUND - CHICAGO MERCANTILE EXCHANGE,-6736.0,195467.0,-27098.0,0.1386320964664112,1
GBPUSD,2025-07-29,2025-08-01,BRITISH POUND - CHICAGO MERCANTILE EXCHANGE,-17895.0,207879.0,-11159.0,0.0536802659239269,1
GBPUSD,2025-08-05,2025-08-08,BRITISH POUND - CHICAGO MERCANTILE EXCHANGE,-43353.0,206254.0,-25458.0,0.12343033347232053,1
GBPUSD,2025-08-12,2025-08-15,BRITISH POUND - CHICAGO MERCANTILE EXCHANGE,-44601.0,216082.0,-1248.0,0.005775585194509492,1
GBPUSD,2025-08-19,2025-08-22,BRITISH POUND - CHICAGO MERCANTILE EXCHANGE,-44687.0,219831.0,-86.0,0.000391209611019374,1
GBPUSD,2025-08-26,2025-08-29,BRITISH POUND - CHICAGO MERCANTILE EXCHANGE,-51084.0,219906.0,-6397.0,0.02908970196356625,1
GBPUSD,2025-09-02,2025-09-05,BRITISH POUND - CHICAGO MERCANTILE EXCHANGE,-59711.0,226437.0,-8627.0,0.03809889726502294,1
GBPUSD,2025-09-09,2025-09-12,BRITISH POUND - CHICAGO MERCANTILE EXCHANGE,-53352.0,322879.0,6359.0,0.019694684386411008,1
GBPUSD,2025-09-16,2025-09-19,BRITISH POUND - CHICAGO MERCANTILE EXCHANGE,-21385.0,234531.0,31967.0,0.1363018108480329,1
GBPUSD,2025-09-23,2025-09-26,BRITISH POUND - CHICAGO MERCANTILE EXCHANGE,-17247.0,233166.0,4138.0,0.017747012857792302,1
GBPUSD,2025-09-30,2025-10-03,BRITISH POUND - CHICAGO MERCANTILE EXCHANGE,-24856.0,226426.0,-7609.0,0.03360479803556129,1
GBPUSD,2025-10-07,2025-10-10,BRITISH POUND - CHICAGO MERCANTILE EXCHANGE,-11204.0,247550.0,13652.0,0.05514845485760452,1
GBPUSD,2025-10-14,2025-10-17,BRITISH POUND - CHICAGO MERCANTILE EXCHANGE,-20343.0,237520.0,-9139.0,0.038476759851801955,1
GBPUSD,2025-10-21,2025-10-24,BRITISH POUND - CHICAGO MERCANTILE EXCHANGE,-28800.0,233484.0,-8457.0,0.036220897363416764,1
GBPUSD,2025-10-28,2025-10-31,BRITISH POUND - CHICAGO MERCANTILE EXCHANGE,-40720.0,248118.0,-11920.0,0.04804165759840076,1
GBPUSD,2025-11-04,2025-11-07,BRITISH POUND - CHICAGO MERCANTILE EXCHANGE,-89751.0,270917.0,-49031.0,0.18098162905982276,1
GBPUSD,2025-11-10,2025-11-13,BRITISH POUND - CHICAGO MERCANTILE EXCHANGE,-105796.0,272612.0,-16045.0,0.05885654336566255,1
GBPUSD,2025-11-18,2025-11-21,BRITISH POUND - CHICAGO MERCANTILE EXCHANGE,-107568.0,279341.0,-1772.0,0.006343501312016496,1
GBPUSD,2025-11-25,2025-11-28,BRITISH POUND - CHICAGO MERCANTILE EXCHANGE,-122766.0,315550.0,-15198.0,0.048163524005704325,1
GBPUSD,2025-12-02,2025-12-05,BRITISH POUND - CHICAGO MERCANTILE EXCHANGE,-109688.0,299768.0,13078.0,0.04362707160203891,1
GBPUSD,2025-12-09,2025-12-12,BRITISH POUND - CHICAGO MERCANTILE EXCHANGE,-99150.0,332405.0,10538.0,0.03170229088010108,1
GBPUSD,2025-12-16,2025-12-19,BRITISH POUND - CHICAGO MERCANTILE EXCHANGE,-68093.0,282031.0,31057.0,0.11011910038258206,1
GBPUSD,2025-12-23,2025-12-26,BRITISH POUND - CHICAGO MERCANTILE EXCHANGE,-60959.0,198132.0,7134.0,0.036006298831082306,1
GBPUSD,2025-12-30,2026-01-02,BRITISH POUND - CHICAGO MERCANTILE EXCHANGE,-51290.0,196003.0,9669.0,0.04933087758860834,1
USDJPY,2022-01-04,2022-01-07,JAPANESE YEN - CHICAGO MERCANTILE EXCHANGE,-94669.0,234068.0,,,-1
USDJPY,2022-01-11,2022-01-14,JAPANESE YEN - CHICAGO MERCANTILE EXCHANGE,-108130.0,234005.0,-13461.0,0.057524411871541205,-1
USDJPY,2022-01-18,2022-01-21,JAPANESE YEN - CHICAGO MERCANTILE EXCHANGE,-86908.0,201820.0,21222.0,0.10515310672876821,-1
USDJPY,2022-01-25,2022-01-28,JAPANESE YEN - CHICAGO MERCANTILE EXCHANGE,-73306.0,197830.0,13602.0,0.06875600262851944,-1
USDJPY,2022-02-01,2022-02-04,JAPANESE YEN - CHICAGO MERCANTILE EXCHANGE,-72684.0,194435.0,622.0,0.0031990125234654253,-1
USDJPY,2022-02-08,2022-02-11,JAPANESE YEN - CHICAGO MERCANTILE EXCHANGE,-68421.0,196478.0,4263.0,0.021697085678803733,-1
USDJPY,2022-02-15,2022-02-18,JAPANESE YEN - CHICAGO MERCANTILE EXCHANGE,-84691.0,199425.0,-16270.0,0.08158455559734236,-1
USDJPY,2022-02-22,2022-02-25,JAPANESE YEN - CHICAGO MERCANTILE EXCHANGE,-74014.0,194169.0,10677.0,0.05498818039954885,-1
USDJPY,2022-03-01,2022-03-04,JAPANESE YEN - CHICAGO MERCANTILE EXCHANGE,-73046.0,208629.0,968.0,0.0046398151743046265,-1
USDJPY,2022-03-08,2022-03-11,JAPANESE YEN - CHICAGO MERCANTILE EXCHANGE,-69267.0,208683.0,3779.0,0.01810880617970798,-1
USDJPY,2022-03-15,2022-03-18,JAPANESE YEN - CHICAGO MERCANTILE EXCHANGE,-81826.0,215484.0,-12559.0,0.0582827495312877,-1
USDJPY,2022-03-22,2022-03-25,JAPANESE YEN - CHICAGO MERCANTILE EXCHANGE,-114537.0,248221.0,-32711.0,0.13178175899702282,-1
USDJPY,2022-03-29,2022-04-01,JAPANESE YEN - CHICAGO MERCANTILE EXCHANGE,-128226.0,239698.0,-13689.0,0.057109362614623405,-1
USDJPY,2022-04-05,2022-04-08,JAPANESE YEN - CHICAGO MERCANTILE EXCHANGE,-132328.0,242217.0,-4102.0,0.016935227502611293,-1
USDJPY,2022-04-12,2022-04-15,JAPANESE YEN - CHICAGO MERCANTILE EXCHANGE,-141299.0,245403.0,-8971.0,0.03655619531953562,-1
USDJPY,2022-04-19,2022-04-22,JAPANESE YEN - CHICAGO MERCANTILE EXCHANGE,-138447.0,251291.0,2852.0,0.011349391741049222,-1
USDJPY,2022-04-26,2022-04-29,JAPANESE YEN - CHICAGO MERCANTILE EXCHANGE,-124668.0,237995.0,13779.0,0.05789617428937583,-1
USDJPY,2022-05-03,2022-05-06,JAPANESE YEN - CHICAGO MERCANTILE EXCHANGE,-132156.0,254813.0,-7488.0,0.029386255803275342,-1
USDJPY,2022-05-10,2022-05-13,JAPANESE YEN - CHICAGO MERCANTILE EXCHANGE,-132650.0,247278.0,-494.0,0.001997751518533796,-1
USDJPY,2022-05-17,2022-05-20,JAPANESE YEN - CHICAGO MERCANTILE EXCHANGE,-127998.0,241308.0,4652.0,0.01927826677938568,-1
USDJPY,2022-05-24,2022-05-27,JAPANESE YEN - CHICAGO MERCANTILE EXCHANGE,-119254.0,237256.0,8744.0,0.03685470546582594,-1
USDJPY,2022-05-31,2022-06-03,JAPANESE YEN - CHICAGO MERCANTILE EXCHANGE,-120113.0,239080.0,-859.0,0.0035929396018069266,-1
USDJPY,2022-06-07,2022-06-10,JAPANESE YEN - CHICAGO MERCANTILE EXCHANGE,-128955.0,266054.0,-8842.0,0.03323385478136018,-1
USDJPY,2022-06-14,2022-06-17,JAPANESE YEN - CHICAGO MERCANTILE EXCHANGE,-121825.0,232513.0,7130.0,0.030664952067196244,-1
USDJPY,2022-06-21,2022-06-24,JAPANESE YEN - CHICAGO MERCANTILE EXCHANGE,-101681.0,218076.0,20144.0,0.09237146682807829,-1
USDJPY,2022-06-28,2022-07-01,JAPANESE YEN - CHICAGO MERCANTILE EXCHANGE,-94705.0,213767.0,6976.0,0.03263366188420102,-1
USDJPY,2022-07-05,2022-07-08,JAPANESE YEN - CHICAGO MERCANTILE EXCHANGE,-94309.0,217672.0,396.0,0.0018192509831305818,-1
USDJPY,2022-07-12,2022-07-15,JAPANESE YEN - CHICAGO MERCANTILE EXCHANGE,-86808.0,223539.0,7501.0,0.03355566590169948,-1
USDJPY,2022-07-19,2022-07-22,JAPANESE YEN - CHICAGO MERCANTILE EXCHANGE,-89452.0,229449.0,-2644.0,0.011523257891731932,-1
USDJPY,2022-07-26,2022-07-29,JAPANESE YEN - CHICAGO MERCANTILE EXCHANGE,-86553.0,229219.0,2899.0,0.012647293636216894,-1
USDJPY,2022-08-02,2022-08-05,JAPANESE YEN - CHICAGO MERCANTILE EXCHANGE,-62083.0,236737.0,24470.0,0.10336364826790911,-1
USDJPY,2022-08-09,2022-08-12,JAPANESE YEN - CHICAGO MERCANTILE EXCHANGE,-52362.0,225834.0,9721.0,0.04304489138039445,-1
USDJPY,2022-08-16,2022-08-19,JAPANESE YEN - CHICAGO MERCANTILE EXCHANGE,-52051.0,228697.0,311.0,0.00135987791706931,-1
USDJPY,2022-08-23,2022-08-26,JAPANESE YEN - CHICAGO MERCANTILE EXCHANGE,-79155.0,242132.0,-27104.0,0.11193894239505724,-1
USDJPY,2022-08-30,2022-09-02,JAPANESE YEN - CHICAGO MERCANTILE EXCHANGE,-82041.0,247030.0,-2886.0,0.011682791563777679,-1
USDJPY,2022-09-06,2022-09-09,JAPANESE YEN - CHICAGO MERCANTILE EXCHANGE,-108804.0,281266.0,-26763.0,0.09515192024631487,-1
USDJPY,2022-09-13,2022-09-16,JAPANESE YEN - CHICAGO MERCANTILE EXCHANGE,-122293.0,281716.0,-13489.0,0.04788155447329935,-1
USDJPY,2022-09-20,2022-09-23,JAPANESE YEN - CHICAGO MERCANTILE EXCHANGE,-105616.0,250892.0,16677.0,0.06647083207117006,-1
USDJPY,2022-09-27,2022-09-30,JAPANESE YEN - CHICAGO MERCANTILE EXCHANGE,-103187.0,244655.0,2429.0,0.009928266334225746,-1
USDJPY,2022-10-04,2022-10-07,JAPANESE YEN - CHICAGO MERCANTILE EXCHANGE,-92813.0,243289.0,10374.0,0.042640645487465524,-1
USDJPY,2022-10-11,2022-10-14,JAPANESE YEN - CHICAGO MERCANTILE EXCHANGE,-96095.0,245007.0,-3282.0,0.013395535637757288,-1
USDJPY,2022-10-18,2022-10-21,JAPANESE YEN - CHICAGO MERCANTILE EXCHANGE,-114248.0,264265.0,-18153.0,0.06869241102681022,-1
USDJPY,2022-10-25,2022-10-28,JAPANESE YEN - CHICAGO MERCANTILE EXCHANGE,-113534.0,272597.0,714.0,0.0026192511289559314,-1
USDJPY,2022-11-01,2022-11-04,JAPANESE YEN - CHICAGO MERCANTILE EXCHANGE,-101333.0,258906.0,12201.0,0.04712521146670993,-1
USDJPY,2022-11-08,2022-11-11,JAPANESE YEN - CHICAGO MERCANTILE EXCHANGE,-101416.0,251378.0,-83.0,0.00033018004757775143,-1
USDJPY,2022-11-15,2022-11-18,JAPANESE YEN - CHICAGO MERCANTILE EXCHANGE,-85108.0,233346.0,16308.0,0.0698876346712607,-1
USDJPY,2022-11-22,2022-11-25,JAPANESE YEN - CHICAGO MERCANTILE EXCHANGE,-79390.0,227435.0,5718.0,0.025141249148108252,-1
USDJPY,2022-11-29,2022-12-02,JAPANESE YEN - CHICAGO MERCANTILE EXCHANGE,-80177.0,228328.0,-787.0,0.0034467958375670087,-1
USDJPY,2022-12-06,2022-12-09,JAPANESE YEN - CHICAGO MERCANTILE EXCHANGE,-75204.0,223424.0,4973.0,0.022258128043540534,-1
USDJPY,2022-12-13,2022-12-16,JAPANESE YEN - CHICAGO MERCANTILE EXCHANGE,-66996.0,226964.0,8208.0,0.036164325619922104,-1
USDJPY,2022-12-20,2022-12-23,JAPANESE YEN - CHICAGO MERCANTILE EXCHANGE,-52655.0,182034.0,14341.0,0.07878198578287572,-1
USDJPY,2022-12-27,2022-12-30,JAPANESE YEN - CHICAGO MERCANTILE EXCHANGE,-44380.0,173136.0,8275.0,0.04779479715368266,-1
USDJPY,2023-01-03,2023-01-06,JAPANESE YEN - CHICAGO MERCANTILE EXCHANGE,-33868.0,172590.0,10512.0,0.06090735268555536,-1
USDJPY,2023-01-10,2023-01-13,JAPANESE YEN - CHICAGO MERCANTILE EXCHANGE,-16529.0,175745.0,17339.0,0.09865999032689408,-1
USDJPY,2023-01-17,2023-01-20,JAPANESE YEN - CHICAGO MERCANTILE EXCHANGE,-3276.0,176862.0,13253.0,0.07493412943424817,-1
USDJPY,2023-01-24,2023-01-27,JAPANESE YEN - CHICAGO MERCANTILE EXCHANGE,-292.0,173321.0,2984.0,0.017216609643378473,-1
USDJPY,2023-01-31,2023-02-03,JAPANESE YEN - CHICAGO MERCANTILE EXCHANGE,2408.0,168540.0,2700.0,0.016019935920256318,-1
USDJPY,2023-02-07,2023-02-10,JAPANESE YEN - CHICAGO MERCANTILE EXCHANGE,1449.0,164069.0,-959.0,0.005845101755968526,-1
USDJPY,2023-02-14,2023-02-17,JAPANESE YEN - CHICAGO MERCANTILE EXCHANGE,7528.0,174955.0,6079.0,0.03474607756280186,-1
USDJPY,2023-02-21,2023-02-24,JAPANESE YEN - CHICAGO MERCANTILE EXCHANGE,-6000.0,186100.0,-13528.0,0.07269210102095648,-1
USDJPY,2023-02-28,2023-03-03,JAPANESE YEN - CHICAGO MERCANTILE EXCHANGE,-34032.0,200047.0,-28032.0,0.14012707013851744,-1
USDJPY,2023-03-07,2023-03-10,JAPANESE YEN - CHICAGO MERCANTILE EXCHANGE,-39382.0,211297.0,-5350.0,0.025319810503698584,-1
USDJPY,2023-03-14,2023-03-17,JAPANESE YEN - CHICAGO MERCANTILE EXCHANGE,-36781.0,179782.0,2601.0,0.014467521776373608,-1
USDJPY,2023-03-21,2023-03-24,JAPANESE YEN - CHICAGO MERCANTILE EXCHANGE,-35302.0,169188.0,1479.0,0.008741754734378325,-1
USDJPY,2023-03-28,2023-03-31,JAPANESE YEN - CHICAGO MERCANTILE EXCHANGE,-26244.0,169473.0,9058.0,0.0534480418709765,-1
USDJPY,2023-04-04,2023-04-07,JAPANESE YEN - CHICAGO MERCANTILE EXCHANGE,-21842.0,178828.0,4402.0,0.024615831972621738,-1
USDJPY,2023-04-11,2023-04-14,JAPANESE YEN - CHICAGO MERCANTILE EXCHANGE,-19728.0,176822.0,2114.0,0.011955525896098902,-1
USDJPY,2023-04-18,2023-04-21,JAPANESE YEN - CHICAGO MERCANTILE EXCHANGE,-19262.0,177507.0,466.0,0.002625248581746072,-1
USDJPY,2023-04-25,2023-04-28,JAPANESE YEN - CHICAGO MERCANTILE EXCHANGE,-21550.0,184041.0,-2288.0,0.012432012432012432,-1
USDJPY,2023-05-02,2023-05-05,JAPANESE YEN - CHICAGO MERCANTILE EXCHANGE,-27482.0,202996.0,-5932.0,0.029222250684742556,-1
USDJPY,2023-05-09,2023-05-12,JAPANESE YEN - CHICAGO MERCANTILE EXCHANGE,-15003.0,192574.0,12479.0,0.06480106348728282,-1
USDJPY,2023-05-16,2023-05-19,JAPANESE YEN - CHICAGO MERCANTILE EXCHANGE,-20190.0,200515.0,-5187.0,0.025868388898586142,-1
USDJPY,2023-05-23,2023-05-26,JAPANESE YEN - CHICAGO MERCANTILE EXCHANGE,-55284.0,226400.0,-35094.0,0.15500883392226147,-1
USDJPY,2023-05-30,2023-06-02,JAPANESE YEN - CHICAGO MERCANTILE EXCHANGE,-71436.0,243237.0,-16152.0,0.0664043710455235,-1
USDJPY,2023-06-06,2023-06-09,JAPANESE YEN - CHICAGO MERCANTILE EXCHANGE,-82415.0,245332.0,-10979.0,0.04475160191087995,-1
USDJPY,2023-06-13,2023-06-16,JAPANESE YEN - CHICAGO MERCANTILE EXCHANGE,-76567.0,252566.0,5848.0,0.023154343815082,-1
USDJPY,2023-06-20,2023-06-23,JAPANESE YEN - CHICAGO MERCANTILE EXCHANGE,-82173.0,238556.0,-5606.0,0.023499723335401332,-1
USDJPY,2023-06-27,2023-06-30,JAPANESE YEN - CHICAGO MERCANTILE EXCHANGE,-87464.0,251524.0,-5291.0,0.02103576597064296,-1
USDJPY,2023-07-03,2023-07-06,JAPANESE YEN - CHICAGO MERCANTILE EXCHANGE,-93372.0,265066.0,-5908.0,0.022288788452687256,-1
USDJPY,2023-07-11,2023-07-14,JAPANESE YEN - CHICAGO MERCANTILE EXCHANGE,-88062.0,252349.0,5310.0,0.02104228667440727,-1
USDJPY,2023-07-18,2023-07-21,JAPANESE YEN - CHICAGO MERCANTILE EXCHANGE,-56433.0,230932.0,31629.0,0.13696239585678902,-1
USDJPY,2023-07-25,2023-07-28,JAPANESE YEN - CHICAGO MERCANTILE EXCHANGE,-53619.0,223760.0,2814.0,0.012575974258133714,-1
USDJPY,2023-08-01,2023-08-04,JAPANESE YEN - CHICAGO MERCANTILE EXCHANGE,-56446.0,229015.0,-2827.0,0.012344169595878,-1
USDJPY,2023-08-08,2023-08-11,JAPANESE YEN - CHICAGO MERCANTILE EXCHANGE,-61971.0,229849.0,-5525.0,0.02403752028505671,-1
USDJPY,2023-08-15,2023-08-18,JAPANESE YEN - CHICAGO MERCANTILE EXCHANGE,-74610.0,247954.0,-12639.0,0.05097316437726353,-1
USDJPY,2023-08-22,2023-08-25,JAPANESE YEN - CHICAGO MERCANTILE EXCHANGE,-79351.0,246923.0,-4741.0,0.019200317507887074,-1
USDJPY,2023-08-29,2023-09-01,JAPANESE YEN - CHICAGO MERCANTILE EXCHANGE,-74199.0,245452.0,5152.0,0.02098984730212017,-1
USDJPY,2023-09-05,2023-09-08,JAPANESE YEN - CHICAGO MERCANTILE EXCHANGE,-84096.0,268344.0,-9897.0,0.03688176370628745,-1
USDJPY,2023-09-12,2023-09-15,JAPANESE YEN - CHICAGO MERCANTILE EXCHANGE,-81461.0,270854.0,2635.0,0.009728488410730504,-1
USDJPY,2023-09-19,2023-09-22,JAPANESE YEN - CHICAGO MERCANTILE EXCHANGE,-81706.0,265860.0,-245.0,0.0009215376513954713,-1
USDJPY,2023-09-26,2023-09-29,JAPANESE YEN - CHICAGO MERCANTILE EXCHANGE,-88035.0,285974.0,-6329.0,0.022131382573240925,-1
USDJPY,2023-10-03,2023-10-06,JAPANESE YEN - CHICAGO MERCANTILE EXCHANGE,-81057.0,282682.0,6978.0,0.02468498171089776,-1
USDJPY,2023-10-10,2023-10-13,JAPANESE YEN - CHICAGO MERCANTILE EXCHANGE,-67087.0,259937.0,13970.0,0.053743791764927655,-1
USDJPY,2023-10-17,2023-10-20,JAPANESE YEN - CHICAGO MERCANTILE EXCHANGE,-80909.0,267521.0,-13822.0,0.051666971938651544,-1
USDJPY,2023-10-24,2023-10-27,JAPANESE YEN - CHICAGO MERCANTILE EXCHANGE,-82484.0,260909.0,-1575.0,0.00603658746919424,-1
USDJPY,2023-10-31,2023-11-03,JAPANESE YEN - CHICAGO MERCANTILE EXCHANGE,-79546.0,277272.0,2938.0,0.010596093366802273,-1
USDJPY,2023-11-07,2023-11-10,JAPANESE YEN - CHICAGO MERCANTILE EXCHANGE,-71348.0,259698.0,8198.0,0.031567436021840756,-1
USDJPY,2023-11-14,2023-11-17,JAPANESE YEN - CHICAGO MERCANTILE EXCHANGE,-106253.0,273763.0,-34905.0,0.1275007944828191,-1
USDJPY,2023-11-21,2023-11-24,JAPANESE YEN - CHICAGO MERCANTILE EXCHANGE,-84888.0,264903.0,21365.0,0.08065216324465936,-1
USDJPY,2023-11-28,2023-12-01,JAPANESE YEN - CHICAGO MERCANTILE EXCHANGE,-89456.0,260781.0,-4568.0,0.01751661355696926,-1
USDJPY,2023-12-05,2023-12-08,JAPANESE YEN - CHICAGO MERCANTILE EXCHANGE,-84029.0,267482.0,5427.0,0.02028921572292715,-1
USDJPY,2023-12-12,2023-12-15,JAPANESE YEN - CHICAGO MERCANTILE EXCHANGE,-65557.0,257581.0,18472.0,0.07171336395153369,-1
USDJPY,2023-12-19,2023-12-22,JAPANESE YEN - CHICAGO MERCANTILE EXCHANGE,-45585.0,185940.0,19972.0,0.10741099279337421,-1
USDJPY,2023-12-26,2023-12-29,JAPANESE YEN - CHICAGO MERCANTILE EXCHANGE,-41790.0,188540.0,3795.0,0.020128354725787632,-1
USDJPY,2024-01-02,2024-01-05,JAPANESE YEN - CHICAGO MERCANTILE EXCHANGE,-36243.0,184042.0,5547.0,0.03013985937992415,-1
USDJPY,2024-01-09,2024-01-12,JAPANESE YEN - CHICAGO MERCANTILE EXCHANGE,-39340.0,200299.0,-3097.0,0.015461884482698366,-1
USDJPY,2024-01-16,2024-01-19,JAPANESE YEN - CHICAGO MERCANTILE EXCHANGE,-43643.0,213309.0,-4303.0,0.020172613438720354,-1
USDJPY,2024-01-23,2024-01-26,JAPANESE YEN - CHICAGO MERCANTILE EXCHANGE,-57174.0,243032.0,-13531.0,0.05567579577997959,-1
USDJPY,2024-01-30,2024-02-02,JAPANESE YEN - CHICAGO MERCANTILE EXCHANGE,-74222.0,242029.0,-17048.0,0.07043784009354251,-1
USDJPY,2024-02-06,2024-02-09,JAPANESE YEN - CHICAGO MERCANTILE EXCHANGE,-81836.0,259542.0,-7614.0,0.0293362923919828,-1
USDJPY,2024-02-13,2024-02-16,JAPANESE YEN - CHICAGO MERCANTILE EXCHANGE,-112864.0,304592.0,-31028.0,0.10186741608446709,-1
USDJPY,2024-02-20,2024-02-23,JAPANESE YEN - CHICAGO MERCANTILE EXCHANGE,-124638.0,305438.0,-11774.0,0.03854792134573956,-1
USDJPY,2024-02-27,2024-03-01,JAPANESE YEN - CHICAGO MERCANTILE EXCHANGE,-134337.0,309633.0,-9699.0,0.03132418056214938,-1
USDJPY,2024-03-05,2024-03-08,JAPANESE YEN - CHICAGO MERCANTILE EXCHANGE,-123234.0,314586.0,11103.0,0.035294005454788197,-1
USDJPY,2024-03-12,2024-03-15,JAPANESE YEN - CHICAGO MERCANTILE EXCHANGE,-109123.0,325675.0,14111.0,0.04332847163583327,-1
USDJPY,2024-03-19,2024-03-22,JAPANESE YEN - CHICAGO MERCANTILE EXCHANGE,-134913.0,302500.0,-25790.0,0.08525619834710743,-1
USDJPY,2024-03-26,2024-03-29,JAPANESE YEN - CHICAGO MERCANTILE EXCHANGE,-132406.0,305701.0,2507.0,0.008200823680655282,-1
USDJPY,2024-04-02,2024-04-05,JAPANESE YEN - CHICAGO MERCANTILE EXCHANGE,-142612.0,316809.0,-10206.0,0.03221499389221897,-1
USDJPY,2024-04-09,2024-04-12,JAPANESE YEN - CHICAGO MERCANTILE EXCHANGE,-162458.0,324479.0,-19846.0,0.06116266383957051,-1
USDJPY,2024-04-16,2024-04-19,JAPANESE YEN - CHICAGO MERCANTILE EXCHANGE,-172263.0,331110.0,-9805.0,0.02961251547823986,-1
USDJPY,2024-04-23,2024-04-26,JAPANESE YEN - CHICAGO MERCANTILE EXCHANGE,-182307.0,336167.0,-10044.0,0.029878007061966225,-1
USDJPY,2024-04-30,2024-05-03,JAPANESE YEN - CHICAGO MERCANTILE EXCHANGE,-172662.0,334848.0,9645.0,0.028804114105504586,-1
USDJPY,2024-05-07,2024-05-10,JAPANESE YEN - CHICAGO MERCANTILE EXCHANGE,-135420.0,299859.0,37242.0,0.12419837323542064,-1
USDJPY,2024-05-14,2024-05-17,JAPANESE YEN - CHICAGO MERCANTILE EXCHANGE,-137311.0,297606.0,-1891.0,0.006354038561050516,-1
USDJPY,2024-05-21,2024-05-24,JAPANESE YEN - CHICAGO MERCANTILE EXCHANGE,-156168.0,301315.0,-18857.0,0.06258234737732937,-1
USDJPY,2024-05-28,2024-05-31,JAPANESE YEN - CHICAGO MERCANTILE EXCHANGE,-175904.0,325231.0,-19736.0,0.06068302222112898,-1
USDJPY,2024-06-04,2024-06-07,JAPANESE YEN - CHICAGO MERCANTILE EXCHANGE,-145522.0,303009.0,30382.0,0.10026764881571175,-1
USDJPY,2024-06-11,2024-06-14,JAPANESE YEN - CHICAGO MERCANTILE EXCHANGE,-164661.0,319274.0,-19139.0,0.05994537607196326,-1
USDJPY,2024-06-18,2024-06-21,JAPANESE YEN - CHICAGO MERCANTILE EXCHANGE,-176513.0,297117.0,-11852.0,0.03989000965949441,-1
USDJPY,2024-06-25,2024-06-28,JAPANESE YEN - CHICAGO MERCANTILE EXCHANGE,-207429.0,340237.0,-30916.0,0.09086607276692424,-1
USDJPY,2024-07-02,2024-07-05,JAPANESE YEN - CHICAGO MERCANTILE EXCHANGE,-209218.0,349817.0,-1789.0,0.005114102516458606,-1
USDJPY,2024-07-09,2024-07-12,JAPANESE YEN - CHICAGO MERCANTILE EXCHANGE,-199655.0,348954.0,9563.0,0.027404758220281183,-1
USDJPY,2024-07-16,2024-07-19,JAPANESE YEN - CHICAGO MERCANTILE EXCHANGE,-140311.0,307205.0,59344.0,0.19317393922624956,-1
USDJPY,2024-07-23,2024-07-26,JAPANESE YEN - CHICAGO MERCANTILE EXCHANGE,-111538.0,307183.0,28773.0,0.09366729278638466,-1
USDJPY,2024-07-30,2024-08-02,JAPANESE YEN - CHICAGO MERCANTILE EXCHANGE,-101267.0,303151.0,10271.0,0.033880805275258864,-1
USDJPY,2024-08-06,2024-08-09,JAPANESE YEN - CHICAGO MERCANTILE EXCHANGE,-41720.0,298937.0,59547.0,0.19919581717887047,-1
USDJPY,2024-08-13,2024-08-16,JAPANESE YEN - CHICAGO MERCANTILE EXCHANGE,-5422.0,315338.0,36298.0,0.11510823307054653,-1
USDJPY,2024-08-20,2024-08-23,JAPANESE YEN - CHICAGO MERCANTILE EXCHANGE,-9237.0,316197.0,-3815.0,0.012065263111288216,-1
USDJPY,2024-08-27,2024-08-30,JAPANESE YEN - CHICAGO MERCANTILE EXCHANGE,-11727.0,318259.0,-2490.0,0.007823816451380793,-1
USDJPY,2024-09-03,2024-09-06,JAPANESE YEN - CHICAGO MERCANTILE EXCHANGE,3508.0,326795.0,15235.0,0.04661944032191435,-1
USDJPY,2024-09-10,2024-09-13,JAPANESE YEN - CHICAGO MERCANTILE EXCHANGE,13347.0,376514.0,9839.0,0.026131830423304313,-1
USDJPY,2024-09-17,2024-09-20,JAPANESE YEN - CHICAGO MERCANTILE EXCHANGE,14212.0,199463.0,865.0,0.00433664388884154,-1
USDJPY,2024-09-24,2024-09-27,JAPANESE YEN - CHICAGO MERCANTILE EXCHANGE,25905.0,207702.0,11693.0,0.05629700243618261,-1
USDJPY,2024-10-01,2024-10-04,JAPANESE YEN - CHICAGO MERCANTILE EXCHANGE,30419.0,196200.0,4514.0,0.023007135575942916,-1
USDJPY,2024-10-08,2024-10-11,JAPANESE YEN - CHICAGO MERCANTILE EXCHANGE,27649.0,196685.0,-2770.0,0.014083432900322851,-1
USDJPY,2024-10-15,2024-10-18,JAPANESE YEN - CHICAGO MERCANTILE EXCHANGE,18844.0,197871.0,-8805.0,0.044498688539503006,-1
USDJPY,2024-10-22,2024-10-25,JAPANESE YEN - CHICAGO MERCANTILE EXCHANGE,-12660.0,207338.0,-31504.0,0.15194513306774446,-1
USDJPY,2024-10-29,2024-11-01,JAPANESE YEN - CHICAGO MERCANTILE EXCHANGE,-36386.0,225894.0,-23726.0,0.1050315634766749,-1
USDJPY,2024-11-05,2024-11-08,JAPANESE YEN - CHICAGO MERCANTILE EXCHANGE,-54666.0,235762.0,-18280.0,0.07753582002188648,-1
USDJPY,2024-11-12,2024-11-15,JAPANESE YEN - CHICAGO MERCANTILE EXCHANGE,-80394.0,257688.0,-25728.0,0.0998416689950638,-1
USDJPY,2024-11-19,2024-11-22,JAPANESE YEN - CHICAGO MERCANTILE EXCHANGE,-74183.0,254087.0,6211.0,0.024444383223069265,-1
USDJPY,2024-11-26,2024-11-29,JAPANESE YEN - CHICAGO MERCANTILE EXCHANGE,-52941.0,253566.0,21242.0,0.08377306105708178,-1
USDJPY,2024-12-03,2024-12-06,JAPANESE YEN - CHICAGO MERCANTILE EXCHANGE,-31025.0,256849.0,21916.0,0.08532639800038155,-1
USDJPY,2024-12-10,2024-12-13,JAPANESE YEN - CHICAGO MERCANTILE EXCHANGE,-18293.0,274834.0,12732.0,0.0463261459644731,-1
USDJPY,2024-12-17,2024-12-20,JAPANESE YEN - CHICAGO MERCANTILE EXCHANGE,-42866.0,181673.0,-24573.0,0.13525950471451453,-1
USDJPY,2024-12-24,2024-12-27,JAPANESE YEN - CHICAGO MERCANTILE EXCHANGE,-47375.0,200720.0,-4509.0,0.02246412913511359,-1
USDJPY,2024-12-31,2025-01-03,JAPANESE YEN - CHICAGO MERCANTILE EXCHANGE,-50848.0,206971.0,-3473.0,0.01678012861705263,-1
USDJPY,2025-01-07,2025-01-10,JAPANESE YEN - CHICAGO MERCANTILE EXCHANGE,-62741.0,212456.0,-11893.0,0.055978649696878414,-1
USDJPY,2025-01-14,2025-01-17,JAPANESE YEN - CHICAGO MERCANTILE EXCHANGE,-72490.0,223952.0,-9749.0,0.0435316496392084,-1
USDJPY,2025-01-21,2025-01-24,JAPANESE YEN - CHICAGO MERCANTILE EXCHANGE,-52843.0,211620.0,19647.0,0.09284094130989509,-1
USDJPY,2025-01-28,2025-01-31,JAPANESE YEN - CHICAGO MERCANTILE EXCHANGE,-35988.0,216788.0,16855.0,0.07774876838201376,-1
USDJPY,2025-02-04,2025-02-07,JAPANESE YEN - CHICAGO MERCANTILE EXCHANGE,-15393.0,231911.0,20595.0,0.0888056193970963,-1
USDJPY,2025-02-11,2025-02-14,JAPANESE YEN - CHICAGO MERCANTILE EXCHANGE,6295.0,273314.0,21688.0,0.0793519541626115,-1
USDJPY,2025-02-18,2025-02-21,JAPANESE YEN - CHICAGO MERCANTILE EXCHANGE,15074.0,281163.0,8779.0,0.03122388080935258,-1
USDJPY,2025-02-25,2025-02-28,JAPANESE YEN - CHICAGO MERCANTILE EXCHANGE,60042.0,329186.0,44968.0,0.1366036222682617,-1
USDJPY,2025-03-04,2025-03-07,JAPANESE YEN - CHICAGO MERCANTILE EXCHANGE,86319.0,354415.0,26277.0,0.07414189580012133,-1
USDJPY,2025-03-11,2025-03-14,JAPANESE YEN - CHICAGO MERCANTILE EXCHANGE,84956.0,446178.0,-1363.0,0.003054834617574152,-1
USDJPY,2025-03-18,2025-03-21,JAPANESE YEN - CHICAGO MERCANTILE EXCHANGE,74364.0,296567.0,-10592.0,0.035715369545499,-1
USDJPY,2025-03-25,2025-03-28,JAPANESE YEN - CHICAGO MERCANTILE EXCHANGE,80176.0,303778.0,5812.0,0.019132392734167714,-1
USDJPY,2025-04-01,2025-04-04,JAPANESE YEN - CHICAGO MERCANTILE EXCHANGE,87912.0,311162.0,7736.0,0.024861647630494726,-1
USDJPY,2025-04-08,2025-04-11,JAPANESE YEN - CHICAGO MERCANTILE EXCHANGE,122163.0,320758.0,34251.0,0.1067814364723561,-1
USDJPY,2025-04-15,2025-04-18,JAPANESE YEN - CHICAGO MERCANTILE EXCHANGE,133008.0,338849.0,10845.0,0.03200540653801546,-1
USDJPY,2025-04-22,2025-04-25,JAPANESE YEN - CHICAGO MERCANTILE EXCHANGE,139426.0,351226.0,6418.0,0.018273134676817775,-1
USDJPY,2025-04-29,2025-05-02,JAPANESE YEN - CHICAGO MERCANTILE EXCHANGE,146886.0,366246.0,7460.0,0.020368823140730546,-1
USDJPY,2025-05-06,2025-05-09,JAPANESE YEN - CHICAGO MERCANTILE EXCHANGE,150325.0,375546.0,3439.0,0.009157333588961139,-1
USDJPY,2025-05-13,2025-05-16,JAPANESE YEN - CHICAGO MERCANTILE EXCHANGE,144384.0,359521.0,-5941.0,0.016524764895513754,-1
USDJPY,2025-05-20,2025-05-23,JAPANESE YEN - CHICAGO MERCANTILE EXCHANGE,149419.0,366865.0,5035.0,0.013724394532048574,-1
USDJPY,2025-05-27,2025-05-30,JAPANESE YEN - CHICAGO MERCANTILE EXCHANGE,138237.0,377011.0,-11182.0,0.029659612053759703,-1
USDJPY,2025-06-03,2025-06-06,JAPANESE YEN - CHICAGO MERCANTILE EXCHANGE,135706.0,366008.0,-2531.0,0.006915149395641625,-1
USDJPY,2025-06-10,2025-06-13,JAPANESE YEN - CHICAGO MERCANTILE EXCHANGE,130571.0,388263.0,-5135.0,0.013225571326652296,-1
USDJPY,2025-06-17,2025-06-20,JAPANESE YEN - CHICAGO MERCANTILE EXCHANGE,110878.0,317523.0,-19693.0,0.06202070401199283,-1
USDJPY,2025-06-24,2025-06-27,JAPANESE YEN - CHICAGO MERCANTILE EXCHANGE,111519.0,314767.0,641.0,0.0020364269443747278,-1
USDJPY,2025-07-01,2025-07-04,JAPANESE YEN - CHICAGO MERCANTILE EXCHANGE,110701.0,314251.0,-818.0,0.002603014787542442,-1
USDJPY,2025-07-08,2025-07-11,JAPANESE YEN - CHICAGO MERCANTILE EXCHANGE,98136.0,308621.0,-12565.0,0.040713366880413195,-1
USDJPY,2025-07-15,2025-07-18,JAPANESE YEN - CHICAGO MERCANTILE EXCHANGE,65019.0,321350.0,-33117.0,0.10305585809864634,-1
USDJPY,2025-07-22,2025-07-25,JAPANESE YEN - CHICAGO MERCANTILE EXCHANGE,64297.0,313040.0,-722.0,0.0023064145157168413,-1
USDJPY,2025-07-29,2025-08-01,JAPANESE YEN - CHICAGO MERCANTILE EXCHANGE,50673.0,329115.0,-13624.0,0.04139586466736551,-1
USDJPY,2025-08-05,2025-08-08,JAPANESE YEN - CHICAGO MERCANTILE EXCHANGE,36480.0,337378.0,-14193.0,0.04206854033161617,-1
USDJPY,2025-08-12,2025-08-15,JAPANESE YEN - CHICAGO MERCANTILE EXCHANGE,24291.0,351163.0,-12189.0,0.034710376662689404,-1
USDJPY,2025-08-19,2025-08-22,JAPANESE YEN - CHICAGO MERCANTILE EXCHANGE,26213.0,348982.0,1922.0,0.005507447375509338,-1
USDJPY,2025-08-26,2025-08-29,JAPANESE YEN - CHICAGO MERCANTILE EXCHANGE,33797.0,357366.0,7584.0,0.021221940531555884,-1
USDJPY,2025-09-02,2025-09-05,JAPANESE YEN - CHICAGO MERCANTILE EXCHANGE,19538.0,414249.0,-14259.0,0.03442132630374485,-1
USDJPY,2025-09-09,2025-09-12,JAPANESE YEN - CHICAGO MERCANTILE EXCHANGE,44191.0,410799.0,24653.0,0.06001231745939012,-1
USDJPY,2025-09-16,2025-09-19,JAPANESE YEN - CHICAGO MERCANTILE EXCHANGE,19310.0,299620.0,-24881.0,0.0830418530138175,-1
USDJPY,2025-09-23,2025-09-26,JAPANESE YEN - CHICAGO MERCANTILE EXCHANGE,24864.0,309893.0,5554.0,0.01792231512167103,-1
USDJPY,2025-09-30,2025-10-03,JAPANESE YEN - CHICAGO MERCANTILE EXCHANGE,17666.0,305711.0,-7198.0,0.023545112868035498,-1
USDJPY,2025-10-07,2025-10-10,JAPANESE YEN - CHICAGO MERCANTILE EXCHANGE,14004.0,305134.0,-3662.0,0.0120012846814842,-1
USDJPY,2025-10-14,2025-10-17,JAPANESE YEN - CHICAGO MERCANTILE EXCHANGE,14956.0,305003.0,952.0,0.003121280774287466,-1
USDJPY,2025-10-21,2025-10-24,JAPANESE YEN - CHICAGO MERCANTILE EXCHANGE,35194.0,307569.0,20238.0,0.06579986929762102,-1
USDJPY,2025-10-28,2025-10-31,JAPANESE YEN - CHICAGO MERCANTILE EXCHANGE,35174.0,321889.0,-20.0,6.213321983665177e-05,-1
USDJPY,2025-11-04,2025-11-07,JAPANESE YEN - CHICAGO MERCANTILE EXCHANGE,21374.0,314190.0,-13800.0,0.043922467296858586,-1
USDJPY,2025-11-10,2025-11-13,JAPANESE YEN - CHICAGO MERCANTILE EXCHANGE,19526.0,312845.0,-1848.0,0.005907078585241893,-1
USDJPY,2025-11-18,2025-11-21,JAPANESE YEN - CHICAGO MERCANTILE EXCHANGE,6608.0,329456.0,-12918.0,0.03921009178767423,-1
USDJPY,2025-11-25,2025-11-28,JAPANESE YEN - CHICAGO MERCANTILE EXCHANGE,16515.0,344420.0,9907.0,0.028764299401893036,-1
USDJPY,2025-12-02,2025-12-05,JAPANESE YEN - CHICAGO MERCANTILE EXCHANGE,10501.0,394859.0,-6014.0,0.01523075325622564,-1
USDJPY,2025-12-09,2025-12-12,JAPANESE YEN - CHICAGO MERCANTILE EXCHANGE,-12163.0,465416.0,-22664.0,0.04869622015573165,-1
USDJPY,2025-12-16,2025-12-19,JAPANESE YEN - CHICAGO MERCANTILE EXCHANGE,-23895.0,379679.0,-11732.0,0.03089978639851032,-1
USDJPY,2025-12-23,2025-12-26,JAPANESE YEN - CHICAGO MERCANTILE EXCHANGE,-29808.0,285084.0,-5913.0,0.020741255208991033,-1
USDJPY,2025-12-30,2026-01-02,JAPANESE YEN - CHICAGO MERCANTILE EXCHANGE,-20696.0,286132.0,9112.0,0.03184544196384885,-1
