event_time_entry,action,order_type,volume,price_entry,symbol,position_id,risk_pts,initial_risk_account,deal,deal_profit,deal_commission,deal_swap,deal_fee,deal_net,is_final_close,event_time_exit,price_exit,net_usd,server_time,utc_time,variant,regime,event,status,adx,atr,rsi,session_vwap,session_sd,shadow_vwap,shadow_sd,session_anchor_utc,avwap_anchor_server,avwap_confirmed_server,anchored_vwap,m15_close,m15_vwap,entry,stop,target,estimated_cost_pips,spread_pips,direction,entry_time_server,entry_time_utc,exit_time_server,exit_time_utc,entry_price,exit_price,stop_price,target_price,net_R,outcome,hold_minutes,regime_label,session_phase,risk_bucket,atr_bucket,exit_class
2019-01-03 12:35:00,OPEN,SELL,1.82,1.13635,EURUSD,2,122.0,249.34,2,0.0,-7.28,0.0,0.0,-7.28,0,2019-01-03 13:52:40,1.13415,393.12,2019-01-03 12:35:00,2019-01-03 10:35:00,PRIMARY_TICK_LONDON,1,TREND_SHORT,ORDER_ACCEPTED,26.261379,0.00054,38.216587,1.13727,0.00066,1.13738,0.0006,2019.01.03 08:00:00,2019.01.03 11:40:00,2019.01.03 11:55:00,1.1373,1.13705,1.13734,1.13635,1.13757,1.13415,2.3,0.8,-1,2019-01-03 12:35:00,2019-01-03 10:35:00,2019-01-03 13:52:40,2019-01-03 11:52:40,1.13635,1.13415,1.13757,1.13415,1.5766423357664234,WIN,77.66666666666667,TREND,LONDON_EARLY,HIGH,MID,TARGET_LEVEL
2019-02-11 16:30:00,OPEN,BUY,3.06,1.12872,EURUSD,4,67.0,250.92,4,0.0,-12.24,0.0,0.0,-12.24,0,2019-02-11 17:35:37,1.12805,-217.26000000000002,2019-02-11 16:30:00,2019-02-11 14:30:00,PRIMARY_TICK_LONDON,0,RANGE_LONG,ORDER_ACCEPTED,26.430133,0.00052,27.271053,1.1308,0.00078,1.13087,0.00064,2019.02.11 08:00:00,1970.01.01 00:00:00,1970.01.01 00:00:00,0.0,0.0,0.0,1.12872,1.12805,1.1308,2.3,0.8,1,2019-02-11 16:30:00,2019-02-11 14:30:00,2019-02-11 17:35:37,2019-02-11 15:35:37,1.12872,1.12805,1.12805,1.1308,-0.8658536585365855,LOSS,65.61666666666666,RANGE,LONDON_NY_OVERLAP,LOW,LOW,STOP_LEVEL
2019-02-21 18:05:00,OPEN,SELL,2.0,1.13387,EURUSD,6,110.0,250.0,6,0.0,-8.0,0.0,0.0,-8.0,0,2019-02-21 19:45:00,1.13293,180.0,2019-02-21 18:05:00,2019-02-21 16:05:00,PRIMARY_TICK_LONDON,1,TREND_SHORT,ORDER_ACCEPTED,24.318041,0.00052,38.884945,1.13472,0.00092,1.13458,0.00093,2019.02.21 08:00:00,2019.02.21 17:35:00,2019.02.21 17:50:00,1.13454,1.13469,1.13472,1.13387,1.13497,1.13189,2.3,0.8,-1,2019-02-21 18:05:00,2019-02-21 16:05:00,2019-02-21 19:45:00,2019-02-21 17:45:00,1.13387,1.13293,1.13497,1.13189,0.72,WIN,100.0,TREND,NY_LATE,MID,LOW,NON_LEVEL_FINAL_CLOSE
2019-03-12 13:05:00,OPEN,SELL,2.03,1.1265,EURUSD,8,108.0,249.69,8,0.0,-8.12,0.0,0.0,-8.12,0,2019-03-12 14:30:28,1.12758,-227.36,2019-03-12 13:05:00,2019-03-12 10:05:00,PRIMARY_TICK_LONDON,1,TREND_SHORT,ORDER_ACCEPTED,46.171757,0.00038,37.994029,1.1274,0.0005,1.12742,0.00046,2019.03.12 08:00:00,2019.03.12 11:50:00,2019.03.12 12:05:00,1.12706,1.12688,1.12749,1.1265,1.12758,1.12456,2.3,0.8,-1,2019-03-12 13:05:00,2019-03-12 10:05:00,2019-03-12 14:30:28,2019-03-12 11:30:28,1.1265,1.12758,1.12758,1.12456,-0.910569105691057,LOSS,85.46666666666667,TREND,LONDON_EARLY,MID,LOW,STOP_LEVEL
2019-04-29 22:20:00,OPEN,SELL,6.41,1.11843,EURUSD,10,24.0,249.99,10,0.0,-25.64,0.0,0.0,-25.64,0,2019-04-29 23:00:00,1.11838,6.409999999999997,2019-04-29 22:20:00,2019-04-29 19:20:00,PRIMARY_TICK_LONDON,0,RANGE_SHORT,ORDER_ACCEPTED,24.513045,0.00024,63.474849,1.11622,0.00098,1.11635,0.00103,2019.04.29 07:00:00,1970.01.01 00:00:00,1970.01.01 00:00:00,0.0,0.0,0.0,1.11843,1.11867,1.11622,2.3,0.8,-1,2019-04-29 22:20:00,2019-04-29 19:20:00,2019-04-29 23:00:00,2019-04-29 20:00:00,1.11843,1.11838,1.11867,1.11622,0.025641025641025626,WIN,40.0,RANGE,NY_LATE,LOW,LOW,NON_LEVEL_FINAL_CLOSE
2019-05-06 15:45:00,OPEN,SELL,1.88,1.11855,EURUSD,12,118.0,250.04,12,0.0,-7.52,0.0,0.0,-7.52,0,2019-05-06 17:25:00,1.1189,-73.32,2019-05-06 15:45:00,2019-05-06 12:45:00,PRIMARY_TICK_LONDON,1,TREND_SHORT,ORDER_ACCEPTED,32.689246,0.00037,28.313438,1.11921,0.00047,1.11923,0.00047,2019.05.06 07:00:00,2019.05.06 15:05:00,2019.05.06 15:20:00,1.11942,1.11855,1.11919,1.11855,1.11973,1.11643,2.3,0.8,-1,2019-05-06 15:45:00,2019-05-06 12:45:00,2019-05-06 17:25:00,2019-05-06 14:25:00,1.11855,1.1189,1.11973,1.11643,-0.2932330827067669,LOSS,100.0,TREND,LONDON_NY_OVERLAP,MID,LOW,NON_LEVEL_FINAL_CLOSE
2019-07-24 15:15:00,OPEN,SELL,2.57,1.11398,EURUSD,14,82.0,249.29,14,0.0,-10.28,0.0,0.0,-10.28,0,2019-07-24 16:19:34,1.11481,-223.59,2019-07-24 15:15:00,2019-07-24 12:15:00,PRIMARY_TICK_LONDON,1,TREND_SHORT,ORDER_ACCEPTED,28.152138,0.00031,40.485536,1.11416,0.00056,1.11424,0.00052,2019.07.24 07:00:00,2019.07.24 14:35:00,2019.07.24 14:50:00,1.11438,1.11398,1.11416,1.11398,1.1148,1.1125,1.8,0.3,-1,2019-07-24 15:15:00,2019-07-24 12:15:00,2019-07-24 16:19:34,2019-07-24 13:19:34,1.11398,1.11481,1.1148,1.1125,-0.8969072164948454,LOSS,64.56666666666666,TREND,LONDON_NY_OVERLAP,LOW,LOW,STOP_LEVEL
2019-08-07 21:00:00,OPEN,BUY,2.47,1.12169,EURUSD,16,86.0,249.47,16,0.0,-9.88,0.0,0.0,-9.88,0,2019-08-07 22:38:29,1.12083,-222.29999999999998,2019-08-07 21:00:00,2019-08-07 18:00:00,PRIMARY_TICK_LONDON,1,TREND_LONG,ORDER_ACCEPTED,44.791491,0.00053,42.276818,1.12143,0.00172,1.12072,0.00184,2019.08.07 07:00:00,2019.08.07 20:40:00,2019.08.07 20:55:00,1.12131,1.12166,1.12144,1.12169,1.12083,1.12324,1.8,0.3,1,2019-08-07 21:00:00,2019-08-07 18:00:00,2019-08-07 22:38:29,2019-08-07 19:38:29,1.12169,1.12083,1.12083,1.12324,-0.891089108910891,LOSS,98.48333333333333,TREND,NY_LATE,MID,MID,STOP_LEVEL
2019-08-13 12:05:00,OPEN,BUY,1.81,1.11947,EURUSD,18,122.0,247.97,18,0.0,-7.24,0.0,0.0,-7.24,0,2019-08-13 13:25:34,1.12167,390.96,2019-08-13 12:05:00,2019-08-13 09:05:00,PRIMARY_TICK_LONDON,1,TREND_LONG,ORDER_ACCEPTED,23.237023,0.00039,55.350233,1.11912,0.00022,1.1191,0.00022,2019.08.13 07:00:00,2019.08.13 11:35:00,2019.08.13 11:50:00,1.11908,1.11916,1.11907,1.11947,1.11825,1.12167,1.9,0.4,1,2019-08-13 12:05:00,2019-08-13 09:05:00,2019-08-13 13:25:34,2019-08-13 10:25:34,1.11947,1.12167,1.11825,1.12167,1.5766423357664232,WIN,80.56666666666666,TREND,LONDON_EARLY,HIGH,LOW,TARGET_LEVEL
2019-08-23 15:20:00,OPEN,BUY,2.6,1.107,EURUSD,20,81.0,249.6,20,0.0,-10.4,0.0,0.0,-10.4,0,2019-08-23 15:53:38,1.10619,-221.0,2019-08-23 15:20:00,2019-08-23 12:20:00,PRIMARY_TICK_LONDON,1,TREND_LONG,ORDER_ACCEPTED,29.187504,0.00044,64.279238,1.10643,0.0006,1.10637,0.00063,2019.08.23 07:00:00,2019.08.23 14:55:00,2019.08.23 15:10:00,1.1066,1.10651,1.10639,1.107,1.10619,1.10846,1.8,0.3,1,2019-08-23 15:20:00,2019-08-23 12:20:00,2019-08-23 15:53:38,2019-08-23 12:53:38,1.107,1.10619,1.10619,1.10846,-0.8854166666666667,LOSS,33.63333333333333,TREND,LONDON_NY_OVERLAP,LOW,LOW,STOP_LEVEL
2019-09-09 15:40:00,OPEN,BUY,0.92,1.10516,EURUSD,22,255.0,248.4,22,0.0,-3.68,0.0,0.0,-3.68,0,2019-09-09 17:20:00,1.10589,63.48,2019-09-09 15:40:00,2019-09-09 12:40:00,PRIMARY_TICK_LONDON,1,TREND_LONG,ORDER_ACCEPTED,19.342538,0.00048,72.974528,1.10326,0.00049,1.10324,0.00041,2019.09.09 07:00:00,2019.09.09 15:05:00,2019.09.09 15:20:00,1.10384,1.10327,1.10318,1.10516,1.10261,1.10975,1.8,0.3,1,2019-09-09 15:40:00,2019-09-09 12:40:00,2019-09-09 17:20:00,2019-09-09 14:20:00,1.10516,1.10589,1.10261,1.10975,0.25555555555555554,WIN,100.0,TREND,LONDON_NY_OVERLAP,HIGH,LOW,NON_LEVEL_FINAL_CLOSE
2019-09-10 18:00:00,OPEN,BUY,2.54,1.1042,EURUSD,24,83.0,248.92,24,0.0,-10.16,0.0,0.0,-10.16,0,2019-09-10 19:40:00,1.10449,63.5,2019-09-10 18:00:00,2019-09-10 15:00:00,PRIMARY_TICK_LONDON,1,TREND_LONG,ORDER_ACCEPTED,26.508486,0.00043,56.051194,1.10409,0.00051,1.10407,0.00046,2019.09.10 07:00:00,2019.09.10 17:20:00,2019.09.10 17:35:00,1.10382,1.10419,1.10407,1.1042,1.10337,1.10569,1.7,0.2,1,2019-09-10 18:00:00,2019-09-10 15:00:00,2019-09-10 19:40:00,2019-09-10 16:40:00,1.1042,1.10449,1.10337,1.10569,0.25510204081632654,WIN,100.0,TREND,NY_LATE,LOW,LOW,NON_LEVEL_FINAL_CLOSE
2019-09-24 19:50:00,OPEN,SELL,5.09,1.10127,EURUSD,26,34.0,249.41,26,0.0,-20.36,0.0,0.0,-20.36,0,2019-09-24 19:52:16,1.10161,-193.42000000000002,2019-09-24 19:50:00,2019-09-24 16:50:00,PRIMARY_TICK_LONDON,0,RANGE_SHORT,ORDER_ACCEPTED,27.167131,0.00036,74.186254,1.09983,0.00063,1.09978,0.00061,2019.09.24 07:00:00,1970.01.01 00:00:00,1970.01.01 00:00:00,0.0,0.0,0.0,1.10127,1.10161,1.09983,1.6,0.1,-1,2019-09-24 19:50:00,2019-09-24 16:50:00,2019-09-24 19:52:16,2019-09-24 16:52:16,1.10127,1.10161,1.10161,1.09983,-0.7755102040816327,LOSS,2.2666666666666666,RANGE,NY_LATE,LOW,LOW,STOP_LEVEL
2019-09-26 22:40:00,OPEN,BUY,2.32,1.0917,EURUSD,28,92.0,248.24,28,0.0,-9.28,0.0,0.0,-9.28,0,2019-09-26 23:00:00,1.09177,6.959999999999999,2019-09-26 22:40:00,2019-09-26 19:40:00,PRIMARY_TICK_LONDON,0,RANGE_LONG,ORDER_ACCEPTED,28.136766,0.0003,29.279016,1.09387,0.00109,1.09377,0.00105,2019.09.26 07:00:00,1970.01.01 00:00:00,1970.01.01 00:00:00,0.0,0.0,0.0,1.0917,1.09078,1.09387,1.8,0.3,1,2019-09-26 22:40:00,2019-09-26 19:40:00,2019-09-26 23:00:00,2019-09-26 20:00:00,1.0917,1.09177,1.09078,1.09387,0.02803738317757009,WIN,20.0,RANGE,NY_LATE,MID,LOW,NON_LEVEL_FINAL_CLOSE
2019-10-10 11:20:00,OPEN,BUY,2.51,1.10187,EURUSD,30,84.0,248.49,30,0.0,-10.04,0.0,0.0,-10.04,0,2019-10-10 13:00:00,1.10302,278.60999999999996,2019-10-10 11:20:00,2019-10-10 08:20:00,PRIMARY_TICK_LONDON,1,TREND_LONG,ORDER_ACCEPTED,28.706552,0.00043,69.11276,1.10136,0.00034,1.10142,0.00032,2019.10.10 07:00:00,2019.10.10 10:50:00,2019.10.10 11:05:00,1.10161,1.10151,1.10139,1.10187,1.10103,1.10338,1.7,0.2,1,2019-10-10 11:20:00,2019-10-10 08:20:00,2019-10-10 13:00:00,2019-10-10 10:00:00,1.10187,1.10302,1.10103,1.10338,1.121212121212121,WIN,100.0,TREND,LONDON_EARLY,LOW,LOW,NON_LEVEL_FINAL_CLOSE
2019-10-11 22:45:00,OPEN,BUY,2.5,1.10432,EURUSD,32,85.0,250.0,32,0.0,-10.0,0.0,0.0,-10.0,0,2019-10-11 23:00:00,1.10404,-80.0,2019-10-11 22:45:00,2019-10-11 19:45:00,PRIMARY_TICK_LONDON,1,TREND_LONG,ORDER_ACCEPTED,42.114679,0.00029,52.434047,1.10372,0.00153,1.10364,0.00147,2019.10.11 07:00:00,2019.10.11 21:10:00,2019.10.11 21:25:00,1.10416,1.1043,1.10372,1.10432,1.10347,1.10585,1.6,0.1,1,2019-10-11 22:45:00,2019-10-11 19:45:00,2019-10-11 23:00:00,2019-10-11 20:00:00,1.10432,1.10404,1.10347,1.10585,-0.32,LOSS,15.0,TREND,NY_LATE,MID,LOW,NON_LEVEL_FINAL_CLOSE
2019-10-15 17:30:00,OPEN,BUY,0.72,1.10243,EURUSD,34,329.0,247.68,34,0.0,-2.88,0.0,0.0,-2.88,0,2019-10-15 19:10:00,1.10356,78.48,2019-10-15 17:30:00,2019-10-15 14:30:00,PRIMARY_TICK_LONDON,1,TREND_LONG,ORDER_ACCEPTED,37.528306,0.00057,73.163061,1.10125,0.00102,1.10119,0.00103,2019.10.15 07:00:00,2019.10.15 17:10:00,2019.10.15 17:25:00,1.10057,1.10243,1.10128,1.10243,1.09914,1.10835,1.6,0.1,1,2019-10-15 17:30:00,2019-10-15 14:30:00,2019-10-15 19:10:00,2019-10-15 16:10:00,1.10243,1.10356,1.09914,1.10835,0.3168604651162791,WIN,100.0,TREND,LONDON_NY_OVERLAP,HIGH,MID,NON_LEVEL_FINAL_CLOSE
2019-10-15 20:00:00,OPEN,BUY,2.8,1.10228,EURUSD,36,74.0,249.2,36,0.0,-11.2,0.0,0.0,-11.2,0,2019-10-15 21:40:00,1.10332,280.0,2019-10-15 20:00:00,2019-10-15 17:00:00,PRIMARY_TICK_LONDON,1,TREND_LONG,ORDER_ACCEPTED,47.819075,0.00044,47.694907,1.10192,0.00133,1.10168,0.00129,2019.10.15 07:00:00,2019.10.15 19:25:00,2019.10.15 19:40:00,1.10195,1.10227,1.10194,1.10228,1.10154,1.10361,1.6,0.1,1,2019-10-15 20:00:00,2019-10-15 17:00:00,2019-10-15 21:40:00,2019-10-15 18:40:00,1.10228,1.10332,1.10154,1.10361,1.1235955056179776,WIN,100.0,TREND,NY_LATE,LOW,LOW,NON_LEVEL_FINAL_CLOSE
2019-10-16 13:00:00,OPEN,BUY,2.27,1.10397,EURUSD,38,95.0,249.7,38,0.0,-9.08,0.0,0.0,-9.08,0,2019-10-16 13:44:03,1.10302,-224.73000000000002,2019-10-16 13:00:00,2019-10-16 10:00:00,PRIMARY_TICK_LONDON,1,TREND_LONG,ORDER_ACCEPTED,25.319616,0.00047,59.030306,1.10355,0.00057,1.1035,0.00058,2019.10.16 07:00:00,2019.10.16 12:15:00,2019.10.16 12:30:00,1.10301,1.10396,1.10356,1.10397,1.10302,1.10568,1.7,0.2,1,2019-10-16 13:00:00,2019-10-16 10:00:00,2019-10-16 13:44:03,2019-10-16 10:44:03,1.10397,1.10302,1.10302,1.10568,-0.9000000000000001,LOSS,44.05,TREND,LONDON_EARLY,MID,LOW,STOP_LEVEL
2019-10-24 16:30:00,OPEN,SELL,1.85,1.11331,EURUSD,40,120.0,249.75,40,0.0,-7.4,0.0,0.0,-7.4,0,2019-10-24 16:51:15,1.11115,392.20000000000005,2019-10-24 16:30:00,2019-10-24 13:30:00,PRIMARY_TICK_LONDON,1,TREND_SHORT,ORDER_ACCEPTED,29.078811,0.00074,48.648659,1.11361,0.00095,1.11326,0.00079,2019.10.24 07:00:00,2019.10.24 16:15:00,2019.10.24 16:30:00,1.11397,1.11332,1.11364,1.11331,1.11451,1.11115,1.6,0.1,-1,2019-10-24 16:30:00,2019-10-24 13:30:00,2019-10-24 16:51:15,2019-10-24 13:51:15,1.11331,1.11115,1.11451,1.11115,1.5703703703703706,WIN,21.25,TREND,LONDON_NY_OVERLAP,MID,HIGH,TARGET_LEVEL
2019-10-29 13:15:00,OPEN,SELL,2.79,1.10787,EURUSD,42,75.0,251.1,42,0.0,-11.16,0.0,0.0,-11.16,0,2019-10-29 14:27:22,1.10862,-220.41,2019-10-29 13:15:00,2019-10-29 10:15:00,PRIMARY_TICK_LONDON,1,TREND_SHORT,ORDER_ACCEPTED,22.689954,0.0004,45.364122,1.10805,0.00034,1.10799,0.00027,2019.10.29 08:00:00,2019.10.29 13:00:00,2019.10.29 13:15:00,1.10843,1.10787,1.10807,1.10787,1.10862,1.10652,1.6,0.1,-1,2019-10-29 13:15:00,2019-10-29 10:15:00,2019-10-29 14:27:22,2019-10-29 11:27:22,1.10787,1.10862,1.10862,1.10652,-0.8777777777777778,LOSS,72.36666666666666,TREND,LONDON_EARLY,LOW,LOW,STOP_LEVEL
2019-11-08 12:45:00,OPEN,SELL,2.32,1.10399,EURUSD,44,93.0,250.56,44,0.0,-9.28,0.0,0.0,-9.28,0,2019-11-08 14:25:00,1.10301,218.08,2019-11-08 12:45:00,2019-11-08 10:45:00,PRIMARY_TICK_LONDON,1,TREND_SHORT,ORDER_ACCEPTED,21.530173,0.00035,38.484479,1.10465,0.00036,1.10462,0.00032,2019.11.08 08:00:00,2019.11.08 11:40:00,2019.11.08 11:55:00,1.10431,1.10399,1.10458,1.10399,1.10492,1.10232,1.6,0.1,-1,2019-11-08 12:45:00,2019-11-08 10:45:00,2019-11-08 14:25:00,2019-11-08 12:25:00,1.10399,1.10301,1.10492,1.10232,0.8703703703703705,WIN,100.0,TREND,LONDON_EARLY,MID,LOW,NON_LEVEL_FINAL_CLOSE
2019-11-26 18:00:00,OPEN,SELL,2.82,1.10121,EURUSD,46,74.0,250.98,46,0.0,-11.28,0.0,0.0,-11.28,0,2019-11-26 19:28:38,1.10195,-219.96,2019-11-26 18:00:00,2019-11-26 16:00:00,PRIMARY_TICK_LONDON,1,TREND_SHORT,ORDER_ACCEPTED,25.472021,0.00035,43.97719,1.10158,0.00029,1.10161,0.00027,2019.11.26 08:00:00,2019.11.26 17:40:00,2019.11.26 17:55:00,1.10151,1.10121,1.10158,1.10121,1.10195,1.09988,1.6,0.1,-1,2019-11-26 18:00:00,2019-11-26 16:00:00,2019-11-26 19:28:38,2019-11-26 17:28:38,1.10121,1.10195,1.10195,1.09988,-0.8764044943820225,LOSS,88.63333333333334,TREND,NY_LATE,LOW,LOW,STOP_LEVEL
2019-12-10 16:45:00,OPEN,SELL,2.63,1.10761,EURUSD,48,80.0,249.85,48,0.0,-10.52,0.0,0.0,-10.52,0,2019-12-10 17:50:32,1.10842,-223.55,2019-12-10 16:45:00,2019-12-10 14:45:00,PRIMARY_TICK_LONDON,1,TREND_SHORT,ORDER_ACCEPTED,43.298834,0.00035,45.480943,1.10773,0.00033,1.10771,0.00033,2019.12.10 08:00:00,2019.12.10 15:30:00,2019.12.10 15:45:00,1.10787,1.10765,1.10773,1.10761,1.10841,1.10617,1.6,0.1,-1,2019-12-10 16:45:00,2019-12-10 14:45:00,2019-12-10 17:50:32,2019-12-10 15:50:32,1.10761,1.10842,1.10841,1.10617,-0.8947368421052633,LOSS,65.53333333333333,TREND,LONDON_NY_OVERLAP,LOW,LOW,STOP_LEVEL
2019-12-17 16:00:00,OPEN,SELL,2.29,1.1146,EURUSD,50,94.0,249.61,50,0.0,-9.16,0.0,0.0,-9.16,0,2019-12-17 17:22:35,1.11555,-226.71,2019-12-17 16:00:00,2019-12-17 14:00:00,PRIMARY_TICK_LONDON,1,TREND_SHORT,ORDER_ACCEPTED,35.072711,0.00049,32.015734,1.11522,0.00117,1.11527,0.0011,2019.12.17 08:00:00,2019.12.17 15:30:00,2019.12.17 15:45:00,1.11546,1.1146,1.11522,1.1146,1.11554,1.11291,1.8,0.3,-1,2019-12-17 16:00:00,2019-12-17 14:00:00,2019-12-17 17:22:35,2019-12-17 15:22:35,1.1146,1.11555,1.11554,1.11291,-0.908256880733945,LOSS,82.58333333333333,TREND,LONDON_NY_OVERLAP,MID,LOW,STOP_LEVEL
2019-12-19 17:10:00,OPEN,SELL,2.71,1.11203,EURUSD,52,77.0,249.32,52,0.0,-10.84,0.0,0.0,-10.84,0,2019-12-19 18:45:39,1.1128,-219.51,2019-12-19 17:10:00,2019-12-19 15:10:00,PRIMARY_TICK_LONDON,1,TREND_SHORT,ORDER_ACCEPTED,21.315727,0.00041,49.070363,1.11251,0.00075,1.11264,0.00073,2019.12.19 08:00:00,2019.12.19 16:35:00,2019.12.19 16:50:00,1.11228,1.11222,1.11249,1.11203,1.1128,1.11064,1.7,0.2,-1,2019-12-19 17:10:00,2019-12-19 15:10:00,2019-12-19 18:45:39,2019-12-19 16:45:39,1.11203,1.1128,1.1128,1.11064,-0.8804347826086957,LOSS,95.65,TREND,LONDON_NY_OVERLAP,LOW,LOW,STOP_LEVEL
2020-01-02 18:00:00,OPEN,BUY,1.17,1.12005,EURUSD,54,196.0,246.87,54,0.0,-4.68,0.0,0.0,-4.68,0,2020-01-02 18:40:34,1.11809,-234.0,2020-01-02 18:00:00,2020-01-02 16:00:00,PRIMARY_TICK_LONDON,1,TREND_LONG,ORDER_ACCEPTED,27.967397,0.00052,72.300948,1.11916,0.00118,1.1194,0.00113,2020.01.02 08:00:00,2020.01.02 17:25:00,2020.01.02 17:40:00,1.11834,1.12004,1.11918,1.12005,1.11809,1.12358,1.6,0.1,1,2020-01-02 18:00:00,2020-01-02 16:00:00,2020-01-02 18:40:34,2020-01-02 16:40:34,1.12005,1.11809,1.11809,1.12358,-0.9478672985781991,LOSS,40.56666666666667,TREND,NY_LATE,HIGH,MID,STOP_LEVEL
2020-01-21 12:05:00,OPEN,BUY,2.58,1.10968,EURUSD,56,81.0,247.68,56,0.0,-10.32,0.0,0.0,-10.32,0,2020-01-21 13:45:00,1.11052,206.4,2020-01-21 12:05:00,2020-01-21 10:05:00,PRIMARY_TICK_LONDON,1,TREND_LONG,ORDER_ACCEPTED,26.099131,0.00033,60.395399,1.10909,0.00025,1.10903,0.00023,2020.01.21 08:00:00,2020.01.21 11:50:00,2020.01.21 12:05:00,1.10939,1.10906,1.10904,1.10968,1.10887,1.11114,1.8,0.3,1,2020-01-21 12:05:00,2020-01-21 10:05:00,2020-01-21 13:45:00,2020-01-21 11:45:00,1.10968,1.11052,1.10887,1.11114,0.8333333333333334,WIN,100.0,TREND,LONDON_EARLY,LOW,LOW,NON_LEVEL_FINAL_CLOSE
2020-01-23 16:25:00,OPEN,BUY,1.63,1.10702,EURUSD,58,137.0,247.76,58,0.0,-6.52,0.0,0.0,-6.52,0,2020-01-23 17:19:24,1.10565,-229.83,2020-01-23 16:25:00,2020-01-23 14:25:00,PRIMARY_TICK_LONDON,0,RANGE_LONG,ORDER_ACCEPTED,24.691751,0.00093,34.274621,1.10864,0.00072,1.10873,0.0005,2020.01.23 08:00:00,1970.01.01 00:00:00,1970.01.01 00:00:00,0.0,0.0,0.0,1.10702,1.10565,1.10864,1.6,0.1,1,2020-01-23 16:25:00,2020-01-23 14:25:00,2020-01-23 17:19:24,2020-01-23 15:19:24,1.10702,1.10565,1.10565,1.10864,-0.9276315789473685,LOSS,54.4,RANGE,LONDON_NY_OVERLAP,HIGH,HIGH,STOP_LEVEL
2020-02-04 17:45:00,OPEN,BUY,4.28,1.10363,EURUSD,60,43.0,248.24,60,0.0,-17.12,0.0,0.0,-17.12,0,2020-02-04 19:25:00,1.10393,111.28,2020-02-04 17:45:00,2020-02-04 15:45:00,PRIMARY_TICK_LONDON,0,RANGE_LONG,ORDER_ACCEPTED,27.096646,0.00033,31.116989,1.10504,0.0006,1.10506,0.00055,2020.02.04 08:00:00,1970.01.01 00:00:00,1970.01.01 00:00:00,0.0,0.0,0.0,1.10363,1.1032,1.10504,1.7,0.2,1,2020-02-04 17:45:00,2020-02-04 15:45:00,2020-02-04 19:25:00,2020-02-04 17:25:00,1.10363,1.10393,1.1032,1.10504,0.4482758620689655,WIN,100.0,RANGE,LONDON_NY_OVERLAP,LOW,LOW,NON_LEVEL_FINAL_CLOSE
2020-02-07 17:45:00,OPEN,BUY,1.48,1.09739,EURUSD,62,152.0,247.16,62,0.0,-5.92,0.0,0.0,-5.92,0,2020-02-07 18:11:22,1.09587,-230.88,2020-02-07 17:45:00,2020-02-07 15:45:00,PRIMARY_TICK_LONDON,1,TREND_LONG,ORDER_ACCEPTED,25.932754,0.0006,61.233097,1.09618,0.00063,1.09601,0.00062,2020.02.07 08:00:00,2020.02.07 17:25:00,2020.02.07 17:40:00,1.09656,1.09736,1.09618,1.09739,1.09587,1.10013,1.8,0.3,1,2020-02-07 17:45:00,2020-02-07 15:45:00,2020-02-07 18:11:22,2020-02-07 16:11:22,1.09739,1.09587,1.09587,1.10013,-0.9341317365269461,LOSS,26.366666666666667,TREND,LONDON_NY_OVERLAP,HIGH,MID,STOP_LEVEL
2020-02-18 17:40:00,OPEN,BUY,2.72,1.08198,EURUSD,64,76.0,247.52,64,0.0,-10.88,0.0,0.0,-10.88,0,2020-02-18 18:41:33,1.08121,-220.32,2020-02-18 17:40:00,2020-02-18 15:40:00,PRIMARY_TICK_LONDON,1,TREND_LONG,ORDER_ACCEPTED,23.328547,0.0005,62.83456,1.08172,0.00133,1.08193,0.00124,2020.02.18 08:00:00,2020.02.18 17:15:00,2020.02.18 17:30:00,1.08152,1.08173,1.08172,1.08198,1.08122,1.08335,1.6,0.1,1,2020-02-18 17:40:00,2020-02-18 15:40:00,2020-02-18 18:41:33,2020-02-18 16:41:33,1.08198,1.08121,1.08122,1.08335,-0.8901098901098901,LOSS,61.55,TREND,LONDON_NY_OVERLAP,LOW,LOW,STOP_LEVEL
2020-02-19 18:45:00,OPEN,BUY,2.55,1.07963,EURUSD,66,82.0,247.35,66,0.0,-10.2,0.0,0.0,-10.2,0,2020-02-19 19:12:22,1.0788,-221.85,2020-02-19 18:45:00,2020-02-19 16:45:00,PRIMARY_TICK_LONDON,1,TREND_LONG,ORDER_ACCEPTED,25.859617,0.00046,58.480022,1.07951,0.00062,1.07963,0.00061,2020.02.19 08:00:00,2020.02.19 17:35:00,2020.02.19 17:50:00,1.07908,1.07961,1.07953,1.07963,1.07881,1.08111,1.7,0.2,1,2020-02-19 18:45:00,2020-02-19 16:45:00,2020-02-19 19:12:22,2020-02-19 17:12:22,1.07963,1.0788,1.07881,1.08111,-0.8969072164948454,LOSS,27.366666666666667,TREND,NY_LATE,LOW,LOW,STOP_LEVEL
2020-02-28 18:40:00,OPEN,BUY,2.32,1.10025,EURUSD,68,91.0,245.92,68,0.0,-9.28,0.0,0.0,-9.28,0,2020-02-28 18:42:39,1.09934,-220.4,2020-02-28 18:40:00,2020-02-28 16:40:00,PRIMARY_TICK_LONDON,1,TREND_LONG,ORDER_ACCEPTED,42.937604,0.00113,62.595109,1.09991,0.00265,1.10024,0.0027,2020.02.28 08:00:00,2020.02.28 18:15:00,2020.02.28 18:30:00,1.09963,1.10009,1.0999,1.10025,1.09934,1.10189,1.6,0.1,1,2020-02-28 18:40:00,2020-02-28 16:40:00,2020-02-28 18:42:39,2020-02-28 16:42:39,1.10025,1.09934,1.09934,1.10189,-0.8962264150943396,LOSS,2.65,TREND,NY_LATE,MID,HIGH,STOP_LEVEL
2020-02-28 18:45:00,OPEN,SELL,1.45,1.09923,EURUSD,70,154.0,245.05,70,0.0,-5.8,0.0,0.0,-5.8,0,2020-02-28 18:56:39,1.10077,-229.10000000000002,2020-02-28 18:45:00,2020-02-28 16:45:00,PRIMARY_TICK_LONDON,1,TREND_SHORT,ORDER_ACCEPTED,40.813488,0.00119,55.223189,1.0999,0.00263,1.10023,0.00269,2020.02.28 08:00:00,2020.02.28 18:30:00,2020.02.28 18:45:00,1.09988,1.09923,1.09989,1.09923,1.10077,1.09646,1.8,0.3,-1,2020-02-28 18:45:00,2020-02-28 16:45:00,2020-02-28 18:56:39,2020-02-28 16:56:39,1.09923,1.10077,1.10077,1.09646,-0.9349112426035503,LOSS,11.65,TREND,NY_LATE,HIGH,HIGH,STOP_LEVEL
2020-02-28 20:15:00,OPEN,BUY,2.36,1.10006,EURUSD,72,89.0,245.44,72,0.0,-9.44,0.0,0.0,-9.44,0,2020-02-28 20:18:25,1.09917,-219.48,2020-02-28 20:15:00,2020-02-28 18:15:00,PRIMARY_TICK_LONDON,1,TREND_LONG,ORDER_ACCEPTED,24.657965,0.00058,54.396202,1.09992,0.00246,1.10021,0.00249,2020.02.28 08:00:00,2020.02.28 19:40:00,2020.02.28 19:55:00,1.09989,1.10004,1.09991,1.10006,1.09917,1.10166,1.7,0.2,1,2020-02-28 20:15:00,2020-02-28 18:15:00,2020-02-28 20:18:25,2020-02-28 18:18:25,1.10006,1.09917,1.09917,1.10166,-0.8942307692307692,LOSS,3.4166666666666665,TREND,NY_LATE,MID,MID,STOP_LEVEL
2020-03-04 18:15:00,OPEN,SELL,2.5,1.11342,EURUSD,74,83.0,245.0,74,0.0,-10.0,0.0,0.0,-10.0,0,2020-03-04 19:55:00,1.11207,327.5,2020-03-04 18:15:00,2020-03-04 16:15:00,PRIMARY_TICK_LONDON,1,TREND_SHORT,ORDER_ACCEPTED,29.914431,0.00087,58.330232,1.11382,0.00218,1.11398,0.00206,2020.03.04 08:00:00,2020.03.04 18:00:00,2020.03.04 18:15:00,1.1138,1.11342,1.11383,1.11342,1.11425,1.11193,1.8,0.3,-1,2020-03-04 18:15:00,2020-03-04 16:15:00,2020-03-04 19:55:00,2020-03-04 17:55:00,1.11342,1.11207,1.11425,1.11193,1.336734693877551,WIN,100.0,TREND,NY_LATE,LOW,HIGH,NON_LEVEL_FINAL_CLOSE
2020-03-06 22:30:00,OPEN,BUY,1.63,1.13198,EURUSD,76,135.0,244.5,76,0.0,-6.52,0.0,0.0,-6.52,0,2020-03-06 22:44:40,1.13062,-228.20000000000002,2020-03-06 22:30:00,2020-03-06 20:30:00,PRIMARY_TICK_LONDON,1,TREND_LONG,ORDER_ACCEPTED,54.554628,0.0006,58.622182,1.13106,0.00229,1.1309,0.0023,2020.03.06 08:00:00,2020.03.06 22:00:00,2020.03.06 22:15:00,1.1318,1.1319,1.13109,1.13198,1.13063,1.13441,1.8,0.3,1,2020-03-06 22:30:00,2020-03-06 20:30:00,2020-03-06 22:44:40,2020-03-06 20:44:40,1.13198,1.13062,1.13063,1.13441,-0.9333333333333333,LOSS,14.666666666666666,TREND,NY_LATE,HIGH,MID,STOP_LEVEL
2020-03-09 16:30:00,OPEN,SELL,1.08,1.14186,EURUSD,78,211.0,244.08,78,0.0,-4.32,0.0,0.0,-4.32,0,2020-03-09 17:00:31,1.14397,-232.2,2020-03-09 16:30:00,2020-03-09 13:30:00,PRIMARY_TICK_LONDON,1,TREND_SHORT,ORDER_ACCEPTED,23.833725,0.00259,45.405608,1.14205,0.00219,1.14187,0.00225,2020.03.09 08:00:00,2020.03.09 16:10:00,2020.03.09 16:25:00,1.14249,1.14185,1.14202,1.14186,1.14397,1.13806,2.3,0.8,-1,2020-03-09 16:30:00,2020-03-09 13:30:00,2020-03-09 17:00:31,2020-03-09 14:00:31,1.14186,1.14397,1.14397,1.13806,-0.9513274336283185,LOSS,30.516666666666666,TREND,LONDON_NY_OVERLAP,HIGH,HIGH,STOP_LEVEL
2020-03-10 13:00:00,OPEN,BUY,1.58,1.13534,EURUSD,80,139.0,243.32,80,0.0,-6.32,0.0,0.0,-6.32,0,2020-03-10 14:08:41,1.13785,390.26,2020-03-10 13:00:00,2020-03-10 10:00:00,PRIMARY_TICK_LONDON,1,TREND_LONG,ORDER_ACCEPTED,31.24805,0.00081,49.551765,1.13517,0.00071,1.13518,0.00072,2020.03.10 08:00:00,2020.03.10 12:45:00,2020.03.10 13:00:00,1.13446,1.13527,1.1352,1.13534,1.13395,1.13784,2.3,0.8,1,2020-03-10 13:00:00,2020-03-10 10:00:00,2020-03-10 14:08:41,2020-03-10 11:08:41,1.13534,1.13785,1.13395,1.13784,1.603896103896104,WIN,68.68333333333334,TREND,LONDON_EARLY,HIGH,HIGH,TARGET_LEVEL
2020-03-10 16:30:00,OPEN,SELL,1.74,1.13585,EURUSD,82,126.0,245.34,82,0.0,-6.96,0.0,0.0,-6.96,0,2020-03-10 16:42:37,1.13711,-226.20000000000002,2020-03-10 16:30:00,2020-03-10 13:30:00,PRIMARY_TICK_LONDON,1,TREND_SHORT,ORDER_ACCEPTED,26.763826,0.00101,39.769956,1.13648,0.0013,1.13627,0.0013,2020.03.10 08:00:00,2020.03.10 16:00:00,2020.03.10 16:15:00,1.13615,1.13585,1.13649,1.13585,1.13711,1.13358,2.3,0.8,-1,2020-03-10 16:30:00,2020-03-10 13:30:00,2020-03-10 16:42:37,2020-03-10 13:42:37,1.13585,1.13711,1.13711,1.13358,-0.921985815602837,LOSS,12.616666666666667,TREND,LONDON_NY_OVERLAP,HIGH,HIGH,STOP_LEVEL
2020-03-11 12:50:00,OPEN,BUY,2.07,1.13227,EURUSD,84,103.0,244.26,84,0.0,-8.28,0.0,0.0,-8.28,0,2020-03-11 14:10:12,1.13412,374.67,2020-03-11 12:50:00,2020-03-11 09:50:00,PRIMARY_TICK_LONDON,1,TREND_LONG,ORDER_ACCEPTED,23.226768,0.00072,54.190979,1.13167,0.00063,1.13164,0.00059,2020.03.11 08:00:00,2020.03.11 12:30:00,2020.03.11 12:45:00,1.13195,1.13204,1.13154,1.13227,1.13124,1.13412,1.6,0.1,1,2020-03-11 12:50:00,2020-03-11 09:50:00,2020-03-11 14:10:12,2020-03-11 11:10:12,1.13227,1.13412,1.13124,1.13412,1.533898305084746,WIN,80.2,TREND,LONDON_EARLY,MID,HIGH,TARGET_LEVEL
2020-03-12 14:30:00,OPEN,SELL,0.57,1.12129,EURUSD,86,414.0,244.53,86,0.0,-2.28,0.0,0.0,-2.28,0,2020-03-12 14:45:31,1.12548,-241.11,2020-03-12 14:30:00,2020-03-12 11:30:00,PRIMARY_TICK_LONDON,1,TREND_SHORT,ORDER_ACCEPTED,26.306928,0.00129,37.46393,1.12384,0.00143,1.12397,0.00155,2020.03.12 08:00:00,2020.03.12 14:05:00,2020.03.12 14:20:00,1.12329,1.12138,1.12382,1.12129,1.12543,1.11384,1.9,0.4,-1,2020-03-12 14:30:00,2020-03-12 11:30:00,2020-03-12 14:45:31,2020-03-12 11:45:31,1.12129,1.12548,1.12543,1.11384,-0.986013986013986,LOSS,15.516666666666667,TREND,LONDON_EARLY,HIGH,HIGH,NON_LEVEL_FINAL_CLOSE
2020-03-16 14:40:00,OPEN,SELL,0.75,1.11676,EURUSD,88,309.0,243.0,88,0.0,-3.0,0.0,0.0,-3.0,0,2020-03-16 15:32:40,1.11119,414.75,2020-03-16 14:40:00,2020-03-16 11:40:00,PRIMARY_TICK_LONDON,1,TREND_SHORT,ORDER_ACCEPTED,20.165904,0.00142,43.780673,1.11873,0.00212,1.11857,0.00204,2020.03.16 08:00:00,2020.03.16 13:30:00,2020.03.16 13:45:00,1.11826,1.11822,1.11882,1.11676,1.11985,1.1112,1.6,0.1,-1,2020-03-16 14:40:00,2020-03-16 11:40:00,2020-03-16 15:32:40,2020-03-16 12:32:40,1.11676,1.11119,1.11985,1.1112,1.7067901234567902,WIN,52.666666666666664,TREND,LONDON_EARLY,HIGH,HIGH,TARGET_LEVEL
2020-03-18 13:00:00,OPEN,SELL,1.81,1.1,EURUSD,90,121.0,246.16,90,0.0,-7.24,0.0,0.0,-7.24,0,2020-03-18 13:15:30,1.09782,387.34,2020-03-18 13:00:00,2020-03-18 10:00:00,PRIMARY_TICK_LONDON,1,TREND_SHORT,ORDER_ACCEPTED,22.401378,0.00121,49.751876,1.10002,0.00108,1.09992,0.00111,2020.03.18 08:00:00,2020.03.18 12:45:00,2020.03.18 13:00:00,1.10039,1.1,1.10005,1.1,1.10121,1.09782,1.7,0.2,-1,2020-03-18 13:00:00,2020-03-18 10:00:00,2020-03-18 13:15:30,2020-03-18 10:15:30,1.1,1.09782,1.10121,1.09782,1.5735294117647058,WIN,15.5,TREND,LONDON_EARLY,HIGH,HIGH,TARGET_LEVEL
2020-03-18 22:40:00,OPEN,SELL,1.83,1.09028,EURUSD,92,120.0,247.05,92,0.0,-7.32,0.0,0.0,-7.32,0,2020-03-18 22:55:25,1.09153,-236.07,2020-03-18 22:40:00,2020-03-18 19:40:00,PRIMARY_TICK_LONDON,1,TREND_SHORT,ORDER_ACCEPTED,50.226596,0.00084,59.802047,1.09099,0.00634,1.09112,0.0062,2020.03.18 08:00:00,2020.03.18 22:10:00,2020.03.18 22:25:00,1.09071,1.09057,1.09098,1.09028,1.09148,1.08812,1.6,0.1,-1,2020-03-18 22:40:00,2020-03-18 19:40:00,2020-03-18 22:55:25,2020-03-18 19:55:25,1.09028,1.09153,1.09148,1.08812,-0.9555555555555555,LOSS,15.416666666666666,TREND,NY_LATE,MID,HIGH,NON_LEVEL_FINAL_CLOSE
2020-03-23 13:15:00,OPEN,SELL,1.2,1.06819,EURUSD,94,190.0,246.0,94,0.0,-4.8,0.0,0.0,-4.8,0,2020-03-23 14:00:28,1.07009,-232.8,2020-03-23 13:15:00,2020-03-23 10:15:00,PRIMARY_TICK_LONDON,1,TREND_SHORT,ORDER_ACCEPTED,32.728037,0.00098,46.164017,1.06853,0.00094,1.06839,0.00092,2020.03.23 08:00:00,2020.03.23 12:55:00,2020.03.23 13:10:00,1.06918,1.06819,1.06849,1.06819,1.07009,1.06477,1.6,0.1,-1,2020-03-23 13:15:00,2020-03-23 10:15:00,2020-03-23 14:00:28,2020-03-23 11:00:28,1.06819,1.07009,1.07009,1.06477,-0.9463414634146342,LOSS,45.46666666666667,TREND,LONDON_EARLY,HIGH,HIGH,STOP_LEVEL
2020-03-23 20:25:00,OPEN,BUY,1.72,1.07495,EURUSD,96,128.0,245.96,96,0.0,-6.88,0.0,0.0,-6.88,0,2020-03-23 20:37:21,1.07367,-227.04,2020-03-23 20:25:00,2020-03-23 17:25:00,PRIMARY_TICK_LONDON,1,TREND_LONG,ORDER_ACCEPTED,29.293409,0.00118,46.528199,1.07457,0.00408,1.07402,0.00437,2020.03.23 08:00:00,2020.03.23 20:05:00,2020.03.23 20:20:00,1.07447,1.07477,1.07452,1.07495,1.07367,1.07725,1.7,0.2,1,2020-03-23 20:25:00,2020-03-23 17:25:00,2020-03-23 20:37:21,2020-03-23 17:37:21,1.07495,1.07367,1.07367,1.07725,-0.923076923076923,LOSS,12.35,TREND,NY_LATE,HIGH,HIGH,STOP_LEVEL
2020-03-24 15:30:00,OPEN,BUY,1.13,1.08438,EURUSD,98,201.0,244.08,98,0.0,-4.52,0.0,0.0,-4.52,0,2020-03-24 15:36:39,1.08236,-232.78,2020-03-24 15:30:00,2020-03-24 12:30:00,PRIMARY_TICK_LONDON,1,TREND_LONG,ORDER_ACCEPTED,24.583064,0.00142,52.468155,1.08438,0.00192,1.08465,0.00194,2020.03.24 08:00:00,2020.03.24 14:55:00,2020.03.24 15:10:00,1.0834,1.08443,1.08436,1.08438,1.08237,1.088,1.6,0.1,1,2020-03-24 15:30:00,2020-03-24 12:30:00,2020-03-24 15:36:39,2020-03-24 12:36:39,1.08438,1.08236,1.08237,1.088,-0.9537037037037036,LOSS,6.65,TREND,LONDON_NY_OVERLAP,HIGH,HIGH,STOP_LEVEL
2020-03-25 15:15:00,OPEN,BUY,1.62,1.08276,EURUSD,100,136.0,244.62,100,0.0,-6.48,0.0,0.0,-6.48,0,2020-03-25 15:42:00,1.0814,-226.79999999999998,2020-03-25 15:15:00,2020-03-25 12:15:00,PRIMARY_TICK_LONDON,1,TREND_LONG,ORDER_ACCEPTED,29.975973,0.00101,59.791117,1.08232,0.0013,1.0824,0.00128,2020.03.25 08:00:00,2020.03.25 14:35:00,2020.03.25 14:50:00,1.08141,1.08274,1.08238,1.08276,1.0814,1.08521,1.6,0.1,1,2020-03-25 15:15:00,2020-03-25 12:15:00,2020-03-25 15:42:00,2020-03-25 12:42:00,1.08276,1.0814,1.0814,1.08521,-0.9271523178807947,LOSS,27.0,TREND,LONDON_NY_OVERLAP,HIGH,HIGH,STOP_LEVEL
2020-03-27 12:15:00,OPEN,SELL,1.6,1.10007,EURUSD,102,137.0,243.2,102,0.0,-6.4,0.0,0.0,-6.4,0,2020-03-27 12:47:38,1.10144,-225.6,2020-03-27 12:15:00,2020-03-27 09:15:00,PRIMARY_TICK_LONDON,1,TREND_SHORT,ORDER_ACCEPTED,19.103924,0.00106,39.912694,1.10069,0.00047,1.1007,0.00047,2020.03.27 08:00:00,2020.03.27 11:50:00,2020.03.27 12:05:00,1.10058,1.10009,1.10055,1.10007,1.10144,1.0976,1.7,0.2,-1,2020-03-27 12:15:00,2020-03-27 09:15:00,2020-03-27 12:47:38,2020-03-27 09:47:38,1.10007,1.10144,1.10144,1.0976,-0.9276315789473685,LOSS,32.63333333333333,TREND,LONDON_EARLY,HIGH,HIGH,STOP_LEVEL
2020-03-27 16:30:00,OPEN,SELL,1.66,1.09905,EURUSD,104,132.0,244.02,104,0.0,-6.64,0.0,0.0,-6.64,0,2020-03-27 16:54:34,1.10038,-227.42,2020-03-27 16:30:00,2020-03-27 13:30:00,PRIMARY_TICK_LONDON,1,TREND_SHORT,ORDER_ACCEPTED,32.34619,0.00107,51.926104,1.09987,0.00178,1.09995,0.00176,2020.03.27 08:00:00,2020.03.27 16:10:00,2020.03.27 16:25:00,1.09969,1.09905,1.09983,1.09905,1.10037,1.09667,1.6,0.1,-1,2020-03-27 16:30:00,2020-03-27 13:30:00,2020-03-27 16:54:34,2020-03-27 13:54:34,1.09905,1.10038,1.10037,1.09667,-0.9319727891156462,LOSS,24.566666666666666,TREND,LONDON_NY_OVERLAP,HIGH,HIGH,STOP_LEVEL
2020-04-01 22:25:00,OPEN,BUY,2.15,1.09402,EURUSD,106,98.0,242.95,106,0.0,-8.6,0.0,0.0,-8.6,0,2020-04-01 22:44:06,1.09578,369.79999999999995,2020-04-01 22:25:00,2020-04-01 19:25:00,PRIMARY_TICK_LONDON,1,TREND_LONG,ORDER_ACCEPTED,30.820299,0.00056,63.513041,1.09368,0.00165,1.09353,0.00154,2020.04.01 07:00:00,2020.04.01 22:00:00,2020.04.01 22:15:00,1.09345,1.09382,1.09369,1.09402,1.09304,1.09578,1.6,0.1,1,2020-04-01 22:25:00,2020-04-01 19:25:00,2020-04-01 22:44:06,2020-04-01 19:44:06,1.09402,1.09578,1.09304,1.09578,1.5221238938053097,WIN,19.1,TREND,NY_LATE,MID,MID,TARGET_LEVEL
2020-04-03 11:30:00,OPEN,BUY,2.03,1.08045,EURUSD,108,105.0,243.6,108,0.0,-8.12,0.0,0.0,-8.12,0,2020-04-03 12:03:40,1.07936,-229.39000000000001,2020-04-03 11:30:00,2020-04-03 08:30:00,PRIMARY_TICK_LONDON,1,TREND_LONG,ORDER_ACCEPTED,31.289989,0.00079,42.621218,1.08036,0.00096,1.08029,0.00088,2020.04.03 07:00:00,2020.04.03 11:00:00,2020.04.03 11:15:00,1.07991,1.08042,1.08031,1.08045,1.0794,1.08234,1.7,0.2,1,2020-04-03 11:30:00,2020-04-03 08:30:00,2020-04-03 12:03:40,2020-04-03 09:03:40,1.08045,1.07936,1.0794,1.08234,-0.9416666666666668,LOSS,33.666666666666664,TREND,LONDON_EARLY,MID,HIGH,NON_LEVEL_FINAL_CLOSE
2020-04-03 16:30:00,OPEN,BUY,1.54,1.07979,EURUSD,110,143.0,243.32,110,0.0,-6.16,0.0,0.0,-6.16,0,2020-04-03 16:41:59,1.07835,-227.92,2020-04-03 16:30:00,2020-04-03 13:30:00,PRIMARY_TICK_LONDON,1,TREND_LONG,ORDER_ACCEPTED,28.815819,0.00124,54.649806,1.0797,0.00093,1.0798,0.00089,2020.04.03 07:00:00,2020.04.03 16:00:00,2020.04.03 16:15:00,1.07878,1.07979,1.07967,1.07979,1.07836,1.08236,1.6,0.1,1,2020-04-03 16:30:00,2020-04-03 13:30:00,2020-04-03 16:41:59,2020-04-03 13:41:59,1.07979,1.07835,1.07836,1.08236,-0.9367088607594937,LOSS,11.983333333333333,TREND,LONDON_NY_OVERLAP,HIGH,HIGH,STOP_LEVEL
2020-04-06 15:10:00,OPEN,SELL,2.13,1.0799,EURUSD,112,99.0,242.82,112,0.0,-8.52,0.0,0.0,-8.52,0,2020-04-06 15:45:38,1.07811,372.75,2020-04-06 15:10:00,2020-04-06 12:10:00,PRIMARY_TICK_LONDON,1,TREND_SHORT,ORDER_ACCEPTED,24.574642,0.00071,47.451253,1.08047,0.00093,1.08052,0.00089,2020.04.06 07:00:00,2020.04.06 14:15:00,2020.04.06 14:30:00,1.07998,1.07991,1.08052,1.0799,1.08089,1.07812,1.7,0.2,-1,2020-04-06 15:10:00,2020-04-06 12:10:00,2020-04-06 15:45:38,2020-04-06 12:45:38,1.0799,1.07811,1.08089,1.07812,1.5350877192982457,WIN,35.63333333333333,TREND,LONDON_NY_OVERLAP,MID,HIGH,TARGET_LEVEL
2020-04-06 17:00:00,OPEN,BUY,1.48,1.08023,EURUSD,114,150.0,244.2,114,0.0,-5.92,0.0,0.0,-5.92,0,2020-04-06 17:45:26,1.07873,-227.92,2020-04-06 17:00:00,2020-04-06 14:00:00,PRIMARY_TICK_LONDON,1,TREND_LONG,ORDER_ACCEPTED,31.884953,0.00076,62.370468,1.08003,0.00113,1.08005,0.00113,2020.04.06 07:00:00,2020.04.06 16:35:00,2020.04.06 16:50:00,1.07884,1.08023,1.08002,1.08023,1.07873,1.08293,1.6,0.1,1,2020-04-06 17:00:00,2020-04-06 14:00:00,2020-04-06 17:45:26,2020-04-06 14:45:26,1.08023,1.07873,1.07873,1.08293,-0.9333333333333333,LOSS,45.43333333333333,TREND,LONDON_NY_OVERLAP,HIGH,HIGH,STOP_LEVEL
2020-04-07 11:35:00,OPEN,SELL,1.57,1.08581,EURUSD,116,140.0,243.35,116,0.0,-6.28,0.0,0.0,-6.28,0,2020-04-07 12:06:03,1.08722,-227.65,2020-04-07 11:35:00,2020-04-07 08:35:00,PRIMARY_TICK_LONDON,1,TREND_SHORT,ORDER_ACCEPTED,23.950647,0.00074,48.781603,1.08682,0.0005,1.08682,0.00047,2020.04.07 07:00:00,2020.04.07 10:55:00,2020.04.07 11:10:00,1.0869,1.08689,1.08697,1.08581,1.08721,1.08329,1.8,0.3,-1,2020-04-07 11:35:00,2020-04-07 08:35:00,2020-04-07 12:06:03,2020-04-07 09:06:03,1.08581,1.08722,1.08721,1.08329,-0.935483870967742,LOSS,31.05,TREND,LONDON_EARLY,HIGH,HIGH,STOP_LEVEL
2020-04-07 12:15:00,OPEN,BUY,2.43,1.08689,EURUSD,118,85.0,243.0,118,0.0,-9.72,0.0,0.0,-9.72,0,2020-04-07 12:42:36,1.08603,-218.7,2020-04-07 12:15:00,2020-04-07 09:15:00,PRIMARY_TICK_LONDON,1,TREND_LONG,ORDER_ACCEPTED,23.436696,0.00066,57.797847,1.08671,0.00052,1.08668,0.0005,2020.04.07 07:00:00,2020.04.07 11:40:00,2020.04.07 11:55:00,1.08642,1.08686,1.08682,1.08689,1.08604,1.08842,1.8,0.3,1,2020-04-07 12:15:00,2020-04-07 09:15:00,2020-04-07 12:42:36,2020-04-07 09:42:36,1.08689,1.08603,1.08604,1.08842,-0.8999999999999999,LOSS,27.6,TREND,LONDON_EARLY,MID,MID,STOP_LEVEL
2020-04-07 18:15:00,OPEN,BUY,1.97,1.08883,EURUSD,120,108.0,242.31,120,0.0,-7.88,0.0,0.0,-7.88,0,2020-04-07 19:31:36,1.09078,376.27,2020-04-07 18:15:00,2020-04-07 15:15:00,PRIMARY_TICK_LONDON,1,TREND_LONG,ORDER_ACCEPTED,31.922331,0.00083,39.626468,1.08857,0.00183,1.0884,0.00179,2020.04.07 07:00:00,2020.04.07 18:00:00,2020.04.07 18:15:00,1.08828,1.08882,1.08859,1.08883,1.08775,1.09077,1.6,0.1,1,2020-04-07 18:15:00,2020-04-07 15:15:00,2020-04-07 19:31:36,2020-04-07 16:31:36,1.08883,1.09078,1.08775,1.09077,1.5528455284552845,WIN,76.6,TREND,NY_LATE,MID,HIGH,TARGET_LEVEL
2020-04-08 11:15:00,OPEN,SELL,2.29,1.0853,EURUSD,122,91.0,242.74,122,0.0,-9.16,0.0,0.0,-9.16,0,2020-04-08 12:03:28,1.08621,-217.54999999999998,2020-04-08 11:15:00,2020-04-08 08:15:00,PRIMARY_TICK_LONDON,1,TREND_SHORT,ORDER_ACCEPTED,19.091343,0.00068,47.123623,1.08555,0.00042,1.08554,0.00039,2020.04.08 07:00:00,2020.04.08 10:55:00,2020.04.08 11:10:00,1.08582,1.0853,1.08557,1.0853,1.08621,1.08366,1.7,0.2,-1,2020-04-08 11:15:00,2020-04-08 08:15:00,2020-04-08 12:03:28,2020-04-08 09:03:28,1.0853,1.08621,1.08621,1.08366,-0.8962264150943395,LOSS,48.46666666666667,TREND,LONDON_EARLY,MID,MID,STOP_LEVEL
2020-04-08 18:25:00,OPEN,BUY,2.18,1.08738,EURUSD,124,96.0,241.98,124,0.0,-8.72,0.0,0.0,-8.72,0,2020-04-08 18:51:23,1.08642,-218.0,2020-04-08 18:25:00,2020-04-08 15:25:00,PRIMARY_TICK_LONDON,1,TREND_LONG,ORDER_ACCEPTED,20.659747,0.00067,49.010864,1.08684,0.001,1.08686,0.001,2020.04.08 07:00:00,2020.04.08 17:55:00,2020.04.08 18:10:00,1.08649,1.08696,1.08682,1.08738,1.08642,1.08911,1.7,0.2,1,2020-04-08 18:25:00,2020-04-08 15:25:00,2020-04-08 18:51:23,2020-04-08 15:51:23,1.08738,1.08642,1.08642,1.08911,-0.9009009009009009,LOSS,26.383333333333333,TREND,NY_LATE,MID,MID,STOP_LEVEL
2020-04-15 18:10:00,OPEN,SELL,2.49,1.09015,EURUSD,126,82.0,241.53,126,0.0,-9.96,0.0,0.0,-9.96,0,2020-04-15 18:29:29,1.09098,-216.63,2020-04-15 18:10:00,2020-04-15 15:10:00,PRIMARY_TICK_LONDON,1,TREND_SHORT,ORDER_ACCEPTED,54.917072,0.00075,63.079336,1.09067,0.00275,1.09109,0.00268,2020.04.15 07:00:00,2020.04.15 17:45:00,2020.04.15 18:00:00,1.0903,1.09041,1.09068,1.09015,1.09097,1.08867,1.6,0.1,-1,2020-04-15 18:10:00,2020-04-15 15:10:00,2020-04-15 18:29:29,2020-04-15 15:29:29,1.09015,1.09098,1.09097,1.08867,-0.8969072164948453,LOSS,19.483333333333334,TREND,NY_LATE,LOW,HIGH,STOP_LEVEL
2020-04-15 18:30:00,OPEN,BUY,1.66,1.09136,EURUSD,128,130.0,240.7,128,0.0,-6.64,0.0,0.0,-6.64,0,2020-04-15 20:10:00,1.09169,48.14,2020-04-15 18:30:00,2020-04-15 15:30:00,PRIMARY_TICK_LONDON,1,TREND_LONG,ORDER_ACCEPTED,54.199113,0.00078,68.95573,1.09066,0.00268,1.09107,0.00263,2020.04.15 07:00:00,2020.04.15 17:05:00,2020.04.15 17:20:00,1.08961,1.09134,1.09067,1.09136,1.09006,1.0937,1.7,0.2,1,2020-04-15 18:30:00,2020-04-15 15:30:00,2020-04-15 20:10:00,2020-04-15 17:10:00,1.09136,1.09169,1.09006,1.0937,0.2,WIN,100.0,TREND,NY_LATE,HIGH,HIGH,NON_LEVEL_FINAL_CLOSE
2020-04-16 17:05:00,OPEN,SELL,2.24,1.0878,EURUSD,130,93.0,241.92,130,0.0,-8.96,0.0,0.0,-8.96,0,2020-04-16 17:10:42,1.08876,-224.0,2020-04-16 17:05:00,2020-04-16 14:05:00,PRIMARY_TICK_LONDON,1,TREND_SHORT,ORDER_ACCEPTED,21.826359,0.00064,45.325896,1.08792,0.00079,1.08787,0.00074,2020.04.16 07:00:00,2020.04.16 16:30:00,2020.04.16 16:45:00,1.08785,1.08787,1.0879,1.0878,1.08873,1.08613,1.6,0.1,-1,2020-04-16 17:05:00,2020-04-16 14:05:00,2020-04-16 17:10:42,2020-04-16 14:10:42,1.0878,1.08876,1.08873,1.08613,-0.9259259259259259,LOSS,5.7,TREND,LONDON_NY_OVERLAP,MID,MID,STOP_LEVEL
2020-04-21 12:30:00,OPEN,BUY,2.08,1.08407,EURUSD,132,101.0,241.28,132,0.0,-8.32,0.0,0.0,-8.32,0,2020-04-21 12:58:38,1.08306,-218.4,2020-04-21 12:30:00,2020-04-21 09:30:00,PRIMARY_TICK_LONDON,1,TREND_LONG,ORDER_ACCEPTED,27.015283,0.00058,56.774855,1.08347,0.00054,1.08343,0.00056,2020.04.21 07:00:00,2020.04.21 11:00:00,2020.04.21 11:15:00,1.08339,1.08406,1.08348,1.08407,1.08306,1.08589,1.6,0.1,1,2020-04-21 12:30:00,2020-04-21 09:30:00,2020-04-21 12:58:38,2020-04-21 09:58:38,1.08407,1.08306,1.08306,1.08589,-0.9051724137931034,LOSS,28.633333333333333,TREND,LONDON_EARLY,MID,MID,STOP_LEVEL
2020-04-23 14:15:00,OPEN,BUY,1.22,1.07921,EURUSD,134,181.0,239.12,134,0.0,-4.88,0.0,0.0,-4.88,0,2020-04-23 14:46:02,1.0774,-225.7,2020-04-23 14:15:00,2020-04-23 11:15:00,PRIMARY_TICK_LONDON,1,TREND_LONG,ORDER_ACCEPTED,34.33793,0.0007,60.868792,1.07872,0.00128,1.07869,0.00125,2020.04.23 07:00:00,2020.04.23 13:40:00,2020.04.23 13:55:00,1.0774,1.07919,1.07876,1.07921,1.0774,1.08247,1.7,0.2,1,2020-04-23 14:15:00,2020-04-23 11:15:00,2020-04-23 14:46:02,2020-04-23 11:46:02,1.07921,1.0774,1.0774,1.08247,-0.943877551020408,LOSS,31.033333333333335,TREND,LONDON_NY_OVERLAP,HIGH,HIGH,STOP_LEVEL
2020-04-23 20:20:00,OPEN,SELL,1.05,1.07808,EURUSD,136,212.0,238.35,136,0.0,-4.2,0.0,0.0,-4.2,0,2020-04-23 22:00:00,1.07854,-52.5,2020-04-23 20:20:00,2020-04-23 17:20:00,PRIMARY_TICK_LONDON,1,TREND_SHORT,ORDER_ACCEPTED,26.627324,0.0006,26.024809,1.07989,0.00201,1.07962,0.0019,2020.04.23 07:00:00,2020.04.23 19:45:00,2020.04.23 20:00:00,1.08013,1.07989,1.07998,1.07808,1.0802,1.07426,1.6,0.1,-1,2020-04-23 20:20:00,2020-04-23 17:20:00,2020-04-23 22:00:00,2020-04-23 19:00:00,1.07808,1.07854,1.0802,1.07426,-0.22026431718061676,LOSS,100.0,TREND,NY_LATE,HIGH,MID,NON_LEVEL_FINAL_CLOSE
2020-04-27 11:25:00,OPEN,BUY,2.18,1.08469,EURUSD,138,95.0,239.8,138,0.0,-8.72,0.0,0.0,-8.72,0,2020-04-27 11:45:04,1.08371,-222.35999999999999,2020-04-27 11:25:00,2020-04-27 08:25:00,PRIMARY_TICK_LONDON,1,TREND_LONG,ORDER_ACCEPTED,28.489437,0.00056,55.059202,1.08416,0.0003,1.08413,0.00032,2020.04.27 07:00:00,2020.04.27 10:50:00,2020.04.27 11:05:00,1.08417,1.08427,1.08411,1.08469,1.08374,1.0864,1.6,0.1,1,2020-04-27 11:25:00,2020-04-27 08:25:00,2020-04-27 11:45:04,2020-04-27 08:45:04,1.08469,1.08371,1.08374,1.0864,-0.9272727272727271,LOSS,20.066666666666666,TREND,LONDON_EARLY,MID,MID,STOP_LEVEL
2020-04-27 14:30:00,OPEN,SELL,2.26,1.08389,EURUSD,140,91.0,239.56,140,0.0,-9.04,0.0,0.0,-9.04,0,2020-04-27 14:55:32,1.0848,-214.7,2020-04-27 14:30:00,2020-04-27 11:30:00,PRIMARY_TICK_LONDON,1,TREND_SHORT,ORDER_ACCEPTED,32.647471,0.00061,41.870562,1.0845,0.00051,1.08451,0.00051,2020.04.27 07:00:00,2020.04.27 13:40:00,2020.04.27 13:55:00,1.08474,1.08389,1.08449,1.08389,1.0848,1.08225,1.6,0.1,-1,2020-04-27 14:30:00,2020-04-27 11:30:00,2020-04-27 14:55:32,2020-04-27 11:55:32,1.08389,1.0848,1.0848,1.08225,-0.8962264150943395,LOSS,25.533333333333335,TREND,LONDON_NY_OVERLAP,MID,MID,STOP_LEVEL
2020-04-29 11:30:00,OPEN,BUY,2.59,1.08693,EURUSD,142,77.0,238.28,142,0.0,-10.36,0.0,0.0,-10.36,0,2020-04-29 12:39:39,1.08615,-212.38,2020-04-29 11:30:00,2020-04-29 08:30:00,PRIMARY_TICK_LONDON,1,TREND_LONG,ORDER_ACCEPTED,27.178337,0.00058,60.174115,1.0864,0.00039,1.08644,0.00038,2020.04.29 07:00:00,2020.04.29 11:10:00,2020.04.29 11:25:00,1.08684,1.08692,1.08635,1.08693,1.08616,1.08832,1.6,0.1,1,2020-04-29 11:30:00,2020-04-29 08:30:00,2020-04-29 12:39:39,2020-04-29 09:39:39,1.08693,1.08615,1.08616,1.08832,-0.8913043478260869,LOSS,69.65,TREND,LONDON_EARLY,LOW,MID,STOP_LEVEL
2020-05-01 11:20:00,OPEN,BUY,1.95,1.09667,EURUSD,144,107.0,237.9,144,0.0,-7.8,0.0,0.0,-7.8,0,2020-05-01 12:29:16,1.0986,368.55,2020-05-01 11:20:00,2020-05-01 08:20:00,PRIMARY_TICK_LONDON,1,TREND_LONG,ORDER_ACCEPTED,26.029065,0.00062,62.790967,1.09598,0.00047,1.09594,0.00047,2020.05.01 07:00:00,2020.05.01 10:30:00,2020.05.01 10:45:00,1.09595,1.09643,1.09598,1.09667,1.0956,1.0986,1.6,0.1,1,2020-05-01 11:20:00,2020-05-01 08:20:00,2020-05-01 12:29:16,2020-05-01 09:29:16,1.09667,1.0986,1.0956,1.0986,1.5491803278688525,WIN,69.26666666666667,TREND,LONDON_EARLY,MID,MID,TARGET_LEVEL
2020-05-04 13:30:00,OPEN,BUY,2.37,1.09402,EURUSD,146,86.0,239.37,146,0.0,-9.48,0.0,0.0,-9.48,0,2020-05-04 13:55:48,1.09316,-213.29999999999998,2020-05-04 13:30:00,2020-05-04 10:30:00,PRIMARY_TICK_LONDON,1,TREND_LONG,ORDER_ACCEPTED,24.897795,0.00052,53.909712,1.09353,0.00046,1.09356,0.00046,2020.05.04 07:00:00,2020.05.04 13:00:00,2020.05.04 13:15:00,1.09387,1.094,1.09359,1.09402,1.09316,1.09557,1.6,0.1,1,2020-05-04 13:30:00,2020-05-04 10:30:00,2020-05-04 13:55:48,2020-05-04 10:55:48,1.09402,1.09316,1.09316,1.09557,-0.891089108910891,LOSS,25.8,TREND,LONDON_EARLY,MID,MID,STOP_LEVEL
2020-05-04 17:35:00,OPEN,BUY,2.95,1.09109,EURUSD,148,66.0,238.95,148,0.0,-11.8,0.0,0.0,-11.8,0,2020-05-04 17:46:03,1.09043,-206.5,2020-05-04 17:35:00,2020-05-04 14:35:00,PRIMARY_TICK_LONDON,0,RANGE_LONG,ORDER_ACCEPTED,19.015539,0.00066,33.629578,1.09328,0.00075,1.09335,0.00068,2020.05.04 07:00:00,1970.01.01 00:00:00,1970.01.01 00:00:00,0.0,0.0,0.0,1.09109,1.09043,1.09328,1.6,0.1,1,2020-05-04 17:35:00,2020-05-04 14:35:00,2020-05-04 17:46:03,2020-05-04 14:46:03,1.09109,1.09043,1.09043,1.09328,-0.8641975308641976,LOSS,11.05,RANGE,LONDON_NY_OVERLAP,LOW,MID,STOP_LEVEL
2020-05-04 17:50:00,OPEN,BUY,2.87,1.09083,EURUSD,150,68.0,238.21,150,0.0,-11.48,0.0,0.0,-11.48,0,2020-05-04 18:13:39,1.09015,-206.64,2020-05-04 17:50:00,2020-05-04 14:50:00,PRIMARY_TICK_LONDON,0,RANGE_LONG,ORDER_ACCEPTED,21.177161,0.00068,32.578778,1.09318,0.00087,1.09327,0.0008,2020.05.04 07:00:00,1970.01.01 00:00:00,1970.01.01 00:00:00,0.0,0.0,0.0,1.09083,1.09015,1.09318,1.6,0.1,1,2020-05-04 17:50:00,2020-05-04 14:50:00,2020-05-04 18:13:39,2020-05-04 15:13:39,1.09083,1.09015,1.09015,1.09318,-0.8674698795180722,LOSS,23.65,RANGE,LONDON_NY_OVERLAP,LOW,HIGH,STOP_LEVEL
2020-05-07 14:00:00,OPEN,SELL,2.61,1.07917,EURUSD,152,76.0,237.51,152,0.0,-10.44,0.0,0.0,-10.44,0,2020-05-07 15:22:27,1.07776,357.57,2020-05-07 14:00:00,2020-05-07 11:00:00,PRIMARY_TICK_LONDON,1,TREND_SHORT,ORDER_ACCEPTED,25.881159,0.0006,49.765597,1.07957,0.00076,1.07951,0.00072,2020.05.07 07:00:00,2020.05.07 13:00:00,2020.05.07 13:15:00,1.07917,1.07917,1.07957,1.07917,1.07993,1.0778,1.6,0.1,-1,2020-05-07 14:00:00,2020-05-07 11:00:00,2020-05-07 15:22:27,2020-05-07 12:22:27,1.07917,1.07776,1.07993,1.0778,1.5054945054945055,WIN,82.45,TREND,LONDON_NY_OVERLAP,LOW,MID,NON_LEVEL_FINAL_CLOSE
2020-05-07 18:45:00,OPEN,BUY,1.75,1.07947,EURUSD,154,121.0,238.0,154,0.0,-7.0,0.0,0.0,-7.0,0,2020-05-07 19:31:35,1.08165,374.5,2020-05-07 18:45:00,2020-05-07 15:45:00,PRIMARY_TICK_LONDON,1,TREND_LONG,ORDER_ACCEPTED,34.647972,0.00066,62.025227,1.07893,0.00092,1.07898,0.00084,2020.05.07 07:00:00,2020.05.07 17:50:00,2020.05.07 18:05:00,1.0782,1.07946,1.07896,1.07947,1.07826,1.08165,1.6,0.1,1,2020-05-07 18:45:00,2020-05-07 15:45:00,2020-05-07 19:31:35,2020-05-07 16:31:35,1.07947,1.08165,1.07826,1.08165,1.5735294117647058,WIN,46.583333333333336,TREND,NY_LATE,HIGH,MID,TARGET_LEVEL
2020-05-07 22:35:00,OPEN,SELL,3.57,1.0831,EURUSD,156,52.0,239.19,156,0.0,-14.28,0.0,0.0,-14.28,0,2020-05-07 23:00:00,1.08294,42.839999999999996,2020-05-07 22:35:00,2020-05-07 19:35:00,PRIMARY_TICK_LONDON,0,RANGE_SHORT,ORDER_ACCEPTED,23.837453,0.00034,64.04936,1.0797,0.00157,1.07989,0.00162,2020.05.07 07:00:00,1970.01.01 00:00:00,1970.01.01 00:00:00,0.0,0.0,0.0,1.0831,1.08362,1.0797,1.7,0.2,-1,2020-05-07 22:35:00,2020-05-07 19:35:00,2020-05-07 23:00:00,2020-05-07 20:00:00,1.0831,1.08294,1.08362,1.0797,0.1791044776119403,WIN,25.0,RANGE,NY_LATE,LOW,LOW,NON_LEVEL_FINAL_CLOSE
2020-05-11 13:20:00,OPEN,SELL,2.66,1.0819,EURUSD,158,75.0,239.4,158,0.0,-10.64,0.0,0.0,-10.64,0,2020-05-11 15:00:00,1.08145,109.06,2020-05-11 13:20:00,2020-05-11 10:20:00,PRIMARY_TICK_LONDON,1,TREND_SHORT,ORDER_ACCEPTED,25.773059,0.00047,43.968543,1.08245,0.00087,1.08249,0.00085,2020.05.11 07:00:00,2020.05.11 13:00:00,2020.05.11 13:15:00,1.08226,1.08201,1.08241,1.0819,1.08265,1.08055,1.6,0.1,-1,2020-05-11 13:20:00,2020-05-11 10:20:00,2020-05-11 15:00:00,2020-05-11 12:00:00,1.0819,1.08145,1.08265,1.08055,0.45555555555555555,WIN,100.0,TREND,LONDON_EARLY,LOW,LOW,NON_LEVEL_FINAL_CLOSE
2020-05-13 11:45:00,OPEN,SELL,2.72,1.084,EURUSD,160,73.0,239.36,160,0.0,-10.88,0.0,0.0,-10.88,0,2020-05-13 12:50:37,1.08474,-212.16,2020-05-13 11:45:00,2020-05-13 08:45:00,PRIMARY_TICK_LONDON,1,TREND_SHORT,ORDER_ACCEPTED,23.764693,0.00055,47.243853,1.08408,0.00042,1.0841,0.00042,2020.05.13 07:00:00,2020.05.13 11:20:00,2020.05.13 11:35:00,1.08412,1.084,1.08409,1.084,1.08473,1.08269,1.6,0.1,-1,2020-05-13 11:45:00,2020-05-13 08:45:00,2020-05-13 12:50:37,2020-05-13 09:50:37,1.084,1.08474,1.08473,1.08269,-0.8863636363636364,LOSS,65.61666666666666,TREND,LONDON_EARLY,LOW,MID,STOP_LEVEL
2020-05-14 19:05:00,OPEN,SELL,1.9,1.07959,EURUSD,162,111.0,239.4,162,0.0,-7.6,0.0,0.0,-7.6,0,2020-05-14 20:45:00,1.07842,214.70000000000002,2020-05-14 19:05:00,2020-05-14 16:05:00,PRIMARY_TICK_LONDON,1,TREND_SHORT,ORDER_ACCEPTED,23.916929,0.00066,45.691983,1.07988,0.001,1.07997,0.00101,2020.05.14 07:00:00,2020.05.14 18:10:00,2020.05.14 18:25:00,1.07982,1.07983,1.07991,1.07959,1.0807,1.07759,1.6,0.1,-1,2020-05-14 19:05:00,2020-05-14 16:05:00,2020-05-14 20:45:00,2020-05-14 17:45:00,1.07959,1.07842,1.0807,1.07759,0.8968253968253969,WIN,100.0,TREND,NY_LATE,MID,MID,NON_LEVEL_FINAL_CLOSE
2020-05-15 18:05:00,OPEN,SELL,2.35,1.08181,EURUSD,164,87.0,239.7,164,0.0,-9.4,0.0,0.0,-9.4,0,2020-05-15 19:45:00,1.08123,126.9,2020-05-15 18:05:00,2020-05-15 15:05:00,PRIMARY_TICK_LONDON,1,TREND_SHORT,ORDER_ACCEPTED,27.743208,0.00064,38.563381,1.08187,0.00144,1.08163,0.00132,2020.05.15 07:00:00,2020.05.15 17:35:00,2020.05.15 17:50:00,1.08253,1.08191,1.08193,1.08181,1.08268,1.08024,1.6,0.1,-1,2020-05-15 18:05:00,2020-05-15 15:05:00,2020-05-15 19:45:00,2020-05-15 16:45:00,1.08181,1.08123,1.08268,1.08024,0.5294117647058824,WIN,100.0,TREND,NY_LATE,MID,MID,NON_LEVEL_FINAL_CLOSE
2020-05-19 15:55:00,OPEN,BUY,2.58,1.09486,EURUSD,166,78.0,239.94,166,0.0,-10.32,0.0,0.0,-10.32,0,2020-05-19 16:04:36,1.09408,-211.56,2020-05-19 15:55:00,2020-05-19 12:55:00,PRIMARY_TICK_LONDON,1,TREND_LONG,ORDER_ACCEPTED,24.980349,0.00055,46.250194,1.09461,0.00119,1.09476,0.00115,2020.05.19 07:00:00,2020.05.19 14:55:00,2020.05.19 15:10:00,1.09466,1.09462,1.09461,1.09486,1.09408,1.09626,1.6,0.1,1,2020-05-19 15:55:00,2020-05-19 12:55:00,2020-05-19 16:04:36,2020-05-19 13:04:36,1.09486,1.09408,1.09408,1.09626,-0.8817204301075269,LOSS,9.6,TREND,LONDON_NY_OVERLAP,LOW,MID,STOP_LEVEL
2020-05-20 16:10:00,OPEN,SELL,3.15,1.09664,EURUSD,168,61.0,239.4,168,0.0,-12.6,0.0,0.0,-12.6,0,2020-05-20 16:14:03,1.09725,-204.75,2020-05-20 16:10:00,2020-05-20 13:10:00,PRIMARY_TICK_LONDON,0,RANGE_SHORT,ORDER_ACCEPTED,29.489626,0.00057,62.020862,1.0951,0.00077,1.09504,0.00075,2020.05.20 07:00:00,1970.01.01 00:00:00,1970.01.01 00:00:00,0.0,0.0,0.0,1.09664,1.09725,1.0951,1.7,0.2,-1,2020-05-20 16:10:00,2020-05-20 13:10:00,2020-05-20 16:14:03,2020-05-20 13:14:03,1.09664,1.09725,1.09725,1.0951,-0.8552631578947368,LOSS,4.05,RANGE,LONDON_NY_OVERLAP,LOW,MID,STOP_LEVEL
2020-05-21 11:30:00,OPEN,BUY,2.44,1.09695,EURUSD,170,83.0,239.12,170,0.0,-9.76,0.0,0.0,-9.76,0,2020-05-21 12:59:23,1.09611,-214.72,2020-05-21 11:30:00,2020-05-21 08:30:00,PRIMARY_TICK_LONDON,1,TREND_LONG,ORDER_ACCEPTED,21.751036,0.00056,55.132103,1.09683,0.00039,1.0968,0.00039,2020.05.21 07:00:00,2020.05.21 10:45:00,2020.05.21 11:00:00,1.09665,1.09693,1.09679,1.09695,1.09612,1.09844,1.6,0.1,1,2020-05-21 11:30:00,2020-05-21 08:30:00,2020-05-21 12:59:23,2020-05-21 09:59:23,1.09695,1.09611,1.09612,1.09844,-0.8979591836734694,LOSS,89.38333333333334,TREND,LONDON_EARLY,LOW,MID,STOP_LEVEL
2020-05-22 16:35:00,OPEN,SELL,2.17,1.08967,EURUSD,172,95.0,238.7,172,0.0,-8.68,0.0,0.0,-8.68,0,2020-05-22 18:15:00,1.08954,19.53,2020-05-22 16:35:00,2020-05-22 13:35:00,PRIMARY_TICK_LONDON,1,TREND_SHORT,ORDER_ACCEPTED,30.364411,0.00049,43.44859,1.09043,0.00071,1.09039,0.00066,2020.05.22 07:00:00,2020.05.22 15:35:00,2020.05.22 15:50:00,1.08998,1.09036,1.09042,1.08967,1.09062,1.08796,1.6,0.1,-1,2020-05-22 16:35:00,2020-05-22 13:35:00,2020-05-22 18:15:00,2020-05-22 15:15:00,1.08967,1.08954,1.09062,1.08796,0.08181818181818183,WIN,100.0,TREND,LONDON_NY_OVERLAP,MID,LOW,NON_LEVEL_FINAL_CLOSE
2020-05-27 12:00:00,OPEN,SELL,1.55,1.09566,EURUSD,174,139.0,238.7,174,0.0,-6.2,0.0,0.0,-6.2,0,2020-05-27 12:26:55,1.09706,-223.2,2020-05-27 12:00:00,2020-05-27 09:00:00,PRIMARY_TICK_LONDON,1,TREND_SHORT,ORDER_ACCEPTED,25.298705,0.00062,40.956821,1.09644,0.00062,1.09641,0.00062,2020.05.27 07:00:00,2020.05.27 11:15:00,2020.05.27 11:30:00,1.09679,1.09567,1.09637,1.09566,1.09705,1.09316,1.6,0.1,-1,2020-05-27 12:00:00,2020-05-27 09:00:00,2020-05-27 12:26:55,2020-05-27 09:26:55,1.09566,1.09706,1.09705,1.09316,-0.935064935064935,LOSS,26.916666666666668,TREND,LONDON_EARLY,HIGH,MID,STOP_LEVEL
2020-05-27 21:10:00,OPEN,BUY,2.53,1.09922,EURUSD,176,79.0,237.82,176,0.0,-10.12,0.0,0.0,-10.12,0,2020-05-27 22:50:00,1.10022,242.88,2020-05-27 21:10:00,2020-05-27 18:10:00,PRIMARY_TICK_LONDON,1,TREND_LONG,ORDER_ACCEPTED,31.232886,0.00043,63.250358,1.09907,0.0022,1.09888,0.0022,2020.05.27 07:00:00,2020.05.27 20:35:00,2020.05.27 20:50:00,1.09891,1.09914,1.09911,1.09922,1.09843,1.10064,1.6,0.1,1,2020-05-27 21:10:00,2020-05-27 18:10:00,2020-05-27 22:50:00,2020-05-27 19:50:00,1.09922,1.10022,1.09843,1.10064,1.0212765957446808,WIN,100.0,TREND,NY_LATE,LOW,LOW,NON_LEVEL_FINAL_CLOSE
2020-05-28 12:15:00,OPEN,BUY,1.25,1.10077,EURUSD,178,176.0,238.75,178,0.0,-5.0,0.0,0.0,-5.0,0,2020-05-28 13:55:00,1.10044,-46.25,2020-05-28 12:15:00,2020-05-28 09:15:00,PRIMARY_TICK_LONDON,1,TREND_LONG,ORDER_ACCEPTED,21.561978,0.00059,55.379369,1.10027,0.0006,1.10025,0.00059,2020.05.28 07:00:00,2020.05.28 11:25:00,2020.05.28 11:40:00,1.09972,1.10076,1.10035,1.10077,1.09901,1.10394,1.6,0.1,1,2020-05-28 12:15:00,2020-05-28 09:15:00,2020-05-28 13:55:00,2020-05-28 10:55:00,1.10077,1.10044,1.09901,1.10394,-0.193717277486911,LOSS,100.0,TREND,LONDON_EARLY,HIGH,MID,NON_LEVEL_FINAL_CLOSE
2020-06-01 11:45:00,OPEN,BUY,2.51,1.11363,EURUSD,180,80.0,238.45,180,0.0,-10.04,0.0,0.0,-10.04,0,2020-06-01 12:20:16,1.11282,-213.35,2020-06-01 11:45:00,2020-06-01 08:45:00,PRIMARY_TICK_LONDON,1,TREND_LONG,ORDER_ACCEPTED,19.609299,0.00085,49.735278,1.11349,0.00075,1.11362,0.00068,2020.06.01 07:00:00,2020.06.01 11:10:00,2020.06.01 11:25:00,1.11282,1.11358,1.11352,1.11363,1.11283,1.11507,1.7,0.2,1,2020-06-01 11:45:00,2020-06-01 08:45:00,2020-06-01 12:20:16,2020-06-01 09:20:16,1.11363,1.11282,1.11283,1.11507,-0.8947368421052632,LOSS,35.266666666666666,TREND,LONDON_EARLY,LOW,HIGH,STOP_LEVEL
2020-06-01 17:55:00,OPEN,BUY,1.34,1.11338,EURUSD,182,162.0,237.18,182,0.0,-5.36,0.0,0.0,-5.36,0,2020-06-01 18:33:28,1.11175,-223.78,2020-06-01 17:55:00,2020-06-01 14:55:00,PRIMARY_TICK_LONDON,1,TREND_LONG,ORDER_ACCEPTED,25.486525,0.00073,63.586729,1.11236,0.00116,1.11216,0.00118,2020.06.01 07:00:00,2020.06.01 17:35:00,2020.06.01 17:50:00,1.11264,1.1126,1.11236,1.11338,1.11176,1.1163,1.6,0.1,1,2020-06-01 17:55:00,2020-06-01 14:55:00,2020-06-01 18:33:28,2020-06-01 15:33:28,1.11338,1.11175,1.11176,1.1163,-0.943502824858757,LOSS,38.46666666666667,TREND,LONDON_NY_OVERLAP,HIGH,HIGH,STOP_LEVEL
2020-06-02 19:15:00,OPEN,BUY,1.84,1.11746,EURUSD,184,114.0,237.36,184,0.0,-7.36,0.0,0.0,-7.36,0,2020-06-02 20:55:00,1.1165,-184.0,2020-06-02 19:15:00,2020-06-02 16:15:00,PRIMARY_TICK_LONDON,1,TREND_LONG,ORDER_ACCEPTED,38.3209,0.00061,47.947147,1.11674,0.00184,1.11668,0.0018,2020.06.02 07:00:00,2020.06.02 19:00:00,2020.06.02 19:15:00,1.11684,1.11745,1.11672,1.11746,1.11632,1.11951,1.6,0.1,1,2020-06-02 19:15:00,2020-06-02 16:15:00,2020-06-02 20:55:00,2020-06-02 17:55:00,1.11746,1.1165,1.11632,1.11951,-0.7751937984496123,LOSS,100.0,TREND,NY_LATE,MID,MID,NON_LEVEL_FINAL_CLOSE
2020-06-04 11:25:00,OPEN,SELL,2.42,1.11999,EURUSD,186,83.0,237.16,186,0.0,-9.68,0.0,0.0,-9.68,0,2020-06-04 11:52:38,1.1207,-181.5,2020-06-04 11:25:00,2020-06-04 08:25:00,PRIMARY_TICK_LONDON,1,TREND_SHORT,ORDER_ACCEPTED,20.803081,0.0005,41.367856,1.12035,0.00028,1.12036,0.00027,2020.06.04 07:00:00,2020.06.04 10:50:00,2020.06.04 11:05:00,1.12016,1.12032,1.12038,1.11999,1.12082,1.1185,1.6,0.1,-1,2020-06-04 11:25:00,2020-06-04 08:25:00,2020-06-04 11:52:38,2020-06-04 08:52:38,1.11999,1.1207,1.12082,1.1185,-0.7653061224489796,LOSS,27.633333333333333,TREND,LONDON_EARLY,LOW,LOW,NON_LEVEL_FINAL_CLOSE
