date,cad_corra,usd,diff_pp
2018-01-04,0.991700,1.420000,-0.428300
2018-01-05,0.978500,1.420000,-0.441500
2018-01-08,0.997200,1.420000,-0.422800
2018-01-09,0.960800,1.420000,-0.459200
2018-01-10,0.979100,1.420000,-0.440900
2018-01-11,0.996100,1.420000,-0.423900
2018-01-12,0.997300,1.420000,-0.422700
2018-01-15,0.987600,1.420000,-0.432400
2018-01-16,1.000300,1.420000,-0.419700
2018-01-17,1.246400,1.420000,-0.173600
2018-01-18,1.243600,1.420000,-0.176400
2018-01-19,1.229300,1.420000,-0.190700
2018-01-22,1.200000,1.420000,-0.220000
2018-01-23,1.221400,1.420000,-0.198600
2018-01-24,1.215500,1.420000,-0.204500
2018-01-25,1.234300,1.420000,-0.185700
2018-01-26,1.237500,1.420000,-0.182500
2018-01-29,1.239000,1.420000,-0.181000
2018-01-30,1.234600,1.420000,-0.185400
2018-01-31,1.242400,1.340000,-0.097600
2018-02-01,1.245300,1.420000,-0.174700
2018-02-02,1.239100,1.420000,-0.180900
2018-02-05,1.211300,1.420000,-0.208700
2018-02-06,1.223400,1.420000,-0.196600
2018-02-07,1.219100,1.420000,-0.200900
2018-02-08,1.228500,1.420000,-0.191500
2018-02-09,1.228500,1.420000,-0.191500
2018-02-12,1.234600,1.420000,-0.185400
2018-02-13,1.233300,1.420000,-0.186700
2018-02-14,1.225600,1.420000,-0.194400
2018-02-15,1.230000,1.420000,-0.190000
2018-02-16,1.246300,1.420000,-0.173700
2018-02-20,1.205500,1.420000,-0.214500
2018-02-21,1.187600,1.420000,-0.232400
2018-02-22,1.218700,1.420000,-0.201300
2018-02-23,1.212900,1.420000,-0.207100
2018-02-26,1.236200,1.420000,-0.183800
2018-02-27,1.235000,1.420000,-0.185000
2018-02-28,1.231900,1.350000,-0.118100
2018-03-01,1.252000,1.420000,-0.168000
2018-03-02,1.250000,1.420000,-0.170000
2018-03-05,1.233300,1.420000,-0.186700
2018-03-06,1.210400,1.420000,-0.209600
2018-03-07,1.230000,1.420000,-0.190000
2018-03-08,1.222300,1.420000,-0.197700
2018-03-09,1.233500,1.420000,-0.186500
2018-03-12,1.169400,1.420000,-0.250600
2018-03-13,1.204100,1.420000,-0.215900
2018-03-14,1.209500,1.420000,-0.210500
2018-03-15,1.209100,1.430000,-0.220900
2018-03-16,1.217600,1.430000,-0.212400
2018-03-19,1.213300,1.430000,-0.216700
2018-03-20,1.250000,1.440000,-0.190000
2018-03-21,1.211900,1.440000,-0.228100
2018-03-22,1.215500,1.680000,-0.464500
2018-03-23,1.230500,1.680000,-0.449500
2018-03-26,1.268400,1.680000,-0.411600
2018-03-27,1.293700,1.680000,-0.386300
2018-03-28,1.278500,1.680000,-0.401500
2018-03-29,1.295100,1.680000,-0.384900
2018-04-02,1.311200,1.680000,-0.368800
2018-04-03,1.282800,1.690000,-0.407200
2018-04-04,1.248200,1.690000,-0.441800
2018-04-05,1.283800,1.690000,-0.406200
2018-04-06,1.205600,1.690000,-0.484400
2018-04-09,1.207500,1.690000,-0.482500
2018-04-10,1.243700,1.690000,-0.446300
2018-04-11,1.221700,1.690000,-0.468300
2018-04-12,1.235000,1.690000,-0.455000
2018-04-13,1.251200,1.690000,-0.438800
2018-04-16,1.260200,1.690000,-0.429800
2018-04-17,1.246400,1.690000,-0.443600
2018-04-18,1.262300,1.690000,-0.427700
2018-04-19,1.268900,1.690000,-0.421100
2018-04-20,1.254900,1.700000,-0.445100
2018-04-23,1.259300,1.700000,-0.440700
2018-04-24,1.263800,1.700000,-0.436200
2018-04-25,1.270000,1.700000,-0.430000
2018-04-26,1.277600,1.700000,-0.422400
2018-04-27,1.255600,1.700000,-0.444400
2018-04-30,1.273100,1.690000,-0.416900
2018-05-01,1.269600,1.700000,-0.430400
2018-05-02,1.257500,1.700000,-0.442500
2018-05-03,1.247600,1.700000,-0.452400
2018-05-04,1.246300,1.700000,-0.453700
2018-05-07,1.256200,1.700000,-0.443800
2018-05-08,1.249600,1.700000,-0.450400
2018-05-09,1.246600,1.700000,-0.453400
2018-05-10,1.246500,1.700000,-0.453500
2018-05-11,1.239100,1.700000,-0.460900
2018-05-14,1.242400,1.700000,-0.457600
2018-05-15,1.247600,1.700000,-0.452400
2018-05-16,1.239400,1.700000,-0.460600
2018-05-17,1.234000,1.700000,-0.466000
2018-05-18,1.227300,1.700000,-0.472700
2018-05-22,1.250000,1.700000,-0.450000
2018-05-23,1.215400,1.700000,-0.484600
2018-05-24,1.233900,1.700000,-0.466100
2018-05-25,1.244000,1.700000,-0.456000
2018-05-28,1.243100,1.700000,-0.456900
2018-05-29,1.251700,1.700000,-0.448300
2018-05-30,1.270000,1.700000,-0.430000
2018-05-31,1.263800,1.700000,-0.436200
2018-06-01,1.304500,1.700000,-0.395500
2018-06-04,1.278300,1.700000,-0.421700
2018-06-05,1.277200,1.700000,-0.422800
2018-06-06,1.255100,1.700000,-0.444900
2018-06-07,1.255600,1.700000,-0.444400
2018-06-08,1.235000,1.700000,-0.465000
2018-06-11,1.255000,1.700000,-0.445000
2018-06-12,1.282100,1.700000,-0.417900
2018-06-13,1.254900,1.700000,-0.445100
2018-06-14,1.248800,1.900000,-0.651200
2018-06-15,1.261700,1.900000,-0.638300
2018-06-18,1.269900,1.900000,-0.630100
2018-06-19,1.273400,1.910000,-0.636600
2018-06-20,1.264600,1.920000,-0.655400
2018-06-21,1.263700,1.920000,-0.656300
2018-06-22,1.256300,1.920000,-0.663700
2018-06-25,1.268300,1.920000,-0.651700
2018-06-26,1.253900,1.920000,-0.666100
2018-06-27,1.263800,1.910000,-0.646200
2018-06-28,1.223500,1.910000,-0.686500
2018-06-29,1.278400,1.910000,-0.631600
2018-07-03,1.261300,1.910000,-0.648700
2018-07-04,1.247300,1.910000,-0.662700
2018-07-05,1.240800,1.910000,-0.669200
2018-07-06,1.232000,1.910000,-0.678000
2018-07-09,1.225800,1.910000,-0.684200
2018-07-10,1.211100,1.910000,-0.698900
2018-07-11,1.471300,1.910000,-0.438700
2018-07-12,1.478600,1.910000,-0.431400
2018-07-13,1.496700,1.910000,-0.413300
2018-07-16,1.498200,1.910000,-0.411800
2018-07-17,1.481500,1.910000,-0.428500
2018-07-18,1.457700,1.910000,-0.452300
2018-07-19,1.470600,1.910000,-0.439400
2018-07-20,1.511000,1.910000,-0.399000
2018-07-23,1.484400,1.910000,-0.425600
2018-07-24,1.492700,1.910000,-0.417300
2018-07-25,1.503100,1.910000,-0.406900
2018-07-26,1.535300,1.910000,-0.374700
2018-07-27,1.540800,1.910000,-0.369200
2018-07-30,1.522000,1.910000,-0.388000
2018-07-31,1.546700,1.910000,-0.363300
2018-08-01,1.557700,1.910000,-0.352300
2018-08-02,1.507000,1.910000,-0.403000
2018-08-03,1.488400,1.910000,-0.421600
2018-08-07,1.459300,1.910000,-0.450700
2018-08-08,1.458100,1.910000,-0.451900
2018-08-09,1.450000,1.910000,-0.460000
2018-08-10,1.474400,1.910000,-0.435600
2018-08-13,1.467000,1.910000,-0.443000
2018-08-14,1.473600,1.910000,-0.436400
2018-08-15,1.480400,1.910000,-0.429600
2018-08-16,1.487600,1.920000,-0.432400
2018-08-17,1.473800,1.920000,-0.446200
2018-08-20,1.477500,1.920000,-0.442500
2018-08-21,1.479200,1.920000,-0.440800
2018-08-22,1.480000,1.920000,-0.440000
2018-08-23,1.471400,1.920000,-0.448600
2018-08-24,1.471700,1.920000,-0.448300
2018-08-27,1.470800,1.920000,-0.449200
2018-08-28,1.473800,1.920000,-0.446200
2018-08-29,1.476000,1.920000,-0.444000
2018-08-30,1.477500,1.920000,-0.442500
2018-08-31,1.500000,1.910000,-0.410000
2018-09-04,1.511300,1.920000,-0.408700
2018-09-05,1.508200,1.920000,-0.411800
2018-09-06,1.497700,1.920000,-0.422300
2018-09-07,1.496200,1.920000,-0.423800
2018-09-10,1.498600,1.920000,-0.421400
2018-09-11,1.495400,1.920000,-0.424600
2018-09-12,1.478400,1.920000,-0.441600
2018-09-13,1.480200,1.920000,-0.439800
2018-09-14,1.509300,1.920000,-0.410700
2018-09-17,1.483900,1.920000,-0.436100
2018-09-18,1.500000,1.920000,-0.420000
2018-09-19,1.479000,1.920000,-0.441000
2018-09-20,1.500000,1.920000,-0.420000
2018-09-21,1.484600,1.920000,-0.435400
2018-09-24,1.494600,1.930000,-0.435400
2018-09-25,1.498800,1.930000,-0.431200
2018-09-26,1.492800,1.930000,-0.437200
2018-09-27,1.510100,2.180000,-0.669900
2018-09-28,1.532200,2.180000,-0.647800
2018-10-01,1.533400,2.180000,-0.646600
2018-10-02,1.500000,2.180000,-0.680000
2018-10-03,1.500000,2.180000,-0.680000
2018-10-04,1.500000,2.180000,-0.680000
2018-10-05,1.480000,2.180000,-0.700000
2018-10-09,1.500000,2.180000,-0.680000
2018-10-10,1.500000,2.180000,-0.680000
2018-10-11,1.500600,2.180000,-0.679400
2018-10-12,1.510000,2.180000,-0.670000
2018-10-15,1.493900,2.180000,-0.686100
2018-10-16,1.513400,2.180000,-0.666600
2018-10-17,1.510400,2.190000,-0.679600
2018-10-18,1.519700,2.190000,-0.670300
2018-10-19,1.552000,2.190000,-0.638000
2018-10-22,1.500000,2.190000,-0.690000
2018-10-23,1.509800,2.200000,-0.690200
2018-10-24,1.779900,2.200000,-0.420100
2018-10-25,1.771000,2.200000,-0.429000
2018-10-26,1.752600,2.200000,-0.447400
2018-10-29,1.736300,2.200000,-0.463700
2018-10-30,1.733600,2.200000,-0.466400
2018-10-31,1.762100,2.200000,-0.437900
2018-11-01,1.764800,2.200000,-0.435200
2018-11-02,1.737000,2.190000,-0.453000
2018-11-05,1.754700,2.200000,-0.445300
2018-11-06,1.750900,2.200000,-0.449100
2018-11-07,1.723800,2.200000,-0.476200
2018-11-08,1.736400,2.200000,-0.463600
2018-11-09,1.743600,2.190000,-0.446400
2018-11-13,1.739500,2.200000,-0.460500
2018-11-14,1.746500,2.200000,-0.453500
2018-11-15,1.750900,2.200000,-0.449100
2018-11-16,1.736400,2.200000,-0.463600
2018-11-19,1.760300,2.200000,-0.439700
2018-11-20,1.743000,2.200000,-0.457000
2018-11-21,1.743600,2.200000,-0.456400
2018-11-22,1.742900,2.200000,-0.457100
2018-11-23,1.756500,2.200000,-0.443500
2018-11-26,1.758900,2.200000,-0.441100
2018-11-27,1.768400,2.200000,-0.431600
2018-11-28,1.793500,2.200000,-0.406500
2018-11-29,1.781400,2.200000,-0.418600
2018-11-30,1.763100,2.200000,-0.436900
2018-12-03,1.756100,2.190000,-0.433900
2018-12-04,1.753200,2.200000,-0.446800
2018-12-05,1.774400,2.200000,-0.425600
2018-12-06,1.766600,2.200000,-0.433400
2018-12-07,1.772400,2.190000,-0.417600
2018-12-10,1.764900,2.200000,-0.435100
2018-12-11,1.763500,2.190000,-0.426500
2018-12-12,1.754300,2.190000,-0.435700
2018-12-13,1.762500,2.190000,-0.427500
2018-12-14,1.776900,2.190000,-0.413100
2018-12-17,1.778900,2.200000,-0.421100
2018-12-18,1.786300,2.200000,-0.413700
2018-12-19,1.789500,2.200000,-0.410500
2018-12-20,1.804900,2.400000,-0.595100
2018-12-21,1.773200,2.400000,-0.626800
2018-12-24,1.791700,2.400000,-0.608300
2018-12-27,1.799900,2.400000,-0.600100
2018-12-28,1.794700,2.400000,-0.605300
2018-12-31,1.818700,2.400000,-0.581300
2019-01-02,1.798900,2.400000,-0.601100
2019-01-03,1.800000,2.400000,-0.600000
2019-01-04,1.798300,2.400000,-0.601700
2019-01-07,1.773800,2.400000,-0.626200
2019-01-08,1.730600,2.400000,-0.669400
2019-01-09,1.719300,2.400000,-0.680700
2019-01-10,1.732900,2.400000,-0.667100
2019-01-11,1.736500,2.400000,-0.663500
2019-01-14,1.743400,2.400000,-0.656600
2019-01-15,1.750000,2.400000,-0.650000
2019-01-16,1.749100,2.400000,-0.650900
2019-01-17,1.747400,2.400000,-0.652600
2019-01-18,1.747700,2.400000,-0.652300
2019-01-21,1.734000,2.400000,-0.666000
2019-01-22,1.734600,2.400000,-0.665400
2019-01-23,1.718000,2.400000,-0.682000
2019-01-24,1.751000,2.400000,-0.649000
2019-01-25,1.751400,2.400000,-0.648600
2019-01-28,1.745700,2.400000,-0.654300
2019-01-29,1.736200,2.400000,-0.663800
2019-01-30,1.750000,2.400000,-0.650000
2019-01-31,1.750000,2.400000,-0.650000
2019-02-01,1.744800,2.400000,-0.655200
2019-02-04,1.750000,2.400000,-0.650000
2019-02-05,1.747500,2.400000,-0.652500
2019-02-06,1.750000,2.400000,-0.650000
2019-02-07,1.750000,2.400000,-0.650000
2019-02-08,1.750000,2.400000,-0.650000
2019-02-11,1.750000,2.400000,-0.650000
2019-02-12,1.750000,2.400000,-0.650000
2019-02-13,1.750000,2.400000,-0.650000
2019-02-14,1.730000,2.400000,-0.670000
2019-02-15,1.743700,2.400000,-0.656300
2019-02-19,1.750000,2.400000,-0.650000
2019-02-20,1.706800,2.400000,-0.693200
2019-02-21,1.743900,2.400000,-0.656100
2019-02-22,1.725400,2.400000,-0.674600
2019-02-25,1.724400,2.400000,-0.675600
2019-02-26,1.730000,2.400000,-0.670000
2019-02-27,1.710200,2.400000,-0.689800
2019-02-28,1.735000,2.400000,-0.665000
2019-03-01,1.741500,2.400000,-0.658500
2019-03-04,1.724800,2.400000,-0.675200
2019-03-05,1.716000,2.400000,-0.684000
2019-03-06,1.723400,2.400000,-0.676600
2019-03-07,1.724300,2.400000,-0.675700
2019-03-08,1.731100,2.400000,-0.668900
2019-03-11,1.727100,2.400000,-0.672900
2019-03-12,1.741000,2.400000,-0.659000
2019-03-13,1.727900,2.400000,-0.672100
2019-03-14,1.734400,2.400000,-0.665600
2019-03-15,1.755700,2.400000,-0.644300
2019-03-18,1.751600,2.400000,-0.648400
2019-03-19,1.737500,2.400000,-0.662500
2019-03-20,1.747300,2.410000,-0.662700
2019-03-21,1.750000,2.410000,-0.660000
2019-03-22,1.751300,2.410000,-0.658700
2019-03-25,1.750000,2.400000,-0.650000
2019-03-26,1.750000,2.400000,-0.650000
2019-03-27,1.741800,2.410000,-0.668200
2019-03-28,1.744100,2.410000,-0.665900
2019-03-29,1.745600,2.430000,-0.684400
2019-04-01,1.785900,2.410000,-0.624100
2019-04-02,1.767600,2.410000,-0.642400
2019-04-03,1.748100,2.410000,-0.661900
2019-04-04,1.754800,2.410000,-0.655200
2019-04-05,1.743600,2.410000,-0.666400
2019-04-08,1.745600,2.410000,-0.664400
2019-04-09,1.737400,2.410000,-0.672600
2019-04-10,1.740300,2.410000,-0.669700
2019-04-11,1.740600,2.410000,-0.669400
2019-04-12,1.755000,2.410000,-0.655000
2019-04-15,1.757300,2.410000,-0.652700
2019-04-16,1.742600,2.410000,-0.667400
2019-04-17,1.729500,2.420000,-0.690500
2019-04-18,1.751000,2.430000,-0.679000
2019-04-22,1.762800,2.440000,-0.677200
2019-04-23,1.739700,2.440000,-0.700300
2019-04-24,1.736900,2.440000,-0.703100
2019-04-25,1.745200,2.440000,-0.694800
2019-04-26,1.757100,2.440000,-0.682900
2019-04-29,1.749100,2.450000,-0.700900
2019-04-30,1.779300,2.450000,-0.670700
2019-05-01,1.778900,2.450000,-0.671100
2019-05-02,1.773300,2.410000,-0.636700
2019-05-03,1.754700,2.400000,-0.645300
2019-05-06,1.742800,2.400000,-0.657200
2019-05-07,1.739100,2.400000,-0.660900
2019-05-08,1.736600,2.390000,-0.653400
2019-05-09,1.731200,2.380000,-0.648800
2019-05-10,1.742200,2.380000,-0.637800
2019-05-13,1.736500,2.380000,-0.643500
2019-05-14,1.740500,2.380000,-0.639500
2019-05-15,1.741400,2.400000,-0.658600
2019-05-16,1.745900,2.390000,-0.644100
2019-05-17,1.784400,2.390000,-0.605600
2019-05-21,1.739100,2.390000,-0.650900
2019-05-22,1.722600,2.380000,-0.657400
2019-05-23,1.731000,2.380000,-0.649000
2019-05-24,1.735900,2.380000,-0.644100
2019-05-27,1.735300,2.380000,-0.644700
2019-05-28,1.737300,2.390000,-0.652700
2019-05-29,1.731600,2.390000,-0.658400
2019-05-30,1.770000,2.390000,-0.620000
2019-05-31,1.775300,2.400000,-0.624700
2019-06-03,1.780900,2.380000,-0.599100
2019-06-04,1.755500,2.380000,-0.624500
2019-06-05,1.734100,2.380000,-0.645900
2019-06-06,1.721000,2.370000,-0.649000
2019-06-07,1.721700,2.370000,-0.648300
2019-06-10,1.727500,2.370000,-0.642500
2019-06-11,1.721800,2.370000,-0.648200
2019-06-12,1.607000,2.370000,-0.763000
2019-06-13,1.696400,2.370000,-0.673600
2019-06-14,1.736600,2.360000,-0.623400
2019-06-17,1.736500,2.380000,-0.643500
2019-06-18,1.717700,2.370000,-0.652300
2019-06-19,1.719400,2.370000,-0.650600
2019-06-20,1.723600,2.370000,-0.646400
2019-06-21,1.741800,2.380000,-0.638200
2019-06-24,1.744900,2.380000,-0.635100
2019-06-25,1.728600,2.380000,-0.651400
2019-06-26,1.727200,2.380000,-0.652800
2019-06-27,1.721700,2.380000,-0.658300
2019-06-28,1.691700,2.400000,-0.708300
2019-07-02,1.759800,2.400000,-0.640200
2019-07-03,1.753500,2.410000,-0.656500
2019-07-04,1.746600,2.410000,-0.663400
2019-07-05,1.728900,2.420000,-0.691100
2019-07-08,1.747400,2.410000,-0.662600
2019-07-09,1.736300,2.410000,-0.673700
2019-07-10,1.720700,2.410000,-0.689300
2019-07-11,1.736300,2.400000,-0.663700
2019-07-12,1.748600,2.380000,-0.631400
2019-07-15,1.725600,2.400000,-0.674400
2019-07-16,1.745000,2.410000,-0.665000
2019-07-17,1.746300,2.410000,-0.663700
2019-07-18,1.744400,2.410000,-0.665600
2019-07-19,1.749200,2.410000,-0.660800
2019-07-22,1.731700,2.400000,-0.668300
2019-07-23,1.751500,2.400000,-0.648500
2019-07-24,1.752300,2.400000,-0.647700
2019-07-25,1.752200,2.400000,-0.647800
2019-07-26,1.776300,2.400000,-0.623700
2019-07-29,1.775000,2.400000,-0.625000
2019-07-30,1.769600,2.390000,-0.620400
2019-07-31,1.795300,2.400000,-0.604700
2019-08-01,1.786400,2.140000,-0.353600
2019-08-02,1.781700,2.140000,-0.358300
2019-08-06,1.752200,2.130000,-0.377800
2019-08-07,1.750000,2.120000,-0.370000
2019-08-08,1.772000,2.120000,-0.348000
2019-08-09,1.762400,2.120000,-0.357600
2019-08-12,1.756600,2.120000,-0.363400
2019-08-13,1.745700,2.120000,-0.374300
2019-08-14,1.757300,2.120000,-0.362700
2019-08-15,1.747300,2.130000,-0.382700
2019-08-16,1.749800,2.130000,-0.380200
2019-08-19,1.741600,2.130000,-0.388400
2019-08-20,1.742700,2.130000,-0.387300
2019-08-21,1.747100,2.120000,-0.372900
2019-08-22,1.744800,2.120000,-0.375200
2019-08-23,1.748000,2.120000,-0.372000
2019-08-26,1.743100,2.120000,-0.376900
2019-08-27,1.742000,2.120000,-0.378000
2019-08-28,1.750000,2.120000,-0.370000
2019-08-29,1.750000,2.120000,-0.370000
2019-08-30,1.749500,2.130000,-0.380500
2019-09-03,1.769100,2.130000,-0.360900
2019-09-04,1.754700,2.130000,-0.375300
2019-09-05,1.754700,2.130000,-0.375300
2019-09-06,1.753100,2.120000,-0.366900
2019-09-09,1.749100,2.130000,-0.380900
2019-09-10,1.748500,2.130000,-0.381500
2019-09-11,1.747300,2.130000,-0.382700
2019-09-12,1.749200,2.130000,-0.380800
2019-09-13,1.745200,2.140000,-0.394800
2019-09-16,1.763400,2.250000,-0.486600
2019-09-17,1.752000,2.300000,-0.548000
2019-09-18,1.748200,2.250000,-0.501800
2019-09-19,1.748000,1.900000,-0.152000
2019-09-20,1.743700,1.900000,-0.156300
2019-09-23,1.727200,1.900000,-0.172800
2019-09-24,1.743900,1.900000,-0.156100
2019-09-25,1.723300,1.900000,-0.176700
2019-09-26,1.740400,1.850000,-0.109600
2019-09-27,1.735800,1.830000,-0.094200
2019-09-30,1.747500,1.900000,-0.152500
2019-10-01,1.753200,1.880000,-0.126800
2019-10-02,1.754300,1.850000,-0.095700
2019-10-03,1.748100,1.830000,-0.081900
2019-10-04,1.749400,1.820000,-0.070600
2019-10-07,1.749000,1.820000,-0.071000
2019-10-08,1.746600,1.820000,-0.073400
2019-10-09,1.743800,1.820000,-0.076200
2019-10-10,1.744000,1.820000,-0.076000
2019-10-11,1.750700,1.820000,-0.069300
2019-10-15,1.757200,1.900000,-0.142800
2019-10-16,1.743500,1.900000,-0.156500
2019-10-17,1.736600,1.850000,-0.113400
2019-10-18,1.744200,1.850000,-0.105800
2019-10-21,1.746800,1.850000,-0.103200
2019-10-22,1.743800,1.850000,-0.106200
2019-10-23,1.744700,1.850000,-0.105300
2019-10-24,1.744300,1.850000,-0.105700
2019-10-25,1.755300,1.830000,-0.074700
2019-10-28,1.757900,1.830000,-0.072100
2019-10-29,1.748200,1.820000,-0.071800
2019-10-30,1.741400,1.820000,-0.078600
2019-10-31,1.761900,1.580000,0.181900
2019-11-01,1.766800,1.570000,0.196800
2019-11-04,1.765100,1.560000,0.205100
2019-11-05,1.750000,1.560000,0.190000
2019-11-06,1.737100,1.550000,0.187100
2019-11-07,1.730300,1.550000,0.180300
2019-11-08,1.746000,1.550000,0.196000
2019-11-12,1.744800,1.550000,0.194800
2019-11-13,1.739400,1.550000,0.189400
2019-11-14,1.746500,1.550000,0.196500
2019-11-15,1.749800,1.550000,0.199800
2019-11-18,1.745000,1.550000,0.195000
2019-11-19,1.741100,1.550000,0.191100
2019-11-20,1.731100,1.550000,0.181100
2019-11-21,1.739400,1.550000,0.189400
2019-11-22,1.741100,1.550000,0.191100
2019-11-25,1.736200,1.550000,0.186200
2019-11-26,1.746700,1.550000,0.196700
2019-11-27,1.748800,1.550000,0.198800
2019-11-28,1.750000,1.550000,0.200000
2019-11-29,1.746600,1.560000,0.186600
2019-12-02,1.751900,1.560000,0.191900
2019-12-03,1.749800,1.550000,0.199800
2019-12-04,1.747400,1.550000,0.197400
2019-12-05,1.748400,1.550000,0.198400
2019-12-06,1.747300,1.550000,0.197300
2019-12-09,1.745600,1.550000,0.195600
2019-12-10,1.742400,1.550000,0.192400
2019-12-11,1.747300,1.550000,0.197300
2019-12-12,1.746700,1.550000,0.196700
2019-12-13,1.752300,1.550000,0.202300
2019-12-16,1.755000,1.560000,0.195000
2019-12-17,1.757300,1.550000,0.207300
2019-12-18,1.755200,1.550000,0.205200
2019-12-19,1.750400,1.550000,0.200400
2019-12-20,1.745800,1.550000,0.195800
2019-12-23,1.731000,1.550000,0.181000
2019-12-24,1.748600,1.550000,0.198600
2019-12-27,1.748200,1.550000,0.198200
2019-12-30,1.741600,1.550000,0.191600
2019-12-31,1.781300,1.550000,0.231300
2020-01-02,1.774500,1.550000,0.224500
2020-01-03,1.764500,1.550000,0.214500
2020-01-06,1.745300,1.550000,0.195300
2020-01-07,1.744100,1.550000,0.194100
2020-01-08,1.741900,1.550000,0.191900
2020-01-09,1.747500,1.550000,0.197500
2020-01-10,1.745000,1.540000,0.205000
2020-01-13,1.743800,1.540000,0.203800
2020-01-14,1.743200,1.540000,0.203200
2020-01-15,1.725900,1.540000,0.185900
2020-01-16,1.740900,1.540000,0.200900
2020-01-17,1.743600,1.550000,0.193600
2020-01-20,1.743800,1.550000,0.193800
2020-01-21,1.746200,1.550000,0.196200
2020-01-22,1.744100,1.550000,0.194100
2020-01-23,1.746700,1.550000,0.196700
2020-01-24,1.747300,1.550000,0.197300
2020-01-27,1.747100,1.550000,0.197100
2020-01-28,1.747400,1.550000,0.197400
2020-01-29,1.743400,1.550000,0.193400
2020-01-30,1.746200,1.600000,0.146200
2020-01-31,1.755500,1.590000,0.165500
2020-02-03,1.760600,1.590000,0.170600
2020-02-04,1.750300,1.590000,0.160300
2020-02-05,1.750600,1.590000,0.160600
2020-02-06,1.740900,1.590000,0.150900
2020-02-07,1.747600,1.580000,0.167600
2020-02-10,1.745600,1.580000,0.165600
2020-02-11,1.747600,1.580000,0.167600
2020-02-12,1.744800,1.580000,0.164800
2020-02-13,1.746700,1.580000,0.166700
2020-02-14,1.748000,1.580000,0.168000
2020-02-18,1.748600,1.590000,0.158600
2020-02-19,1.747600,1.590000,0.157600
2020-02-20,1.747200,1.590000,0.157200
2020-02-21,1.745800,1.580000,0.165800
2020-02-24,1.747800,1.580000,0.167800
2020-02-25,1.749900,1.580000,0.169900
2020-02-26,1.744500,1.580000,0.164500
2020-02-27,1.739800,1.580000,0.159800
2020-02-28,1.751700,1.580000,0.171700
2020-03-02,1.749400,1.590000,0.159400
2020-03-03,1.748900,1.590000,0.158900
2020-03-04,1.248700,1.090000,0.158700
2020-03-05,1.249800,1.090000,0.159800
2020-03-06,1.247300,1.090000,0.157300
2020-03-09,1.249700,1.090000,0.159700
2020-03-10,1.247400,1.090000,0.157400
2020-03-11,1.247600,1.090000,0.157600
2020-03-12,1.248700,1.100000,0.148700
2020-03-13,1.250800,1.100000,0.150800
2020-03-16,0.765400,0.250000,0.515400
2020-03-17,0.780300,0.250000,0.530300
2020-03-18,0.786200,0.250000,0.536200
2020-03-19,0.781100,0.200000,0.581100
2020-03-20,0.783800,0.150000,0.633800
2020-03-23,0.776100,0.150000,0.626100
2020-03-24,0.759100,0.120000,0.639100
2020-03-25,0.758300,0.100000,0.658300
2020-03-26,0.730900,0.100000,0.630900
2020-03-27,0.151600,0.100000,0.051600
2020-03-30,0.211300,0.090000,0.121300
2020-03-31,0.191000,0.080000,0.111000
2020-04-01,0.200100,0.060000,0.140100
2020-04-02,0.195500,0.050000,0.145500
2020-04-03,0.179900,0.050000,0.129900
2020-04-06,0.170700,0.050000,0.120700
2020-04-07,0.165600,0.050000,0.115600
2020-04-08,0.139200,0.050000,0.089200
2020-04-09,0.151900,0.050000,0.101900
2020-04-13,0.137100,0.050000,0.087100
2020-04-14,0.137700,0.050000,0.087700
2020-04-15,0.220000,0.050000,0.170000
2020-04-16,0.201500,0.050000,0.151500
2020-04-17,0.204600,0.050000,0.154600
2020-04-20,0.193100,0.050000,0.143100
2020-04-21,0.193000,0.050000,0.143000
2020-04-22,0.201700,0.050000,0.151700
2020-04-23,0.170500,0.040000,0.130500
2020-04-24,0.189400,0.050000,0.139400
2020-04-27,0.191200,0.040000,0.151200
2020-04-28,0.193900,0.040000,0.153900
2020-04-29,0.190900,0.040000,0.150900
2020-04-30,0.201800,0.050000,0.151800
2020-05-01,0.196100,0.050000,0.146100
2020-05-04,0.197900,0.050000,0.147900
2020-05-05,0.201700,0.050000,0.151700
2020-05-06,0.202800,0.050000,0.152800
2020-05-07,0.215800,0.050000,0.165800
2020-05-08,0.203700,0.050000,0.153700
2020-05-11,0.204700,0.050000,0.154700
2020-05-12,0.204700,0.050000,0.154700
2020-05-13,0.187400,0.050000,0.137400
2020-05-14,0.201100,0.050000,0.151100
2020-05-15,0.220100,0.050000,0.170100
2020-05-19,0.200700,0.050000,0.150700
2020-05-20,0.202700,0.050000,0.152700
2020-05-21,0.191100,0.050000,0.141100
2020-05-22,0.229000,0.050000,0.179000
2020-05-25,0.229100,0.050000,0.179100
2020-05-26,0.242600,0.050000,0.192600
2020-05-27,0.243700,0.050000,0.193700
2020-05-28,0.255800,0.050000,0.205800
2020-05-29,0.240800,0.050000,0.190800
2020-06-01,0.225400,0.050000,0.175400
2020-06-02,0.223100,0.060000,0.163100
2020-06-03,0.220700,0.060000,0.160700
2020-06-04,0.221200,0.060000,0.161200
2020-06-05,0.221300,0.070000,0.151300
2020-06-08,0.213200,0.070000,0.143200
2020-06-09,0.221200,0.070000,0.151200
2020-06-10,0.228900,0.080000,0.148900
2020-06-11,0.221800,0.080000,0.141800
2020-06-12,0.240000,0.080000,0.160000
2020-06-15,0.220000,0.090000,0.130000
2020-06-16,0.230000,0.090000,0.140000
2020-06-17,0.240000,0.090000,0.150000
2020-06-18,0.230000,0.090000,0.140000
2020-06-19,0.250000,0.090000,0.160000
2020-06-22,0.250000,0.080000,0.170000
2020-06-23,0.250000,0.080000,0.170000
2020-06-24,0.250000,0.080000,0.170000
2020-06-25,0.250000,0.080000,0.170000
2020-06-26,0.250000,0.080000,0.170000
2020-06-29,0.250000,0.080000,0.170000
2020-06-30,0.250000,0.080000,0.170000
2020-07-02,0.250000,0.090000,0.160000
2020-07-03,0.220000,0.090000,0.130000
2020-07-06,0.220000,0.090000,0.130000
2020-07-07,0.250000,0.090000,0.160000
2020-07-08,0.250000,0.090000,0.160000
2020-07-09,0.250000,0.090000,0.160000
2020-07-10,0.250000,0.090000,0.160000
2020-07-13,0.230000,0.090000,0.140000
2020-07-14,0.250000,0.090000,0.160000
2020-07-15,0.250000,0.100000,0.150000
2020-07-16,0.250000,0.100000,0.150000
2020-07-17,0.250000,0.090000,0.160000
2020-07-20,0.250000,0.100000,0.150000
2020-07-21,0.250000,0.100000,0.150000
2020-07-22,0.250000,0.090000,0.160000
2020-07-23,0.250000,0.090000,0.160000
2020-07-24,0.250000,0.090000,0.160000
2020-07-27,0.250000,0.100000,0.150000
2020-07-28,0.250000,0.100000,0.150000
2020-07-29,0.230000,0.100000,0.130000
2020-07-30,0.230000,0.100000,0.130000
2020-07-31,0.250000,0.100000,0.150000
2020-08-04,0.230000,0.100000,0.130000
2020-08-05,0.230000,0.100000,0.130000
2020-08-06,0.250000,0.100000,0.150000
2020-08-07,0.230000,0.100000,0.130000
2020-08-10,0.250000,0.100000,0.150000
2020-08-11,0.230000,0.100000,0.130000
2020-08-12,0.230000,0.100000,0.130000
2020-08-13,0.230000,0.100000,0.130000
2020-08-14,0.230000,0.100000,0.130000
2020-08-17,0.230000,0.100000,0.130000
2020-08-18,0.230000,0.090000,0.140000
2020-08-19,0.250000,0.090000,0.160000
2020-08-20,0.230000,0.090000,0.140000
2020-08-21,0.230000,0.090000,0.140000
2020-08-24,0.230000,0.090000,0.140000
2020-08-25,0.230000,0.090000,0.140000
2020-08-26,0.230000,0.090000,0.140000
2020-08-27,0.250000,0.080000,0.170000
2020-08-28,0.250000,0.090000,0.160000
2020-08-31,0.250000,0.090000,0.160000
2020-09-01,0.240000,0.090000,0.150000
2020-09-02,0.250000,0.090000,0.160000
2020-09-03,0.230000,0.090000,0.140000
2020-09-04,0.250000,0.090000,0.160000
2020-09-08,0.230000,0.090000,0.140000
2020-09-09,0.230000,0.090000,0.140000
2020-09-10,0.230000,0.090000,0.140000
2020-09-11,0.230000,0.090000,0.140000
2020-09-14,0.230000,0.090000,0.140000
2020-09-15,0.250000,0.090000,0.160000
2020-09-16,0.250000,0.090000,0.160000
2020-09-17,0.230000,0.090000,0.140000
2020-09-18,0.230000,0.090000,0.140000
2020-09-21,0.230000,0.090000,0.140000
2020-09-22,0.230000,0.090000,0.140000
2020-09-23,0.250000,0.090000,0.160000
2020-09-24,0.250000,0.090000,0.160000
2020-09-25,0.250000,0.090000,0.160000
2020-09-28,0.220000,0.090000,0.130000
2020-09-29,0.230000,0.090000,0.140000
2020-09-30,0.210000,0.090000,0.120000
2020-10-01,0.220000,0.090000,0.130000
2020-10-02,0.250000,0.090000,0.160000
2020-10-05,0.230000,0.090000,0.140000
2020-10-06,0.250000,0.090000,0.160000
2020-10-07,0.250000,0.090000,0.160000
2020-10-08,0.200000,0.090000,0.110000
2020-10-09,0.210000,0.090000,0.120000
2020-10-13,0.220000,0.090000,0.130000
2020-10-14,0.210000,0.090000,0.120000
2020-10-15,0.250000,0.090000,0.160000
2020-10-16,0.220000,0.090000,0.130000
2020-10-19,0.250000,0.090000,0.160000
2020-10-20,0.230000,0.090000,0.140000
2020-10-21,0.220000,0.090000,0.130000
2020-10-22,0.220000,0.090000,0.130000
2020-10-23,0.210000,0.090000,0.120000
2020-10-26,0.220000,0.090000,0.130000
2020-10-27,0.220000,0.090000,0.130000
2020-10-28,0.230000,0.090000,0.140000
2020-10-29,0.230000,0.090000,0.140000
2020-10-30,0.220000,0.090000,0.130000
2020-11-02,0.200000,0.090000,0.110000
2020-11-03,0.200000,0.090000,0.110000
2020-11-04,0.210000,0.090000,0.120000
2020-11-05,0.220000,0.090000,0.130000
2020-11-06,0.200000,0.090000,0.110000
2020-11-09,0.200000,0.090000,0.110000
2020-11-10,0.190000,0.090000,0.100000
2020-11-12,0.180000,0.090000,0.090000
2020-11-13,0.200000,0.090000,0.110000
2020-11-16,0.200000,0.090000,0.110000
2020-11-17,0.210000,0.090000,0.120000
2020-11-18,0.220000,0.090000,0.130000
2020-11-19,0.210000,0.080000,0.130000
2020-11-20,0.220000,0.080000,0.140000
2020-11-23,0.200000,0.080000,0.120000
2020-11-24,0.230000,0.080000,0.150000
2020-11-25,0.220000,0.080000,0.140000
2020-11-26,0.210000,0.080000,0.130000
2020-11-27,0.220000,0.080000,0.140000
2020-11-30,0.230000,0.090000,0.140000
2020-12-01,0.210000,0.090000,0.120000
2020-12-02,0.220000,0.090000,0.130000
2020-12-03,0.200000,0.090000,0.110000
2020-12-04,0.210000,0.090000,0.120000
2020-12-07,0.200000,0.090000,0.110000
2020-12-08,0.210000,0.090000,0.120000
2020-12-09,0.210000,0.090000,0.120000
2020-12-10,0.210000,0.090000,0.120000
2020-12-11,0.200000,0.090000,0.110000
2020-12-14,0.200000,0.090000,0.110000
2020-12-15,0.200000,0.090000,0.110000
2020-12-16,0.200000,0.090000,0.110000
2020-12-17,0.200000,0.090000,0.110000
2020-12-18,0.200000,0.090000,0.110000
2020-12-21,0.200000,0.090000,0.110000
2020-12-22,0.200000,0.090000,0.110000
2020-12-23,0.200000,0.090000,0.110000
2020-12-24,0.200000,0.090000,0.110000
2020-12-29,0.200000,0.090000,0.110000
2020-12-30,0.200000,0.090000,0.110000
2020-12-31,0.200000,0.090000,0.110000
2021-01-04,0.200000,0.090000,0.110000
2021-01-05,0.200000,0.090000,0.110000
2021-01-06,0.200000,0.090000,0.110000
2021-01-07,0.200000,0.090000,0.110000
2021-01-08,0.200000,0.090000,0.110000
2021-01-11,0.200000,0.090000,0.110000
2021-01-12,0.200000,0.090000,0.110000
2021-01-13,0.200000,0.090000,0.110000
2021-01-14,0.190000,0.090000,0.100000
2021-01-15,0.150000,0.090000,0.060000
2021-01-18,0.150000,0.090000,0.060000
2021-01-19,0.150000,0.090000,0.060000
2021-01-20,0.130000,0.090000,0.040000
2021-01-21,0.150000,0.080000,0.070000
2021-01-22,0.150000,0.080000,0.070000
2021-01-25,0.200000,0.080000,0.120000
2021-01-26,0.190000,0.080000,0.110000
2021-01-27,0.190000,0.080000,0.110000
2021-01-28,0.190000,0.070000,0.120000
2021-01-29,0.180000,0.070000,0.110000
2021-02-01,0.190000,0.080000,0.110000
2021-02-02,0.190000,0.080000,0.110000
2021-02-03,0.190000,0.080000,0.110000
2021-02-04,0.190000,0.080000,0.110000
2021-02-05,0.200000,0.080000,0.120000
2021-02-08,0.200000,0.070000,0.130000
2021-02-09,0.200000,0.080000,0.120000
2021-02-10,0.180000,0.080000,0.100000
2021-02-11,0.200000,0.080000,0.120000
2021-02-12,0.200000,0.080000,0.120000
2021-02-16,0.200000,0.080000,0.120000
2021-02-17,0.200000,0.080000,0.120000
2021-02-18,0.200000,0.070000,0.130000
2021-02-19,0.200000,0.070000,0.130000
2021-02-22,0.200000,0.070000,0.130000
2021-02-23,0.200000,0.070000,0.130000
2021-02-24,0.200000,0.070000,0.130000
2021-02-25,0.200000,0.070000,0.130000
2021-02-26,0.180000,0.070000,0.110000
2021-03-01,0.180000,0.070000,0.110000
2021-03-02,0.160000,0.070000,0.090000
2021-03-03,0.160000,0.070000,0.090000
2021-03-04,0.170000,0.070000,0.100000
2021-03-05,0.170000,0.070000,0.100000
2021-03-08,0.180000,0.070000,0.110000
2021-03-09,0.190000,0.070000,0.120000
2021-03-10,0.180000,0.070000,0.110000
2021-03-11,0.180000,0.070000,0.110000
2021-03-12,0.170000,0.070000,0.100000
2021-03-15,0.170000,0.070000,0.100000
2021-03-16,0.170000,0.070000,0.100000
2021-03-17,0.160000,0.070000,0.090000
2021-03-18,0.130000,0.070000,0.060000
2021-03-19,0.130000,0.070000,0.060000
2021-03-22,0.150000,0.070000,0.080000
2021-03-23,0.140000,0.070000,0.070000
2021-03-24,0.150000,0.070000,0.080000
2021-03-25,0.150000,0.070000,0.080000
2021-03-26,0.150000,0.070000,0.080000
2021-03-29,0.170000,0.070000,0.100000
2021-03-30,0.160000,0.070000,0.090000
2021-03-31,0.140000,0.060000,0.080000
2021-04-01,0.170000,0.070000,0.100000
2021-04-05,0.160000,0.070000,0.090000
2021-04-06,0.160000,0.070000,0.090000
2021-04-07,0.150000,0.070000,0.080000
2021-04-08,0.150000,0.070000,0.080000
2021-04-09,0.150000,0.070000,0.080000
2021-04-12,0.150000,0.070000,0.080000
2021-04-13,0.150000,0.070000,0.080000
2021-04-14,0.150000,0.070000,0.080000
2021-04-15,0.150000,0.070000,0.080000
2021-04-16,0.150000,0.070000,0.080000
2021-04-19,0.170000,0.070000,0.100000
2021-04-20,0.170000,0.070000,0.100000
2021-04-21,0.170000,0.070000,0.100000
2021-04-22,0.170000,0.070000,0.100000
2021-04-23,0.170000,0.070000,0.100000
2021-04-26,0.170000,0.070000,0.100000
2021-04-27,0.170000,0.070000,0.100000
2021-04-28,0.160000,0.070000,0.090000
2021-04-29,0.160000,0.060000,0.100000
2021-04-30,0.170000,0.050000,0.120000
2021-05-03,0.180000,0.060000,0.120000
2021-05-04,0.180000,0.060000,0.120000
2021-05-05,0.170000,0.060000,0.110000
2021-05-06,0.180000,0.060000,0.120000
2021-05-07,0.180000,0.060000,0.120000
2021-05-10,0.180000,0.060000,0.120000
2021-05-11,0.180000,0.060000,0.120000
2021-05-12,0.180000,0.060000,0.120000
2021-05-13,0.190000,0.060000,0.130000
2021-05-14,0.200000,0.060000,0.140000
2021-05-17,0.200000,0.060000,0.140000
2021-05-18,0.200000,0.060000,0.140000
2021-05-19,0.180000,0.060000,0.120000
2021-05-20,0.180000,0.060000,0.120000
2021-05-21,0.180000,0.060000,0.120000
2021-05-25,0.180000,0.060000,0.120000
2021-05-26,0.170000,0.060000,0.110000
2021-05-27,0.190000,0.060000,0.130000
2021-05-28,0.200000,0.050000,0.150000
2021-05-31,0.200000,0.050000,0.150000
2021-06-01,0.200000,0.060000,0.140000
2021-06-02,0.190000,0.060000,0.130000
2021-06-03,0.180000,0.060000,0.120000
2021-06-04,0.180000,0.060000,0.120000
2021-06-07,0.180000,0.060000,0.120000
2021-06-08,0.170000,0.060000,0.110000
2021-06-09,0.170000,0.060000,0.110000
2021-06-10,0.180000,0.060000,0.120000
2021-06-11,0.190000,0.060000,0.130000
2021-06-14,0.190000,0.060000,0.130000
2021-06-15,0.180000,0.060000,0.120000
2021-06-16,0.170000,0.060000,0.110000
2021-06-17,0.170000,0.100000,0.070000
2021-06-18,0.170000,0.100000,0.070000
2021-06-21,0.170000,0.100000,0.070000
2021-06-22,0.160000,0.100000,0.060000
2021-06-23,0.190000,0.100000,0.090000
2021-06-24,0.180000,0.100000,0.080000
2021-06-25,0.180000,0.100000,0.080000
2021-06-28,0.170000,0.100000,0.070000
2021-06-29,0.160000,0.100000,0.060000
2021-06-30,0.160000,0.080000,0.080000
2021-07-02,0.160000,0.100000,0.060000
2021-07-05,0.160000,0.100000,0.060000
2021-07-06,0.180000,0.100000,0.080000
2021-07-07,0.170000,0.100000,0.070000
2021-07-08,0.200000,0.100000,0.100000
2021-07-09,0.180000,0.100000,0.080000
2021-07-12,0.190000,0.100000,0.090000
2021-07-13,0.190000,0.100000,0.090000
2021-07-14,0.200000,0.100000,0.100000
2021-07-15,0.200000,0.100000,0.100000
2021-07-16,0.200000,0.100000,0.100000
2021-07-19,0.190000,0.100000,0.090000
2021-07-20,0.190000,0.100000,0.090000
2021-07-21,0.180000,0.100000,0.080000
2021-07-22,0.180000,0.100000,0.080000
2021-07-23,0.180000,0.100000,0.080000
2021-07-26,0.200000,0.100000,0.100000
2021-07-27,0.190000,0.100000,0.090000
2021-07-28,0.190000,0.100000,0.090000
2021-07-29,0.190000,0.100000,0.090000
2021-07-30,0.180000,0.070000,0.110000
2021-08-03,0.180000,0.100000,0.080000
2021-08-04,0.200000,0.100000,0.100000
2021-08-05,0.200000,0.100000,0.100000
2021-08-06,0.200000,0.100000,0.100000
2021-08-09,0.200000,0.100000,0.100000
2021-08-10,0.200000,0.100000,0.100000
2021-08-11,0.200000,0.100000,0.100000
2021-08-12,0.200000,0.100000,0.100000
2021-08-13,0.200000,0.100000,0.100000
2021-08-16,0.200000,0.100000,0.100000
2021-08-17,0.200000,0.100000,0.100000
2021-08-18,0.190000,0.090000,0.100000
2021-08-19,0.190000,0.090000,0.100000
2021-08-20,0.200000,0.090000,0.110000
2021-08-23,0.200000,0.090000,0.110000
2021-08-24,0.200000,0.090000,0.110000
2021-08-25,0.200000,0.090000,0.110000
2021-08-26,0.200000,0.090000,0.110000
2021-08-27,0.200000,0.080000,0.120000
2021-08-30,0.200000,0.080000,0.120000
2021-08-31,0.180000,0.060000,0.120000
2021-09-01,0.180000,0.080000,0.100000
2021-09-02,0.180000,0.080000,0.100000
2021-09-03,0.180000,0.080000,0.100000
2021-09-07,0.180000,0.080000,0.100000
2021-09-08,0.180000,0.080000,0.100000
2021-09-09,0.180000,0.080000,0.100000
2021-09-10,0.180000,0.080000,0.100000
2021-09-13,0.180000,0.080000,0.100000
2021-09-14,0.180000,0.080000,0.100000
2021-09-15,0.180000,0.080000,0.100000
2021-09-16,0.180000,0.080000,0.100000
2021-09-17,0.170000,0.080000,0.090000
2021-09-20,0.170000,0.080000,0.090000
2021-09-21,0.170000,0.080000,0.090000
2021-09-22,0.170000,0.080000,0.090000
2021-09-23,0.170000,0.080000,0.090000
2021-09-24,0.180000,0.080000,0.100000
2021-09-27,0.170000,0.080000,0.090000
2021-09-28,0.170000,0.080000,0.090000
2021-09-29,0.190000,0.080000,0.110000
2021-10-01,0.170000,0.080000,0.090000
2021-10-04,0.180000,0.080000,0.100000
2021-10-05,0.180000,0.080000,0.100000
2021-10-06,0.180000,0.080000,0.100000
2021-10-07,0.180000,0.080000,0.100000
2021-10-08,0.180000,0.080000,0.100000
2021-10-12,0.180000,0.080000,0.100000
2021-10-13,0.180000,0.080000,0.100000
2021-10-14,0.180000,0.080000,0.100000
2021-10-15,0.190000,0.080000,0.110000
2021-10-18,0.200000,0.080000,0.120000
2021-10-19,0.200000,0.080000,0.120000
2021-10-20,0.200000,0.080000,0.120000
2021-10-21,0.180000,0.080000,0.100000
2021-10-22,0.180000,0.080000,0.100000
2021-10-25,0.180000,0.080000,0.100000
2021-10-26,0.180000,0.080000,0.100000
2021-10-27,0.190000,0.080000,0.110000
2021-10-28,0.200000,0.080000,0.120000
2021-10-29,0.200000,0.070000,0.130000
2021-11-01,0.190000,0.080000,0.110000
2021-11-02,0.180000,0.080000,0.100000
2021-11-03,0.190000,0.080000,0.110000
2021-11-04,0.180000,0.080000,0.100000
2021-11-05,0.180000,0.080000,0.100000
2021-11-08,0.190000,0.080000,0.110000
2021-11-09,0.200000,0.080000,0.120000
2021-11-10,0.200000,0.080000,0.120000
2021-11-12,0.190000,0.080000,0.110000
2021-11-15,0.200000,0.080000,0.120000
2021-11-16,0.190000,0.080000,0.110000
2021-11-17,0.180000,0.080000,0.100000
2021-11-18,0.180000,0.080000,0.100000
2021-11-19,0.170000,0.080000,0.090000
2021-11-22,0.150000,0.080000,0.070000
2021-11-23,0.150000,0.080000,0.070000
2021-11-24,0.140000,0.080000,0.060000
2021-11-25,0.140000,0.080000,0.060000
2021-11-26,0.160000,0.080000,0.080000
2021-11-29,0.150000,0.080000,0.070000
2021-11-30,0.150000,0.070000,0.080000
2021-12-01,0.130000,0.080000,0.050000
2021-12-02,0.150000,0.080000,0.070000
2021-12-03,0.150000,0.080000,0.070000
2021-12-06,0.150000,0.080000,0.070000
2021-12-07,0.120000,0.080000,0.040000
2021-12-08,0.080000,0.080000,0.000000
2021-12-09,0.100000,0.080000,0.020000
2021-12-10,0.050000,0.080000,-0.030000
2021-12-13,0.050000,0.080000,-0.030000
2021-12-14,0.070000,0.080000,-0.010000
2021-12-15,0.070000,0.080000,-0.010000
2021-12-16,0.090000,0.080000,0.010000
2021-12-17,0.080000,0.080000,0.000000
2021-12-20,0.080000,0.080000,0.000000
2021-12-21,0.080000,0.080000,0.000000
2021-12-22,0.080000,0.080000,0.000000
2021-12-23,0.140000,0.080000,0.060000
2021-12-24,0.130000,0.080000,0.050000
2021-12-29,0.120000,0.080000,0.040000
2021-12-30,0.130000,0.080000,0.050000
2021-12-31,0.100000,0.070000,0.030000
2022-01-04,0.120000,0.080000,0.040000
2022-01-05,0.120000,0.080000,0.040000
2022-01-06,0.130000,0.080000,0.050000
2022-01-07,0.150000,0.080000,0.070000
2022-01-10,0.170000,0.080000,0.090000
2022-01-11,0.180000,0.080000,0.100000
2022-01-12,0.180000,0.080000,0.100000
2022-01-13,0.180000,0.080000,0.100000
2022-01-14,0.180000,0.080000,0.100000
2022-01-17,0.180000,0.080000,0.100000
2022-01-18,0.180000,0.080000,0.100000
2022-01-19,0.180000,0.080000,0.100000
2022-01-20,0.180000,0.080000,0.100000
2022-01-21,0.160000,0.080000,0.080000
2022-01-24,0.180000,0.080000,0.100000
2022-01-25,0.170000,0.080000,0.090000
2022-01-26,0.160000,0.080000,0.080000
2022-01-27,0.160000,0.080000,0.080000
2022-01-28,0.150000,0.080000,0.070000
2022-01-31,0.130000,0.080000,0.050000
2022-02-01,0.130000,0.080000,0.050000
2022-02-02,0.130000,0.080000,0.050000
2022-02-03,0.130000,0.080000,0.050000
2022-02-04,0.130000,0.080000,0.050000
2022-02-07,0.180000,0.080000,0.100000
2022-02-08,0.180000,0.080000,0.100000
2022-02-09,0.180000,0.080000,0.100000
2022-02-10,0.180000,0.080000,0.100000
2022-02-11,0.180000,0.080000,0.100000
2022-02-14,0.180000,0.080000,0.100000
2022-02-15,0.180000,0.080000,0.100000
2022-02-16,0.180000,0.080000,0.100000
2022-02-17,0.180000,0.080000,0.100000
2022-02-18,0.190000,0.080000,0.110000
2022-02-22,0.190000,0.080000,0.110000
2022-02-23,0.190000,0.080000,0.110000
2022-02-24,0.190000,0.080000,0.110000
2022-02-25,0.190000,0.080000,0.110000
2022-02-28,0.190000,0.080000,0.110000
2022-03-01,0.180000,0.080000,0.100000
2022-03-02,0.170000,0.080000,0.090000
2022-03-03,0.430000,0.080000,0.350000
2022-03-04,0.430000,0.080000,0.350000
2022-03-07,0.420000,0.080000,0.340000
2022-03-08,0.420000,0.080000,0.340000
2022-03-09,0.420000,0.080000,0.340000
2022-03-10,0.420000,0.080000,0.340000
2022-03-11,0.430000,0.080000,0.350000
2022-03-14,0.430000,0.080000,0.350000
2022-03-15,0.430000,0.080000,0.350000
2022-03-16,0.430000,0.080000,0.350000
2022-03-17,0.430000,0.330000,0.100000
2022-03-18,0.430000,0.330000,0.100000
2022-03-21,0.430000,0.330000,0.100000
2022-03-22,0.430000,0.330000,0.100000
2022-03-23,0.440000,0.330000,0.110000
2022-03-24,0.450000,0.330000,0.120000
2022-03-25,0.450000,0.330000,0.120000
2022-03-28,0.450000,0.330000,0.120000
2022-03-29,0.450000,0.330000,0.120000
2022-03-30,0.450000,0.330000,0.120000
2022-03-31,0.420000,0.330000,0.090000
2022-04-01,0.420000,0.330000,0.090000
2022-04-04,0.440000,0.330000,0.110000
2022-04-05,0.450000,0.330000,0.120000
2022-04-06,0.450000,0.330000,0.120000
2022-04-07,0.450000,0.330000,0.120000
2022-04-08,0.450000,0.330000,0.120000
2022-04-11,0.450000,0.330000,0.120000
2022-04-12,0.450000,0.330000,0.120000
2022-04-13,0.450000,0.330000,0.120000
2022-04-14,0.950000,0.330000,0.620000
2022-04-18,0.930000,0.330000,0.600000
2022-04-19,0.930000,0.330000,0.600000
2022-04-20,0.920000,0.330000,0.590000
2022-04-21,0.920000,0.330000,0.590000
2022-04-22,0.920000,0.330000,0.590000
2022-04-25,0.920000,0.330000,0.590000
2022-04-26,0.920000,0.330000,0.590000
2022-04-27,0.920000,0.330000,0.590000
2022-04-28,0.920000,0.330000,0.590000
2022-04-29,0.920000,0.330000,0.590000
2022-05-02,0.930000,0.330000,0.600000
2022-05-03,0.930000,0.330000,0.600000
2022-05-04,0.960000,0.330000,0.630000
2022-05-05,0.950000,0.830000,0.120000
2022-05-06,0.960000,0.830000,0.130000
2022-05-09,0.950000,0.830000,0.120000
2022-05-10,0.960000,0.830000,0.130000
2022-05-11,0.960000,0.830000,0.130000
2022-05-12,0.960000,0.830000,0.130000
2022-05-13,0.960000,0.830000,0.130000
2022-05-16,0.960000,0.830000,0.130000
2022-05-17,0.960000,0.830000,0.130000
2022-05-18,0.960000,0.830000,0.130000
2022-05-19,0.960000,0.830000,0.130000
2022-05-20,0.960000,0.830000,0.130000
2022-05-24,0.960000,0.830000,0.130000
2022-05-25,0.960000,0.830000,0.130000
2022-05-26,0.960000,0.830000,0.130000
2022-05-27,0.960000,0.830000,0.130000
2022-05-30,0.960000,0.830000,0.130000
2022-05-31,0.960000,0.830000,0.130000
2022-06-01,0.960000,0.830000,0.130000
2022-06-02,1.460000,0.830000,0.630000
2022-06-03,1.460000,0.830000,0.630000
2022-06-06,1.460000,0.830000,0.630000
2022-06-07,1.460000,0.830000,0.630000
2022-06-08,1.460000,0.830000,0.630000
2022-06-09,1.460000,0.830000,0.630000
2022-06-10,1.460000,0.830000,0.630000
2022-06-13,1.460000,0.830000,0.630000
2022-06-14,1.460000,0.830000,0.630000
2022-06-15,1.460000,0.830000,0.630000
2022-06-16,1.460000,1.580000,-0.120000
2022-06-17,1.460000,1.580000,-0.120000
2022-06-20,1.460000,1.580000,-0.120000
2022-06-21,1.460000,1.580000,-0.120000
2022-06-22,1.460000,1.580000,-0.120000
2022-06-23,1.460000,1.580000,-0.120000
2022-06-24,1.460000,1.580000,-0.120000
2022-06-27,1.460000,1.580000,-0.120000
2022-06-28,1.460000,1.580000,-0.120000
2022-06-29,1.460000,1.580000,-0.120000
2022-06-30,1.460000,1.580000,-0.120000
2022-07-04,1.460000,1.580000,-0.120000
2022-07-05,1.460000,1.580000,-0.120000
2022-07-06,1.460000,1.580000,-0.120000
2022-07-07,1.460000,1.580000,-0.120000
2022-07-08,1.460000,1.580000,-0.120000
2022-07-11,1.460000,1.580000,-0.120000
2022-07-12,1.460000,1.580000,-0.120000
2022-07-13,1.460000,1.580000,-0.120000
2022-07-14,2.470000,1.580000,0.890000
2022-07-15,2.470000,1.580000,0.890000
2022-07-18,2.470000,1.580000,0.890000
2022-07-19,2.470000,1.580000,0.890000
2022-07-20,2.470000,1.580000,0.890000
2022-07-21,2.470000,1.580000,0.890000
2022-07-22,2.470000,1.580000,0.890000
2022-07-25,2.470000,1.580000,0.890000
2022-07-26,2.470000,1.580000,0.890000
2022-07-27,2.470000,1.580000,0.890000
2022-07-28,2.470000,2.330000,0.140000
2022-07-29,2.470000,2.320000,0.150000
2022-08-02,2.470000,2.330000,0.140000
2022-08-03,2.480000,2.330000,0.150000
2022-08-04,2.480000,2.330000,0.150000
2022-08-05,2.500000,2.330000,0.170000
2022-08-08,2.520000,2.330000,0.190000
2022-08-09,2.520000,2.330000,0.190000
2022-08-10,2.520000,2.330000,0.190000
2022-08-11,2.510000,2.330000,0.180000
2022-08-12,2.510000,2.330000,0.180000
2022-08-15,2.510000,2.330000,0.180000
2022-08-16,2.510000,2.330000,0.180000
2022-08-17,2.500000,2.330000,0.170000
2022-08-18,2.500000,2.330000,0.170000
2022-08-19,2.500000,2.330000,0.170000
2022-08-22,2.500000,2.330000,0.170000
2022-08-23,2.500000,2.330000,0.170000
2022-08-24,2.500000,2.330000,0.170000
2022-08-25,2.500000,2.330000,0.170000
2022-08-26,2.500000,2.330000,0.170000
2022-08-29,2.500000,2.330000,0.170000
2022-08-30,2.500000,2.330000,0.170000
2022-08-31,2.500000,2.330000,0.170000
2022-09-01,2.500000,2.330000,0.170000
2022-09-02,2.500000,2.330000,0.170000
2022-09-06,2.500000,2.330000,0.170000
2022-09-07,2.500000,2.330000,0.170000
2022-09-08,3.250000,2.330000,0.920000
2022-09-09,3.250000,2.330000,0.920000
2022-09-12,3.250000,2.330000,0.920000
2022-09-13,3.250000,2.330000,0.920000
2022-09-14,3.250000,2.330000,0.920000
2022-09-15,3.250000,2.330000,0.920000
2022-09-16,3.250000,2.330000,0.920000
2022-09-19,3.250000,2.330000,0.920000
2022-09-20,3.250000,2.330000,0.920000
2022-09-21,3.250000,2.330000,0.920000
2022-09-22,3.250000,3.080000,0.170000
2022-09-23,3.250000,3.080000,0.170000
2022-09-26,3.250000,3.080000,0.170000
2022-09-27,3.250000,3.080000,0.170000
2022-09-28,3.250000,3.080000,0.170000
2022-09-29,3.260000,3.080000,0.180000
2022-10-03,3.260000,3.080000,0.180000
2022-10-04,3.260000,3.080000,0.180000
2022-10-05,3.250000,3.080000,0.170000
2022-10-06,3.250000,3.080000,0.170000
2022-10-07,3.250000,3.080000,0.170000
2022-10-11,3.250000,3.080000,0.170000
2022-10-12,3.250000,3.080000,0.170000
2022-10-13,3.250000,3.080000,0.170000
2022-10-14,3.250000,3.080000,0.170000
2022-10-17,3.250000,3.080000,0.170000
2022-10-18,3.260000,3.080000,0.180000
2022-10-19,3.250000,3.080000,0.170000
2022-10-20,3.250000,3.080000,0.170000
2022-10-21,3.250000,3.080000,0.170000
2022-10-24,3.250000,3.080000,0.170000
2022-10-25,3.250000,3.080000,0.170000
2022-10-26,3.250000,3.080000,0.170000
2022-10-27,3.750000,3.080000,0.670000
2022-10-28,3.750000,3.080000,0.670000
2022-10-31,3.760000,3.080000,0.680000
2022-11-01,3.760000,3.080000,0.680000
2022-11-02,3.760000,3.080000,0.680000
2022-11-03,3.760000,3.830000,-0.070000
2022-11-04,3.760000,3.830000,-0.070000
2022-11-07,3.760000,3.830000,-0.070000
2022-11-08,3.760000,3.830000,-0.070000
2022-11-09,3.760000,3.830000,-0.070000
2022-11-10,3.760000,3.830000,-0.070000
2022-11-14,3.760000,3.830000,-0.070000
2022-11-15,3.760000,3.830000,-0.070000
2022-11-16,3.760000,3.830000,-0.070000
2022-11-17,3.760000,3.830000,-0.070000
2022-11-18,3.760000,3.830000,-0.070000
2022-11-21,3.760000,3.830000,-0.070000
2022-11-22,3.760000,3.830000,-0.070000
2022-11-23,3.760000,3.830000,-0.070000
2022-11-24,3.760000,3.830000,-0.070000
2022-11-25,3.760000,3.830000,-0.070000
2022-11-28,3.760000,3.830000,-0.070000
2022-11-29,3.760000,3.830000,-0.070000
2022-11-30,3.760000,3.830000,-0.070000
2022-12-01,3.760000,3.830000,-0.070000
2022-12-02,3.760000,3.830000,-0.070000
2022-12-05,3.750000,3.830000,-0.080000
2022-12-06,3.760000,3.830000,-0.070000
2022-12-07,3.760000,3.830000,-0.070000
2022-12-08,4.250000,3.830000,0.420000
2022-12-09,4.260000,3.830000,0.430000
2022-12-12,4.260000,3.830000,0.430000
2022-12-13,4.260000,3.830000,0.430000
2022-12-14,4.270000,3.830000,0.440000
2022-12-15,4.270000,4.330000,-0.060000
2022-12-16,4.270000,4.330000,-0.060000
2022-12-19,4.270000,4.330000,-0.060000
2022-12-20,4.260000,4.330000,-0.070000
2022-12-21,4.270000,4.330000,-0.060000
2022-12-22,4.270000,4.330000,-0.060000
2022-12-23,4.270000,4.330000,-0.060000
2022-12-28,4.270000,4.330000,-0.060000
2022-12-29,4.270000,4.330000,-0.060000
2022-12-30,4.280000,4.330000,-0.050000
2023-01-03,4.270000,4.330000,-0.060000
2023-01-04,4.270000,4.330000,-0.060000
2023-01-05,4.260000,4.330000,-0.070000
2023-01-06,4.250000,4.330000,-0.080000
2023-01-09,4.250000,4.330000,-0.080000
2023-01-10,4.250000,4.330000,-0.080000
2023-01-11,4.250000,4.330000,-0.080000
2023-01-12,4.250000,4.330000,-0.080000
2023-01-13,4.250000,4.330000,-0.080000
2023-01-16,4.250000,4.330000,-0.080000
2023-01-17,4.250000,4.330000,-0.080000
2023-01-18,4.250000,4.330000,-0.080000
2023-01-19,4.250000,4.330000,-0.080000
2023-01-20,4.250000,4.330000,-0.080000
2023-01-23,4.250000,4.330000,-0.080000
2023-01-24,4.260000,4.330000,-0.070000
2023-01-25,4.260000,4.330000,-0.070000
2023-01-26,4.510000,4.330000,0.180000
2023-01-27,4.510000,4.330000,0.180000
2023-01-30,4.510000,4.330000,0.180000
2023-01-31,4.510000,4.330000,0.180000
2023-02-01,4.510000,4.330000,0.180000
2023-02-02,4.510000,4.580000,-0.070000
2023-02-03,4.510000,4.580000,-0.070000
2023-02-06,4.510000,4.580000,-0.070000
2023-02-07,4.510000,4.580000,-0.070000
2023-02-08,4.510000,4.580000,-0.070000
2023-02-09,4.510000,4.570000,-0.060000
2023-02-10,4.510000,4.580000,-0.070000
2023-02-13,4.510000,4.580000,-0.070000
2023-02-14,4.510000,4.580000,-0.070000
2023-02-15,4.510000,4.580000,-0.070000
2023-02-16,4.500000,4.580000,-0.080000
2023-02-17,4.500000,4.580000,-0.080000
2023-02-21,4.500000,4.580000,-0.080000
2023-02-22,4.500000,4.580000,-0.080000
2023-02-23,4.500000,4.580000,-0.080000
2023-02-24,4.500000,4.580000,-0.080000
2023-02-27,4.500000,4.570000,-0.070000
2023-02-28,4.500000,4.570000,-0.070000
2023-03-01,4.500000,4.580000,-0.080000
2023-03-02,4.500000,4.570000,-0.070000
2023-03-03,4.500000,4.570000,-0.070000
2023-03-06,4.500000,4.570000,-0.070000
2023-03-07,4.500000,4.570000,-0.070000
2023-03-08,4.500000,4.570000,-0.070000
2023-03-09,4.500000,4.570000,-0.070000
2023-03-10,4.500000,4.570000,-0.070000
2023-03-13,4.500000,4.580000,-0.080000
2023-03-14,4.500000,4.580000,-0.080000
2023-03-15,4.500000,4.580000,-0.080000
2023-03-16,4.500000,4.580000,-0.080000
2023-03-17,4.500000,4.580000,-0.080000
2023-03-20,4.500000,4.580000,-0.080000
2023-03-21,4.500000,4.580000,-0.080000
2023-03-22,4.500000,4.580000,-0.080000
2023-03-23,4.500000,4.830000,-0.330000
2023-03-24,4.500000,4.830000,-0.330000
2023-03-27,4.500000,4.830000,-0.330000
2023-03-28,4.500000,4.830000,-0.330000
2023-03-29,4.500000,4.830000,-0.330000
2023-03-30,4.500000,4.830000,-0.330000
2023-03-31,4.500000,4.830000,-0.330000
2023-04-03,4.500000,4.830000,-0.330000
2023-04-04,4.500000,4.830000,-0.330000
2023-04-05,4.500000,4.830000,-0.330000
2023-04-06,4.500000,4.830000,-0.330000
2023-04-10,4.500000,4.830000,-0.330000
2023-04-11,4.500000,4.830000,-0.330000
2023-04-12,4.500000,4.830000,-0.330000
2023-04-13,4.500000,4.830000,-0.330000
2023-04-14,4.500000,4.830000,-0.330000
2023-04-17,4.500000,4.830000,-0.330000
2023-04-18,4.500000,4.830000,-0.330000
2023-04-19,4.500000,4.830000,-0.330000
2023-04-20,4.500000,4.830000,-0.330000
2023-04-21,4.500000,4.830000,-0.330000
2023-04-24,4.500000,4.830000,-0.330000
2023-04-25,4.500000,4.830000,-0.330000
2023-04-26,4.500000,4.830000,-0.330000
2023-04-27,4.500000,4.830000,-0.330000
2023-04-28,4.500000,4.830000,-0.330000
2023-05-01,4.500000,4.830000,-0.330000
2023-05-02,4.500000,4.830000,-0.330000
2023-05-03,4.500000,4.830000,-0.330000
2023-05-04,4.500000,5.080000,-0.580000
2023-05-05,4.500000,5.080000,-0.580000
2023-05-08,4.500000,5.080000,-0.580000
2023-05-09,4.500000,5.080000,-0.580000
2023-05-10,4.500000,5.080000,-0.580000
2023-05-11,4.500000,5.080000,-0.580000
2023-05-12,4.500000,5.080000,-0.580000
2023-05-15,4.500000,5.080000,-0.580000
2023-05-16,4.500000,5.080000,-0.580000
2023-05-17,4.500000,5.080000,-0.580000
2023-05-18,4.500000,5.080000,-0.580000
2023-05-19,4.500000,5.080000,-0.580000
2023-05-23,4.500000,5.080000,-0.580000
2023-05-24,4.500000,5.080000,-0.580000
2023-05-25,4.500000,5.080000,-0.580000
2023-05-26,4.500000,5.080000,-0.580000
2023-05-29,4.500000,5.080000,-0.580000
2023-05-30,4.500000,5.080000,-0.580000
2023-05-31,4.500000,5.080000,-0.580000
2023-06-01,4.500000,5.080000,-0.580000
2023-06-02,4.500000,5.080000,-0.580000
2023-06-05,4.500000,5.080000,-0.580000
2023-06-06,4.500000,5.080000,-0.580000
2023-06-07,4.500000,5.080000,-0.580000
2023-06-08,4.750000,5.080000,-0.330000
2023-06-09,4.750000,5.080000,-0.330000
2023-06-12,4.750000,5.080000,-0.330000
2023-06-13,4.750000,5.080000,-0.330000
2023-06-14,4.750000,5.080000,-0.330000
2023-06-15,4.750000,5.070000,-0.320000
2023-06-16,4.750000,5.080000,-0.330000
2023-06-19,4.750000,5.080000,-0.330000
2023-06-20,4.750000,5.070000,-0.320000
2023-06-21,4.750000,5.070000,-0.320000
2023-06-22,4.750000,5.070000,-0.320000
2023-06-23,4.750000,5.070000,-0.320000
2023-06-26,4.750000,5.070000,-0.320000
2023-06-27,4.750000,5.070000,-0.320000
2023-06-28,4.750000,5.070000,-0.320000
2023-06-29,4.750000,5.070000,-0.320000
2023-06-30,4.750000,5.080000,-0.330000
2023-07-04,4.750000,5.080000,-0.330000
2023-07-05,4.750000,5.080000,-0.330000
2023-07-06,4.750000,5.080000,-0.330000
2023-07-07,4.750000,5.080000,-0.330000
2023-07-10,4.750000,5.070000,-0.320000
2023-07-11,4.750000,5.080000,-0.330000
2023-07-12,4.750000,5.080000,-0.330000
2023-07-13,5.000000,5.080000,-0.080000
2023-07-14,5.000000,5.080000,-0.080000
2023-07-17,5.000000,5.080000,-0.080000
2023-07-18,5.000000,5.080000,-0.080000
2023-07-19,5.000000,5.080000,-0.080000
2023-07-20,5.000000,5.080000,-0.080000
2023-07-21,5.010000,5.080000,-0.070000
2023-07-24,5.000000,5.080000,-0.080000
2023-07-25,5.000000,5.080000,-0.080000
2023-07-26,5.000000,5.080000,-0.080000
2023-07-27,5.000000,5.330000,-0.330000
2023-07-28,5.000000,5.330000,-0.330000
2023-07-31,5.000000,5.330000,-0.330000
2023-08-01,5.000000,5.330000,-0.330000
2023-08-02,5.000000,5.330000,-0.330000
2023-08-03,5.000000,5.330000,-0.330000
2023-08-04,5.000000,5.330000,-0.330000
2023-08-08,5.000000,5.330000,-0.330000
2023-08-09,5.000000,5.330000,-0.330000
2023-08-10,5.000000,5.330000,-0.330000
2023-08-11,5.000000,5.330000,-0.330000
2023-08-14,5.000000,5.330000,-0.330000
2023-08-15,5.000000,5.330000,-0.330000
2023-08-16,5.000000,5.330000,-0.330000
2023-08-17,5.000000,5.330000,-0.330000
2023-08-18,5.000000,5.330000,-0.330000
2023-08-21,5.020000,5.330000,-0.310000
2023-08-22,5.020000,5.330000,-0.310000
2023-08-23,5.010000,5.330000,-0.320000
2023-08-24,5.020000,5.330000,-0.310000
2023-08-25,5.010000,5.330000,-0.320000
2023-08-28,5.020000,5.330000,-0.310000
2023-08-29,5.010000,5.330000,-0.320000
2023-08-30,5.010000,5.330000,-0.320000
2023-08-31,5.010000,5.330000,-0.320000
2023-09-01,5.010000,5.330000,-0.320000
2023-09-05,5.010000,5.330000,-0.320000
2023-09-06,5.010000,5.330000,-0.320000
2023-09-07,5.010000,5.330000,-0.320000
2023-09-08,5.000000,5.330000,-0.330000
2023-09-11,5.010000,5.330000,-0.320000
2023-09-12,5.000000,5.330000,-0.330000
2023-09-13,5.000000,5.330000,-0.330000
2023-09-14,5.010000,5.330000,-0.320000
2023-09-15,5.000000,5.330000,-0.330000
2023-09-18,5.000000,5.330000,-0.330000
2023-09-19,5.000000,5.330000,-0.330000
2023-09-20,5.000000,5.330000,-0.330000
2023-09-21,5.000000,5.330000,-0.330000
2023-09-22,5.010000,5.330000,-0.320000
2023-09-25,5.010000,5.330000,-0.320000
2023-09-26,5.020000,5.330000,-0.310000
2023-09-27,5.020000,5.330000,-0.310000
2023-09-28,5.010000,5.330000,-0.320000
2023-09-29,5.020000,5.330000,-0.310000
2023-10-03,5.000000,5.330000,-0.330000
2023-10-04,5.000000,5.330000,-0.330000
2023-10-05,5.000000,5.330000,-0.330000
2023-10-06,5.010000,5.330000,-0.320000
2023-10-10,5.010000,5.330000,-0.320000
2023-10-11,5.020000,5.330000,-0.310000
2023-10-12,5.030000,5.330000,-0.300000
2023-10-13,5.030000,5.330000,-0.300000
2023-10-16,5.010000,5.330000,-0.320000
2023-10-17,5.030000,5.330000,-0.300000
2023-10-18,5.040000,5.330000,-0.290000
2023-10-19,5.040000,5.330000,-0.290000
2023-10-20,5.040000,5.330000,-0.290000
2023-10-23,5.040000,5.330000,-0.290000
2023-10-24,5.040000,5.330000,-0.290000
2023-10-25,5.040000,5.330000,-0.290000
2023-10-26,5.040000,5.330000,-0.290000
2023-10-27,5.040000,5.330000,-0.290000
2023-10-30,5.040000,5.330000,-0.290000
2023-10-31,5.050000,5.330000,-0.280000
2023-11-01,5.040000,5.330000,-0.290000
2023-11-02,5.020000,5.330000,-0.310000
2023-11-03,5.050000,5.330000,-0.280000
2023-11-06,5.040000,5.330000,-0.290000
2023-11-07,5.040000,5.330000,-0.290000
2023-11-08,5.040000,5.330000,-0.290000
2023-11-09,5.040000,5.330000,-0.290000
2023-11-10,5.040000,5.330000,-0.290000
2023-11-14,5.040000,5.330000,-0.290000
2023-11-15,5.040000,5.330000,-0.290000
2023-11-16,5.020000,5.330000,-0.310000
2023-11-17,5.020000,5.330000,-0.310000
2023-11-20,5.010000,5.330000,-0.320000
2023-11-21,5.020000,5.330000,-0.310000
2023-11-22,5.030000,5.330000,-0.300000
2023-11-23,5.050000,5.330000,-0.280000
2023-11-24,5.040000,5.330000,-0.290000
2023-11-27,5.040000,5.330000,-0.290000
2023-11-28,5.020000,5.330000,-0.310000
2023-11-29,5.020000,5.330000,-0.310000
2023-11-30,5.020000,5.330000,-0.310000
2023-12-01,5.020000,5.330000,-0.310000
2023-12-04,5.020000,5.330000,-0.310000
2023-12-05,5.020000,5.330000,-0.310000
2023-12-06,5.020000,5.330000,-0.310000
2023-12-07,5.030000,5.330000,-0.300000
2023-12-08,5.030000,5.330000,-0.300000
2023-12-11,5.030000,5.330000,-0.300000
2023-12-12,5.040000,5.330000,-0.290000
2023-12-13,5.030000,5.330000,-0.300000
2023-12-14,5.040000,5.330000,-0.290000
2023-12-15,5.040000,5.330000,-0.290000
2023-12-18,5.040000,5.330000,-0.290000
2023-12-19,5.040000,5.330000,-0.290000
2023-12-20,5.040000,5.330000,-0.290000
2023-12-21,5.040000,5.330000,-0.290000
2023-12-22,5.040000,5.330000,-0.290000
2023-12-27,5.030000,5.330000,-0.300000
2023-12-28,5.050000,5.330000,-0.280000
2023-12-29,5.060000,5.330000,-0.270000
2024-01-02,5.050000,5.330000,-0.280000
2024-01-03,5.050000,5.330000,-0.280000
2024-01-04,5.040000,5.330000,-0.290000
2024-01-05,5.040000,5.330000,-0.290000
2024-01-08,5.030000,5.330000,-0.300000
2024-01-09,5.030000,5.330000,-0.300000
2024-01-10,5.030000,5.330000,-0.300000
2024-01-11,5.030000,5.330000,-0.300000
2024-01-12,5.050000,5.330000,-0.280000
2024-01-15,5.050000,5.330000,-0.280000
2024-01-16,5.050000,5.330000,-0.280000
2024-01-17,5.050000,5.330000,-0.280000
2024-01-18,5.040000,5.330000,-0.290000
2024-01-19,5.050000,5.330000,-0.280000
2024-01-22,5.050000,5.330000,-0.280000
2024-01-23,5.050000,5.330000,-0.280000
2024-01-24,5.050000,5.330000,-0.280000
2024-01-25,5.050000,5.330000,-0.280000
2024-01-26,5.050000,5.330000,-0.280000
2024-01-29,5.050000,5.330000,-0.280000
2024-01-30,5.050000,5.330000,-0.280000
2024-01-31,5.070000,5.330000,-0.260000
2024-02-01,5.050000,5.330000,-0.280000
2024-02-02,5.050000,5.330000,-0.280000
2024-02-05,5.050000,5.330000,-0.280000
2024-02-06,5.050000,5.330000,-0.280000
2024-02-07,5.040000,5.330000,-0.290000
2024-02-08,5.040000,5.330000,-0.290000
2024-02-09,5.040000,5.330000,-0.290000
2024-02-12,5.040000,5.330000,-0.290000
2024-02-13,5.040000,5.330000,-0.290000
2024-02-14,5.040000,5.330000,-0.290000
2024-02-15,5.040000,5.330000,-0.290000
2024-02-16,5.040000,5.330000,-0.290000
2024-02-20,5.040000,5.330000,-0.290000
2024-02-21,5.030000,5.330000,-0.300000
2024-02-22,5.010000,5.330000,-0.320000
2024-02-23,5.010000,5.330000,-0.320000
2024-02-26,5.010000,5.330000,-0.320000
2024-02-27,5.010000,5.330000,-0.320000
2024-02-28,5.000000,5.330000,-0.330000
2024-02-29,5.010000,5.330000,-0.320000
2024-03-01,5.010000,5.330000,-0.320000
2024-03-04,5.010000,5.330000,-0.320000
2024-03-05,5.010000,5.330000,-0.320000
2024-03-06,5.010000,5.330000,-0.320000
2024-03-07,5.010000,5.330000,-0.320000
2024-03-08,5.010000,5.330000,-0.320000
2024-03-11,5.010000,5.330000,-0.320000
2024-03-12,5.010000,5.330000,-0.320000
2024-03-13,5.010000,5.330000,-0.320000
2024-03-14,5.010000,5.330000,-0.320000
2024-03-15,5.010000,5.330000,-0.320000
2024-03-18,5.010000,5.330000,-0.320000
2024-03-19,5.020000,5.330000,-0.310000
2024-03-20,5.010000,5.330000,-0.320000
2024-03-21,5.020000,5.330000,-0.310000
2024-03-22,5.020000,5.330000,-0.310000
2024-03-25,5.020000,5.330000,-0.310000
2024-03-26,5.020000,5.330000,-0.310000
2024-03-27,5.020000,5.330000,-0.310000
2024-03-28,5.050000,5.330000,-0.280000
2024-04-01,5.040000,5.330000,-0.290000
2024-04-02,5.030000,5.330000,-0.300000
2024-04-03,5.020000,5.330000,-0.310000
2024-04-04,5.000000,5.330000,-0.330000
2024-04-05,5.000000,5.330000,-0.330000
2024-04-08,5.000000,5.330000,-0.330000
2024-04-09,5.000000,5.330000,-0.330000
2024-04-10,5.000000,5.330000,-0.330000
2024-04-11,5.000000,5.330000,-0.330000
2024-04-12,5.010000,5.330000,-0.320000
2024-04-15,5.010000,5.330000,-0.320000
2024-04-16,5.030000,5.330000,-0.300000
2024-04-17,5.020000,5.330000,-0.310000
2024-04-18,5.010000,5.330000,-0.320000
2024-04-19,5.010000,5.330000,-0.320000
2024-04-22,5.010000,5.330000,-0.320000
2024-04-23,5.000000,5.330000,-0.330000
2024-04-24,5.000000,5.330000,-0.330000
2024-04-25,5.000000,5.330000,-0.330000
2024-04-26,5.000000,5.330000,-0.330000
2024-04-29,5.000000,5.330000,-0.330000
2024-04-30,5.010000,5.330000,-0.320000
2024-05-01,5.010000,5.330000,-0.320000
2024-05-02,5.010000,5.330000,-0.320000
2024-05-03,5.010000,5.330000,-0.320000
2024-05-06,5.010000,5.330000,-0.320000
2024-05-07,5.010000,5.330000,-0.320000
2024-05-08,5.010000,5.330000,-0.320000
2024-05-09,5.010000,5.330000,-0.320000
2024-05-10,5.010000,5.330000,-0.320000
2024-05-13,5.010000,5.330000,-0.320000
2024-05-14,5.010000,5.330000,-0.320000
2024-05-15,5.010000,5.330000,-0.320000
2024-05-16,5.010000,5.330000,-0.320000
2024-05-17,5.010000,5.330000,-0.320000
2024-05-21,5.010000,5.330000,-0.320000
2024-05-22,5.010000,5.330000,-0.320000
2024-05-23,5.010000,5.330000,-0.320000
2024-05-24,5.010000,5.330000,-0.320000
2024-05-27,5.010000,5.330000,-0.320000
2024-05-28,5.010000,5.330000,-0.320000
2024-05-29,5.020000,5.330000,-0.310000
2024-05-30,5.010000,5.330000,-0.320000
2024-05-31,5.020000,5.330000,-0.310000
2024-06-03,5.020000,5.330000,-0.310000
2024-06-04,5.030000,5.330000,-0.300000
2024-06-05,5.030000,5.330000,-0.300000
2024-06-06,4.770000,5.330000,-0.560000
2024-06-07,4.770000,5.330000,-0.560000
2024-06-10,4.780000,5.330000,-0.550000
2024-06-11,4.780000,5.330000,-0.550000
2024-06-12,4.780000,5.330000,-0.550000
2024-06-13,4.780000,5.330000,-0.550000
2024-06-14,4.780000,5.330000,-0.550000
2024-06-17,4.780000,5.330000,-0.550000
2024-06-18,4.780000,5.330000,-0.550000
2024-06-19,4.780000,5.330000,-0.550000
2024-06-20,4.780000,5.330000,-0.550000
2024-06-21,4.780000,5.330000,-0.550000
2024-06-24,4.780000,5.330000,-0.550000
2024-06-25,4.780000,5.330000,-0.550000
2024-06-26,4.780000,5.330000,-0.550000
2024-06-27,4.780000,5.330000,-0.550000
2024-06-28,4.800000,5.330000,-0.530000
2024-07-02,4.790000,5.330000,-0.540000
2024-07-03,4.800000,5.330000,-0.530000
2024-07-04,4.800000,5.330000,-0.530000
2024-07-05,4.800000,5.330000,-0.530000
2024-07-08,4.800000,5.330000,-0.530000
2024-07-09,4.800000,5.330000,-0.530000
2024-07-10,4.800000,5.330000,-0.530000
2024-07-11,4.800000,5.330000,-0.530000
2024-07-12,4.800000,5.330000,-0.530000
2024-07-15,4.800000,5.330000,-0.530000
2024-07-16,4.800000,5.330000,-0.530000
2024-07-17,4.800000,5.330000,-0.530000
2024-07-18,4.800000,5.330000,-0.530000
2024-07-19,4.800000,5.330000,-0.530000
2024-07-22,4.790000,5.330000,-0.540000
2024-07-23,4.780000,5.330000,-0.550000
2024-07-24,4.780000,5.330000,-0.550000
2024-07-25,4.530000,5.330000,-0.800000
2024-07-26,4.520000,5.330000,-0.810000
2024-07-29,4.520000,5.330000,-0.810000
2024-07-30,4.520000,5.330000,-0.810000
2024-07-31,4.530000,5.330000,-0.800000
2024-08-01,4.530000,5.330000,-0.800000
2024-08-02,4.530000,5.330000,-0.800000
2024-08-06,4.530000,5.330000,-0.800000
2024-08-07,4.530000,5.330000,-0.800000
2024-08-08,4.560000,5.330000,-0.770000
2024-08-09,4.550000,5.330000,-0.780000
2024-08-12,4.530000,5.330000,-0.800000
2024-08-13,4.530000,5.330000,-0.800000
2024-08-14,4.530000,5.330000,-0.800000
2024-08-15,4.530000,5.330000,-0.800000
2024-08-16,4.530000,5.330000,-0.800000
2024-08-19,4.530000,5.330000,-0.800000
2024-08-20,4.530000,5.330000,-0.800000
2024-08-21,4.520000,5.330000,-0.810000
2024-08-22,4.520000,5.330000,-0.810000
2024-08-23,4.530000,5.330000,-0.800000
2024-08-26,4.530000,5.330000,-0.800000
2024-08-27,4.530000,5.330000,-0.800000
2024-08-28,4.530000,5.330000,-0.800000
2024-08-29,4.530000,5.330000,-0.800000
2024-08-30,4.530000,5.330000,-0.800000
2024-09-03,4.540000,5.330000,-0.790000
2024-09-04,4.540000,5.330000,-0.790000
2024-09-05,4.290000,5.330000,-1.040000
2024-09-06,4.290000,5.330000,-1.040000
2024-09-09,4.290000,5.330000,-1.040000
2024-09-10,4.290000,5.330000,-1.040000
2024-09-11,4.300000,5.330000,-1.030000
2024-09-12,4.290000,5.330000,-1.040000
2024-09-13,4.290000,5.330000,-1.040000
2024-09-16,4.290000,5.330000,-1.040000
2024-09-17,4.290000,5.330000,-1.040000
2024-09-18,4.290000,5.330000,-1.040000
2024-09-19,4.290000,4.830000,-0.540000
2024-09-20,4.290000,4.830000,-0.540000
2024-09-23,4.290000,4.830000,-0.540000
2024-09-24,4.290000,4.830000,-0.540000
2024-09-25,4.300000,4.830000,-0.530000
2024-09-26,4.300000,4.830000,-0.530000
2024-09-27,4.300000,4.830000,-0.530000
2024-10-01,4.290000,4.830000,-0.540000
2024-10-02,4.300000,4.830000,-0.530000
2024-10-03,4.300000,4.830000,-0.530000
2024-10-04,4.300000,4.830000,-0.530000
2024-10-07,4.300000,4.830000,-0.530000
2024-10-08,4.300000,4.830000,-0.530000
2024-10-09,4.330000,4.830000,-0.500000
2024-10-10,4.300000,4.830000,-0.530000
2024-10-11,4.310000,4.830000,-0.520000
2024-10-15,4.320000,4.830000,-0.510000
2024-10-16,4.300000,4.830000,-0.530000
2024-10-17,4.300000,4.830000,-0.530000
2024-10-18,4.300000,4.830000,-0.530000
2024-10-21,4.300000,4.830000,-0.530000
2024-10-22,4.300000,4.830000,-0.530000
2024-10-23,4.320000,4.830000,-0.510000
2024-10-24,3.810000,4.830000,-1.020000
2024-10-25,3.810000,4.830000,-1.020000
2024-10-28,3.810000,4.830000,-1.020000
2024-10-29,3.810000,4.830000,-1.020000
2024-10-30,3.810000,4.830000,-1.020000
2024-10-31,3.840000,4.830000,-0.990000
2024-11-01,3.820000,4.830000,-1.010000
2024-11-04,3.810000,4.830000,-1.020000
2024-11-05,3.800000,4.830000,-1.030000
2024-11-06,3.810000,4.830000,-1.020000
2024-11-07,3.800000,4.830000,-1.030000
2024-11-08,3.800000,4.580000,-0.780000
2024-11-12,3.800000,4.580000,-0.780000
2024-11-13,3.800000,4.580000,-0.780000
2024-11-14,3.790000,4.580000,-0.790000
2024-11-15,3.790000,4.580000,-0.790000
2024-11-18,3.790000,4.580000,-0.790000
2024-11-19,3.780000,4.580000,-0.800000
2024-11-20,3.790000,4.580000,-0.790000
2024-11-21,3.790000,4.580000,-0.790000
2024-11-22,3.780000,4.580000,-0.800000
2024-11-25,3.780000,4.580000,-0.800000
2024-11-26,3.780000,4.580000,-0.800000
2024-11-27,3.780000,4.580000,-0.800000
2024-11-28,3.780000,4.580000,-0.800000
2024-11-29,3.780000,4.580000,-0.800000
2024-12-02,3.780000,4.580000,-0.800000
2024-12-03,3.780000,4.580000,-0.800000
2024-12-04,3.790000,4.580000,-0.790000
2024-12-05,3.780000,4.580000,-0.800000
2024-12-06,3.790000,4.580000,-0.790000
2024-12-09,3.790000,4.580000,-0.790000
2024-12-10,3.790000,4.580000,-0.790000
2024-12-11,3.780000,4.580000,-0.800000
2024-12-12,3.290000,4.580000,-1.290000
2024-12-13,3.290000,4.580000,-1.290000
2024-12-16,3.300000,4.580000,-1.280000
2024-12-17,3.300000,4.580000,-1.280000
2024-12-18,3.330000,4.580000,-1.250000
2024-12-19,3.330000,4.330000,-1.000000
2024-12-20,3.330000,4.330000,-1.000000
2024-12-23,3.320000,4.330000,-1.010000
2024-12-24,3.290000,4.330000,-1.040000
2024-12-27,3.310000,4.330000,-1.020000
2024-12-30,3.310000,4.330000,-1.020000
2024-12-31,3.320000,4.330000,-1.010000
2025-01-02,3.300000,4.330000,-1.030000
2025-01-03,3.290000,4.330000,-1.040000
2025-01-06,3.290000,4.330000,-1.040000
2025-01-07,3.290000,4.330000,-1.040000
2025-01-08,3.280000,4.330000,-1.050000
2025-01-09,3.280000,4.330000,-1.050000
2025-01-10,3.290000,4.330000,-1.040000
2025-01-13,3.290000,4.330000,-1.040000
2025-01-14,3.290000,4.330000,-1.040000
2025-01-15,3.300000,4.330000,-1.030000
2025-01-16,3.300000,4.330000,-1.030000
2025-01-17,3.300000,4.330000,-1.030000
2025-01-20,3.300000,4.330000,-1.030000
2025-01-21,3.290000,4.330000,-1.040000
2025-01-22,3.290000,4.330000,-1.040000
2025-01-23,3.290000,4.330000,-1.040000
2025-01-24,3.290000,4.330000,-1.040000
2025-01-27,3.290000,4.330000,-1.040000
2025-01-28,3.290000,4.330000,-1.040000
2025-01-29,3.300000,4.330000,-1.030000
2025-01-30,3.030000,4.330000,-1.300000
2025-01-31,3.050000,4.330000,-1.280000
2025-02-03,3.030000,4.330000,-1.300000
2025-02-04,3.030000,4.330000,-1.300000
2025-02-05,3.030000,4.330000,-1.300000
2025-02-06,3.020000,4.330000,-1.310000
2025-02-07,3.020000,4.330000,-1.310000
2025-02-10,3.020000,4.330000,-1.310000
2025-02-11,3.020000,4.330000,-1.310000
2025-02-12,3.010000,4.330000,-1.320000
2025-02-13,3.010000,4.330000,-1.320000
2025-02-14,3.010000,4.330000,-1.320000
2025-02-18,3.010000,4.330000,-1.320000
2025-02-19,3.000000,4.330000,-1.330000
2025-02-20,3.000000,4.330000,-1.330000
2025-02-21,2.990000,4.330000,-1.340000
2025-02-24,2.990000,4.330000,-1.340000
2025-02-25,2.990000,4.330000,-1.340000
2025-02-26,2.990000,4.330000,-1.340000
2025-02-27,2.990000,4.330000,-1.340000
2025-02-28,3.000000,4.330000,-1.330000
2025-03-03,3.010000,4.330000,-1.320000
2025-03-04,3.030000,4.330000,-1.300000
2025-03-05,3.020000,4.330000,-1.310000
2025-03-06,3.020000,4.330000,-1.310000
2025-03-07,3.000000,4.330000,-1.330000
2025-03-10,3.010000,4.330000,-1.320000
2025-03-11,3.010000,4.330000,-1.320000
2025-03-12,3.050000,4.330000,-1.280000
2025-03-13,2.780000,4.330000,-1.550000
2025-03-14,2.770000,4.330000,-1.560000
2025-03-17,2.780000,4.330000,-1.550000
2025-03-18,2.770000,4.330000,-1.560000
2025-03-19,2.760000,4.330000,-1.570000
2025-03-20,2.760000,4.330000,-1.570000
2025-03-21,2.750000,4.330000,-1.580000
2025-03-24,2.750000,4.330000,-1.580000
2025-03-25,2.750000,4.330000,-1.580000
2025-03-26,2.760000,4.330000,-1.570000
2025-03-27,2.770000,4.330000,-1.560000
2025-03-28,2.770000,4.330000,-1.560000
2025-03-31,2.770000,4.330000,-1.560000
2025-04-01,2.770000,4.330000,-1.560000
2025-04-02,2.780000,4.330000,-1.550000
2025-04-03,2.770000,4.330000,-1.560000
2025-04-04,2.770000,4.330000,-1.560000
2025-04-07,2.760000,4.330000,-1.570000
2025-04-08,2.750000,4.330000,-1.580000
2025-04-09,2.750000,4.330000,-1.580000
2025-04-10,2.760000,4.330000,-1.570000
2025-04-11,2.770000,4.330000,-1.560000
2025-04-14,2.750000,4.330000,-1.580000
2025-04-15,2.760000,4.330000,-1.570000
2025-04-16,2.760000,4.330000,-1.570000
2025-04-17,2.760000,4.330000,-1.570000
2025-04-21,2.750000,4.330000,-1.580000
2025-04-22,2.750000,4.330000,-1.580000
2025-04-23,2.760000,4.330000,-1.570000
2025-04-24,2.750000,4.330000,-1.580000
2025-04-25,2.750000,4.330000,-1.580000
2025-04-28,2.750000,4.330000,-1.580000
2025-04-29,2.750000,4.330000,-1.580000
2025-04-30,2.770000,4.330000,-1.560000
2025-05-01,2.750000,4.330000,-1.580000
2025-05-02,2.750000,4.330000,-1.580000
2025-05-05,2.750000,4.330000,-1.580000
2025-05-06,2.750000,4.330000,-1.580000
2025-05-07,2.750000,4.330000,-1.580000
2025-05-08,2.750000,4.330000,-1.580000
2025-05-09,2.750000,4.330000,-1.580000
2025-05-12,2.750000,4.330000,-1.580000
2025-05-13,2.750000,4.330000,-1.580000
2025-05-14,2.740000,4.330000,-1.590000
2025-05-15,2.740000,4.330000,-1.590000
2025-05-16,2.760000,4.330000,-1.570000
2025-05-20,2.750000,4.330000,-1.580000
2025-05-21,2.770000,4.330000,-1.560000
2025-05-22,2.760000,4.330000,-1.570000
2025-05-23,2.760000,4.330000,-1.570000
2025-05-26,2.750000,4.330000,-1.580000
2025-05-27,2.750000,4.330000,-1.580000
2025-05-28,2.750000,4.330000,-1.580000
2025-05-29,2.750000,4.330000,-1.580000
2025-05-30,2.760000,4.330000,-1.570000
2025-06-02,2.780000,4.330000,-1.550000
2025-06-03,2.760000,4.330000,-1.570000
2025-06-04,2.760000,4.330000,-1.570000
2025-06-05,2.760000,4.330000,-1.570000
2025-06-06,2.750000,4.330000,-1.580000
2025-06-09,2.750000,4.330000,-1.580000
2025-06-10,2.750000,4.330000,-1.580000
2025-06-11,2.750000,4.330000,-1.580000
2025-06-12,2.750000,4.330000,-1.580000
2025-06-13,2.750000,4.330000,-1.580000
2025-06-16,2.750000,4.330000,-1.580000
2025-06-17,2.750000,4.330000,-1.580000
2025-06-18,2.750000,4.330000,-1.580000
2025-06-19,2.750000,4.330000,-1.580000
2025-06-20,2.750000,4.330000,-1.580000
2025-06-23,2.750000,4.330000,-1.580000
2025-06-24,2.750000,4.330000,-1.580000
2025-06-25,2.750000,4.330000,-1.580000
2025-06-26,2.750000,4.330000,-1.580000
2025-06-27,2.750000,4.330000,-1.580000
2025-06-30,2.750000,4.330000,-1.580000
2025-07-02,2.750000,4.330000,-1.580000
2025-07-03,2.750000,4.330000,-1.580000
2025-07-04,2.750000,4.330000,-1.580000
2025-07-07,2.750000,4.330000,-1.580000
2025-07-08,2.750000,4.330000,-1.580000
2025-07-09,2.750000,4.330000,-1.580000
2025-07-10,2.750000,4.330000,-1.580000
2025-07-11,2.750000,4.330000,-1.580000
2025-07-14,2.750000,4.330000,-1.580000
2025-07-15,2.760000,4.330000,-1.570000
2025-07-16,2.760000,4.330000,-1.570000
2025-07-17,2.760000,4.330000,-1.570000
2025-07-18,2.760000,4.330000,-1.570000
2025-07-21,2.760000,4.330000,-1.570000
2025-07-22,2.750000,4.330000,-1.580000
2025-07-23,2.750000,4.330000,-1.580000
2025-07-24,2.750000,4.330000,-1.580000
2025-07-25,2.750000,4.330000,-1.580000
2025-07-28,2.750000,4.330000,-1.580000
2025-07-29,2.760000,4.330000,-1.570000
2025-07-30,2.770000,4.330000,-1.560000
2025-07-31,2.760000,4.330000,-1.570000
2025-08-01,2.760000,4.330000,-1.570000
2025-08-05,2.750000,4.330000,-1.580000
2025-08-06,2.750000,4.330000,-1.580000
2025-08-07,2.760000,4.330000,-1.570000
2025-08-08,2.760000,4.330000,-1.570000
2025-08-11,2.760000,4.330000,-1.570000
2025-08-12,2.770000,4.330000,-1.560000
2025-08-13,2.760000,4.330000,-1.570000
2025-08-14,2.760000,4.330000,-1.570000
2025-08-15,2.770000,4.330000,-1.560000
2025-08-18,2.770000,4.330000,-1.560000
2025-08-19,2.760000,4.330000,-1.570000
2025-08-20,2.760000,4.330000,-1.570000
2025-08-21,2.760000,4.330000,-1.570000
2025-08-22,2.770000,4.330000,-1.560000
2025-08-25,2.770000,4.330000,-1.560000
2025-08-26,2.770000,4.330000,-1.560000
2025-08-27,2.760000,4.330000,-1.570000
2025-08-28,2.760000,4.330000,-1.570000
2025-08-29,2.770000,4.330000,-1.560000
2025-09-02,2.800000,4.330000,-1.530000
2025-09-03,2.800000,4.330000,-1.530000
2025-09-04,2.790000,4.330000,-1.540000
2025-09-05,2.800000,4.330000,-1.530000
2025-09-08,2.800000,4.330000,-1.530000
2025-09-09,2.800000,4.330000,-1.530000
2025-09-10,2.810000,4.330000,-1.520000
2025-09-11,2.810000,4.330000,-1.520000
2025-09-12,2.790000,4.330000,-1.540000
2025-09-15,2.820000,4.330000,-1.510000
2025-09-16,2.820000,4.330000,-1.510000
2025-09-17,2.800000,4.330000,-1.530000
2025-09-18,2.550000,4.080000,-1.530000
2025-09-19,2.560000,4.080000,-1.520000
2025-09-22,2.550000,4.090000,-1.540000
2025-09-23,2.550000,4.090000,-1.540000
2025-09-24,2.550000,4.090000,-1.540000
2025-09-25,2.550000,4.090000,-1.540000
2025-09-26,2.560000,4.090000,-1.530000
2025-09-29,2.560000,4.090000,-1.530000
2025-10-01,2.560000,4.090000,-1.530000
2025-10-02,2.560000,4.090000,-1.530000
2025-10-03,2.560000,4.090000,-1.530000
2025-10-06,2.540000,4.090000,-1.550000
2025-10-07,2.530000,4.090000,-1.560000
2025-10-08,2.520000,4.100000,-1.580000
2025-10-09,2.520000,4.100000,-1.580000
2025-10-10,2.520000,4.100000,-1.580000
2025-10-14,2.520000,4.100000,-1.580000
2025-10-15,2.530000,4.100000,-1.570000
2025-10-16,2.530000,4.110000,-1.580000
2025-10-17,2.530000,4.110000,-1.580000
2025-10-20,2.520000,4.110000,-1.590000
2025-10-21,2.520000,4.110000,-1.590000
2025-10-22,2.520000,4.110000,-1.590000
2025-10-23,2.520000,4.110000,-1.590000
2025-10-24,2.510000,4.110000,-1.600000
2025-10-27,2.520000,4.120000,-1.600000
2025-10-28,2.520000,4.120000,-1.600000
2025-10-29,2.520000,4.120000,-1.600000
2025-10-30,2.280000,3.870000,-1.590000
2025-10-31,2.350000,3.860000,-1.510000
2025-11-03,2.350000,3.870000,-1.520000
2025-11-04,2.290000,3.870000,-1.580000
2025-11-05,2.270000,3.870000,-1.600000
2025-11-06,2.270000,3.870000,-1.600000
2025-11-07,2.270000,3.870000,-1.600000
2025-11-10,2.270000,3.870000,-1.600000
2025-11-12,2.270000,3.870000,-1.600000
2025-11-13,2.260000,3.880000,-1.620000
2025-11-14,2.250000,3.880000,-1.630000
2025-11-17,2.260000,3.880000,-1.620000
2025-11-18,2.250000,3.880000,-1.630000
2025-11-19,2.250000,3.880000,-1.630000
2025-11-20,2.250000,3.880000,-1.630000
2025-11-21,2.240000,3.880000,-1.640000
2025-11-24,2.240000,3.880000,-1.640000
2025-11-25,2.240000,3.880000,-1.640000
2025-11-26,2.240000,3.880000,-1.640000
2025-11-27,2.240000,3.880000,-1.640000
2025-11-28,2.250000,3.890000,-1.640000
2025-12-01,2.250000,3.890000,-1.640000
2025-12-02,2.240000,3.890000,-1.650000
2025-12-03,2.240000,3.890000,-1.650000
2025-12-04,2.250000,3.890000,-1.640000
2025-12-05,2.250000,3.890000,-1.640000
2025-12-08,2.250000,3.890000,-1.640000
2025-12-09,2.250000,3.890000,-1.640000
2025-12-10,2.250000,3.890000,-1.640000
2025-12-11,2.250000,3.640000,-1.390000
2025-12-12,2.260000,3.640000,-1.380000
2025-12-15,2.260000,3.640000,-1.380000
2025-12-16,2.260000,3.640000,-1.380000
2025-12-17,2.260000,3.640000,-1.380000
2025-12-18,2.270000,3.640000,-1.370000
2025-12-19,2.270000,3.640000,-1.370000
2025-12-22,2.280000,3.640000,-1.360000
2025-12-23,2.300000,3.640000,-1.340000
2025-12-24,2.300000,3.640000,-1.340000
2025-12-29,2.300000,3.640000,-1.340000
2025-12-30,2.290000,3.640000,-1.350000
2025-12-31,2.300000,3.640000,-1.340000
2026-01-02,2.290000,3.640000,-1.350000
2026-01-05,2.280000,3.640000,-1.360000
2026-01-06,2.280000,3.640000,-1.360000
2026-01-07,2.250000,3.640000,-1.390000
2026-01-08,2.250000,3.640000,-1.390000
2026-01-09,2.250000,3.640000,-1.390000
2026-01-12,2.250000,3.640000,-1.390000
2026-01-13,2.250000,3.640000,-1.390000
2026-01-14,2.250000,3.640000,-1.390000
2026-01-15,2.270000,3.640000,-1.370000
2026-01-16,2.280000,3.640000,-1.360000
2026-01-19,2.270000,3.640000,-1.370000
2026-01-20,2.250000,3.640000,-1.390000
2026-01-21,2.250000,3.640000,-1.390000
2026-01-22,2.250000,3.640000,-1.390000
2026-01-23,2.260000,3.640000,-1.380000
2026-01-26,2.260000,3.640000,-1.380000
2026-01-27,2.270000,3.640000,-1.370000
2026-01-28,2.270000,3.640000,-1.370000
2026-01-29,2.270000,3.640000,-1.370000
2026-01-30,2.300000,3.640000,-1.340000
2026-02-02,2.280000,3.640000,-1.360000
2026-02-03,2.280000,3.640000,-1.360000
2026-02-04,2.290000,3.640000,-1.350000
2026-02-05,2.290000,3.640000,-1.350000
2026-02-06,2.290000,3.640000,-1.350000
2026-02-09,2.290000,3.640000,-1.350000
2026-02-10,2.290000,3.640000,-1.350000
2026-02-11,2.290000,3.640000,-1.350000
2026-02-12,2.270000,3.640000,-1.370000
2026-02-13,2.250000,3.640000,-1.390000
2026-02-17,2.250000,3.640000,-1.390000
2026-02-18,2.250000,3.640000,-1.390000
2026-02-19,2.250000,3.640000,-1.390000
2026-02-20,2.260000,3.640000,-1.380000
2026-02-23,2.260000,3.640000,-1.380000
2026-02-24,2.270000,3.640000,-1.370000
2026-02-25,2.280000,3.640000,-1.360000
2026-02-26,2.280000,3.640000,-1.360000
2026-02-27,2.290000,3.640000,-1.350000
2026-03-02,2.290000,3.640000,-1.350000
2026-03-03,2.300000,3.640000,-1.340000
2026-03-04,2.280000,3.640000,-1.360000
2026-03-05,2.270000,3.640000,-1.370000
2026-03-06,2.260000,3.640000,-1.380000
2026-03-09,2.260000,3.640000,-1.380000
2026-03-10,2.260000,3.640000,-1.380000
2026-03-11,2.260000,3.640000,-1.380000
2026-03-12,2.260000,3.640000,-1.380000
2026-03-13,2.260000,3.640000,-1.380000
2026-03-16,2.260000,3.640000,-1.380000
2026-03-17,2.280000,3.640000,-1.360000
2026-03-18,2.290000,3.640000,-1.350000
2026-03-19,2.290000,3.640000,-1.350000
2026-03-20,2.300000,3.640000,-1.340000
2026-03-23,2.290000,3.640000,-1.350000
2026-03-24,2.300000,3.640000,-1.340000
2026-03-25,2.330000,3.640000,-1.310000
2026-03-26,2.320000,3.640000,-1.320000
2026-03-27,2.290000,3.640000,-1.350000
2026-03-30,2.270000,3.640000,-1.370000
2026-03-31,2.270000,3.640000,-1.370000
2026-04-01,2.270000,3.640000,-1.370000
2026-04-02,2.270000,3.640000,-1.370000
2026-04-06,2.260000,3.640000,-1.380000
2026-04-07,2.260000,3.640000,-1.380000
2026-04-08,2.260000,3.640000,-1.380000
2026-04-09,2.270000,3.640000,-1.370000
2026-04-10,2.300000,3.640000,-1.340000
2026-04-13,2.300000,3.640000,-1.340000
2026-04-14,2.300000,3.640000,-1.340000
2026-04-15,2.330000,3.640000,-1.310000
2026-04-16,2.310000,3.640000,-1.330000
2026-04-17,2.300000,3.640000,-1.340000
2026-04-20,2.280000,3.640000,-1.360000
2026-04-21,2.280000,3.640000,-1.360000
2026-04-22,2.300000,3.640000,-1.340000
2026-04-23,2.300000,3.640000,-1.340000
2026-04-24,2.330000,3.640000,-1.310000
2026-04-27,2.320000,3.640000,-1.320000
2026-04-28,2.300000,3.640000,-1.340000
2026-04-29,2.300000,3.640000,-1.340000
2026-04-30,2.300000,3.640000,-1.340000
2026-05-01,2.280000,3.640000,-1.360000
2026-05-04,2.300000,3.640000,-1.340000
2026-05-05,2.280000,3.640000,-1.360000
2026-05-06,2.280000,3.640000,-1.360000
2026-05-07,2.270000,3.630000,-1.360000
2026-05-08,2.260000,3.630000,-1.370000
2026-05-11,2.250000,3.630000,-1.380000
2026-05-12,2.250000,3.630000,-1.380000
2026-05-13,2.250000,3.630000,-1.380000
2026-05-14,2.250000,3.630000,-1.380000
2026-05-15,2.250000,3.630000,-1.380000
2026-05-19,2.250000,3.620000,-1.370000
2026-05-20,2.260000,3.620000,-1.360000
2026-05-21,2.260000,3.620000,-1.360000
2026-05-22,2.260000,3.620000,-1.360000
2026-05-25,2.270000,3.620000,-1.350000
2026-05-26,2.270000,3.620000,-1.350000
2026-05-27,2.250000,3.620000,-1.370000
2026-05-28,2.250000,3.620000,-1.370000
2026-05-29,2.250000,3.620000,-1.370000
2026-06-01,2.260000,3.620000,-1.360000
2026-06-02,2.260000,3.620000,-1.360000
2026-06-03,2.280000,3.620000,-1.340000
2026-06-04,2.260000,3.620000,-1.360000
2026-06-05,2.260000,3.620000,-1.360000
2026-06-08,2.260000,3.620000,-1.360000
2026-06-09,2.260000,3.620000,-1.360000
2026-06-10,2.250000,3.620000,-1.370000
2026-06-11,2.270000,3.620000,-1.350000
2026-06-12,2.270000,3.620000,-1.350000
2026-06-15,2.270000,3.630000,-1.360000
2026-06-16,2.280000,3.630000,-1.350000
2026-06-17,2.290000,3.630000,-1.340000
2026-06-18,2.300000,3.630000,-1.330000
2026-06-19,2.330000,3.630000,-1.300000
2026-06-22,2.300000,3.630000,-1.330000
2026-06-23,2.300000,3.630000,-1.330000
2026-06-24,2.300000,3.630000,-1.330000
2026-06-25,2.310000,3.630000,-1.320000
2026-06-26,2.320000,3.630000,-1.310000
2026-06-29,2.310000,3.630000,-1.320000
2026-06-30,2.340000,3.630000,-1.290000
2026-07-02,2.300000,3.630000,-1.330000
2026-07-03,2.310000,3.630000,-1.320000
2026-07-06,2.310000,3.630000,-1.320000
2026-07-07,2.280000,3.630000,-1.350000
2026-07-08,2.280000,3.620000,-1.340000
2026-07-09,2.290000,3.620000,-1.330000
