observation_date,available_at_utc,walcl_mn_usd,wow_pct
2002-12-18,2002-12-20T00:00:00Z,719542,
2002-12-25,2002-12-27T00:00:00Z,732059,0.01739579
2003-01-01,2003-01-03T00:00:00Z,730994,-0.00145480
2003-01-08,2003-01-10T00:00:00Z,723762,-0.00989338
2003-01-15,2003-01-17T00:00:00Z,720074,-0.00509560
2003-01-22,2003-01-24T00:00:00Z,735953,0.02205190
2003-01-29,2003-01-31T00:00:00Z,712809,-0.03144766
2003-02-05,2003-02-07T00:00:00Z,719643,0.00958742
2003-02-12,2003-02-14T00:00:00Z,713281,-0.00884049
2003-02-19,2003-02-21T00:00:00Z,730400,0.02400036
2003-02-26,2003-02-28T00:00:00Z,721980,-0.01152793
2003-03-05,2003-03-07T00:00:00Z,722649,0.00092662
2003-03-12,2003-03-14T00:00:00Z,717014,-0.00779770
2003-03-19,2003-03-21T00:00:00Z,729923,0.01800383
2003-03-26,2003-03-28T00:00:00Z,725019,-0.00671852
2003-04-02,2003-04-04T00:00:00Z,732452,0.01025215
2003-04-09,2003-04-11T00:00:00Z,727826,-0.00631577
2003-04-16,2003-04-18T00:00:00Z,745838,0.02474767
2003-04-23,2003-04-25T00:00:00Z,732222,-0.01825598
2003-04-30,2003-05-02T00:00:00Z,746294,0.01921822
2003-05-07,2003-05-09T00:00:00Z,733466,-0.01718894
2003-05-14,2003-05-16T00:00:00Z,740371,0.00941421
2003-05-21,2003-05-23T00:00:00Z,734699,-0.00766102
2003-05-28,2003-05-30T00:00:00Z,744896,0.01387915
2003-06-04,2003-06-06T00:00:00Z,731667,-0.01775953
2003-06-11,2003-06-13T00:00:00Z,743236,0.01581184
2003-06-18,2003-06-20T00:00:00Z,735926,-0.00983537
2003-06-25,2003-06-27T00:00:00Z,744018,0.01099567
2003-07-02,2003-07-04T00:00:00Z,740126,-0.00523106
2003-07-09,2003-07-11T00:00:00Z,744430,0.00581523
2003-07-16,2003-07-18T00:00:00Z,737765,-0.00895316
2003-07-23,2003-07-25T00:00:00Z,745665,0.01070802
2003-07-30,2003-08-01T00:00:00Z,740295,-0.00720163
2003-08-06,2003-08-08T00:00:00Z,734018,-0.00847905
2003-08-13,2003-08-15T00:00:00Z,735386,0.00186371
2003-08-20,2003-08-22T00:00:00Z,750825,0.02099442
2003-08-27,2003-08-29T00:00:00Z,740637,-0.01356907
2003-09-03,2003-09-05T00:00:00Z,750461,0.01326426
2003-09-10,2003-09-12T00:00:00Z,737234,-0.01762517
2003-09-17,2003-09-19T00:00:00Z,743939,0.00909481
2003-09-24,2003-09-26T00:00:00Z,741193,-0.00369116
2003-10-01,2003-10-03T00:00:00Z,753155,0.01613885
2003-10-08,2003-10-10T00:00:00Z,737108,-0.02130637
2003-10-15,2003-10-17T00:00:00Z,754229,0.02322726
2003-10-22,2003-10-24T00:00:00Z,743578,-0.01412171
2003-10-29,2003-10-31T00:00:00Z,747272,0.00496787
2003-11-05,2003-11-07T00:00:00Z,744116,-0.00422336
2003-11-12,2003-11-14T00:00:00Z,745604,0.00199969
2003-11-19,2003-11-21T00:00:00Z,744521,-0.00145251
2003-11-26,2003-11-28T00:00:00Z,756964,0.01671276
2003-12-03,2003-12-05T00:00:00Z,749981,-0.00922501
2003-12-10,2003-12-12T00:00:00Z,756585,0.00880556
2003-12-17,2003-12-19T00:00:00Z,753919,-0.00352373
2003-12-24,2003-12-26T00:00:00Z,767012,0.01736659
2003-12-31,2004-01-02T00:00:00Z,771551,0.00591777
2004-01-07,2004-01-09T00:00:00Z,755829,-0.02037714
2004-01-14,2004-01-16T00:00:00Z,752812,-0.00399164
2004-01-21,2004-01-23T00:00:00Z,775833,0.03058001
2004-01-28,2004-01-30T00:00:00Z,755279,-0.02649281
2004-02-04,2004-02-06T00:00:00Z,754153,-0.00149084
2004-02-11,2004-02-13T00:00:00Z,750999,-0.00418218
2004-02-18,2004-02-20T00:00:00Z,758759,0.01033290
2004-02-25,2004-02-27T00:00:00Z,750666,-0.01066610
2004-03-03,2004-03-05T00:00:00Z,754867,0.00559636
2004-03-10,2004-03-12T00:00:00Z,749950,-0.00651373
2004-03-17,2004-03-19T00:00:00Z,760638,0.01425162
2004-03-24,2004-03-26T00:00:00Z,751510,-0.01200045
2004-03-31,2004-04-02T00:00:00Z,760725,0.01226198
2004-04-07,2004-04-09T00:00:00Z,754083,-0.00873114
2004-04-14,2004-04-16T00:00:00Z,763734,0.01279833
2004-04-21,2004-04-23T00:00:00Z,757984,-0.00752880
2004-04-28,2004-04-30T00:00:00Z,772927,0.01971414
2004-05-05,2004-05-07T00:00:00Z,758838,-0.01822811
2004-05-12,2004-05-14T00:00:00Z,764835,0.00790287
2004-05-19,2004-05-21T00:00:00Z,756874,-0.01040878
2004-05-26,2004-05-28T00:00:00Z,771108,0.01880630
2004-06-02,2004-06-04T00:00:00Z,764090,-0.00910119
2004-06-09,2004-06-11T00:00:00Z,772187,0.01059692
2004-06-16,2004-06-18T00:00:00Z,761834,-0.01340737
2004-06-23,2004-06-25T00:00:00Z,775261,0.01762457
2004-06-30,2004-07-02T00:00:00Z,779578,0.00556845
2004-07-07,2004-07-09T00:00:00Z,778163,-0.00181508
2004-07-14,2004-07-16T00:00:00Z,775536,-0.00337590
2004-07-21,2004-07-23T00:00:00Z,776764,0.00158342
2004-07-28,2004-07-30T00:00:00Z,773916,-0.00366649
2004-08-04,2004-08-06T00:00:00Z,772085,-0.00236589
2004-08-11,2004-08-13T00:00:00Z,769265,-0.00365245
2004-08-18,2004-08-20T00:00:00Z,767595,-0.00217090
2004-08-25,2004-08-27T00:00:00Z,775437,0.01021633
2004-09-01,2004-09-03T00:00:00Z,785273,0.01268446
2004-09-08,2004-09-10T00:00:00Z,788602,0.00423929
2004-09-15,2004-09-17T00:00:00Z,789128,0.00066700
2004-09-22,2004-09-24T00:00:00Z,782124,-0.00887562
2004-09-29,2004-10-01T00:00:00Z,786330,0.00537766
2004-10-06,2004-10-08T00:00:00Z,781777,-0.00579019
2004-10-13,2004-10-15T00:00:00Z,795483,0.01753185
2004-10-20,2004-10-22T00:00:00Z,784954,-0.01323598
2004-10-27,2004-10-29T00:00:00Z,791336,0.00813041
2004-11-03,2004-11-05T00:00:00Z,790552,-0.00099073
2004-11-10,2004-11-12T00:00:00Z,800473,0.01254946
2004-11-17,2004-11-19T00:00:00Z,794090,-0.00797404
2004-11-24,2004-11-26T00:00:00Z,809956,0.01998010
2004-12-01,2004-12-03T00:00:00Z,807063,-0.00357180
2004-12-08,2004-12-10T00:00:00Z,808495,0.00177433
2004-12-15,2004-12-17T00:00:00Z,807028,-0.00181448
2004-12-22,2004-12-24T00:00:00Z,811333,0.00533439
2004-12-29,2004-12-31T00:00:00Z,810944,-0.00047946
2005-01-05,2005-01-07T00:00:00Z,815702,0.00586724
2005-01-12,2005-01-14T00:00:00Z,798455,-0.02114375
2005-01-19,2005-01-21T00:00:00Z,806960,0.01065182
2005-01-26,2005-01-28T00:00:00Z,807262,0.00037424
2005-02-02,2005-02-04T00:00:00Z,804746,-0.00311671
2005-02-09,2005-02-11T00:00:00Z,797299,-0.00925385
2005-02-16,2005-02-18T00:00:00Z,795606,-0.00212342
2005-02-23,2005-02-25T00:00:00Z,804576,0.01127442
2005-03-02,2005-03-04T00:00:00Z,801252,-0.00413137
2005-03-09,2005-03-11T00:00:00Z,799250,-0.00249859
2005-03-16,2005-03-18T00:00:00Z,807211,0.00996059
2005-03-23,2005-03-25T00:00:00Z,797094,-0.01253328
2005-03-30,2005-04-01T00:00:00Z,807551,0.01311890
2005-04-06,2005-04-08T00:00:00Z,797327,-0.01266050
2005-04-13,2005-04-15T00:00:00Z,805707,0.01051012
2005-04-20,2005-04-22T00:00:00Z,801793,-0.00485785
2005-04-27,2005-04-29T00:00:00Z,809797,0.00998263
2005-05-04,2005-05-06T00:00:00Z,802412,-0.00911957
2005-05-11,2005-05-13T00:00:00Z,808378,0.00743508
2005-05-18,2005-05-20T00:00:00Z,801546,-0.00845149
2005-05-25,2005-05-27T00:00:00Z,810160,0.01074673
2005-06-01,2005-06-03T00:00:00Z,817335,0.00885628
2005-06-08,2005-06-10T00:00:00Z,814172,-0.00386989
2005-06-15,2005-06-17T00:00:00Z,811198,-0.00365279
2005-06-22,2005-06-24T00:00:00Z,810429,-0.00094798
2005-06-29,2005-07-01T00:00:00Z,810082,-0.00042817
2005-07-06,2005-07-08T00:00:00Z,821556,0.01416400
2005-07-13,2005-07-15T00:00:00Z,808861,-0.01545239
2005-07-20,2005-07-22T00:00:00Z,816804,0.00981998
2005-07-27,2005-07-29T00:00:00Z,814259,-0.00311580
2005-08-03,2005-08-05T00:00:00Z,818841,0.00562720
2005-08-10,2005-08-12T00:00:00Z,808544,-0.01257509
2005-08-17,2005-08-19T00:00:00Z,813774,0.00646842
2005-08-24,2005-08-26T00:00:00Z,811313,-0.00302418
2005-08-31,2005-09-02T00:00:00Z,823237,0.01469716
2005-09-07,2005-09-09T00:00:00Z,822500,-0.00089525
2005-09-14,2005-09-16T00:00:00Z,823590,0.00132523
2005-09-21,2005-09-23T00:00:00Z,812926,-0.01294819
2005-09-28,2005-09-30T00:00:00Z,823771,0.01334070
2005-10-05,2005-10-07T00:00:00Z,817137,-0.00805321
2005-10-12,2005-10-14T00:00:00Z,826306,0.01122088
2005-10-19,2005-10-21T00:00:00Z,814281,-0.01455272
2005-10-26,2005-10-28T00:00:00Z,819105,0.00592424
2005-11-02,2005-11-04T00:00:00Z,814571,-0.00553531
2005-11-09,2005-11-11T00:00:00Z,824991,0.01279201
2005-11-16,2005-11-18T00:00:00Z,823263,-0.00209457
2005-11-23,2005-11-25T00:00:00Z,833124,0.01197795
2005-11-30,2005-12-02T00:00:00Z,835059,0.00232258
2005-12-07,2005-12-09T00:00:00Z,833250,-0.00216631
2005-12-14,2005-12-16T00:00:00Z,830950,-0.00276028
2005-12-21,2005-12-23T00:00:00Z,848317,0.02090017
2005-12-28,2005-12-30T00:00:00Z,847700,-0.00072732
2006-01-04,2006-01-06T00:00:00Z,851856,0.00490268
2006-01-11,2006-01-13T00:00:00Z,829357,-0.02641174
2006-01-18,2006-01-20T00:00:00Z,836042,0.00806046
2006-01-25,2006-01-27T00:00:00Z,828901,-0.00854144
2006-02-01,2006-02-03T00:00:00Z,831808,0.00350705
2006-02-08,2006-02-10T00:00:00Z,827613,-0.00504323
2006-02-15,2006-02-17T00:00:00Z,835240,0.00921566
2006-02-22,2006-02-24T00:00:00Z,840555,0.00636344
2006-03-01,2006-03-03T00:00:00Z,839356,-0.00142644
2006-03-08,2006-03-10T00:00:00Z,839234,-0.00014535
2006-03-15,2006-03-17T00:00:00Z,843010,0.00449934
2006-03-22,2006-03-24T00:00:00Z,838003,-0.00593943
2006-03-29,2006-03-31T00:00:00Z,833675,-0.00516466
2006-04-05,2006-04-07T00:00:00Z,834589,0.00109635
2006-04-12,2006-04-14T00:00:00Z,836862,0.00272350
2006-04-19,2006-04-21T00:00:00Z,836352,-0.00060942
2006-04-26,2006-04-28T00:00:00Z,844572,0.00982840
2006-05-03,2006-05-05T00:00:00Z,843867,-0.00083474
2006-05-10,2006-05-12T00:00:00Z,838405,-0.00647258
2006-05-17,2006-05-19T00:00:00Z,838153,-0.00030057
2006-05-24,2006-05-26T00:00:00Z,840251,0.00250312
2006-05-31,2006-06-02T00:00:00Z,851580,0.01348288
2006-06-07,2006-06-09T00:00:00Z,849074,-0.00294277
2006-06-14,2006-06-16T00:00:00Z,845869,-0.00377470
2006-06-21,2006-06-23T00:00:00Z,844773,-0.00129571
2006-06-28,2006-06-30T00:00:00Z,844436,-0.00039892
2006-07-05,2006-07-07T00:00:00Z,851659,0.00855364
2006-07-12,2006-07-14T00:00:00Z,844391,-0.00853393
2006-07-19,2006-07-21T00:00:00Z,849894,0.00651712
2006-07-26,2006-07-28T00:00:00Z,841552,-0.00981534
2006-08-02,2006-08-04T00:00:00Z,850263,0.01035111
2006-08-09,2006-08-11T00:00:00Z,840006,-0.01206333
2006-08-16,2006-08-18T00:00:00Z,842876,0.00341664
2006-08-23,2006-08-25T00:00:00Z,837987,-0.00580038
2006-08-30,2006-09-01T00:00:00Z,850925,0.01543938
2006-09-06,2006-09-08T00:00:00Z,848594,-0.00273937
2006-09-13,2006-09-15T00:00:00Z,840886,-0.00908326
2006-09-20,2006-09-22T00:00:00Z,838192,-0.00320376
2006-09-27,2006-09-29T00:00:00Z,849971,0.01405287
2006-10-04,2006-10-06T00:00:00Z,842296,-0.00902972
2006-10-11,2006-10-13T00:00:00Z,859339,0.02023398
2006-10-18,2006-10-20T00:00:00Z,844200,-0.01761703
2006-10-25,2006-10-27T00:00:00Z,852648,0.01000711
2006-11-01,2006-11-03T00:00:00Z,855536,0.00338710
2006-11-08,2006-11-10T00:00:00Z,858630,0.00361645
2006-11-15,2006-11-17T00:00:00Z,855551,-0.00358595
2006-11-22,2006-11-24T00:00:00Z,865126,0.01119162
2006-11-29,2006-12-01T00:00:00Z,856671,-0.00977314
2006-12-06,2006-12-08T00:00:00Z,862178,0.00642837
2006-12-13,2006-12-15T00:00:00Z,853851,-0.00965810
2006-12-20,2006-12-22T00:00:00Z,865010,0.01306902
2006-12-27,2006-12-29T00:00:00Z,869988,0.00575485
2007-01-03,2007-01-05T00:00:00Z,874626,0.00533111
2007-01-10,2007-01-12T00:00:00Z,854819,-0.02264625
2007-01-17,2007-01-19T00:00:00Z,859363,0.00531575
2007-01-24,2007-01-26T00:00:00Z,851755,-0.00885307
2007-01-31,2007-02-02T00:00:00Z,865730,0.01640730
2007-02-07,2007-02-09T00:00:00Z,855057,-0.01232832
2007-02-14,2007-02-16T00:00:00Z,867199,0.01420022
2007-02-21,2007-02-23T00:00:00Z,869235,0.00234779
2007-02-28,2007-03-02T00:00:00Z,877409,0.00940367
2007-03-07,2007-03-09T00:00:00Z,864505,-0.01470694
2007-03-14,2007-03-16T00:00:00Z,876108,0.01342155
2007-03-21,2007-03-23T00:00:00Z,863067,-0.01488515
2007-03-28,2007-03-30T00:00:00Z,869803,0.00780472
2007-04-04,2007-04-06T00:00:00Z,862319,-0.00860425
2007-04-11,2007-04-13T00:00:00Z,865441,0.00362047
2007-04-18,2007-04-20T00:00:00Z,861335,-0.00474440
2007-04-25,2007-04-27T00:00:00Z,879686,0.02130530
2007-05-02,2007-05-04T00:00:00Z,890857,0.01269885
2007-05-09,2007-05-11T00:00:00Z,875270,-0.01749664
2007-05-16,2007-05-18T00:00:00Z,859559,-0.01794989
2007-05-23,2007-05-25T00:00:00Z,873935,0.01672486
2007-05-30,2007-06-01T00:00:00Z,876986,0.00349111
2007-06-06,2007-06-08T00:00:00Z,872706,-0.00488035
2007-06-13,2007-06-15T00:00:00Z,864989,-0.00884261
2007-06-20,2007-06-22T00:00:00Z,866089,0.00127169
2007-06-27,2007-06-29T00:00:00Z,865105,-0.00113614
2007-07-04,2007-07-06T00:00:00Z,876611,0.01330012
2007-07-11,2007-07-13T00:00:00Z,869407,-0.00821801
2007-07-18,2007-07-20T00:00:00Z,872916,0.00403608
2007-07-25,2007-07-27T00:00:00Z,863890,-0.01034006
2007-08-01,2007-08-03T00:00:00Z,870261,0.00737478
2007-08-08,2007-08-10T00:00:00Z,865453,-0.00552478
2007-08-15,2007-08-17T00:00:00Z,864931,-0.00060315
2007-08-22,2007-08-24T00:00:00Z,862775,-0.00249268
2007-08-29,2007-08-31T00:00:00Z,872873,0.01170409
2007-09-05,2007-09-07T00:00:00Z,871156,-0.00196707
2007-09-12,2007-09-14T00:00:00Z,886314,0.01739987
2007-09-19,2007-09-21T00:00:00Z,867732,-0.02096548
2007-09-26,2007-09-28T00:00:00Z,889900,0.02554706
2007-10-03,2007-10-05T00:00:00Z,869051,-0.02342848
2007-10-10,2007-10-12T00:00:00Z,886363,0.01992058
2007-10-17,2007-10-19T00:00:00Z,869509,-0.01901478
2007-10-24,2007-10-26T00:00:00Z,881395,0.01366978
2007-10-31,2007-11-02T00:00:00Z,883385,0.00225778
2007-11-07,2007-11-09T00:00:00Z,885724,0.00264777
2007-11-14,2007-11-16T00:00:00Z,889537,0.00430495
2007-11-21,2007-11-23T00:00:00Z,891028,0.00167615
2007-11-28,2007-11-30T00:00:00Z,879417,-0.01303102
2007-12-05,2007-12-07T00:00:00Z,882764,0.00380593
2007-12-12,2007-12-14T00:00:00Z,881750,-0.00114866
2007-12-19,2007-12-21T00:00:00Z,887983,0.00706890
2007-12-26,2007-12-28T00:00:00Z,890662,0.00301695
2008-01-02,2008-01-04T00:00:00Z,922187,0.03539502
2008-01-09,2008-01-11T00:00:00Z,880754,-0.04492907
2008-01-16,2008-01-18T00:00:00Z,893581,0.01456366
2008-01-23,2008-01-25T00:00:00Z,877253,-0.01827255
2008-01-30,2008-02-01T00:00:00Z,900264,0.02623075
2008-02-06,2008-02-08T00:00:00Z,871022,-0.03248158
2008-02-13,2008-02-15T00:00:00Z,883005,0.01375740
2008-02-20,2008-02-22T00:00:00Z,878949,-0.00459341
2008-02-27,2008-02-29T00:00:00Z,893825,0.01692476
2008-03-05,2008-03-07T00:00:00Z,881208,-0.01411574
2008-03-12,2008-03-14T00:00:00Z,896565,0.01742721
2008-03-19,2008-03-21T00:00:00Z,888646,-0.00883260
2008-03-26,2008-03-28T00:00:00Z,893965,0.00598551
2008-04-02,2008-04-04T00:00:00Z,883708,-0.01147360
2008-04-09,2008-04-11T00:00:00Z,893029,0.01054760
2008-04-16,2008-04-18T00:00:00Z,881904,-0.01245760
2008-04-23,2008-04-25T00:00:00Z,885781,0.00439617
2008-04-30,2008-05-02T00:00:00Z,888131,0.00265303
2008-05-07,2008-05-09T00:00:00Z,889228,0.00123518
2008-05-14,2008-05-16T00:00:00Z,880175,-0.01018074
2008-05-21,2008-05-23T00:00:00Z,898487,0.02080495
2008-05-28,2008-05-30T00:00:00Z,904054,0.00619597
2008-06-04,2008-06-06T00:00:00Z,895939,-0.00897623
2008-06-11,2008-06-13T00:00:00Z,890610,-0.00594795
2008-06-18,2008-06-20T00:00:00Z,902304,0.01313033
2008-06-25,2008-06-27T00:00:00Z,892713,-0.01062946
2008-07-02,2008-07-04T00:00:00Z,902962,0.01148073
2008-07-09,2008-07-11T00:00:00Z,898034,-0.00545759
2008-07-16,2008-07-18T00:00:00Z,910681,0.01408299
2008-07-23,2008-07-25T00:00:00Z,899665,-0.01209644
2008-07-30,2008-08-01T00:00:00Z,918625,0.02107451
2008-08-06,2008-08-08T00:00:00Z,901710,-0.01841339
2008-08-13,2008-08-15T00:00:00Z,914632,0.01433055
2008-08-20,2008-08-22T00:00:00Z,898611,-0.01751633
2008-08-27,2008-08-29T00:00:00Z,909982,0.01265397
2008-09-03,2008-09-05T00:00:00Z,905253,-0.00519681
2008-09-10,2008-09-12T00:00:00Z,925725,0.02261467
2008-09-17,2008-09-19T00:00:00Z,995093,0.07493370
2008-09-24,2008-09-26T00:00:00Z,1211825,0.21780075
2008-10-01,2008-10-03T00:00:00Z,1503989,0.24109422
2008-10-08,2008-10-10T00:00:00Z,1591587,0.05824378
2008-10-15,2008-10-17T00:00:00Z,1770809,0.11260585
2008-10-22,2008-10-24T00:00:00Z,1802602,0.01795394
2008-10-29,2008-10-31T00:00:00Z,1969086,0.09235760
2008-11-05,2008-11-07T00:00:00Z,2074205,0.05338467
2008-11-12,2008-11-14T00:00:00Z,2212852,0.06684344
2008-11-19,2008-11-21T00:00:00Z,2187137,-0.01162075
2008-11-26,2008-11-28T00:00:00Z,2106117,-0.03704386
2008-12-03,2008-12-05T00:00:00Z,2136924,0.01462739
2008-12-10,2008-12-12T00:00:00Z,2250012,0.05292093
2008-12-17,2008-12-19T00:00:00Z,2254983,0.00220932
2008-12-24,2008-12-26T00:00:00Z,2232311,-0.01005418
2008-12-31,2009-01-02T00:00:00Z,2239457,0.00320117
2009-01-07,2009-01-09T00:00:00Z,2121439,-0.05269938
2009-01-14,2009-01-16T00:00:00Z,2049714,-0.03380960
2009-01-21,2009-01-23T00:00:00Z,2037112,-0.00614817
2009-01-28,2009-01-30T00:00:00Z,1927082,-0.05401274
2009-02-04,2009-02-06T00:00:00Z,1851437,-0.03925365
2009-02-11,2009-02-13T00:00:00Z,1843400,-0.00434095
2009-02-18,2009-02-20T00:00:00Z,1915562,0.03914614
2009-02-25,2009-02-27T00:00:00Z,1916115,0.00028869
2009-03-04,2009-03-06T00:00:00Z,1901317,-0.00772292
2009-03-11,2009-03-13T00:00:00Z,1899514,-0.00094829
2009-03-18,2009-03-20T00:00:00Z,2066942,0.08814255
2009-03-25,2009-03-27T00:00:00Z,2071556,0.00223228
2009-04-01,2009-04-03T00:00:00Z,2078936,0.00356254
2009-04-08,2009-04-10T00:00:00Z,2088573,0.00463554
2009-04-15,2009-04-17T00:00:00Z,2186498,0.04688608
2009-04-22,2009-04-24T00:00:00Z,2196812,0.00471713
2009-04-29,2009-05-01T00:00:00Z,2066712,-0.05922218
2009-05-06,2009-05-08T00:00:00Z,2079758,0.00631244
2009-05-13,2009-05-15T00:00:00Z,2196351,0.05606085
2009-05-20,2009-05-22T00:00:00Z,2181632,-0.00670157
2009-05-27,2009-05-29T00:00:00Z,2080115,-0.04653260
2009-06-03,2009-06-05T00:00:00Z,2077695,-0.00116340
2009-06-10,2009-06-12T00:00:00Z,2052297,-0.01222412
2009-06-17,2009-06-19T00:00:00Z,2072527,0.00985725
2009-06-24,2009-06-26T00:00:00Z,2025571,-0.02265640
2009-07-01,2009-07-03T00:00:00Z,2005627,-0.00984611
2009-07-08,2009-07-10T00:00:00Z,1992740,-0.00642542
2009-07-15,2009-07-17T00:00:00Z,2072451,0.04000070
2009-07-22,2009-07-24T00:00:00Z,2039001,-0.01614031
2009-07-29,2009-07-31T00:00:00Z,2000547,-0.01885924
2009-08-05,2009-08-07T00:00:00Z,1989203,-0.00567045
2009-08-12,2009-08-14T00:00:00Z,2014899,0.01291774
2009-08-19,2009-08-21T00:00:00Z,2060641,0.02270188
2009-08-26,2009-08-28T00:00:00Z,2074902,0.00692066
2009-09-02,2009-09-04T00:00:00Z,2083720,0.00424984
2009-09-09,2009-09-11T00:00:00Z,2087946,0.00202810
2009-09-16,2009-09-18T00:00:00Z,2139783,0.02482679
2009-09-23,2009-09-25T00:00:00Z,2158631,0.00880837
2009-09-30,2009-10-02T00:00:00Z,2141020,-0.00815841
2009-10-07,2009-10-09T00:00:00Z,2138086,-0.00137037
2009-10-14,2009-10-16T00:00:00Z,2192787,0.02558410
2009-10-21,2009-10-23T00:00:00Z,2201119,0.00379973
2009-10-28,2009-10-30T00:00:00Z,2161537,-0.01798267
2009-11-04,2009-11-06T00:00:00Z,2165067,0.00163310
2009-11-11,2009-11-13T00:00:00Z,2135035,-0.01387116
2009-11-18,2009-11-20T00:00:00Z,2208721,0.03451278
2009-11-25,2009-11-27T00:00:00Z,2206359,-0.00106940
2009-12-02,2009-12-04T00:00:00Z,2204074,-0.00103564
2009-12-09,2009-12-11T00:00:00Z,2186383,-0.00802650
2009-12-16,2009-12-18T00:00:00Z,2235763,0.02258525
2009-12-23,2009-12-25T00:00:00Z,2235803,0.00001789
2009-12-30,2010-01-01T00:00:00Z,2234067,-0.00077645
2010-01-06,2010-01-08T00:00:00Z,2235304,0.00055370
2010-01-13,2010-01-15T00:00:00Z,2291700,0.02522968
2010-01-20,2010-01-22T00:00:00Z,2251806,-0.01740804
2010-01-27,2010-01-29T00:00:00Z,2246886,-0.00218491
2010-02-03,2010-02-05T00:00:00Z,2249319,0.00108283
2010-02-10,2010-02-12T00:00:00Z,2256679,0.00327210
2010-02-17,2010-02-19T00:00:00Z,2277574,0.00925918
2010-02-24,2010-02-26T00:00:00Z,2286127,0.00375531
2010-03-03,2010-03-05T00:00:00Z,2280147,-0.00261578
2010-03-10,2010-03-12T00:00:00Z,2282474,0.00102055
2010-03-17,2010-03-19T00:00:00Z,2307997,0.01118216
2010-03-24,2010-03-26T00:00:00Z,2313149,0.00223224
2010-03-31,2010-04-02T00:00:00Z,2307150,-0.00259343
2010-04-07,2010-04-09T00:00:00Z,2307575,0.00018421
2010-04-14,2010-04-16T00:00:00Z,2339345,0.01376770
2010-04-21,2010-04-23T00:00:00Z,2337556,-0.00076474
2010-04-28,2010-04-30T00:00:00Z,2330472,-0.00303052
2010-05-05,2010-05-07T00:00:00Z,2326164,-0.00184855
2010-05-12,2010-05-14T00:00:00Z,2336103,0.00427270
2010-05-19,2010-05-21T00:00:00Z,2350890,0.00632977
2010-05-26,2010-05-28T00:00:00Z,2334041,-0.00716707
2010-06-02,2010-06-04T00:00:00Z,2336216,0.00093186
2010-06-09,2010-06-11T00:00:00Z,2331529,-0.00200624
2010-06-16,2010-06-18T00:00:00Z,2344316,0.00548438
2010-06-23,2010-06-25T00:00:00Z,2344497,0.00007721
2010-06-30,2010-07-02T00:00:00Z,2330851,-0.00582044
2010-07-07,2010-07-09T00:00:00Z,2332017,0.00050025
2010-07-14,2010-07-16T00:00:00Z,2340717,0.00373068
2010-07-21,2010-07-23T00:00:00Z,2332322,-0.00358651
2010-07-28,2010-07-30T00:00:00Z,2325298,-0.00301159
2010-08-04,2010-08-06T00:00:00Z,2326479,0.00050789
2010-08-11,2010-08-13T00:00:00Z,2327533,0.00045305
2010-08-18,2010-08-20T00:00:00Z,2313662,-0.00595953
2010-08-25,2010-08-27T00:00:00Z,2301015,-0.00546623
2010-09-01,2010-09-03T00:00:00Z,2301996,0.00042633
2010-09-08,2010-09-10T00:00:00Z,2305802,0.00165335
2010-09-15,2010-09-17T00:00:00Z,2296079,-0.00421675
2010-09-22,2010-09-24T00:00:00Z,2307171,0.00483084
2010-09-29,2010-10-01T00:00:00Z,2298691,-0.00367550
2010-10-06,2010-10-08T00:00:00Z,2308092,0.00408972
2010-10-13,2010-10-15T00:00:00Z,2309885,0.00077683
2010-10-20,2010-10-22T00:00:00Z,2305227,-0.00201655
2010-10-27,2010-10-29T00:00:00Z,2295392,-0.00426639
2010-11-03,2010-11-05T00:00:00Z,2300353,0.00216129
2010-11-10,2010-11-12T00:00:00Z,2312768,0.00539700
2010-11-17,2010-11-19T00:00:00Z,2314757,0.00086001
2010-11-24,2010-11-26T00:00:00Z,2346001,0.01349775
2010-12-01,2010-12-03T00:00:00Z,2346920,0.00039173
2010-12-08,2010-12-10T00:00:00Z,2382294,0.01507252
2010-12-15,2010-12-17T00:00:00Z,2385754,0.00145238
2010-12-22,2010-12-24T00:00:00Z,2427921,0.01767450
2010-12-29,2010-12-31T00:00:00Z,2420570,-0.00302769
2011-01-05,2011-01-07T00:00:00Z,2436064,0.00640097
2011-01-12,2011-01-14T00:00:00Z,2468131,0.01316345
2011-01-19,2011-01-21T00:00:00Z,2425164,-0.01740872
2011-01-26,2011-01-28T00:00:00Z,2443527,0.00757186
2011-02-02,2011-02-04T00:00:00Z,2469419,0.01059616
2011-02-09,2011-02-11T00:00:00Z,2500481,0.01257867
2011-02-16,2011-02-18T00:00:00Z,2508868,0.00335415
2011-02-23,2011-02-25T00:00:00Z,2533221,0.00970677
2011-03-02,2011-03-04T00:00:00Z,2545119,0.00469679
2011-03-09,2011-03-11T00:00:00Z,2577076,0.01255619
2011-03-16,2011-03-18T00:00:00Z,2583046,0.00231658
2011-03-23,2011-03-25T00:00:00Z,2601341,0.00708272
2011-03-30,2011-04-01T00:00:00Z,2622523,0.00814272
2011-04-06,2011-04-08T00:00:00Z,2648676,0.00997246
2011-04-13,2011-04-15T00:00:00Z,2665408,0.00631712
2011-04-20,2011-04-22T00:00:00Z,2685782,0.00764386
2011-04-27,2011-04-29T00:00:00Z,2690985,0.00193724
2011-05-04,2011-05-06T00:00:00Z,2718757,0.01032038
2011-05-11,2011-05-13T00:00:00Z,2744498,0.00946793
2011-05-18,2011-05-20T00:00:00Z,2758009,0.00492294
2011-05-25,2011-05-27T00:00:00Z,2774996,0.00615915
2011-06-01,2011-06-03T00:00:00Z,2788723,0.00494667
2011-06-08,2011-06-10T00:00:00Z,2811206,0.00806211
2011-06-15,2011-06-17T00:00:00Z,2827549,0.00581352
2011-06-22,2011-06-24T00:00:00Z,2856403,0.01020460
2011-06-29,2011-07-01T00:00:00Z,2865251,0.00309760
2011-07-06,2011-07-08T00:00:00Z,2870103,0.00169339
2011-07-13,2011-07-15T00:00:00Z,2878074,0.00277725
2011-07-20,2011-07-22T00:00:00Z,2871301,-0.00235331
2011-07-27,2011-07-29T00:00:00Z,2863576,-0.00269042
2011-08-03,2011-08-05T00:00:00Z,2867215,0.00127079
2011-08-10,2011-08-12T00:00:00Z,2872423,0.00181640
2011-08-17,2011-08-19T00:00:00Z,2857906,-0.00505392
2011-08-24,2011-08-26T00:00:00Z,2859433,0.00053431
2011-08-31,2011-09-02T00:00:00Z,2853888,-0.00193920
2011-09-07,2011-09-09T00:00:00Z,2858660,0.00167210
2011-09-14,2011-09-16T00:00:00Z,2863540,0.00170709
2011-09-21,2011-09-23T00:00:00Z,2857747,-0.00202302
2011-09-28,2011-09-30T00:00:00Z,2850921,-0.00238859
2011-10-05,2011-10-07T00:00:00Z,2859701,0.00307971
2011-10-12,2011-10-14T00:00:00Z,2860822,0.00039200
2011-10-19,2011-10-21T00:00:00Z,2852390,-0.00294740
2011-10-26,2011-10-28T00:00:00Z,2845685,-0.00235066
2011-11-02,2011-11-04T00:00:00Z,2822034,-0.00831118
2011-11-09,2011-11-11T00:00:00Z,2839786,0.00629050
2011-11-16,2011-11-18T00:00:00Z,2831576,-0.00289106
2011-11-23,2011-11-25T00:00:00Z,2821980,-0.00338893
2011-11-30,2011-12-02T00:00:00Z,2814235,-0.00274453
2011-12-07,2011-12-09T00:00:00Z,2820691,0.00229405
2011-12-14,2011-12-16T00:00:00Z,2902488,0.02899892
2011-12-21,2011-12-23T00:00:00Z,2916085,0.00468460
2011-12-28,2011-12-30T00:00:00Z,2926095,0.00343268
2012-01-04,2012-01-06T00:00:00Z,2917689,-0.00287277
2012-01-11,2012-01-13T00:00:00Z,2899149,-0.00635434
2012-01-18,2012-01-20T00:00:00Z,2919423,0.00699309
2012-01-25,2012-01-27T00:00:00Z,2919545,0.00004179
2012-02-01,2012-02-03T00:00:00Z,2924947,0.00185029
2012-02-08,2012-02-10T00:00:00Z,2928275,0.00113780
2012-02-15,2012-02-17T00:00:00Z,2937893,0.00328453
2012-02-22,2012-02-24T00:00:00Z,2932813,-0.00172913
2012-02-29,2012-03-02T00:00:00Z,2925722,-0.00241782
2012-03-07,2012-03-09T00:00:00Z,2884747,-0.01400509
2012-03-14,2012-03-16T00:00:00Z,2893560,0.00305503
2012-03-21,2012-03-23T00:00:00Z,2892646,-0.00031587
2012-03-28,2012-03-30T00:00:00Z,2878137,-0.00501582
2012-04-04,2012-04-06T00:00:00Z,2865478,-0.00439833
2012-04-11,2012-04-13T00:00:00Z,2867200,0.00060095
2012-04-18,2012-04-20T00:00:00Z,2875470,0.00288435
2012-04-25,2012-04-27T00:00:00Z,2866561,-0.00309828
2012-05-02,2012-05-04T00:00:00Z,2864280,-0.00079573
2012-05-09,2012-05-11T00:00:00Z,2864150,-0.00004539
2012-05-16,2012-05-18T00:00:00Z,2850984,-0.00459683
2012-05-23,2012-05-25T00:00:00Z,2859495,0.00298529
2012-05-30,2012-06-01T00:00:00Z,2842654,-0.00588950
2012-06-06,2012-06-08T00:00:00Z,2852018,0.00329410
2012-06-13,2012-06-15T00:00:00Z,2869071,0.00597928
2012-06-20,2012-06-22T00:00:00Z,2870846,0.00061867
2012-06-27,2012-06-29T00:00:00Z,2863547,-0.00254246
2012-07-04,2012-07-06T00:00:00Z,2865858,0.00080704
2012-07-11,2012-07-13T00:00:00Z,2866279,0.00014690
2012-07-18,2012-07-20T00:00:00Z,2855807,-0.00365352
2012-07-25,2012-07-27T00:00:00Z,2846757,-0.00316898
2012-08-01,2012-08-03T00:00:00Z,2851118,0.00153192
2012-08-08,2012-08-10T00:00:00Z,2856181,0.00177579
2012-08-15,2012-08-17T00:00:00Z,2833317,-0.00800509
2012-08-22,2012-08-24T00:00:00Z,2825661,-0.00270213
2012-08-29,2012-08-31T00:00:00Z,2812806,-0.00454938
2012-09-05,2012-09-07T00:00:00Z,2822169,0.00332870
2012-09-12,2012-09-14T00:00:00Z,2823448,0.00045320
2012-09-19,2012-09-21T00:00:00Z,2821574,-0.00066373
2012-09-26,2012-09-28T00:00:00Z,2804457,-0.00606647
2012-10-03,2012-10-05T00:00:00Z,2808512,0.00144591
2012-10-10,2012-10-12T00:00:00Z,2811623,0.00110770
2012-10-17,2012-10-19T00:00:00Z,2846920,0.01255396
2012-10-24,2012-10-26T00:00:00Z,2840964,-0.00209209
2012-10-31,2012-11-02T00:00:00Z,2823137,-0.00627498
2012-11-07,2012-11-09T00:00:00Z,2830791,0.00271117
2012-11-14,2012-11-16T00:00:00Z,2877244,0.01640990
2012-11-21,2012-11-23T00:00:00Z,2871161,-0.00211418
2012-11-28,2012-11-30T00:00:00Z,2851362,-0.00689582
2012-12-05,2012-12-07T00:00:00Z,2859807,0.00296174
2012-12-12,2012-12-14T00:00:00Z,2917260,0.02008982
2012-12-19,2012-12-21T00:00:00Z,2920231,0.00101842
2012-12-26,2012-12-28T00:00:00Z,2907300,-0.00442807
2013-01-02,2013-01-04T00:00:00Z,2917189,0.00340144
2013-01-09,2013-01-11T00:00:00Z,2928728,0.00395552
2013-01-16,2013-01-18T00:00:00Z,2963812,0.01197926
2013-01-23,2013-01-25T00:00:00Z,3011697,0.01615656
2013-01-30,2013-02-01T00:00:00Z,3008704,-0.00099379
2013-02-06,2013-02-08T00:00:00Z,3014975,0.00208429
2013-02-13,2013-02-15T00:00:00Z,3074225,0.01965190
2013-02-20,2013-02-22T00:00:00Z,3095150,0.00680659
2013-02-27,2013-03-01T00:00:00Z,3090600,-0.00147004
2013-03-06,2013-03-08T00:00:00Z,3108805,0.00589044
2013-03-13,2013-03-15T00:00:00Z,3165396,0.01820346
2013-03-20,2013-03-22T00:00:00Z,3206888,0.01310800
2013-03-27,2013-03-29T00:00:00Z,3202256,-0.00144439
2013-04-03,2013-04-05T00:00:00Z,3215432,0.00411460
2013-04-10,2013-04-12T00:00:00Z,3227762,0.00383463
2013-04-17,2013-04-19T00:00:00Z,3295109,0.02086492
2013-04-24,2013-04-26T00:00:00Z,3318649,0.00714392
2013-05-01,2013-05-03T00:00:00Z,3317194,-0.00043843
2013-05-08,2013-05-10T00:00:00Z,3324615,0.00223713
2013-05-15,2013-05-17T00:00:00Z,3354269,0.00891953
2013-05-22,2013-05-24T00:00:00Z,3398713,0.01324998
2013-05-29,2013-05-31T00:00:00Z,3385128,-0.00399710
2013-06-05,2013-06-07T00:00:00Z,3400183,0.00444739
2013-06-12,2013-06-14T00:00:00Z,3410842,0.00313483
2013-06-19,2013-06-21T00:00:00Z,3470530,0.01749949
2013-06-26,2013-06-28T00:00:00Z,3478672,0.00234604
2013-07-03,2013-07-05T00:00:00Z,3492742,0.00404465
2013-07-10,2013-07-12T00:00:00Z,3504095,0.00325045
2013-07-17,2013-07-19T00:00:00Z,3537861,0.00963615
2013-07-24,2013-07-26T00:00:00Z,3574574,0.01037717
2013-07-31,2013-08-02T00:00:00Z,3571797,-0.00077688
2013-08-07,2013-08-09T00:00:00Z,3585359,0.00379697
2013-08-14,2013-08-16T00:00:00Z,3646323,0.01700360
2013-08-21,2013-08-23T00:00:00Z,3645668,-0.00017963
2013-08-28,2013-08-30T00:00:00Z,3644456,-0.00033245
2013-09-04,2013-09-06T00:00:00Z,3654182,0.00266871
2013-09-11,2013-09-13T00:00:00Z,3662035,0.00214904
2013-09-18,2013-09-20T00:00:00Z,3722192,0.01642721
2013-09-25,2013-09-27T00:00:00Z,3734018,0.00317716
2013-10-02,2013-10-04T00:00:00Z,3747387,0.00358033
2013-10-09,2013-10-11T00:00:00Z,3758663,0.00300903
2013-10-16,2013-10-18T00:00:00Z,3813599,0.01461584
2013-10-23,2013-10-25T00:00:00Z,3839033,0.00666929
2013-10-30,2013-11-01T00:00:00Z,3843396,0.00113648
2013-11-06,2013-11-08T00:00:00Z,3851623,0.00214055
2013-11-13,2013-11-15T00:00:00Z,3907424,0.01448766
2013-11-20,2013-11-22T00:00:00Z,3906620,-0.00020576
2013-11-27,2013-11-29T00:00:00Z,3925876,0.00492907
2013-12-04,2013-12-06T00:00:00Z,3932626,0.00171936
2013-12-11,2013-12-13T00:00:00Z,3993955,0.01559492
2013-12-18,2013-12-20T00:00:00Z,4008062,0.00353209
2013-12-25,2013-12-27T00:00:00Z,4032575,0.00611592
2014-01-01,2014-01-03T00:00:00Z,4023640,-0.00221571
2014-01-08,2014-01-10T00:00:00Z,4028185,0.00112957
2014-01-15,2014-01-17T00:00:00Z,4071528,0.01075993
2014-01-22,2014-01-24T00:00:00Z,4097914,0.00648061
2014-01-29,2014-01-31T00:00:00Z,4102138,0.00103077
2014-02-05,2014-02-07T00:00:00Z,4109285,0.00174226
2014-02-12,2014-02-14T00:00:00Z,4119474,0.00247951
2014-02-19,2014-02-21T00:00:00Z,4149224,0.00722180
2014-02-26,2014-02-28T00:00:00Z,4159972,0.00259036
2014-03-05,2014-03-07T00:00:00Z,4171762,0.00283415
2014-03-12,2014-03-14T00:00:00Z,4181361,0.00230095
2014-03-19,2014-03-21T00:00:00Z,4222081,0.00973846
2014-03-26,2014-03-28T00:00:00Z,4226971,0.00115820
2014-04-02,2014-04-04T00:00:00Z,4236441,0.00224037
2014-04-09,2014-04-11T00:00:00Z,4244188,0.00182866
2014-04-16,2014-04-18T00:00:00Z,4283967,0.00937258
2014-04-23,2014-04-25T00:00:00Z,4296339,0.00288798
2014-04-30,2014-05-02T00:00:00Z,4296049,-0.00006750
2014-05-07,2014-05-09T00:00:00Z,4303143,0.00165128
2014-05-14,2014-05-16T00:00:00Z,4336649,0.00778640
2014-05-21,2014-05-23T00:00:00Z,4327560,-0.00209586
2014-05-28,2014-05-30T00:00:00Z,4322654,-0.00113366
2014-06-04,2014-06-06T00:00:00Z,4330917,0.00191156
2014-06-11,2014-06-13T00:00:00Z,4340904,0.00230598
2014-06-18,2014-06-20T00:00:00Z,4368168,0.00628072
2014-06-25,2014-06-27T00:00:00Z,4368348,0.00004121
2014-07-02,2014-07-04T00:00:00Z,4377031,0.00198771
2014-07-09,2014-07-11T00:00:00Z,4383401,0.00145532
2014-07-16,2014-07-18T00:00:00Z,4398201,0.00337637
2014-07-23,2014-07-25T00:00:00Z,4410746,0.00285230
2014-07-30,2014-08-01T00:00:00Z,4406637,-0.00093159
2014-08-06,2014-08-08T00:00:00Z,4410111,0.00078836
2014-08-13,2014-08-15T00:00:00Z,4431923,0.00494591
2014-08-20,2014-08-22T00:00:00Z,4412924,-0.00428685
2014-08-27,2014-08-29T00:00:00Z,4413736,0.00018400
2014-09-03,2014-09-05T00:00:00Z,4415587,0.00041937
2014-09-10,2014-09-12T00:00:00Z,4421408,0.00131828
2014-09-17,2014-09-19T00:00:00Z,4449588,0.00637354
2014-09-24,2014-09-26T00:00:00Z,4459050,0.00212649
2014-10-01,2014-10-03T00:00:00Z,4450260,-0.00197127
2014-10-08,2014-10-10T00:00:00Z,4455403,0.00115566
2014-10-15,2014-10-17T00:00:00Z,4474360,0.00425483
2014-10-22,2014-10-24T00:00:00Z,4481616,0.00162168
2014-10-29,2014-10-31T00:00:00Z,4486754,0.00114646
2014-11-05,2014-11-07T00:00:00Z,4486585,-0.00003767
2014-11-12,2014-11-14T00:00:00Z,4488895,0.00051487
2014-11-19,2014-11-21T00:00:00Z,4492759,0.00086079
2014-11-26,2014-11-28T00:00:00Z,4485931,-0.00151978
2014-12-03,2014-12-05T00:00:00Z,4486190,0.00005774
2014-12-10,2014-12-12T00:00:00Z,4488865,0.00059627
2014-12-17,2014-12-19T00:00:00Z,4502247,0.00298115
2014-12-24,2014-12-26T00:00:00Z,4509462,0.00160253
2014-12-31,2015-01-02T00:00:00Z,4497660,-0.00261716
2015-01-07,2015-01-09T00:00:00Z,4499524,0.00041444
2015-01-14,2015-01-16T00:00:00Z,4516077,0.00367883
2015-01-21,2015-01-23T00:00:00Z,4512936,-0.00069552
2015-01-28,2015-01-30T00:00:00Z,4500064,-0.00285225
2015-02-04,2015-02-06T00:00:00Z,4500348,0.00006311
2015-02-11,2015-02-13T00:00:00Z,4501685,0.00029709
2015-02-18,2015-02-20T00:00:00Z,4496851,-0.00107382
2015-02-25,2015-02-27T00:00:00Z,4486725,-0.00225180
2015-03-04,2015-03-06T00:00:00Z,4487583,0.00019123
2015-03-11,2015-03-13T00:00:00Z,4489279,0.00037793
2015-03-18,2015-03-20T00:00:00Z,4495888,0.00147217
2015-03-25,2015-03-27T00:00:00Z,4480603,-0.00339977
2015-04-01,2015-04-03T00:00:00Z,4481799,0.00026693
2015-04-08,2015-04-10T00:00:00Z,4483419,0.00036146
2015-04-15,2015-04-17T00:00:00Z,4485366,0.00043427
2015-04-22,2015-04-24T00:00:00Z,4489695,0.00096514
2015-04-29,2015-05-01T00:00:00Z,4471499,-0.00405284
2015-05-06,2015-05-08T00:00:00Z,4472703,0.00026926
2015-05-13,2015-05-15T00:00:00Z,4501188,0.00636863
2015-05-20,2015-05-22T00:00:00Z,4480384,-0.00462189
2015-05-27,2015-05-29T00:00:00Z,4463981,-0.00366107
2015-06-03,2015-06-05T00:00:00Z,4465360,0.00030892
2015-06-10,2015-06-12T00:00:00Z,4468005,0.00059234
2015-06-17,2015-06-19T00:00:00Z,4487817,0.00443419
2015-06-24,2015-06-26T00:00:00Z,4495055,0.00161281
2015-07-01,2015-07-03T00:00:00Z,4479130,-0.00354278
2015-07-08,2015-07-10T00:00:00Z,4481289,0.00048201
2015-07-15,2015-07-17T00:00:00Z,4493605,0.00274832
2015-07-22,2015-07-24T00:00:00Z,4500503,0.00153507
2015-07-29,2015-07-31T00:00:00Z,4485480,-0.00333807
2015-08-05,2015-08-07T00:00:00Z,4486329,0.00018928
2015-08-12,2015-08-14T00:00:00Z,4489250,0.00065109
2015-08-19,2015-08-21T00:00:00Z,4487208,-0.00045486
2015-08-26,2015-08-28T00:00:00Z,4475105,-0.00269722
2015-09-02,2015-09-04T00:00:00Z,4475886,0.00017452
2015-09-09,2015-09-11T00:00:00Z,4478213,0.00051990
2015-09-16,2015-09-18T00:00:00Z,4487809,0.00214282
2015-09-23,2015-09-25T00:00:00Z,4497484,0.00215584
2015-09-30,2015-10-02T00:00:00Z,4484111,-0.00297344
2015-10-07,2015-10-09T00:00:00Z,4486185,0.00046252
2015-10-14,2015-10-16T00:00:00Z,4504704,0.00412801
2015-10-21,2015-10-23T00:00:00Z,4501372,-0.00073967
2015-10-28,2015-10-30T00:00:00Z,4489339,-0.00267318
2015-11-04,2015-11-06T00:00:00Z,4489702,0.00008086
2015-11-11,2015-11-13T00:00:00Z,4492012,0.00051451
2015-11-18,2015-11-20T00:00:00Z,4486721,-0.00117787
2015-11-25,2015-11-27T00:00:00Z,4477088,-0.00214700
2015-12-02,2015-12-04T00:00:00Z,4478069,0.00021912
2015-12-09,2015-12-11T00:00:00Z,4480436,0.00052858
2015-12-16,2015-12-18T00:00:00Z,4489593,0.00204377
2015-12-23,2015-12-25T00:00:00Z,4496523,0.00154357
2015-12-30,2016-01-01T00:00:00Z,4486587,-0.00220971
2016-01-06,2016-01-08T00:00:00Z,4486606,0.00000423
2016-01-13,2016-01-15T00:00:00Z,4501695,0.00336312
2016-01-20,2016-01-22T00:00:00Z,4488840,-0.00285559
2016-01-27,2016-01-29T00:00:00Z,4482349,-0.00144603
2016-02-03,2016-02-05T00:00:00Z,4483495,0.00025567
2016-02-10,2016-02-12T00:00:00Z,4486278,0.00062072
2016-02-17,2016-02-19T00:00:00Z,4483629,-0.00059047
2016-02-24,2016-02-26T00:00:00Z,4489796,0.00137545
2016-03-02,2016-03-04T00:00:00Z,4478485,-0.00251927
2016-03-09,2016-03-11T00:00:00Z,4481083,0.00058011
2016-03-16,2016-03-18T00:00:00Z,4486333,0.00117159
2016-03-23,2016-03-25T00:00:00Z,4492857,0.00145419
2016-03-30,2016-04-01T00:00:00Z,4482840,-0.00222954
2016-04-06,2016-04-08T00:00:00Z,4484069,0.00027416
2016-04-13,2016-04-15T00:00:00Z,4499729,0.00349236
2016-04-20,2016-04-22T00:00:00Z,4490131,-0.00213302
2016-04-27,2016-04-29T00:00:00Z,4474665,-0.00344444
2016-05-04,2016-05-06T00:00:00Z,4477270,0.00058217
2016-05-11,2016-05-13T00:00:00Z,4478411,0.00025484
2016-05-18,2016-05-20T00:00:00Z,4473741,-0.00104278
2016-05-25,2016-05-27T00:00:00Z,4461111,-0.00282314
2016-06-01,2016-06-03T00:00:00Z,4461393,0.00006321
2016-06-08,2016-06-10T00:00:00Z,4463542,0.00048169
2016-06-15,2016-06-17T00:00:00Z,4472817,0.00207795
2016-06-22,2016-06-24T00:00:00Z,4482009,0.00205508
2016-06-29,2016-07-01T00:00:00Z,4466482,-0.00346429
2016-07-06,2016-07-08T00:00:00Z,4470605,0.00092310
2016-07-13,2016-07-15T00:00:00Z,4472202,0.00035722
2016-07-20,2016-07-22T00:00:00Z,4480973,0.00196123
2016-07-27,2016-07-29T00:00:00Z,4464498,-0.00367666
2016-08-03,2016-08-05T00:00:00Z,4466793,0.00051406
2016-08-10,2016-08-12T00:00:00Z,4468929,0.00047820
2016-08-17,2016-08-19T00:00:00Z,4466476,-0.00054890
2016-08-24,2016-08-26T00:00:00Z,4473840,0.00164873
2016-08-31,2016-09-02T00:00:00Z,4457907,-0.00356137
2016-09-07,2016-09-09T00:00:00Z,4459394,0.00033356
2016-09-14,2016-09-16T00:00:00Z,4481635,0.00498745
2016-09-21,2016-09-23T00:00:00Z,4473032,-0.00191961
2016-09-28,2016-09-30T00:00:00Z,4452002,-0.00470151
2016-10-05,2016-10-07T00:00:00Z,4459407,0.00166330
2016-10-12,2016-10-14T00:00:00Z,4457698,-0.00038323
2016-10-19,2016-10-21T00:00:00Z,4467382,0.00217242
2016-10-26,2016-10-28T00:00:00Z,4454326,-0.00292252
2016-11-02,2016-11-04T00:00:00Z,4453087,-0.00027816
2016-11-09,2016-11-11T00:00:00Z,4455087,0.00044913
2016-11-16,2016-11-18T00:00:00Z,4453633,-0.00032637
2016-11-23,2016-11-25T00:00:00Z,4465782,0.00272789
2016-11-30,2016-12-02T00:00:00Z,4446307,-0.00436094
2016-12-07,2016-12-09T00:00:00Z,4448618,0.00051976
2016-12-14,2016-12-16T00:00:00Z,4470973,0.00502516
2016-12-21,2016-12-23T00:00:00Z,4469089,-0.00042138
2016-12-28,2016-12-30T00:00:00Z,4451451,-0.00394667
2017-01-04,2017-01-06T00:00:00Z,4453101,0.00037067
2017-01-11,2017-01-13T00:00:00Z,4452509,-0.00013294
2017-01-18,2017-01-20T00:00:00Z,4460758,0.00185266
2017-01-25,2017-01-27T00:00:00Z,4452838,-0.00177548
2017-02-01,2017-02-03T00:00:00Z,4453881,0.00023423
2017-02-08,2017-02-10T00:00:00Z,4456236,0.00052875
2017-02-15,2017-02-17T00:00:00Z,4454676,-0.00035007
2017-02-22,2017-02-24T00:00:00Z,4468702,0.00314860
2017-03-01,2017-03-03T00:00:00Z,4458018,-0.00239085
2017-03-08,2017-03-10T00:00:00Z,4459840,0.00040870
2017-03-15,2017-03-17T00:00:00Z,4469577,0.00218326
2017-03-22,2017-03-24T00:00:00Z,4478236,0.00193732
2017-03-29,2017-03-31T00:00:00Z,4469618,-0.00192442
2017-04-05,2017-04-07T00:00:00Z,4474634,0.00112224
2017-04-12,2017-04-14T00:00:00Z,4484492,0.00220309
2017-04-19,2017-04-21T00:00:00Z,4479270,-0.00116446
2017-04-26,2017-04-28T00:00:00Z,4470142,-0.00203783
2017-05-03,2017-05-05T00:00:00Z,4471246,0.00024697
2017-05-10,2017-05-12T00:00:00Z,4473459,0.00049494
2017-05-17,2017-05-19T00:00:00Z,4467108,-0.00141971
2017-05-24,2017-05-26T00:00:00Z,4470852,0.00083813
2017-05-31,2017-06-02T00:00:00Z,4459914,-0.00244651
2017-06-07,2017-06-09T00:00:00Z,4462443,0.00056705
2017-06-14,2017-06-16T00:00:00Z,4476269,0.00309830
2017-06-21,2017-06-23T00:00:00Z,4474257,-0.00044948
2017-06-28,2017-06-30T00:00:00Z,4463347,-0.00243839
2017-07-05,2017-07-07T00:00:00Z,4467272,0.00087938
2017-07-12,2017-07-14T00:00:00Z,4466702,-0.00012759
2017-07-19,2017-07-21T00:00:00Z,4476903,0.00228379
2017-07-26,2017-07-28T00:00:00Z,4465284,-0.00259532
2017-08-02,2017-08-04T00:00:00Z,4466846,0.00034981
2017-08-09,2017-08-11T00:00:00Z,4469083,0.00050080
2017-08-16,2017-08-18T00:00:00Z,4462871,-0.00138999
2017-08-23,2017-08-25T00:00:00Z,4463837,0.00021645
2017-08-30,2017-09-01T00:00:00Z,4452360,-0.00257111
2017-09-06,2017-09-08T00:00:00Z,4453474,0.00025020
2017-09-13,2017-09-15T00:00:00Z,4471174,0.00397443
2017-09-20,2017-09-22T00:00:00Z,4458576,-0.00281760
2017-09-27,2017-09-29T00:00:00Z,4455661,-0.00065380
2017-10-04,2017-10-06T00:00:00Z,4460422,0.00106853
2017-10-11,2017-10-13T00:00:00Z,4459415,-0.00022576
2017-10-18,2017-10-20T00:00:00Z,4469723,0.00231151
2017-10-25,2017-10-27T00:00:00Z,4461117,-0.00192540
2017-11-01,2017-11-03T00:00:00Z,4455887,-0.00117235
2017-11-08,2017-11-10T00:00:00Z,4458552,0.00059809
2017-11-15,2017-11-17T00:00:00Z,4448289,-0.00230187
2017-11-22,2017-11-24T00:00:00Z,4450615,0.00052290
2017-11-29,2017-12-01T00:00:00Z,4438592,-0.00270142
2017-12-06,2017-12-08T00:00:00Z,4437148,-0.00032533
2017-12-13,2017-12-15T00:00:00Z,4452726,0.00351081
2017-12-20,2017-12-22T00:00:00Z,4447470,-0.00118040
2017-12-27,2017-12-29T00:00:00Z,4448680,0.00027206
2018-01-03,2018-01-05T00:00:00Z,4443718,-0.00111539
2018-01-10,2018-01-12T00:00:00Z,4446062,0.00052749
2018-01-17,2018-01-19T00:00:00Z,4439145,-0.00155576
2018-01-24,2018-01-26T00:00:00Z,4441317,0.00048928
2018-01-31,2018-02-02T00:00:00Z,4419225,-0.00497420
2018-02-07,2018-02-09T00:00:00Z,4420745,0.00034395
2018-02-14,2018-02-16T00:00:00Z,4434863,0.00319358
2018-02-21,2018-02-23T00:00:00Z,4411660,-0.00523195
2018-02-28,2018-03-02T00:00:00Z,4393401,-0.00413880
2018-03-07,2018-03-09T00:00:00Z,4396097,0.00061365
2018-03-14,2018-03-16T00:00:00Z,4407258,0.00253884
2018-03-21,2018-03-23T00:00:00Z,4401222,-0.00136956
2018-03-28,2018-03-30T00:00:00Z,4392198,-0.00205034
2018-04-04,2018-04-06T00:00:00Z,4386104,-0.00138746
2018-04-11,2018-04-13T00:00:00Z,4383684,-0.00055174
2018-04-18,2018-04-20T00:00:00Z,4385903,0.00050620
2018-04-25,2018-04-27T00:00:00Z,4372886,-0.00296792
2018-05-02,2018-05-04T00:00:00Z,4356129,-0.00383202
2018-05-09,2018-05-11T00:00:00Z,4358207,0.00047703
2018-05-16,2018-05-18T00:00:00Z,4337609,-0.00472626
2018-05-23,2018-05-25T00:00:00Z,4337301,-0.00007101
2018-05-30,2018-06-01T00:00:00Z,4327519,-0.00225532
2018-06-06,2018-06-08T00:00:00Z,4319191,-0.00192443
2018-06-13,2018-06-15T00:00:00Z,4324906,0.00132316
2018-06-20,2018-06-22T00:00:00Z,4315896,-0.00208328
2018-06-27,2018-06-29T00:00:00Z,4305491,-0.00241086
2018-07-04,2018-07-06T00:00:00Z,4289764,-0.00365278
2018-07-11,2018-07-13T00:00:00Z,4291201,0.00033498
2018-07-18,2018-07-20T00:00:00Z,4291615,0.00009648
2018-07-25,2018-07-27T00:00:00Z,4277681,-0.00324680
2018-08-01,2018-08-03T00:00:00Z,4255653,-0.00514952
2018-08-08,2018-08-10T00:00:00Z,4258030,0.00055855
2018-08-15,2018-08-17T00:00:00Z,4228924,-0.00683556
2018-08-22,2018-08-24T00:00:00Z,4228818,-0.00002507
2018-08-29,2018-08-31T00:00:00Z,4218914,-0.00234203
2018-09-05,2018-09-07T00:00:00Z,4208496,-0.00246936
2018-09-12,2018-09-14T00:00:00Z,4210812,0.00055032
2018-09-19,2018-09-21T00:00:00Z,4208059,-0.00065379
2018-09-26,2018-09-28T00:00:00Z,4192909,-0.00360023
2018-10-03,2018-10-05T00:00:00Z,4174704,-0.00434185
2018-10-10,2018-10-12T00:00:00Z,4176906,0.00052746
2018-10-17,2018-10-19T00:00:00Z,4175446,-0.00034954
2018-10-24,2018-10-26T00:00:00Z,4173070,-0.00056904
2018-10-31,2018-11-02T00:00:00Z,4139731,-0.00798908
2018-11-07,2018-11-09T00:00:00Z,4141936,0.00053264
2018-11-14,2018-11-16T00:00:00Z,4145892,0.00095511
2018-11-21,2018-11-23T00:00:00Z,4106198,-0.00957430
2018-11-28,2018-11-30T00:00:00Z,4097170,-0.00219863
2018-12-05,2018-12-07T00:00:00Z,4086044,-0.00271553
2018-12-12,2018-12-14T00:00:00Z,4088314,0.00055555
2018-12-19,2018-12-21T00:00:00Z,4084274,-0.00098818
2018-12-26,2018-12-28T00:00:00Z,4075636,-0.00211494
2019-01-02,2019-01-04T00:00:00Z,4058378,-0.00423443
2019-01-09,2019-01-11T00:00:00Z,4056563,-0.00044722
2019-01-16,2019-01-18T00:00:00Z,4050044,-0.00160703
2019-01-23,2019-01-25T00:00:00Z,4047052,-0.00073876
2019-01-30,2019-02-01T00:00:00Z,4039678,-0.00182207
2019-02-06,2019-02-08T00:00:00Z,4026350,-0.00329927
2019-02-13,2019-02-15T00:00:00Z,4028431,0.00051685
2019-02-20,2019-02-22T00:00:00Z,3981420,-0.01166980
2019-02-27,2019-03-01T00:00:00Z,3974590,-0.00171547
2019-03-06,2019-03-08T00:00:00Z,3969134,-0.00137272
2019-03-13,2019-03-15T00:00:00Z,3971559,0.00061096
2019-03-20,2019-03-22T00:00:00Z,3962748,-0.00221852
2019-03-27,2019-03-29T00:00:00Z,3955617,-0.00179951
2019-04-03,2019-04-05T00:00:00Z,3935509,-0.00508340
2019-04-10,2019-04-12T00:00:00Z,3936784,0.00032397
2019-04-17,2019-04-19T00:00:00Z,3931827,-0.00125915
2019-04-24,2019-04-26T00:00:00Z,3928273,-0.00090391
2019-05-01,2019-05-03T00:00:00Z,3889691,-0.00982162
2019-05-08,2019-05-10T00:00:00Z,3892216,0.00064915
2019-05-15,2019-05-17T00:00:00Z,3864749,-0.00705691
2019-05-22,2019-05-24T00:00:00Z,3860435,-0.00111624
2019-05-29,2019-05-31T00:00:00Z,3851444,-0.00232901
2019-06-05,2019-06-07T00:00:00Z,3847645,-0.00098638
2019-06-12,2019-06-14T00:00:00Z,3849955,0.00060037
2019-06-19,2019-06-21T00:00:00Z,3844016,-0.00154262
2019-06-26,2019-06-28T00:00:00Z,3826817,-0.00447423
2019-07-03,2019-07-05T00:00:00Z,3813198,-0.00355883
2019-07-10,2019-07-12T00:00:00Z,3815038,0.00048253
2019-07-17,2019-07-19T00:00:00Z,3808110,-0.00181597
2019-07-24,2019-07-26T00:00:00Z,3803436,-0.00122738
2019-07-31,2019-08-02T00:00:00Z,3779102,-0.00639790
2019-08-07,2019-08-09T00:00:00Z,3781543,0.00064592
2019-08-14,2019-08-16T00:00:00Z,3786018,0.00118338
2019-08-21,2019-08-23T00:00:00Z,3764866,-0.00558687
2019-08-28,2019-08-30T00:00:00Z,3759946,-0.00130682
2019-09-04,2019-09-06T00:00:00Z,3761508,0.00041543
2019-09-11,2019-09-13T00:00:00Z,3769673,0.00217067
2019-09-18,2019-09-20T00:00:00Z,3844695,0.01990146
2019-09-25,2019-09-27T00:00:00Z,3857715,0.00338648
2019-10-02,2019-10-04T00:00:00Z,3945831,0.02284150
2019-10-09,2019-10-11T00:00:00Z,3949955,0.00104515
2019-10-16,2019-10-18T00:00:00Z,3966471,0.00418131
2019-10-23,2019-10-25T00:00:00Z,3968700,0.00056196
2019-10-30,2019-11-01T00:00:00Z,4019823,0.01288155
2019-11-06,2019-11-08T00:00:00Z,4039443,0.00488081
2019-11-13,2019-11-15T00:00:00Z,4047882,0.00208915
2019-11-20,2019-11-22T00:00:00Z,4030249,-0.00435611
2019-11-27,2019-11-29T00:00:00Z,4052875,0.00561405
2019-12-04,2019-12-06T00:00:00Z,4065696,0.00316343
2019-12-11,2019-12-13T00:00:00Z,4095491,0.00732839
2019-12-18,2019-12-20T00:00:00Z,4137052,0.01014799
2019-12-25,2019-12-27T00:00:00Z,4165591,0.00689839
2020-01-01,2020-01-03T00:00:00Z,4173626,0.00192890
2020-01-08,2020-01-10T00:00:00Z,4149544,-0.00577004
2020-01-15,2020-01-17T00:00:00Z,4175850,0.00633949
2020-01-22,2020-01-24T00:00:00Z,4145912,-0.00716932
2020-01-29,2020-01-31T00:00:00Z,4151630,0.00137919
2020-02-05,2020-02-07T00:00:00Z,4166707,0.00363159
2020-02-12,2020-02-14T00:00:00Z,4182689,0.00383564
2020-02-19,2020-02-21T00:00:00Z,4171570,-0.00265834
2020-02-26,2020-02-28T00:00:00Z,4158637,-0.00310027
2020-03-04,2020-03-06T00:00:00Z,4241507,0.01992720
2020-03-11,2020-03-13T00:00:00Z,4311911,0.01659882
2020-03-18,2020-03-20T00:00:00Z,4668212,0.08263181
2020-03-25,2020-03-27T00:00:00Z,5254278,0.12554400
2020-04-01,2020-04-03T00:00:00Z,5811607,0.10607147
2020-04-08,2020-04-10T00:00:00Z,6083141,0.04672271
2020-04-15,2020-04-17T00:00:00Z,6367887,0.04680904
2020-04-22,2020-04-24T00:00:00Z,6573136,0.03223188
2020-04-29,2020-05-01T00:00:00Z,6655929,0.01259566
2020-05-06,2020-05-08T00:00:00Z,6721420,0.00983950
2020-05-13,2020-05-15T00:00:00Z,6934227,0.03166102
2020-05-20,2020-05-22T00:00:00Z,7037258,0.01485833
2020-05-27,2020-05-29T00:00:00Z,7097316,0.00853429
2020-06-03,2020-06-05T00:00:00Z,7165217,0.00956714
2020-06-10,2020-06-12T00:00:00Z,7168936,0.00051904
2020-06-17,2020-06-19T00:00:00Z,7094690,-0.01035663
2020-06-24,2020-06-26T00:00:00Z,7082302,-0.00174609
2020-07-01,2020-07-03T00:00:00Z,7009040,-0.01034438
2020-07-08,2020-07-10T00:00:00Z,6920716,-0.01260144
2020-07-15,2020-07-17T00:00:00Z,6958604,0.00547458
2020-07-22,2020-07-24T00:00:00Z,6964755,0.00088394
2020-07-29,2020-07-31T00:00:00Z,6949032,-0.00225751
2020-08-05,2020-08-07T00:00:00Z,6945237,-0.00054612
2020-08-12,2020-08-14T00:00:00Z,6957277,0.00173356
2020-08-19,2020-08-21T00:00:00Z,7010637,0.00766967
2020-08-26,2020-08-28T00:00:00Z,6990418,-0.00288405
2020-09-02,2020-09-04T00:00:00Z,7017492,0.00387302
2020-09-09,2020-09-11T00:00:00Z,7010614,-0.00098012
2020-09-16,2020-09-18T00:00:00Z,7064475,0.00768278
2020-09-23,2020-09-25T00:00:00Z,7093161,0.00406060
2020-09-30,2020-10-02T00:00:00Z,7056129,-0.00522080
2020-10-07,2020-10-09T00:00:00Z,7074649,0.00262467
2020-10-14,2020-10-16T00:00:00Z,7151426,0.01085241
2020-10-21,2020-10-23T00:00:00Z,7177265,0.00361313
2020-10-28,2020-10-30T00:00:00Z,7146306,-0.00431348
2020-11-04,2020-11-06T00:00:00Z,7157479,0.00156347
2020-11-11,2020-11-13T00:00:00Z,7175417,0.00250619
2020-11-18,2020-11-20T00:00:00Z,7243080,0.00942984
2020-11-25,2020-11-27T00:00:00Z,7216480,-0.00367247
2020-12-02,2020-12-04T00:00:00Z,7222414,0.00082228
2020-12-09,2020-12-11T00:00:00Z,7242658,0.00280294
2020-12-16,2020-12-18T00:00:00Z,7362592,0.01655939
2020-12-23,2020-12-25T00:00:00Z,7404039,0.00562940
2020-12-30,2021-01-01T00:00:00Z,7363351,-0.00549538
2021-01-06,2021-01-08T00:00:00Z,7334809,-0.00387622
2021-01-13,2021-01-15T00:00:00Z,7333968,-0.00011466
2021-01-20,2021-01-22T00:00:00Z,7414942,0.01104095
2021-01-27,2021-01-29T00:00:00Z,7404926,-0.00135079
2021-02-03,2021-02-05T00:00:00Z,7410598,0.00076598
2021-02-10,2021-02-12T00:00:00Z,7442225,0.00426781
2021-02-17,2021-02-19T00:00:00Z,7557402,0.01547615
2021-02-24,2021-02-26T00:00:00Z,7590111,0.00432807
2021-03-03,2021-03-05T00:00:00Z,7557524,-0.00429335
2021-03-10,2021-03-12T00:00:00Z,7579901,0.00296089
2021-03-17,2021-03-19T00:00:00Z,7693506,0.01498766
2021-03-24,2021-03-26T00:00:00Z,7719622,0.00339455
2021-03-31,2021-04-02T00:00:00Z,7688988,-0.00396833
2021-04-07,2021-04-09T00:00:00Z,7708882,0.00258734
2021-04-14,2021-04-16T00:00:00Z,7793104,0.01092532
2021-04-21,2021-04-23T00:00:00Z,7820948,0.00357290
2021-04-28,2021-04-30T00:00:00Z,7780962,-0.00511268
2021-05-05,2021-05-07T00:00:00Z,7810486,0.00379439
2021-05-12,2021-05-14T00:00:00Z,7830663,0.00258332
2021-05-19,2021-05-21T00:00:00Z,7922883,0.01177678
2021-05-26,2021-05-28T00:00:00Z,7903541,-0.00244128
2021-06-02,2021-06-04T00:00:00Z,7935703,0.00406932
2021-06-09,2021-06-11T00:00:00Z,7952327,0.00209484
2021-06-16,2021-06-18T00:00:00Z,8064257,0.01407513
2021-06-23,2021-06-25T00:00:00Z,8101945,0.00467346
2021-06-30,2021-07-02T00:00:00Z,8078544,-0.00288832
2021-07-07,2021-07-09T00:00:00Z,8097773,0.00238026
2021-07-14,2021-07-16T00:00:00Z,8201651,0.01282797
2021-07-21,2021-07-23T00:00:00Z,8240530,0.00474039
2021-07-28,2021-07-30T00:00:00Z,8221473,-0.00231259
2021-08-04,2021-08-06T00:00:00Z,8235073,0.00165420
2021-08-11,2021-08-13T00:00:00Z,8257159,0.00268194
2021-08-18,2021-08-20T00:00:00Z,8342598,0.01034726
2021-08-25,2021-08-27T00:00:00Z,8332743,-0.00118129
2021-09-01,2021-09-03T00:00:00Z,8349173,0.00197174
2021-09-08,2021-09-10T00:00:00Z,8357314,0.00097507
2021-09-15,2021-09-17T00:00:00Z,8448770,0.01094323
2021-09-22,2021-09-24T00:00:00Z,8489824,0.00485917
2021-09-29,2021-10-01T00:00:00Z,8447981,-0.00492861
2021-10-06,2021-10-08T00:00:00Z,8464032,0.00189998
2021-10-13,2021-10-15T00:00:00Z,8480942,0.00199787
2021-10-20,2021-10-22T00:00:00Z,8564943,0.00990468
2021-10-27,2021-10-29T00:00:00Z,8556181,-0.00102301
2021-11-03,2021-11-05T00:00:00Z,8574871,0.00218439
2021-11-10,2021-11-12T00:00:00Z,8663117,0.01029123
2021-11-17,2021-11-19T00:00:00Z,8674970,0.00136821
2021-11-24,2021-11-26T00:00:00Z,8681771,0.00078398
2021-12-01,2021-12-03T00:00:00Z,8650402,-0.00361320
2021-12-08,2021-12-10T00:00:00Z,8664524,0.00163253
2021-12-15,2021-12-17T00:00:00Z,8756666,0.01063440
2021-12-22,2021-12-24T00:00:00Z,8790495,0.00386323
2021-12-29,2021-12-31T00:00:00Z,8757460,-0.00375804
2022-01-05,2022-01-07T00:00:00Z,8765721,0.00094331
2022-01-12,2022-01-14T00:00:00Z,8788278,0.00257332
2022-01-19,2022-01-21T00:00:00Z,8867834,0.00905251
2022-01-26,2022-01-28T00:00:00Z,8860485,-0.00082873
2022-02-02,2022-02-04T00:00:00Z,8873211,0.00143626
2022-02-09,2022-02-11T00:00:00Z,8878009,0.00054073
2022-02-16,2022-02-18T00:00:00Z,8911033,0.00371975
2022-02-23,2022-02-25T00:00:00Z,8928129,0.00191852
2022-03-02,2022-03-04T00:00:00Z,8904455,-0.00265162
2022-03-09,2022-03-11T00:00:00Z,8910748,0.00070672
2022-03-16,2022-03-18T00:00:00Z,8954306,0.00488825
2022-03-23,2022-03-25T00:00:00Z,8962474,0.00091219
2022-03-30,2022-04-01T00:00:00Z,8937142,-0.00282645
2022-04-06,2022-04-08T00:00:00Z,8937592,0.00005035
2022-04-13,2022-04-15T00:00:00Z,8965487,0.00312109
2022-04-20,2022-04-22T00:00:00Z,8955851,-0.00107479
2022-04-27,2022-04-29T00:00:00Z,8939199,-0.00185934
2022-05-04,2022-05-06T00:00:00Z,8939972,0.00008647
2022-05-11,2022-05-13T00:00:00Z,8942008,0.00022774
2022-05-18,2022-05-20T00:00:00Z,8945898,0.00043503
2022-05-25,2022-05-27T00:00:00Z,8914281,-0.00353425
2022-06-01,2022-06-03T00:00:00Z,8915050,0.00008627
2022-06-08,2022-06-10T00:00:00Z,8918254,0.00035939
2022-06-15,2022-06-17T00:00:00Z,8932420,0.00158843
2022-06-22,2022-06-24T00:00:00Z,8934346,0.00021562
2022-06-29,2022-07-01T00:00:00Z,8913553,-0.00232731
2022-07-06,2022-07-08T00:00:00Z,8891851,-0.00243472
2022-07-13,2022-07-15T00:00:00Z,8895867,0.00045165
2022-07-20,2022-07-22T00:00:00Z,8899213,0.00037613
2022-07-27,2022-07-29T00:00:00Z,8890004,-0.00103481
2022-08-03,2022-08-05T00:00:00Z,8874620,-0.00173048
2022-08-10,2022-08-12T00:00:00Z,8879138,0.00050909
2022-08-17,2022-08-19T00:00:00Z,8849762,-0.00330843
2022-08-24,2022-08-26T00:00:00Z,8851436,0.00018916
2022-08-31,2022-09-02T00:00:00Z,8826093,-0.00286315
2022-09-07,2022-09-09T00:00:00Z,8822401,-0.00041831
2022-09-14,2022-09-16T00:00:00Z,8832759,0.00117406
2022-09-21,2022-09-23T00:00:00Z,8816802,-0.00180657
2022-09-28,2022-09-30T00:00:00Z,8795567,-0.00240847
2022-10-05,2022-10-07T00:00:00Z,8759053,-0.00415141
2022-10-12,2022-10-14T00:00:00Z,8758969,-0.00000959
2022-10-19,2022-10-21T00:00:00Z,8743922,-0.00171790
2022-10-26,2022-10-28T00:00:00Z,8723090,-0.00238245
2022-11-02,2022-11-04T00:00:00Z,8676870,-0.00529858
2022-11-09,2022-11-11T00:00:00Z,8678886,0.00023234
2022-11-16,2022-11-18T00:00:00Z,8625620,-0.00613742
2022-11-23,2022-11-25T00:00:00Z,8621390,-0.00049040
2022-11-30,2022-12-02T00:00:00Z,8584576,-0.00427008
2022-12-07,2022-12-09T00:00:00Z,8582735,-0.00021445
2022-12-14,2022-12-16T00:00:00Z,8583413,0.00007900
2022-12-21,2022-12-23T00:00:00Z,8564411,-0.00221380
2022-12-28,2022-12-30T00:00:00Z,8551169,-0.00154617
2023-01-04,2023-01-06T00:00:00Z,8507429,-0.00511509
2023-01-11,2023-01-13T00:00:00Z,8508587,0.00013612
2023-01-18,2023-01-20T00:00:00Z,8489039,-0.00229744
2023-01-25,2023-01-27T00:00:00Z,8470557,-0.00217716
2023-02-01,2023-02-03T00:00:00Z,8433610,-0.00436181
2023-02-08,2023-02-10T00:00:00Z,8435369,0.00020857
2023-02-15,2023-02-17T00:00:00Z,8384767,-0.00599879
2023-02-22,2023-02-24T00:00:00Z,8382190,-0.00030734
2023-03-01,2023-03-03T00:00:00Z,8339684,-0.00507099
2023-03-08,2023-03-10T00:00:00Z,8342283,0.00031164
2023-03-15,2023-03-17T00:00:00Z,8639300,0.03560380
2023-03-22,2023-03-24T00:00:00Z,8733787,0.01093688
2023-03-29,2023-03-31T00:00:00Z,8705942,-0.00318819
2023-04-05,2023-04-07T00:00:00Z,8632384,-0.00844917
2023-04-12,2023-04-14T00:00:00Z,8614797,-0.00203733
2023-04-19,2023-04-21T00:00:00Z,8593263,-0.00249965
2023-04-26,2023-04-28T00:00:00Z,8562768,-0.00354871
2023-05-03,2023-05-05T00:00:00Z,8503994,-0.00686390
2023-05-10,2023-05-12T00:00:00Z,8503017,-0.00011489
2023-05-17,2023-05-19T00:00:00Z,8456760,-0.00544007
2023-05-24,2023-05-26T00:00:00Z,8436255,-0.00242469
2023-05-31,2023-06-02T00:00:00Z,8385854,-0.00597433
2023-06-07,2023-06-09T00:00:00Z,8389325,0.00041391
2023-06-14,2023-06-16T00:00:00Z,8388323,-0.00011944
2023-06-21,2023-06-23T00:00:00Z,8362060,-0.00313090
2023-06-28,2023-06-30T00:00:00Z,8340914,-0.00252880
2023-07-05,2023-07-07T00:00:00Z,8298312,-0.00510759
2023-07-12,2023-07-14T00:00:00Z,8296923,-0.00016738
2023-07-19,2023-07-21T00:00:00Z,8274552,-0.00269630
2023-07-26,2023-07-28T00:00:00Z,8243344,-0.00377156
2023-08-02,2023-08-04T00:00:00Z,8206764,-0.00443752
2023-08-09,2023-08-11T00:00:00Z,8208241,0.00017997
2023-08-16,2023-08-18T00:00:00Z,8145727,-0.00761600
2023-08-23,2023-08-25T00:00:00Z,8139066,-0.00081773
2023-08-30,2023-09-01T00:00:00Z,8121316,-0.00218084
2023-09-06,2023-09-08T00:00:00Z,8101318,-0.00246241
2023-09-13,2023-09-15T00:00:00Z,8098779,-0.00031341
2023-09-20,2023-09-22T00:00:00Z,8024090,-0.00922225
2023-09-27,2023-09-29T00:00:00Z,8002064,-0.00274498
2023-10-04,2023-10-06T00:00:00Z,7955782,-0.00578376
2023-10-11,2023-10-13T00:00:00Z,7952054,-0.00046859
2023-10-18,2023-10-20T00:00:00Z,7933162,-0.00237574
2023-10-25,2023-10-27T00:00:00Z,7907830,-0.00319318
2023-11-01,2023-11-03T00:00:00Z,7866664,-0.00520573
2023-11-08,2023-11-10T00:00:00Z,7860691,-0.00075928
2023-11-15,2023-11-17T00:00:00Z,7814991,-0.00581374
2023-11-22,2023-11-24T00:00:00Z,7810814,-0.00053449
2023-11-29,2023-12-01T00:00:00Z,7796145,-0.00187804
2023-12-06,2023-12-08T00:00:00Z,7737385,-0.00753706
2023-12-13,2023-12-15T00:00:00Z,7739566,0.00028188
2023-12-20,2023-12-22T00:00:00Z,7724063,-0.00200308
2023-12-27,2023-12-29T00:00:00Z,7712781,-0.00146063
2024-01-03,2024-01-05T00:00:00Z,7681024,-0.00411745
2024-01-10,2024-01-12T00:00:00Z,7686710,0.00074027
2024-01-17,2024-01-19T00:00:00Z,7673741,-0.00168720
2024-01-24,2024-01-26T00:00:00Z,7677230,0.00045467
2024-01-31,2024-02-02T00:00:00Z,7630124,-0.00613581
2024-02-07,2024-02-09T00:00:00Z,7631300,0.00015413
2024-02-14,2024-02-16T00:00:00Z,7633874,0.00033730
2024-02-21,2024-02-23T00:00:00Z,7581683,-0.00683676
2024-02-28,2024-03-01T00:00:00Z,7567807,-0.00183020
2024-03-06,2024-03-08T00:00:00Z,7538857,-0.00382541
2024-03-13,2024-03-15T00:00:00Z,7541969,0.00041279
2024-03-20,2024-03-22T00:00:00Z,7514348,-0.00366231
2024-03-27,2024-03-29T00:00:00Z,7484739,-0.00394033
2024-04-03,2024-04-05T00:00:00Z,7439558,-0.00603642
2024-04-10,2024-04-12T00:00:00Z,7438176,-0.00018576
2024-04-17,2024-04-19T00:00:00Z,7405506,-0.00439221
2024-04-24,2024-04-26T00:00:00Z,7402434,-0.00041483
2024-05-01,2024-05-03T00:00:00Z,7362474,-0.00539822
2024-05-08,2024-05-10T00:00:00Z,7353408,-0.00123138
2024-05-15,2024-05-17T00:00:00Z,7304272,-0.00668207
2024-05-22,2024-05-24T00:00:00Z,7299566,-0.00064428
2024-05-29,2024-05-31T00:00:00Z,7284319,-0.00208875
2024-06-05,2024-06-07T00:00:00Z,7255687,-0.00393064
2024-06-12,2024-06-14T00:00:00Z,7258974,0.00045302
2024-06-19,2024-06-21T00:00:00Z,7252542,-0.00088608
2024-06-26,2024-06-28T00:00:00Z,7231163,-0.00294779
2024-07-03,2024-07-05T00:00:00Z,7221520,-0.00133353
2024-07-10,2024-07-12T00:00:00Z,7224079,0.00035436
2024-07-17,2024-07-19T00:00:00Z,7208247,-0.00219156
2024-07-24,2024-07-26T00:00:00Z,7205455,-0.00038733
2024-07-31,2024-08-02T00:00:00Z,7178391,-0.00375604
2024-08-07,2024-08-09T00:00:00Z,7175256,-0.00043673
2024-08-14,2024-08-16T00:00:00Z,7177688,0.00033894
2024-08-21,2024-08-23T00:00:00Z,7139952,-0.00525740
2024-08-28,2024-08-30T00:00:00Z,7123238,-0.00234091
2024-09-04,2024-09-06T00:00:00Z,7112567,-0.00149805
2024-09-11,2024-09-13T00:00:00Z,7115001,0.00034221
2024-09-18,2024-09-20T00:00:00Z,7109137,-0.00082417
2024-09-25,2024-09-27T00:00:00Z,7080059,-0.00409023
2024-10-02,2024-10-04T00:00:00Z,7046925,-0.00467990
2024-10-09,2024-10-11T00:00:00Z,7046840,-0.00001206
2024-10-16,2024-10-18T00:00:00Z,7039284,-0.00107225
2024-10-23,2024-10-25T00:00:00Z,7029408,-0.00140298
2024-10-30,2024-11-01T00:00:00Z,7013490,-0.00226449
2024-11-06,2024-11-08T00:00:00Z,6994299,-0.00273630
2024-11-13,2024-11-15T00:00:00Z,6967108,-0.00388759
2024-11-20,2024-11-22T00:00:00Z,6923731,-0.00622597
2024-11-27,2024-11-29T00:00:00Z,6905140,-0.00268511
2024-12-04,2024-12-06T00:00:00Z,6895827,-0.00134871
2024-12-11,2024-12-13T00:00:00Z,6897485,0.00024044
2024-12-18,2024-12-20T00:00:00Z,6889332,-0.00118203
2024-12-25,2024-12-27T00:00:00Z,6885963,-0.00048902
2025-01-01,2025-01-03T00:00:00Z,6852491,-0.00486090
2025-01-08,2025-01-10T00:00:00Z,6853554,0.00015513
2025-01-15,2025-01-17T00:00:00Z,6834070,-0.00284290
2025-01-22,2025-01-24T00:00:00Z,6831760,-0.00033801
2025-01-29,2025-01-31T00:00:00Z,6818186,-0.00198690
2025-02-05,2025-02-07T00:00:00Z,6810935,-0.00106348
2025-02-12,2025-02-14T00:00:00Z,6813513,0.00037851
2025-02-19,2025-02-21T00:00:00Z,6782332,-0.00457635
2025-02-26,2025-02-28T00:00:00Z,6766101,-0.00239313
2025-03-05,2025-03-07T00:00:00Z,6756764,-0.00137997
2025-03-12,2025-03-14T00:00:00Z,6759571,0.00041544
2025-03-19,2025-03-21T00:00:00Z,6755982,-0.00053095
2025-03-26,2025-03-28T00:00:00Z,6740253,-0.00232816
2025-04-02,2025-04-04T00:00:00Z,6723452,-0.00249264
2025-04-09,2025-04-11T00:00:00Z,6727416,0.00058958
2025-04-16,2025-04-18T00:00:00Z,6727113,-0.00004504
2025-04-23,2025-04-25T00:00:00Z,6726930,-0.00002720
2025-04-30,2025-05-02T00:00:00Z,6709277,-0.00262423
2025-05-07,2025-05-09T00:00:00Z,6710889,0.00024026
2025-05-14,2025-05-16T00:00:00Z,6713270,0.00035480
2025-05-21,2025-05-23T00:00:00Z,6688726,-0.00365604
2025-05-28,2025-05-30T00:00:00Z,6673244,-0.00231464
2025-06-04,2025-06-06T00:00:00Z,6672885,-0.00005380
2025-06-11,2025-06-13T00:00:00Z,6677155,0.00063990
2025-06-18,2025-06-20T00:00:00Z,6681056,0.00058423
2025-06-25,2025-06-27T00:00:00Z,6662200,-0.00282231
2025-07-02,2025-07-04T00:00:00Z,6659598,-0.00039056
2025-07-09,2025-07-11T00:00:00Z,6661912,0.00034747
2025-07-16,2025-07-18T00:00:00Z,6659273,-0.00039613
2025-07-23,2025-07-25T00:00:00Z,6657715,-0.00023396
2025-07-30,2025-08-01T00:00:00Z,6642578,-0.00227360
2025-08-06,2025-08-08T00:00:00Z,6640843,-0.00026119
2025-08-13,2025-08-15T00:00:00Z,6643615,0.00041742
2025-08-20,2025-08-22T00:00:00Z,6618415,-0.00379312
2025-08-27,2025-08-29T00:00:00Z,6603384,-0.00227109
2025-09-03,2025-09-05T00:00:00Z,6602071,-0.00019884
2025-09-10,2025-09-12T00:00:00Z,6605962,0.00058936
2025-09-17,2025-09-19T00:00:00Z,6608597,0.00039888
2025-09-24,2025-09-26T00:00:00Z,6608395,-0.00003057
2025-10-01,2025-10-03T00:00:00Z,6587119,-0.00321954
2025-10-08,2025-10-10T00:00:00Z,6590815,0.00056110
2025-10-15,2025-10-17T00:00:00Z,6596454,0.00085558
2025-10-22,2025-10-24T00:00:00Z,6589533,-0.00104920
2025-10-29,2025-10-31T00:00:00Z,6587034,-0.00037924
2025-11-05,2025-11-07T00:00:00Z,6572732,-0.00217124
2025-11-12,2025-11-14T00:00:00Z,6580462,0.00117607
2025-11-19,2025-11-21T00:00:00Z,6555283,-0.00382633
2025-11-26,2025-11-28T00:00:00Z,6552419,-0.00043690
2025-12-03,2025-12-05T00:00:00Z,6535781,-0.00253921
2025-12-10,2025-12-12T00:00:00Z,6539303,0.00053888
2025-12-17,2025-12-19T00:00:00Z,6556861,0.00268500
2025-12-24,2025-12-26T00:00:00Z,6581231,0.00371672
2025-12-31,2026-01-02T00:00:00Z,6640618,0.00902369
2026-01-07,2026-01-09T00:00:00Z,6573602,-0.01009183
2026-01-14,2026-01-16T00:00:00Z,6581700,0.00123190
2026-01-21,2026-01-23T00:00:00Z,6584580,0.00043758
2026-01-28,2026-01-30T00:00:00Z,6587568,0.00045379
2026-02-04,2026-02-06T00:00:00Z,6605909,0.00278418
2026-02-11,2026-02-13T00:00:00Z,6622382,0.00249368
2026-02-18,2026-02-20T00:00:00Z,6613395,-0.00135706
2026-02-25,2026-02-27T00:00:00Z,6613797,0.00006079
2026-03-04,2026-03-06T00:00:00Z,6628894,0.00228265
2026-03-11,2026-03-13T00:00:00Z,6646344,0.00263242
2026-03-18,2026-03-20T00:00:00Z,6655939,0.00144365
2026-03-25,2026-03-27T00:00:00Z,6657161,0.00018360
2026-04-01,2026-04-03T00:00:00Z,6675344,0.00273134
2026-04-08,2026-04-10T00:00:00Z,6693871,0.00277544
2026-04-15,2026-04-17T00:00:00Z,6705696,0.00176654
2026-04-22,2026-04-24T00:00:00Z,6707419,0.00025695
2026-04-29,2026-05-01T00:00:00Z,6699950,-0.00111354
2026-05-06,2026-05-08T00:00:00Z,6709505,0.00142613
2026-05-13,2026-05-15T00:00:00Z,6728502,0.00283136
2026-05-20,2026-05-22T00:00:00Z,6713643,-0.00220837
2026-05-27,2026-05-29T00:00:00Z,6704383,-0.00137928
2026-06-03,2026-06-05T00:00:00Z,6711495,0.00106080
2026-06-10,2026-06-12T00:00:00Z,6725397,0.00207137
2026-06-17,2026-06-19T00:00:00Z,6736424,0.00163961
2026-06-24,2026-06-26T00:00:00Z,6735645,-0.00011564
2026-07-01,2026-07-03T00:00:00Z,6724564,-0.00164513
2026-07-08,2026-07-10T00:00:00Z,6735609,0.00164249
