observation_date,available_at_utc,zw_close
2020-01-02,2020-01-03T00:00:00Z,560.250000
2020-01-03,2020-01-04T00:00:00Z,554.500000
2020-01-06,2020-01-07T00:00:00Z,550.000000
2020-01-07,2020-01-08T00:00:00Z,550.250000
2020-01-08,2020-01-09T00:00:00Z,552.750000
2020-01-09,2020-01-10T00:00:00Z,562.250000
2020-01-10,2020-01-11T00:00:00Z,564.500000
2020-01-13,2020-01-14T00:00:00Z,562.250000
2020-01-14,2020-01-15T00:00:00Z,568.500000
2020-01-15,2020-01-16T00:00:00Z,573.250000
2020-01-16,2020-01-17T00:00:00Z,565.250000
2020-01-17,2020-01-18T00:00:00Z,570.500000
2020-01-21,2020-01-22T00:00:00Z,581.500000
2020-01-22,2020-01-23T00:00:00Z,577.750000
2020-01-23,2020-01-24T00:00:00Z,580.500000
2020-01-24,2020-01-25T00:00:00Z,573.500000
2020-01-27,2020-01-28T00:00:00Z,572.250000
2020-01-28,2020-01-29T00:00:00Z,569.750000
2020-01-29,2020-01-30T00:00:00Z,562.250000
2020-01-30,2020-01-31T00:00:00Z,560.500000
2020-01-31,2020-02-01T00:00:00Z,553.750000
2020-02-03,2020-02-04T00:00:00Z,555.500000
2020-02-04,2020-02-05T00:00:00Z,557.250000
2020-02-05,2020-02-06T00:00:00Z,562.000000
2020-02-06,2020-02-07T00:00:00Z,556.250000
2020-02-07,2020-02-08T00:00:00Z,558.750000
2020-02-10,2020-02-11T00:00:00Z,552.000000
2020-02-11,2020-02-12T00:00:00Z,542.000000
2020-02-12,2020-02-13T00:00:00Z,547.500000
2020-02-13,2020-02-14T00:00:00Z,544.250000
2020-02-14,2020-02-15T00:00:00Z,542.750000
2020-02-18,2020-02-19T00:00:00Z,566.750000
2020-02-19,2020-02-20T00:00:00Z,565.250000
2020-02-20,2020-02-21T00:00:00Z,560.000000
2020-02-21,2020-02-22T00:00:00Z,551.000000
2020-02-24,2020-02-25T00:00:00Z,536.250000
2020-02-25,2020-02-26T00:00:00Z,539.000000
2020-02-26,2020-02-27T00:00:00Z,540.250000
2020-02-27,2020-02-28T00:00:00Z,529.250000
2020-02-28,2020-02-29T00:00:00Z,529.000000
2020-03-02,2020-03-03T00:00:00Z,526.250000
2020-03-03,2020-03-04T00:00:00Z,528.750000
2020-03-04,2020-03-05T00:00:00Z,521.500000
2020-03-05,2020-03-06T00:00:00Z,524.250000
2020-03-06,2020-03-07T00:00:00Z,521.250000
2020-03-09,2020-03-10T00:00:00Z,522.250000
2020-03-10,2020-03-11T00:00:00Z,526.750000
2020-03-11,2020-03-12T00:00:00Z,517.250000
2020-03-12,2020-03-13T00:00:00Z,508.250000
2020-03-13,2020-03-14T00:00:00Z,514.750000
2020-03-16,2020-03-17T00:00:00Z,498.000000
2020-03-17,2020-03-18T00:00:00Z,499.250000
2020-03-18,2020-03-19T00:00:00Z,508.250000
2020-03-19,2020-03-20T00:00:00Z,535.000000
2020-03-20,2020-03-21T00:00:00Z,539.250000
2020-03-23,2020-03-24T00:00:00Z,562.500000
2020-03-24,2020-03-25T00:00:00Z,561.500000
2020-03-25,2020-03-26T00:00:00Z,580.000000
2020-03-26,2020-03-27T00:00:00Z,569.000000
2020-03-27,2020-03-28T00:00:00Z,571.250000
2020-03-30,2020-03-31T00:00:00Z,569.500000
2020-03-31,2020-04-01T00:00:00Z,568.750000
2020-04-01,2020-04-02T00:00:00Z,550.250000
2020-04-02,2020-04-03T00:00:00Z,541.750000
2020-04-03,2020-04-04T00:00:00Z,549.250000
2020-04-06,2020-04-07T00:00:00Z,555.750000
2020-04-07,2020-04-08T00:00:00Z,549.250000
2020-04-08,2020-04-09T00:00:00Z,548.250000
2020-04-09,2020-04-10T00:00:00Z,556.500000
2020-04-13,2020-04-14T00:00:00Z,555.000000
2020-04-14,2020-04-15T00:00:00Z,548.750000
2020-04-15,2020-04-16T00:00:00Z,540.250000
2020-04-16,2020-04-17T00:00:00Z,529.750000
2020-04-17,2020-04-18T00:00:00Z,533.500000
2020-04-20,2020-04-21T00:00:00Z,548.750000
2020-04-21,2020-04-22T00:00:00Z,546.750000
2020-04-22,2020-04-23T00:00:00Z,543.000000
2020-04-23,2020-04-24T00:00:00Z,547.000000
2020-04-24,2020-04-25T00:00:00Z,526.750000
2020-04-27,2020-04-28T00:00:00Z,521.000000
2020-04-28,2020-04-29T00:00:00Z,526.750000
2020-04-29,2020-04-30T00:00:00Z,519.500000
2020-04-30,2020-05-01T00:00:00Z,529.750000
2020-05-01,2020-05-02T00:00:00Z,521.500000
2020-05-04,2020-05-05T00:00:00Z,524.250000
2020-05-05,2020-05-06T00:00:00Z,525.500000
2020-05-06,2020-05-07T00:00:00Z,524.750000
2020-05-07,2020-05-08T00:00:00Z,529.000000
2020-05-08,2020-05-09T00:00:00Z,529.500000
2020-05-11,2020-05-12T00:00:00Z,524.750000
2020-05-12,2020-05-13T00:00:00Z,521.750000
2020-05-13,2020-05-14T00:00:00Z,510.500000
2020-05-14,2020-05-15T00:00:00Z,510.500000
2020-05-15,2020-05-16T00:00:00Z,500.250000
2020-05-18,2020-05-19T00:00:00Z,497.000000
2020-05-19,2020-05-20T00:00:00Z,498.750000
2020-05-20,2020-05-21T00:00:00Z,513.750000
2020-05-21,2020-05-22T00:00:00Z,516.000000
2020-05-22,2020-05-23T00:00:00Z,508.750000
2020-05-26,2020-05-27T00:00:00Z,506.750000
2020-05-27,2020-05-28T00:00:00Z,504.500000
2020-05-28,2020-05-29T00:00:00Z,514.500000
2020-05-29,2020-05-30T00:00:00Z,520.750000
2020-06-01,2020-06-02T00:00:00Z,515.250000
2020-06-02,2020-06-03T00:00:00Z,508.000000
2020-06-03,2020-06-04T00:00:00Z,512.000000
2020-06-04,2020-06-05T00:00:00Z,523.750000
2020-06-05,2020-06-06T00:00:00Z,515.250000
2020-06-08,2020-06-09T00:00:00Z,511.500000
2020-06-09,2020-06-10T00:00:00Z,504.500000
2020-06-10,2020-06-11T00:00:00Z,506.250000
2020-06-11,2020-06-12T00:00:00Z,499.250000
2020-06-12,2020-06-13T00:00:00Z,502.000000
2020-06-15,2020-06-16T00:00:00Z,504.750000
2020-06-16,2020-06-17T00:00:00Z,496.000000
2020-06-17,2020-06-18T00:00:00Z,488.750000
2020-06-18,2020-06-19T00:00:00Z,483.500000
2020-06-19,2020-06-20T00:00:00Z,481.250000
2020-06-22,2020-06-23T00:00:00Z,485.000000
2020-06-23,2020-06-24T00:00:00Z,486.000000
2020-06-24,2020-06-25T00:00:00Z,481.250000
2020-06-25,2020-06-26T00:00:00Z,486.750000
2020-06-26,2020-06-27T00:00:00Z,474.000000
2020-06-29,2020-06-30T00:00:00Z,485.500000
2020-06-30,2020-07-01T00:00:00Z,490.000000
2020-07-01,2020-07-02T00:00:00Z,498.750000
2020-07-02,2020-07-03T00:00:00Z,490.000000
2020-07-06,2020-07-07T00:00:00Z,489.500000
2020-07-07,2020-07-08T00:00:00Z,492.250000
2020-07-08,2020-07-09T00:00:00Z,517.500000
2020-07-09,2020-07-10T00:00:00Z,526.250000
2020-07-10,2020-07-11T00:00:00Z,535.750000
2020-07-13,2020-07-14T00:00:00Z,524.750000
2020-07-14,2020-07-15T00:00:00Z,524.750000
2020-07-15,2020-07-16T00:00:00Z,550.750000
2020-07-16,2020-07-17T00:00:00Z,535.250000
2020-07-17,2020-07-18T00:00:00Z,534.750000
2020-07-20,2020-07-21T00:00:00Z,522.000000
2020-07-21,2020-07-22T00:00:00Z,527.750000
2020-07-22,2020-07-23T00:00:00Z,534.500000
2020-07-23,2020-07-24T00:00:00Z,529.500000
2020-07-24,2020-07-25T00:00:00Z,539.500000
2020-07-27,2020-07-28T00:00:00Z,527.750000
2020-07-28,2020-07-29T00:00:00Z,523.500000
2020-07-29,2020-07-30T00:00:00Z,532.750000
2020-07-30,2020-07-31T00:00:00Z,529.500000
2020-07-31,2020-08-01T00:00:00Z,531.250000
2020-08-03,2020-08-04T00:00:00Z,521.000000
2020-08-04,2020-08-05T00:00:00Z,508.250000
2020-08-05,2020-08-06T00:00:00Z,510.750000
2020-08-06,2020-08-07T00:00:00Z,501.250000
2020-08-07,2020-08-08T00:00:00Z,495.500000
2020-08-10,2020-08-11T00:00:00Z,491.000000
2020-08-11,2020-08-12T00:00:00Z,495.000000
2020-08-12,2020-08-13T00:00:00Z,491.250000
2020-08-13,2020-08-14T00:00:00Z,496.750000
2020-08-14,2020-08-15T00:00:00Z,500.000000
2020-08-17,2020-08-18T00:00:00Z,516.500000
2020-08-18,2020-08-19T00:00:00Z,507.500000
2020-08-19,2020-08-20T00:00:00Z,512.000000
2020-08-20,2020-08-21T00:00:00Z,519.500000
2020-08-21,2020-08-22T00:00:00Z,527.250000
2020-08-24,2020-08-25T00:00:00Z,520.750000
2020-08-25,2020-08-26T00:00:00Z,527.250000
2020-08-26,2020-08-27T00:00:00Z,532.000000
2020-08-27,2020-08-28T00:00:00Z,542.500000
2020-08-28,2020-08-29T00:00:00Z,539.250000
2020-08-31,2020-09-01T00:00:00Z,544.250000
2020-09-01,2020-09-02T00:00:00Z,555.750000
2020-09-02,2020-09-03T00:00:00Z,547.750000
2020-09-03,2020-09-04T00:00:00Z,543.250000
2020-09-04,2020-09-05T00:00:00Z,539.750000
2020-09-08,2020-09-09T00:00:00Z,533.250000
2020-09-09,2020-09-10T00:00:00Z,534.000000
2020-09-10,2020-09-11T00:00:00Z,540.000000
2020-09-11,2020-09-12T00:00:00Z,533.750000
2020-09-14,2020-09-15T00:00:00Z,548.500000
2020-09-15,2020-09-16T00:00:00Z,538.250000
2020-09-16,2020-09-17T00:00:00Z,542.000000
2020-09-17,2020-09-18T00:00:00Z,556.250000
2020-09-18,2020-09-19T00:00:00Z,575.000000
2020-09-21,2020-09-22T00:00:00Z,554.750000
2020-09-22,2020-09-23T00:00:00Z,558.000000
2020-09-23,2020-09-24T00:00:00Z,549.000000
2020-09-24,2020-09-25T00:00:00Z,549.750000
2020-09-25,2020-09-26T00:00:00Z,544.250000
2020-09-28,2020-09-29T00:00:00Z,550.250000
2020-09-29,2020-09-30T00:00:00Z,549.500000
2020-09-30,2020-10-01T00:00:00Z,578.000000
2020-10-01,2020-10-02T00:00:00Z,570.250000
2020-10-02,2020-10-03T00:00:00Z,573.250000
2020-10-05,2020-10-06T00:00:00Z,584.250000
2020-10-06,2020-10-07T00:00:00Z,592.750000
2020-10-07,2020-10-08T00:00:00Z,607.500000
2020-10-08,2020-10-09T00:00:00Z,595.250000
2020-10-09,2020-10-10T00:00:00Z,593.750000
2020-10-12,2020-10-13T00:00:00Z,594.250000
2020-10-13,2020-10-14T00:00:00Z,594.000000
2020-10-14,2020-10-15T00:00:00Z,596.750000
2020-10-15,2020-10-16T00:00:00Z,618.250000
2020-10-16,2020-10-17T00:00:00Z,625.250000
2020-10-19,2020-10-20T00:00:00Z,627.000000
2020-10-20,2020-10-21T00:00:00Z,632.000000
2020-10-21,2020-10-22T00:00:00Z,629.750000
2020-10-22,2020-10-23T00:00:00Z,622.750000
2020-10-23,2020-10-24T00:00:00Z,632.750000
2020-10-26,2020-10-27T00:00:00Z,620.000000
2020-10-27,2020-10-28T00:00:00Z,615.750000
2020-10-28,2020-10-29T00:00:00Z,608.750000
2020-10-29,2020-10-30T00:00:00Z,603.750000
2020-10-30,2020-10-31T00:00:00Z,598.500000
2020-11-02,2020-11-03T00:00:00Z,607.500000
2020-11-03,2020-11-04T00:00:00Z,608.000000
2020-11-04,2020-11-05T00:00:00Z,606.000000
2020-11-05,2020-11-06T00:00:00Z,609.250000
2020-11-06,2020-11-07T00:00:00Z,602.000000
2020-11-09,2020-11-10T00:00:00Z,597.500000
2020-11-10,2020-11-11T00:00:00Z,608.500000
2020-11-11,2020-11-12T00:00:00Z,598.000000
2020-11-12,2020-11-13T00:00:00Z,588.250000
2020-11-13,2020-11-14T00:00:00Z,593.500000
2020-11-16,2020-11-17T00:00:00Z,598.000000
2020-11-17,2020-11-18T00:00:00Z,595.250000
2020-11-18,2020-11-19T00:00:00Z,597.750000
2020-11-19,2020-11-20T00:00:00Z,591.750000
2020-11-20,2020-11-21T00:00:00Z,593.250000
2020-11-23,2020-11-24T00:00:00Z,598.750000
2020-11-24,2020-11-25T00:00:00Z,611.250000
2020-11-25,2020-11-26T00:00:00Z,588.250000
2020-11-27,2020-11-28T00:00:00Z,596.500000
2020-11-30,2020-12-01T00:00:00Z,580.250000
2020-12-01,2020-12-02T00:00:00Z,565.500000
2020-12-02,2020-12-03T00:00:00Z,578.000000
2020-12-03,2020-12-04T00:00:00Z,571.750000
2020-12-04,2020-12-05T00:00:00Z,566.500000
2020-12-07,2020-12-08T00:00:00Z,571.250000
2020-12-08,2020-12-09T00:00:00Z,563.750000
2020-12-09,2020-12-10T00:00:00Z,577.000000
2020-12-10,2020-12-11T00:00:00Z,590.250000
2020-12-11,2020-12-12T00:00:00Z,608.250000
2020-12-14,2020-12-15T00:00:00Z,593.500000
2020-12-15,2020-12-16T00:00:00Z,599.750000
2020-12-16,2020-12-17T00:00:00Z,598.500000
2020-12-17,2020-12-18T00:00:00Z,608.750000
2020-12-18,2020-12-19T00:00:00Z,608.250000
2020-12-21,2020-12-22T00:00:00Z,611.250000
2020-12-22,2020-12-23T00:00:00Z,617.000000
2020-12-23,2020-12-24T00:00:00Z,629.750000
2020-12-24,2020-12-25T00:00:00Z,627.000000
2020-12-28,2020-12-29T00:00:00Z,614.250000
2020-12-29,2020-12-30T00:00:00Z,618.500000
2020-12-30,2020-12-31T00:00:00Z,640.750000
2020-12-31,2021-01-01T00:00:00Z,640.500000
2021-01-04,2021-01-05T00:00:00Z,642.000000
2021-01-05,2021-01-06T00:00:00Z,654.000000
2021-01-06,2021-01-07T00:00:00Z,647.500000
2021-01-07,2021-01-08T00:00:00Z,642.250000
2021-01-08,2021-01-09T00:00:00Z,638.750000
2021-01-11,2021-01-12T00:00:00Z,634.750000
2021-01-12,2021-01-13T00:00:00Z,665.000000
2021-01-13,2021-01-14T00:00:00Z,660.500000
2021-01-14,2021-01-15T00:00:00Z,670.000000
2021-01-15,2021-01-16T00:00:00Z,675.500000
2021-01-19,2021-01-20T00:00:00Z,672.250000
2021-01-20,2021-01-21T00:00:00Z,667.750000
2021-01-21,2021-01-22T00:00:00Z,660.750000
2021-01-22,2021-01-23T00:00:00Z,634.500000
2021-01-25,2021-01-26T00:00:00Z,648.500000
2021-01-26,2021-01-27T00:00:00Z,665.250000
2021-01-27,2021-01-28T00:00:00Z,658.250000
2021-01-28,2021-01-29T00:00:00Z,647.000000
2021-01-29,2021-01-30T00:00:00Z,663.000000
2021-02-01,2021-02-02T00:00:00Z,651.000000
2021-02-02,2021-02-03T00:00:00Z,644.750000
2021-02-03,2021-02-04T00:00:00Z,648.250000
2021-02-04,2021-02-05T00:00:00Z,637.500000
2021-02-05,2021-02-06T00:00:00Z,641.250000
2021-02-08,2021-02-09T00:00:00Z,655.750000
2021-02-09,2021-02-10T00:00:00Z,649.500000
2021-02-10,2021-02-11T00:00:00Z,635.500000
2021-02-11,2021-02-12T00:00:00Z,633.500000
2021-02-12,2021-02-13T00:00:00Z,636.750000
2021-02-16,2021-02-17T00:00:00Z,657.500000
2021-02-17,2021-02-18T00:00:00Z,644.000000
2021-02-18,2021-02-19T00:00:00Z,662.500000
2021-02-19,2021-02-20T00:00:00Z,650.750000
2021-02-22,2021-02-23T00:00:00Z,664.000000
2021-02-23,2021-02-24T00:00:00Z,665.750000
2021-02-24,2021-02-25T00:00:00Z,680.250000
2021-02-25,2021-02-26T00:00:00Z,671.750000
2021-02-26,2021-02-27T00:00:00Z,655.000000
2021-03-01,2021-03-02T00:00:00Z,643.750000
2021-03-02,2021-03-03T00:00:00Z,663.250000
2021-03-03,2021-03-04T00:00:00Z,652.000000
2021-03-04,2021-03-05T00:00:00Z,649.750000
2021-03-05,2021-03-06T00:00:00Z,654.000000
2021-03-08,2021-03-09T00:00:00Z,646.500000
2021-03-09,2021-03-10T00:00:00Z,656.500000
2021-03-10,2021-03-11T00:00:00Z,650.750000
2021-03-11,2021-03-12T00:00:00Z,636.250000
2021-03-12,2021-03-13T00:00:00Z,631.750000
2021-03-15,2021-03-16T00:00:00Z,645.000000
2021-03-16,2021-03-17T00:00:00Z,647.000000
2021-03-17,2021-03-18T00:00:00Z,640.000000
2021-03-18,2021-03-19T00:00:00Z,630.500000
2021-03-19,2021-03-20T00:00:00Z,627.000000
2021-03-22,2021-03-23T00:00:00Z,627.250000
2021-03-23,2021-03-24T00:00:00Z,634.750000
2021-03-24,2021-03-25T00:00:00Z,624.750000
2021-03-25,2021-03-26T00:00:00Z,612.500000
2021-03-26,2021-03-27T00:00:00Z,613.250000
2021-03-29,2021-03-30T00:00:00Z,616.750000
2021-03-30,2021-03-31T00:00:00Z,601.750000
2021-03-31,2021-04-01T00:00:00Z,618.000000
2021-04-01,2021-04-02T00:00:00Z,611.000000
2021-04-05,2021-04-06T00:00:00Z,618.000000
2021-04-06,2021-04-07T00:00:00Z,615.500000
2021-04-07,2021-04-08T00:00:00Z,616.250000
2021-04-08,2021-04-09T00:00:00Z,628.750000
2021-04-09,2021-04-10T00:00:00Z,638.750000
2021-04-12,2021-04-13T00:00:00Z,628.000000
2021-04-13,2021-04-14T00:00:00Z,629.750000
2021-04-14,2021-04-15T00:00:00Z,648.000000
2021-04-15,2021-04-16T00:00:00Z,653.750000
2021-04-16,2021-04-17T00:00:00Z,652.500000
2021-04-19,2021-04-20T00:00:00Z,652.250000
2021-04-20,2021-04-21T00:00:00Z,659.750000
2021-04-21,2021-04-22T00:00:00Z,673.250000
2021-04-22,2021-04-23T00:00:00Z,710.250000
2021-04-23,2021-04-24T00:00:00Z,710.250000
2021-04-26,2021-04-27T00:00:00Z,739.500000
2021-04-27,2021-04-28T00:00:00Z,733.750000
2021-04-28,2021-04-29T00:00:00Z,725.250000
2021-04-29,2021-04-30T00:00:00Z,737.500000
2021-04-30,2021-05-01T00:00:00Z,742.500000
2021-05-03,2021-05-04T00:00:00Z,725.500000
2021-05-04,2021-05-05T00:00:00Z,737.000000
2021-05-05,2021-05-06T00:00:00Z,755.750000
2021-05-06,2021-05-07T00:00:00Z,764.250000
2021-05-07,2021-05-08T00:00:00Z,773.500000
2021-05-10,2021-05-11T00:00:00Z,742.500000
2021-05-11,2021-05-12T00:00:00Z,759.750000
2021-05-12,2021-05-13T00:00:00Z,754.750000
2021-05-13,2021-05-14T00:00:00Z,726.500000
2021-05-14,2021-05-15T00:00:00Z,727.250000
2021-05-17,2021-05-18T00:00:00Z,699.750000
2021-05-18,2021-05-19T00:00:00Z,698.000000
2021-05-19,2021-05-20T00:00:00Z,679.250000
2021-05-20,2021-05-21T00:00:00Z,675.250000
2021-05-21,2021-05-22T00:00:00Z,674.250000
2021-05-24,2021-05-25T00:00:00Z,662.250000
2021-05-25,2021-05-26T00:00:00Z,656.500000
2021-05-26,2021-05-27T00:00:00Z,648.500000
2021-05-27,2021-05-28T00:00:00Z,676.250000
2021-05-28,2021-05-29T00:00:00Z,663.500000
2021-06-01,2021-06-02T00:00:00Z,693.500000
2021-06-02,2021-06-03T00:00:00Z,687.500000
2021-06-03,2021-06-04T00:00:00Z,676.250000
2021-06-04,2021-06-05T00:00:00Z,687.750000
2021-06-07,2021-06-08T00:00:00Z,680.000000
2021-06-08,2021-06-09T00:00:00Z,685.000000
2021-06-09,2021-06-10T00:00:00Z,682.250000
2021-06-10,2021-06-11T00:00:00Z,683.750000
2021-06-11,2021-06-12T00:00:00Z,680.750000
2021-06-14,2021-06-15T00:00:00Z,674.500000
2021-06-15,2021-06-16T00:00:00Z,661.500000
2021-06-16,2021-06-17T00:00:00Z,662.750000
2021-06-17,2021-06-18T00:00:00Z,639.000000
2021-06-18,2021-06-19T00:00:00Z,662.750000
2021-06-21,2021-06-22T00:00:00Z,661.500000
2021-06-22,2021-06-23T00:00:00Z,651.000000
2021-06-23,2021-06-24T00:00:00Z,661.250000
2021-06-24,2021-06-25T00:00:00Z,651.250000
2021-06-25,2021-06-26T00:00:00Z,637.000000
2021-06-28,2021-06-29T00:00:00Z,646.000000
2021-06-29,2021-06-30T00:00:00Z,639.750000
2021-06-30,2021-07-01T00:00:00Z,671.500000
2021-07-01,2021-07-02T00:00:00Z,658.500000
2021-07-02,2021-07-03T00:00:00Z,645.750000
2021-07-06,2021-07-07T00:00:00Z,620.000000
2021-07-07,2021-07-08T00:00:00Z,614.750000
2021-07-08,2021-07-09T00:00:00Z,612.250000
2021-07-09,2021-07-10T00:00:00Z,608.500000
2021-07-12,2021-07-13T00:00:00Z,635.000000
2021-07-13,2021-07-14T00:00:00Z,628.750000
2021-07-14,2021-07-15T00:00:00Z,645.000000
2021-07-15,2021-07-16T00:00:00Z,672.000000
2021-07-16,2021-07-17T00:00:00Z,692.500000
2021-07-19,2021-07-20T00:00:00Z,697.750000
2021-07-20,2021-07-21T00:00:00Z,700.500000
2021-07-21,2021-07-22T00:00:00Z,710.750000
2021-07-22,2021-07-23T00:00:00Z,692.250000
2021-07-23,2021-07-24T00:00:00Z,684.000000
2021-07-26,2021-07-27T00:00:00Z,677.000000
2021-07-27,2021-07-28T00:00:00Z,674.500000
2021-07-28,2021-07-29T00:00:00Z,688.750000
2021-07-29,2021-07-30T00:00:00Z,705.250000
2021-07-30,2021-07-31T00:00:00Z,703.750000
2021-08-02,2021-08-03T00:00:00Z,729.500000
2021-08-03,2021-08-04T00:00:00Z,724.500000
2021-08-04,2021-08-05T00:00:00Z,717.250000
2021-08-05,2021-08-06T00:00:00Z,712.750000
2021-08-06,2021-08-07T00:00:00Z,719.000000
2021-08-09,2021-08-10T00:00:00Z,711.250000
2021-08-10,2021-08-11T00:00:00Z,727.000000
2021-08-11,2021-08-12T00:00:00Z,727.000000
2021-08-12,2021-08-13T00:00:00Z,753.500000
2021-08-13,2021-08-14T00:00:00Z,762.250000
2021-08-16,2021-08-17T00:00:00Z,760.500000
2021-08-17,2021-08-18T00:00:00Z,734.500000
2021-08-18,2021-08-19T00:00:00Z,737.250000
2021-08-19,2021-08-20T00:00:00Z,727.500000
2021-08-20,2021-08-21T00:00:00Z,714.250000
2021-08-23,2021-08-24T00:00:00Z,719.750000
2021-08-24,2021-08-25T00:00:00Z,718.000000
2021-08-25,2021-08-26T00:00:00Z,711.250000
2021-08-26,2021-08-27T00:00:00Z,725.250000
2021-08-27,2021-08-28T00:00:00Z,718.500000
2021-08-30,2021-08-31T00:00:00Z,708.750000
2021-08-31,2021-09-01T00:00:00Z,706.750000
2021-09-01,2021-09-02T00:00:00Z,701.000000
2021-09-02,2021-09-03T00:00:00Z,704.000000
2021-09-03,2021-09-04T00:00:00Z,714.500000
2021-09-07,2021-09-08T00:00:00Z,708.750000
2021-09-08,2021-09-09T00:00:00Z,698.250000
2021-09-09,2021-09-10T00:00:00Z,681.500000
2021-09-10,2021-09-11T00:00:00Z,675.000000
2021-09-13,2021-09-14T00:00:00Z,674.500000
2021-09-14,2021-09-15T00:00:00Z,685.000000
2021-09-15,2021-09-16T00:00:00Z,712.250000
2021-09-16,2021-09-17T00:00:00Z,713.000000
2021-09-17,2021-09-18T00:00:00Z,708.750000
2021-09-20,2021-09-21T00:00:00Z,700.750000
2021-09-21,2021-09-22T00:00:00Z,690.250000
2021-09-22,2021-09-23T00:00:00Z,705.750000
2021-09-23,2021-09-24T00:00:00Z,717.750000
2021-09-24,2021-09-25T00:00:00Z,723.750000
2021-09-27,2021-09-28T00:00:00Z,722.250000
2021-09-28,2021-09-29T00:00:00Z,706.500000
2021-09-29,2021-09-30T00:00:00Z,710.250000
2021-09-30,2021-10-01T00:00:00Z,725.500000
2021-10-01,2021-10-02T00:00:00Z,755.250000
2021-10-04,2021-10-05T00:00:00Z,756.500000
2021-10-05,2021-10-06T00:00:00Z,744.750000
2021-10-06,2021-10-07T00:00:00Z,746.000000
2021-10-07,2021-10-08T00:00:00Z,741.250000
2021-10-08,2021-10-09T00:00:00Z,734.000000
2021-10-11,2021-10-12T00:00:00Z,731.750000
2021-10-12,2021-10-13T00:00:00Z,734.000000
2021-10-13,2021-10-14T00:00:00Z,718.750000
2021-10-14,2021-10-15T00:00:00Z,724.750000
2021-10-15,2021-10-16T00:00:00Z,734.000000
2021-10-18,2021-10-19T00:00:00Z,736.250000
2021-10-19,2021-10-20T00:00:00Z,736.000000
2021-10-20,2021-10-21T00:00:00Z,749.250000
2021-10-21,2021-10-22T00:00:00Z,741.250000
2021-10-22,2021-10-23T00:00:00Z,756.000000
2021-10-25,2021-10-26T00:00:00Z,759.500000
2021-10-26,2021-10-27T00:00:00Z,752.250000
2021-10-27,2021-10-28T00:00:00Z,759.750000
2021-10-28,2021-10-29T00:00:00Z,772.500000
2021-10-29,2021-10-30T00:00:00Z,772.750000
2021-11-01,2021-11-02T00:00:00Z,797.250000
2021-11-02,2021-11-03T00:00:00Z,791.500000
2021-11-03,2021-11-04T00:00:00Z,781.000000
2021-11-04,2021-11-05T00:00:00Z,773.750000
2021-11-05,2021-11-06T00:00:00Z,766.500000
2021-11-08,2021-11-09T00:00:00Z,768.000000
2021-11-09,2021-11-10T00:00:00Z,778.500000
2021-11-10,2021-11-11T00:00:00Z,803.000000
2021-11-11,2021-11-12T00:00:00Z,812.500000
2021-11-12,2021-11-13T00:00:00Z,817.000000
2021-11-15,2021-11-16T00:00:00Z,826.250000
2021-11-16,2021-11-17T00:00:00Z,810.250000
2021-11-17,2021-11-18T00:00:00Z,822.250000
2021-11-18,2021-11-19T00:00:00Z,820.000000
2021-11-19,2021-11-20T00:00:00Z,823.000000
2021-11-22,2021-11-23T00:00:00Z,845.750000
2021-11-23,2021-11-24T00:00:00Z,856.000000
2021-11-24,2021-11-25T00:00:00Z,836.750000
2021-11-26,2021-11-27T00:00:00Z,825.500000
2021-11-29,2021-11-30T00:00:00Z,807.500000
2021-11-30,2021-12-01T00:00:00Z,773.750000
2021-12-01,2021-12-02T00:00:00Z,778.500000
2021-12-02,2021-12-03T00:00:00Z,806.500000
2021-12-03,2021-12-04T00:00:00Z,794.500000
2021-12-06,2021-12-07T00:00:00Z,797.000000
2021-12-07,2021-12-08T00:00:00Z,799.250000
2021-12-08,2021-12-09T00:00:00Z,791.250000
2021-12-09,2021-12-10T00:00:00Z,773.500000
2021-12-10,2021-12-11T00:00:00Z,782.000000
2021-12-13,2021-12-14T00:00:00Z,785.500000
2021-12-14,2021-12-15T00:00:00Z,785.500000
2021-12-15,2021-12-16T00:00:00Z,756.000000
2021-12-16,2021-12-17T00:00:00Z,770.500000
2021-12-17,2021-12-18T00:00:00Z,775.000000
2021-12-20,2021-12-21T00:00:00Z,777.750000
2021-12-21,2021-12-22T00:00:00Z,799.000000
2021-12-22,2021-12-23T00:00:00Z,814.000000
2021-12-23,2021-12-24T00:00:00Z,814.750000
2021-12-27,2021-12-28T00:00:00Z,804.000000
2021-12-28,2021-12-29T00:00:00Z,783.500000
2021-12-29,2021-12-30T00:00:00Z,787.750000
2021-12-30,2021-12-31T00:00:00Z,779.750000
2021-12-31,2022-01-01T00:00:00Z,770.750000
2022-01-03,2022-01-04T00:00:00Z,758.000000
2022-01-04,2022-01-05T00:00:00Z,770.000000
2022-01-05,2022-01-06T00:00:00Z,760.750000
2022-01-06,2022-01-07T00:00:00Z,746.000000
2022-01-07,2022-01-08T00:00:00Z,758.500000
2022-01-10,2022-01-11T00:00:00Z,762.000000
2022-01-11,2022-01-12T00:00:00Z,770.250000
2022-01-12,2022-01-13T00:00:00Z,757.750000
2022-01-13,2022-01-14T00:00:00Z,746.750000
2022-01-14,2022-01-15T00:00:00Z,741.500000
2022-01-18,2022-01-19T00:00:00Z,769.000000
2022-01-19,2022-01-20T00:00:00Z,796.500000
2022-01-20,2022-01-21T00:00:00Z,790.250000
2022-01-21,2022-01-22T00:00:00Z,780.000000
2022-01-24,2022-01-25T00:00:00Z,800.500000
2022-01-25,2022-01-26T00:00:00Z,818.000000
2022-01-26,2022-01-27T00:00:00Z,795.000000
2022-01-27,2022-01-28T00:00:00Z,777.000000
2022-01-28,2022-01-29T00:00:00Z,786.250000
2022-01-31,2022-02-01T00:00:00Z,761.250000
2022-02-01,2022-02-02T00:00:00Z,769.000000
2022-02-02,2022-02-03T00:00:00Z,755.000000
2022-02-03,2022-02-04T00:00:00Z,751.750000
2022-02-04,2022-02-05T00:00:00Z,763.250000
2022-02-07,2022-02-08T00:00:00Z,768.750000
2022-02-08,2022-02-09T00:00:00Z,778.750000
2022-02-09,2022-02-10T00:00:00Z,785.000000
2022-02-10,2022-02-11T00:00:00Z,771.500000
2022-02-11,2022-02-12T00:00:00Z,797.750000
2022-02-14,2022-02-15T00:00:00Z,799.250000
2022-02-15,2022-02-16T00:00:00Z,779.750000
2022-02-16,2022-02-17T00:00:00Z,780.500000
2022-02-17,2022-02-18T00:00:00Z,798.000000
2022-02-18,2022-02-19T00:00:00Z,797.000000
2022-02-22,2022-02-23T00:00:00Z,844.250000
2022-02-23,2022-02-24T00:00:00Z,876.000000
2022-02-24,2022-02-25T00:00:00Z,926.000000
2022-02-25,2022-02-26T00:00:00Z,843.000000
2022-02-28,2022-03-01T00:00:00Z,928.000000
2022-03-01,2022-03-02T00:00:00Z,1001.750000
2022-03-02,2022-03-03T00:00:00Z,1058.500000
2022-03-03,2022-03-04T00:00:00Z,1289.000000
2022-03-04,2022-03-05T00:00:00Z,1348.000000
2022-03-07,2022-03-08T00:00:00Z,1425.250000
2022-03-08,2022-03-09T00:00:00Z,1273.000000
2022-03-09,2022-03-10T00:00:00Z,1199.500000
2022-03-10,2022-03-11T00:00:00Z,1073.750000
2022-03-11,2022-03-12T00:00:00Z,1090.000000
2022-03-14,2022-03-15T00:00:00Z,1090.000000
2022-03-15,2022-03-16T00:00:00Z,1154.250000
2022-03-16,2022-03-17T00:00:00Z,1069.250000
2022-03-17,2022-03-18T00:00:00Z,1098.000000
2022-03-18,2022-03-19T00:00:00Z,1063.750000
2022-03-21,2022-03-22T00:00:00Z,1119.250000
2022-03-22,2022-03-23T00:00:00Z,1118.250000
2022-03-23,2022-03-24T00:00:00Z,1105.750000
2022-03-24,2022-03-25T00:00:00Z,1085.750000
2022-03-25,2022-03-26T00:00:00Z,1102.250000
2022-03-28,2022-03-29T00:00:00Z,1057.000000
2022-03-29,2022-03-30T00:00:00Z,1014.250000
2022-03-30,2022-03-31T00:00:00Z,1027.250000
2022-03-31,2022-04-01T00:00:00Z,1006.000000
2022-04-01,2022-04-02T00:00:00Z,984.500000
2022-04-04,2022-04-05T00:00:00Z,1010.250000
2022-04-05,2022-04-06T00:00:00Z,1045.250000
2022-04-06,2022-04-07T00:00:00Z,1038.250000
2022-04-07,2022-04-08T00:00:00Z,1020.000000
2022-04-08,2022-04-09T00:00:00Z,1051.500000
2022-04-11,2022-04-12T00:00:00Z,1081.250000
2022-04-12,2022-04-13T00:00:00Z,1103.750000
2022-04-13,2022-04-14T00:00:00Z,1113.500000
2022-04-14,2022-04-15T00:00:00Z,1096.500000
2022-04-18,2022-04-19T00:00:00Z,1120.500000
2022-04-19,2022-04-20T00:00:00Z,1099.000000
2022-04-20,2022-04-21T00:00:00Z,1088.000000
2022-04-21,2022-04-22T00:00:00Z,1068.000000
2022-04-22,2022-04-23T00:00:00Z,1065.500000
2022-04-25,2022-04-26T00:00:00Z,1062.000000
2022-04-26,2022-04-27T00:00:00Z,1083.250000
2022-04-27,2022-04-28T00:00:00Z,1080.000000
2022-04-28,2022-04-29T00:00:00Z,1074.000000
2022-04-29,2022-04-30T00:00:00Z,1043.750000
2022-05-02,2022-05-03T00:00:00Z,1043.500000
2022-05-03,2022-05-04T00:00:00Z,1033.750000
2022-05-04,2022-05-05T00:00:00Z,1066.000000
2022-05-05,2022-05-06T00:00:00Z,1096.000000
2022-05-06,2022-05-07T00:00:00Z,1097.000000
2022-05-09,2022-05-10T00:00:00Z,1083.250000
2022-05-10,2022-05-11T00:00:00Z,1083.250000
2022-05-11,2022-05-12T00:00:00Z,1108.750000
2022-05-12,2022-05-13T00:00:00Z,1174.500000
2022-05-13,2022-05-14T00:00:00Z,1167.250000
2022-05-16,2022-05-17T00:00:00Z,1247.500000
2022-05-17,2022-05-18T00:00:00Z,1277.500000
2022-05-18,2022-05-19T00:00:00Z,1230.750000
2022-05-19,2022-05-20T00:00:00Z,1200.500000
2022-05-20,2022-05-21T00:00:00Z,1168.750000
2022-05-23,2022-05-24T00:00:00Z,1190.000000
2022-05-24,2022-05-25T00:00:00Z,1154.750000
2022-05-25,2022-05-26T00:00:00Z,1148.250000
2022-05-26,2022-05-27T00:00:00Z,1143.250000
2022-05-27,2022-05-28T00:00:00Z,1157.500000
2022-05-31,2022-06-01T00:00:00Z,1087.500000
2022-06-01,2022-06-02T00:00:00Z,1041.250000
2022-06-02,2022-06-03T00:00:00Z,1058.250000
2022-06-03,2022-06-04T00:00:00Z,1040.000000
2022-06-06,2022-06-07T00:00:00Z,1093.000000
2022-06-07,2022-06-08T00:00:00Z,1071.750000
2022-06-08,2022-06-09T00:00:00Z,1074.750000
2022-06-09,2022-06-10T00:00:00Z,1071.250000
2022-06-10,2022-06-11T00:00:00Z,1070.750000
2022-06-13,2022-06-14T00:00:00Z,1071.000000
2022-06-14,2022-06-15T00:00:00Z,1050.250000
2022-06-15,2022-06-16T00:00:00Z,1050.000000
2022-06-16,2022-06-17T00:00:00Z,1078.250000
2022-06-17,2022-06-18T00:00:00Z,1034.250000
2022-06-21,2022-06-22T00:00:00Z,975.250000
2022-06-22,2022-06-23T00:00:00Z,976.500000
2022-06-23,2022-06-24T00:00:00Z,937.250000
2022-06-24,2022-06-25T00:00:00Z,923.750000
2022-06-27,2022-06-28T00:00:00Z,904.000000
2022-06-28,2022-06-29T00:00:00Z,921.250000
2022-06-29,2022-06-30T00:00:00Z,915.500000
2022-06-30,2022-07-01T00:00:00Z,868.750000
2022-07-01,2022-07-02T00:00:00Z,831.250000
2022-07-05,2022-07-06T00:00:00Z,793.750000
2022-07-06,2022-07-07T00:00:00Z,792.250000
2022-07-07,2022-07-08T00:00:00Z,824.500000
2022-07-08,2022-07-09T00:00:00Z,879.250000
2022-07-11,2022-07-12T00:00:00Z,843.750000
2022-07-12,2022-07-13T00:00:00Z,801.500000
2022-07-13,2022-07-14T00:00:00Z,798.250000
2022-07-14,2022-07-15T00:00:00Z,794.250000
2022-07-15,2022-07-16T00:00:00Z,776.750000
2022-07-18,2022-07-19T00:00:00Z,812.750000
2022-07-19,2022-07-20T00:00:00Z,812.250000
2022-07-20,2022-07-21T00:00:00Z,819.500000
2022-07-21,2022-07-22T00:00:00Z,806.250000
2022-07-22,2022-07-23T00:00:00Z,759.000000
2022-07-25,2022-07-26T00:00:00Z,770.000000
2022-07-26,2022-07-27T00:00:00Z,803.750000
2022-07-27,2022-07-28T00:00:00Z,790.250000
2022-07-28,2022-07-29T00:00:00Z,817.000000
2022-07-29,2022-07-30T00:00:00Z,807.750000
2022-08-01,2022-08-02T00:00:00Z,800.250000
2022-08-02,2022-08-03T00:00:00Z,774.750000
2022-08-03,2022-08-04T00:00:00Z,763.750000
2022-08-04,2022-08-05T00:00:00Z,782.500000
2022-08-05,2022-08-06T00:00:00Z,775.750000
2022-08-08,2022-08-09T00:00:00Z,779.750000
2022-08-09,2022-08-10T00:00:00Z,781.500000
2022-08-10,2022-08-11T00:00:00Z,799.750000
2022-08-11,2022-08-12T00:00:00Z,810.750000
2022-08-12,2022-08-13T00:00:00Z,806.000000
2022-08-15,2022-08-16T00:00:00Z,800.750000
2022-08-16,2022-08-17T00:00:00Z,786.000000
2022-08-17,2022-08-18T00:00:00Z,763.250000
2022-08-18,2022-08-19T00:00:00Z,731.500000
2022-08-19,2022-08-20T00:00:00Z,753.250000
2022-08-22,2022-08-23T00:00:00Z,770.500000
2022-08-23,2022-08-24T00:00:00Z,782.750000
2022-08-24,2022-08-25T00:00:00Z,795.000000
2022-08-25,2022-08-26T00:00:00Z,769.750000
2022-08-26,2022-08-27T00:00:00Z,784.750000
2022-08-29,2022-08-30T00:00:00Z,820.000000
2022-08-30,2022-08-31T00:00:00Z,798.250000
2022-08-31,2022-09-01T00:00:00Z,809.000000
2022-09-01,2022-09-02T00:00:00Z,775.500000
2022-09-02,2022-09-03T00:00:00Z,793.000000
2022-09-06,2022-09-07T00:00:00Z,800.000000
2022-09-07,2022-09-08T00:00:00Z,826.500000
2022-09-08,2022-09-09T00:00:00Z,810.500000
2022-09-09,2022-09-10T00:00:00Z,853.250000
2022-09-12,2022-09-13T00:00:00Z,841.250000
2022-09-13,2022-09-14T00:00:00Z,842.750000
2022-09-14,2022-09-15T00:00:00Z,853.750000
2022-09-15,2022-09-16T00:00:00Z,845.000000
2022-09-16,2022-09-17T00:00:00Z,859.750000
2022-09-19,2022-09-20T00:00:00Z,830.500000
2022-09-20,2022-09-21T00:00:00Z,893.750000
2022-09-21,2022-09-22T00:00:00Z,903.750000
2022-09-22,2022-09-23T00:00:00Z,910.750000
2022-09-23,2022-09-24T00:00:00Z,880.500000
2022-09-26,2022-09-27T00:00:00Z,858.000000
2022-09-27,2022-09-28T00:00:00Z,871.500000
2022-09-28,2022-09-29T00:00:00Z,903.250000
2022-09-29,2022-09-30T00:00:00Z,896.250000
2022-09-30,2022-10-01T00:00:00Z,921.500000
2022-10-03,2022-10-04T00:00:00Z,912.000000
2022-10-04,2022-10-05T00:00:00Z,903.000000
2022-10-05,2022-10-06T00:00:00Z,902.000000
2022-10-06,2022-10-07T00:00:00Z,879.000000
2022-10-07,2022-10-08T00:00:00Z,880.250000
2022-10-10,2022-10-11T00:00:00Z,938.000000
2022-10-11,2022-10-12T00:00:00Z,901.000000
2022-10-12,2022-10-13T00:00:00Z,882.250000
2022-10-13,2022-10-14T00:00:00Z,892.250000
2022-10-14,2022-10-15T00:00:00Z,859.750000
2022-10-17,2022-10-18T00:00:00Z,861.000000
2022-10-18,2022-10-19T00:00:00Z,849.500000
2022-10-19,2022-10-20T00:00:00Z,841.250000
2022-10-20,2022-10-21T00:00:00Z,849.250000
2022-10-21,2022-10-22T00:00:00Z,850.750000
2022-10-24,2022-10-25T00:00:00Z,838.750000
2022-10-25,2022-10-26T00:00:00Z,834.750000
2022-10-26,2022-10-27T00:00:00Z,840.500000
2022-10-27,2022-10-28T00:00:00Z,838.500000
2022-10-28,2022-10-29T00:00:00Z,829.250000
2022-10-31,2022-11-01T00:00:00Z,882.250000
2022-11-01,2022-11-02T00:00:00Z,902.500000
2022-11-02,2022-11-03T00:00:00Z,846.000000
2022-11-03,2022-11-04T00:00:00Z,840.500000
2022-11-04,2022-11-05T00:00:00Z,847.750000
2022-11-07,2022-11-08T00:00:00Z,845.750000
2022-11-08,2022-11-09T00:00:00Z,827.750000
2022-11-09,2022-11-10T00:00:00Z,806.500000
2022-11-10,2022-11-11T00:00:00Z,803.500000
2022-11-11,2022-11-12T00:00:00Z,813.750000
2022-11-14,2022-11-15T00:00:00Z,818.500000
2022-11-15,2022-11-16T00:00:00Z,828.250000
2022-11-16,2022-11-17T00:00:00Z,817.500000
2022-11-17,2022-11-18T00:00:00Z,806.750000
2022-11-18,2022-11-19T00:00:00Z,803.250000
2022-11-21,2022-11-22T00:00:00Z,799.250000
2022-11-22,2022-11-23T00:00:00Z,791.500000
2022-11-23,2022-11-24T00:00:00Z,793.500000
2022-11-25,2022-11-26T00:00:00Z,775.500000
2022-11-28,2022-11-29T00:00:00Z,756.750000
2022-11-29,2022-11-30T00:00:00Z,757.750000
2022-11-30,2022-12-01T00:00:00Z,771.500000
2022-12-01,2022-12-02T00:00:00Z,758.750000
2022-12-02,2022-12-03T00:00:00Z,737.250000
2022-12-05,2022-12-06T00:00:00Z,715.500000
2022-12-06,2022-12-07T00:00:00Z,705.500000
2022-12-07,2022-12-08T00:00:00Z,727.000000
2022-12-08,2022-12-09T00:00:00Z,724.250000
2022-12-09,2022-12-10T00:00:00Z,712.750000
2022-12-12,2022-12-13T00:00:00Z,733.000000
2022-12-13,2022-12-14T00:00:00Z,728.750000
2022-12-14,2022-12-15T00:00:00Z,728.250000
2022-12-15,2022-12-16T00:00:00Z,757.250000
2022-12-16,2022-12-17T00:00:00Z,753.500000
2022-12-19,2022-12-20T00:00:00Z,748.500000
2022-12-20,2022-12-21T00:00:00Z,750.500000
2022-12-21,2022-12-22T00:00:00Z,767.750000
2022-12-22,2022-12-23T00:00:00Z,762.250000
2022-12-23,2022-12-24T00:00:00Z,776.000000
2022-12-27,2022-12-28T00:00:00Z,774.500000
2022-12-28,2022-12-29T00:00:00Z,785.500000
2022-12-29,2022-12-30T00:00:00Z,774.000000
2022-12-30,2022-12-31T00:00:00Z,792.000000
2023-01-03,2023-01-04T00:00:00Z,775.500000
2023-01-04,2023-01-05T00:00:00Z,745.500000
2023-01-05,2023-01-06T00:00:00Z,746.750000
2023-01-06,2023-01-07T00:00:00Z,743.500000
2023-01-09,2023-01-10T00:00:00Z,741.500000
2023-01-10,2023-01-11T00:00:00Z,731.000000
2023-01-11,2023-01-12T00:00:00Z,740.000000
2023-01-12,2023-01-13T00:00:00Z,742.750000
2023-01-13,2023-01-14T00:00:00Z,743.750000
2023-01-17,2023-01-18T00:00:00Z,751.750000
2023-01-18,2023-01-19T00:00:00Z,742.500000
2023-01-19,2023-01-20T00:00:00Z,734.500000
2023-01-20,2023-01-21T00:00:00Z,741.500000
2023-01-23,2023-01-24T00:00:00Z,720.000000
2023-01-24,2023-01-25T00:00:00Z,734.500000
2023-01-25,2023-01-26T00:00:00Z,741.250000
2023-01-26,2023-01-27T00:00:00Z,752.500000
2023-01-27,2023-01-28T00:00:00Z,750.000000
2023-01-30,2023-01-31T00:00:00Z,752.500000
2023-01-31,2023-02-01T00:00:00Z,761.250000
2023-02-01,2023-02-02T00:00:00Z,759.750000
2023-02-02,2023-02-03T00:00:00Z,761.000000
2023-02-03,2023-02-04T00:00:00Z,756.750000
2023-02-06,2023-02-07T00:00:00Z,750.250000
2023-02-07,2023-02-08T00:00:00Z,749.750000
2023-02-08,2023-02-09T00:00:00Z,764.750000
2023-02-09,2023-02-10T00:00:00Z,757.250000
2023-02-10,2023-02-11T00:00:00Z,786.000000
2023-02-13,2023-02-14T00:00:00Z,792.000000
2023-02-14,2023-02-15T00:00:00Z,786.000000
2023-02-15,2023-02-16T00:00:00Z,769.250000
2023-02-16,2023-02-17T00:00:00Z,765.000000
2023-02-17,2023-02-18T00:00:00Z,765.500000
2023-02-21,2023-02-22T00:00:00Z,750.500000
2023-02-22,2023-02-23T00:00:00Z,736.500000
2023-02-23,2023-02-24T00:00:00Z,738.250000
2023-02-24,2023-02-25T00:00:00Z,708.250000
2023-02-27,2023-02-28T00:00:00Z,696.000000
2023-02-28,2023-03-01T00:00:00Z,691.500000
2023-03-01,2023-03-02T00:00:00Z,697.000000
2023-03-02,2023-03-03T00:00:00Z,701.250000
2023-03-03,2023-03-04T00:00:00Z,695.750000
2023-03-06,2023-03-07T00:00:00Z,682.500000
2023-03-07,2023-03-08T00:00:00Z,684.750000
2023-03-08,2023-03-09T00:00:00Z,674.500000
2023-03-09,2023-03-10T00:00:00Z,653.500000
2023-03-10,2023-03-11T00:00:00Z,666.750000
2023-03-13,2023-03-14T00:00:00Z,672.250000
2023-03-14,2023-03-15T00:00:00Z,686.500000
2023-03-15,2023-03-16T00:00:00Z,702.750000
2023-03-16,2023-03-17T00:00:00Z,699.000000
2023-03-17,2023-03-18T00:00:00Z,710.500000
2023-03-20,2023-03-21T00:00:00Z,700.750000
2023-03-21,2023-03-22T00:00:00Z,683.250000
2023-03-22,2023-03-23T00:00:00Z,663.500000
2023-03-23,2023-03-24T00:00:00Z,662.000000
2023-03-24,2023-03-25T00:00:00Z,688.500000
2023-03-27,2023-03-28T00:00:00Z,698.000000
2023-03-28,2023-03-29T00:00:00Z,699.750000
2023-03-29,2023-03-30T00:00:00Z,704.750000
2023-03-30,2023-03-31T00:00:00Z,692.250000
2023-03-31,2023-04-01T00:00:00Z,692.250000
2023-04-03,2023-04-04T00:00:00Z,693.500000
2023-04-04,2023-04-05T00:00:00Z,691.500000
2023-04-05,2023-04-06T00:00:00Z,682.000000
2023-04-06,2023-04-07T00:00:00Z,675.500000
2023-04-10,2023-04-11T00:00:00Z,678.500000
2023-04-11,2023-04-12T00:00:00Z,674.000000
2023-04-12,2023-04-13T00:00:00Z,679.500000
2023-04-13,2023-04-14T00:00:00Z,667.000000
2023-04-14,2023-04-15T00:00:00Z,682.500000
2023-04-17,2023-04-18T00:00:00Z,696.500000
2023-04-18,2023-04-19T00:00:00Z,698.000000
2023-04-19,2023-04-20T00:00:00Z,681.750000
2023-04-20,2023-04-21T00:00:00Z,667.750000
2023-04-21,2023-04-22T00:00:00Z,661.750000
2023-04-24,2023-04-25T00:00:00Z,643.500000
2023-04-25,2023-04-26T00:00:00Z,638.750000
2023-04-26,2023-04-27T00:00:00Z,627.250000
2023-04-27,2023-04-28T00:00:00Z,614.750000
2023-04-28,2023-04-29T00:00:00Z,619.750000
2023-05-01,2023-05-02T00:00:00Z,603.750000
2023-05-02,2023-05-03T00:00:00Z,595.500000
2023-05-03,2023-05-04T00:00:00Z,626.250000
2023-05-04,2023-05-05T00:00:00Z,631.500000
2023-05-05,2023-05-06T00:00:00Z,647.000000
2023-05-08,2023-05-09T00:00:00Z,641.000000
2023-05-09,2023-05-10T00:00:00Z,630.500000
2023-05-10,2023-05-11T00:00:00Z,628.250000
2023-05-11,2023-05-12T00:00:00Z,614.250000
2023-05-12,2023-05-13T00:00:00Z,624.500000
2023-05-15,2023-05-16T00:00:00Z,660.750000
2023-05-16,2023-05-17T00:00:00Z,647.500000
2023-05-17,2023-05-18T00:00:00Z,625.500000
2023-05-18,2023-05-19T00:00:00Z,611.750000
2023-05-19,2023-05-20T00:00:00Z,605.000000
2023-05-22,2023-05-23T00:00:00Z,606.250000
2023-05-23,2023-05-24T00:00:00Z,622.250000
2023-05-24,2023-05-25T00:00:00Z,606.250000
2023-05-25,2023-05-26T00:00:00Z,604.250000
2023-05-26,2023-05-27T00:00:00Z,616.000000
2023-05-30,2023-05-31T00:00:00Z,591.000000
2023-05-31,2023-06-01T00:00:00Z,594.250000
2023-06-01,2023-06-02T00:00:00Z,610.750000
2023-06-02,2023-06-03T00:00:00Z,619.000000
2023-06-05,2023-06-06T00:00:00Z,624.000000
2023-06-06,2023-06-07T00:00:00Z,627.750000
2023-06-07,2023-06-08T00:00:00Z,616.750000
2023-06-08,2023-06-09T00:00:00Z,626.250000
2023-06-09,2023-06-10T00:00:00Z,630.250000
2023-06-12,2023-06-13T00:00:00Z,633.750000
2023-06-13,2023-06-14T00:00:00Z,636.250000
2023-06-14,2023-06-15T00:00:00Z,630.250000
2023-06-15,2023-06-16T00:00:00Z,661.500000
2023-06-16,2023-06-17T00:00:00Z,688.000000
2023-06-20,2023-06-21T00:00:00Z,695.750000
2023-06-21,2023-06-22T00:00:00Z,734.500000
2023-06-22,2023-06-23T00:00:00Z,739.000000
2023-06-23,2023-06-24T00:00:00Z,733.250000
2023-06-26,2023-06-27T00:00:00Z,724.250000
2023-06-27,2023-06-28T00:00:00Z,685.000000
2023-06-28,2023-06-29T00:00:00Z,655.750000
2023-06-29,2023-06-30T00:00:00Z,653.000000
2023-06-30,2023-07-01T00:00:00Z,636.250000
2023-07-03,2023-07-04T00:00:00Z,628.500000
2023-07-05,2023-07-06T00:00:00Z,662.000000
2023-07-06,2023-07-07T00:00:00Z,647.000000
2023-07-07,2023-07-08T00:00:00Z,639.500000
2023-07-10,2023-07-11T00:00:00Z,636.250000
2023-07-11,2023-07-12T00:00:00Z,649.500000
2023-07-12,2023-07-13T00:00:00Z,621.250000
2023-07-13,2023-07-14T00:00:00Z,627.500000
2023-07-14,2023-07-15T00:00:00Z,641.500000
2023-07-17,2023-07-18T00:00:00Z,653.750000
2023-07-18,2023-07-19T00:00:00Z,670.750000
2023-07-19,2023-07-20T00:00:00Z,727.750000
2023-07-20,2023-07-21T00:00:00Z,727.000000
2023-07-21,2023-07-22T00:00:00Z,697.500000
2023-07-24,2023-07-25T00:00:00Z,757.500000
2023-07-25,2023-07-26T00:00:00Z,760.250000
2023-07-26,2023-07-27T00:00:00Z,720.000000
2023-07-27,2023-07-28T00:00:00Z,712.750000
2023-07-28,2023-07-29T00:00:00Z,704.250000
2023-07-31,2023-08-01T00:00:00Z,665.750000
2023-08-01,2023-08-02T00:00:00Z,652.250000
2023-08-02,2023-08-03T00:00:00Z,640.000000
2023-08-03,2023-08-04T00:00:00Z,627.000000
2023-08-04,2023-08-05T00:00:00Z,633.000000
2023-08-07,2023-08-08T00:00:00Z,657.500000
2023-08-08,2023-08-09T00:00:00Z,656.250000
2023-08-09,2023-08-10T00:00:00Z,635.000000
2023-08-10,2023-08-11T00:00:00Z,637.750000
2023-08-11,2023-08-12T00:00:00Z,626.750000
2023-08-14,2023-08-15T00:00:00Z,616.000000
2023-08-15,2023-08-16T00:00:00Z,598.500000
2023-08-16,2023-08-17T00:00:00Z,597.750000
2023-08-17,2023-08-18T00:00:00Z,589.500000
2023-08-18,2023-08-19T00:00:00Z,613.250000
2023-08-21,2023-08-22T00:00:00Z,599.250000
2023-08-22,2023-08-23T00:00:00Z,601.750000
2023-08-23,2023-08-24T00:00:00Z,612.500000
2023-08-24,2023-08-25T00:00:00Z,604.000000
2023-08-25,2023-08-26T00:00:00Z,593.250000
2023-08-28,2023-08-29T00:00:00Z,588.000000
2023-08-29,2023-08-30T00:00:00Z,569.750000
2023-08-30,2023-08-31T00:00:00Z,576.750000
2023-08-31,2023-09-01T00:00:00Z,573.000000
2023-09-01,2023-09-02T00:00:00Z,567.500000
2023-09-05,2023-09-06T00:00:00Z,572.500000
2023-09-06,2023-09-07T00:00:00Z,581.000000
2023-09-07,2023-09-08T00:00:00Z,571.500000
2023-09-08,2023-09-09T00:00:00Z,567.250000
2023-09-11,2023-09-12T00:00:00Z,556.000000
2023-09-12,2023-09-13T00:00:00Z,560.250000
2023-09-13,2023-09-14T00:00:00Z,569.000000
2023-09-14,2023-09-15T00:00:00Z,567.500000
2023-09-15,2023-09-16T00:00:00Z,604.250000
2023-09-18,2023-09-19T00:00:00Z,591.250000
2023-09-19,2023-09-20T00:00:00Z,584.000000
2023-09-20,2023-09-21T00:00:00Z,588.750000
2023-09-21,2023-09-22T00:00:00Z,575.750000
2023-09-22,2023-09-23T00:00:00Z,579.500000
2023-09-25,2023-09-26T00:00:00Z,589.000000
2023-09-26,2023-09-27T00:00:00Z,589.000000
2023-09-27,2023-09-28T00:00:00Z,579.500000
2023-09-28,2023-09-29T00:00:00Z,578.750000
2023-09-29,2023-09-30T00:00:00Z,541.500000
2023-10-02,2023-10-03T00:00:00Z,564.750000
2023-10-03,2023-10-04T00:00:00Z,568.500000
2023-10-04,2023-10-05T00:00:00Z,560.000000
2023-10-05,2023-10-06T00:00:00Z,578.250000
2023-10-06,2023-10-07T00:00:00Z,568.250000
2023-10-09,2023-10-10T00:00:00Z,572.750000
2023-10-10,2023-10-11T00:00:00Z,558.500000
2023-10-11,2023-10-12T00:00:00Z,556.000000
2023-10-12,2023-10-13T00:00:00Z,571.500000
2023-10-13,2023-10-14T00:00:00Z,579.750000
2023-10-16,2023-10-17T00:00:00Z,577.250000
2023-10-17,2023-10-18T00:00:00Z,570.500000
2023-10-18,2023-10-19T00:00:00Z,580.250000
2023-10-19,2023-10-20T00:00:00Z,594.000000
2023-10-20,2023-10-21T00:00:00Z,586.000000
2023-10-23,2023-10-24T00:00:00Z,587.250000
2023-10-24,2023-10-25T00:00:00Z,580.500000
2023-10-25,2023-10-26T00:00:00Z,568.500000
2023-10-26,2023-10-27T00:00:00Z,579.500000
2023-10-27,2023-10-28T00:00:00Z,575.500000
2023-10-30,2023-10-31T00:00:00Z,566.000000
2023-10-31,2023-11-01T00:00:00Z,556.250000
2023-11-01,2023-11-02T00:00:00Z,561.750000
2023-11-02,2023-11-03T00:00:00Z,565.500000
2023-11-03,2023-11-04T00:00:00Z,572.500000
2023-11-06,2023-11-07T00:00:00Z,575.750000
2023-11-07,2023-11-08T00:00:00Z,570.250000
2023-11-08,2023-11-09T00:00:00Z,592.250000
2023-11-09,2023-11-10T00:00:00Z,580.750000
2023-11-10,2023-11-11T00:00:00Z,575.250000
2023-11-13,2023-11-14T00:00:00Z,579.000000
2023-11-14,2023-11-15T00:00:00Z,572.000000
2023-11-15,2023-11-16T00:00:00Z,560.500000
2023-11-16,2023-11-17T00:00:00Z,553.500000
2023-11-17,2023-11-18T00:00:00Z,550.750000
2023-11-20,2023-11-21T00:00:00Z,543.500000
2023-11-21,2023-11-22T00:00:00Z,555.000000
2023-11-22,2023-11-23T00:00:00Z,555.750000
2023-11-24,2023-11-25T00:00:00Z,548.750000
2023-11-27,2023-11-28T00:00:00Z,534.250000
2023-11-28,2023-11-29T00:00:00Z,543.750000
2023-11-29,2023-11-30T00:00:00Z,556.000000
2023-11-30,2023-12-01T00:00:00Z,570.250000
2023-12-01,2023-12-02T00:00:00Z,577.000000
2023-12-04,2023-12-05T00:00:00Z,595.750000
2023-12-05,2023-12-06T00:00:00Z,620.750000
2023-12-06,2023-12-07T00:00:00Z,615.750000
2023-12-07,2023-12-08T00:00:00Z,626.000000
2023-12-08,2023-12-09T00:00:00Z,615.000000
2023-12-11,2023-12-12T00:00:00Z,591.250000
2023-12-12,2023-12-13T00:00:00Z,607.000000
2023-12-13,2023-12-14T00:00:00Z,585.250000
2023-12-14,2023-12-15T00:00:00Z,594.000000
2023-12-15,2023-12-16T00:00:00Z,629.250000
2023-12-18,2023-12-19T00:00:00Z,617.000000
2023-12-19,2023-12-20T00:00:00Z,622.750000
2023-12-20,2023-12-21T00:00:00Z,610.000000
2023-12-21,2023-12-22T00:00:00Z,612.500000
2023-12-22,2023-12-23T00:00:00Z,616.250000
2023-12-26,2023-12-27T00:00:00Z,636.250000
2023-12-27,2023-12-28T00:00:00Z,623.000000
2023-12-28,2023-12-29T00:00:00Z,631.500000
2023-12-29,2023-12-30T00:00:00Z,628.000000
2024-01-02,2024-01-03T00:00:00Z,606.750000
2024-01-03,2024-01-04T00:00:00Z,600.250000
2024-01-04,2024-01-05T00:00:00Z,613.500000
2024-01-05,2024-01-06T00:00:00Z,616.000000
2024-01-08,2024-01-09T00:00:00Z,596.250000
2024-01-09,2024-01-10T00:00:00Z,610.000000
2024-01-10,2024-01-11T00:00:00Z,610.750000
2024-01-11,2024-01-12T00:00:00Z,603.750000
2024-01-12,2024-01-13T00:00:00Z,596.000000
2024-01-16,2024-01-17T00:00:00Z,582.000000
2024-01-17,2024-01-18T00:00:00Z,582.500000
2024-01-18,2024-01-19T00:00:00Z,585.500000
2024-01-19,2024-01-20T00:00:00Z,593.250000
2024-01-22,2024-01-23T00:00:00Z,596.500000
2024-01-23,2024-01-24T00:00:00Z,596.500000
2024-01-24,2024-01-25T00:00:00Z,610.750000
2024-01-25,2024-01-26T00:00:00Z,612.250000
2024-01-26,2024-01-27T00:00:00Z,600.250000
2024-01-29,2024-01-30T00:00:00Z,593.500000
2024-01-30,2024-01-31T00:00:00Z,605.500000
2024-01-31,2024-02-01T00:00:00Z,595.250000
2024-02-01,2024-02-02T00:00:00Z,601.500000
2024-02-02,2024-02-03T00:00:00Z,599.750000
2024-02-05,2024-02-06T00:00:00Z,590.250000
2024-02-06,2024-02-07T00:00:00Z,595.000000
2024-02-07,2024-02-08T00:00:00Z,602.000000
2024-02-08,2024-02-09T00:00:00Z,588.500000
2024-02-09,2024-02-10T00:00:00Z,596.750000
2024-02-12,2024-02-13T00:00:00Z,597.500000
2024-02-13,2024-02-14T00:00:00Z,597.500000
2024-02-14,2024-02-15T00:00:00Z,585.500000
2024-02-15,2024-02-16T00:00:00Z,567.000000
2024-02-16,2024-02-17T00:00:00Z,560.500000
2024-02-20,2024-02-21T00:00:00Z,582.750000
2024-02-21,2024-02-22T00:00:00Z,583.250000
2024-02-22,2024-02-23T00:00:00Z,583.250000
2024-02-23,2024-02-24T00:00:00Z,573.500000
2024-02-26,2024-02-27T00:00:00Z,577.250000
2024-02-27,2024-02-28T00:00:00Z,586.000000
2024-02-28,2024-02-29T00:00:00Z,571.000000
2024-02-29,2024-03-01T00:00:00Z,577.500000
2024-03-01,2024-03-02T00:00:00Z,560.000000
2024-03-04,2024-03-05T00:00:00Z,563.500000
2024-03-05,2024-03-06T00:00:00Z,545.750000
2024-03-06,2024-03-07T00:00:00Z,521.250000
2024-03-07,2024-03-08T00:00:00Z,520.750000
2024-03-08,2024-03-09T00:00:00Z,526.750000
2024-03-11,2024-03-12T00:00:00Z,537.500000
2024-03-12,2024-03-13T00:00:00Z,535.500000
2024-03-13,2024-03-14T00:00:00Z,532.250000
2024-03-14,2024-03-15T00:00:00Z,519.500000
2024-03-15,2024-03-16T00:00:00Z,528.500000
2024-03-18,2024-03-19T00:00:00Z,542.750000
2024-03-19,2024-03-20T00:00:00Z,552.500000
2024-03-20,2024-03-21T00:00:00Z,545.000000
2024-03-21,2024-03-22T00:00:00Z,546.750000
2024-03-22,2024-03-23T00:00:00Z,554.750000
2024-03-25,2024-03-26T00:00:00Z,555.000000
2024-03-26,2024-03-27T00:00:00Z,543.500000
2024-03-27,2024-03-28T00:00:00Z,547.500000
2024-03-28,2024-03-29T00:00:00Z,560.250000
2024-04-01,2024-04-02T00:00:00Z,557.000000
2024-04-02,2024-04-03T00:00:00Z,545.250000
2024-04-03,2024-04-04T00:00:00Z,556.000000
2024-04-04,2024-04-05T00:00:00Z,556.250000
2024-04-05,2024-04-06T00:00:00Z,567.250000
2024-04-08,2024-04-09T00:00:00Z,565.750000
2024-04-09,2024-04-10T00:00:00Z,557.750000
2024-04-10,2024-04-11T00:00:00Z,558.500000
2024-04-11,2024-04-12T00:00:00Z,551.750000
2024-04-12,2024-04-13T00:00:00Z,556.000000
2024-04-15,2024-04-16T00:00:00Z,551.750000
2024-04-16,2024-04-17T00:00:00Z,549.750000
2024-04-17,2024-04-18T00:00:00Z,537.000000
2024-04-18,2024-04-19T00:00:00Z,536.750000
2024-04-19,2024-04-20T00:00:00Z,550.250000
2024-04-22,2024-04-23T00:00:00Z,570.250000
2024-04-23,2024-04-24T00:00:00Z,585.000000
2024-04-24,2024-04-25T00:00:00Z,594.500000
2024-04-25,2024-04-26T00:00:00Z,602.250000
2024-04-26,2024-04-27T00:00:00Z,603.250000
2024-04-29,2024-04-30T00:00:00Z,590.250000
2024-04-30,2024-05-01T00:00:00Z,585.000000
2024-05-01,2024-05-02T00:00:00Z,581.500000
2024-05-02,2024-05-03T00:00:00Z,586.500000
2024-05-03,2024-05-04T00:00:00Z,606.000000
2024-05-06,2024-05-07T00:00:00Z,632.250000
2024-05-07,2024-05-08T00:00:00Z,624.750000
2024-05-08,2024-05-09T00:00:00Z,616.000000
2024-05-09,2024-05-10T00:00:00Z,619.750000
2024-05-10,2024-05-11T00:00:00Z,645.750000
2024-05-13,2024-05-14T00:00:00Z,670.250000
2024-05-14,2024-05-15T00:00:00Z,657.000000
2024-05-15,2024-05-16T00:00:00Z,665.750000
2024-05-16,2024-05-17T00:00:00Z,663.250000
2024-05-17,2024-05-18T00:00:00Z,651.250000
2024-05-20,2024-05-21T00:00:00Z,688.750000
2024-05-21,2024-05-22T00:00:00Z,697.500000
2024-05-22,2024-05-23T00:00:00Z,693.000000
2024-05-23,2024-05-24T00:00:00Z,698.000000
2024-05-24,2024-05-25T00:00:00Z,697.250000
2024-05-28,2024-05-29T00:00:00Z,700.250000
2024-05-29,2024-05-30T00:00:00Z,692.750000
2024-05-30,2024-05-31T00:00:00Z,681.000000
2024-05-31,2024-06-01T00:00:00Z,678.500000
2024-06-03,2024-06-04T00:00:00Z,672.750000
2024-06-04,2024-06-05T00:00:00Z,658.250000
2024-06-05,2024-06-06T00:00:00Z,646.750000
2024-06-06,2024-06-07T00:00:00Z,639.500000
2024-06-07,2024-06-08T00:00:00Z,627.500000
2024-06-10,2024-06-11T00:00:00Z,607.500000
2024-06-11,2024-06-12T00:00:00Z,626.500000
2024-06-12,2024-06-13T00:00:00Z,617.000000
2024-06-13,2024-06-14T00:00:00Z,620.000000
2024-06-14,2024-06-15T00:00:00Z,612.750000
2024-06-17,2024-06-18T00:00:00Z,591.500000
2024-06-18,2024-06-19T00:00:00Z,582.000000
2024-06-20,2024-06-21T00:00:00Z,572.750000
2024-06-21,2024-06-22T00:00:00Z,561.500000
2024-06-24,2024-06-25T00:00:00Z,552.500000
2024-06-25,2024-06-26T00:00:00Z,541.750000
2024-06-26,2024-06-27T00:00:00Z,541.250000
2024-06-27,2024-06-28T00:00:00Z,559.750000
2024-06-28,2024-06-29T00:00:00Z,553.500000
2024-07-01,2024-07-02T00:00:00Z,569.250000
2024-07-02,2024-07-03T00:00:00Z,561.500000
2024-07-03,2024-07-04T00:00:00Z,554.500000
2024-07-05,2024-07-06T00:00:00Z,572.250000
2024-07-08,2024-07-09T00:00:00Z,553.000000
2024-07-09,2024-07-10T00:00:00Z,554.250000
2024-07-10,2024-07-11T00:00:00Z,543.500000
2024-07-11,2024-07-12T00:00:00Z,554.250000
2024-07-12,2024-07-13T00:00:00Z,538.000000
2024-07-15,2024-07-16T00:00:00Z,532.500000
2024-07-16,2024-07-17T00:00:00Z,530.750000
2024-07-17,2024-07-18T00:00:00Z,539.250000
2024-07-18,2024-07-19T00:00:00Z,535.250000
2024-07-19,2024-07-20T00:00:00Z,542.750000
2024-07-22,2024-07-23T00:00:00Z,548.000000
2024-07-23,2024-07-24T00:00:00Z,542.750000
2024-07-24,2024-07-25T00:00:00Z,547.000000
2024-07-25,2024-07-26T00:00:00Z,537.750000
2024-07-26,2024-07-27T00:00:00Z,523.500000
2024-07-29,2024-07-30T00:00:00Z,531.000000
2024-07-30,2024-07-31T00:00:00Z,524.000000
2024-07-31,2024-08-01T00:00:00Z,527.250000
2024-08-01,2024-08-02T00:00:00Z,532.000000
2024-08-02,2024-08-03T00:00:00Z,539.000000
2024-08-05,2024-08-06T00:00:00Z,539.500000
2024-08-06,2024-08-07T00:00:00Z,543.250000
2024-08-07,2024-08-08T00:00:00Z,538.250000
2024-08-08,2024-08-09T00:00:00Z,537.500000
2024-08-09,2024-08-10T00:00:00Z,542.500000
2024-08-12,2024-08-13T00:00:00Z,536.750000
2024-08-13,2024-08-14T00:00:00Z,528.750000
2024-08-14,2024-08-15T00:00:00Z,534.750000
2024-08-15,2024-08-16T00:00:00Z,528.250000
2024-08-16,2024-08-17T00:00:00Z,530.000000
2024-08-19,2024-08-20T00:00:00Z,528.250000
2024-08-20,2024-08-21T00:00:00Z,533.000000
2024-08-21,2024-08-22T00:00:00Z,519.750000
2024-08-22,2024-08-23T00:00:00Z,511.000000
2024-08-23,2024-08-24T00:00:00Z,502.250000
2024-08-26,2024-08-27T00:00:00Z,498.000000
2024-08-27,2024-08-28T00:00:00Z,508.250000
2024-08-28,2024-08-29T00:00:00Z,514.250000
2024-08-29,2024-08-30T00:00:00Z,525.000000
2024-08-30,2024-08-31T00:00:00Z,532.750000
2024-09-03,2024-09-04T00:00:00Z,552.000000
2024-09-04,2024-09-05T00:00:00Z,565.250000
2024-09-05,2024-09-06T00:00:00Z,561.000000
2024-09-06,2024-09-07T00:00:00Z,553.250000
2024-09-09,2024-09-10T00:00:00Z,555.500000
2024-09-10,2024-09-11T00:00:00Z,558.750000
2024-09-11,2024-09-12T00:00:00Z,563.750000
2024-09-12,2024-09-13T00:00:00Z,563.000000
2024-09-13,2024-09-14T00:00:00Z,571.250000
2024-09-16,2024-09-17T00:00:00Z,578.500000
2024-09-17,2024-09-18T00:00:00Z,575.750000
2024-09-18,2024-09-19T00:00:00Z,575.750000
2024-09-19,2024-09-20T00:00:00Z,565.500000
2024-09-20,2024-09-21T00:00:00Z,568.500000
2024-09-23,2024-09-24T00:00:00Z,582.500000
2024-09-24,2024-09-25T00:00:00Z,578.000000
2024-09-25,2024-09-26T00:00:00Z,589.250000
2024-09-26,2024-09-27T00:00:00Z,584.250000
2024-09-27,2024-09-28T00:00:00Z,580.000000
2024-09-30,2024-10-01T00:00:00Z,584.000000
2024-10-01,2024-10-02T00:00:00Z,599.000000
2024-10-02,2024-10-03T00:00:00Z,615.250000
2024-10-03,2024-10-04T00:00:00Z,603.500000
2024-10-04,2024-10-05T00:00:00Z,589.750000
2024-10-07,2024-10-08T00:00:00Z,592.500000
2024-10-08,2024-10-09T00:00:00Z,594.750000
2024-10-09,2024-10-10T00:00:00Z,599.000000
2024-10-10,2024-10-11T00:00:00Z,603.750000
2024-10-11,2024-10-12T00:00:00Z,599.000000
2024-10-14,2024-10-15T00:00:00Z,585.250000
2024-10-15,2024-10-16T00:00:00Z,579.500000
2024-10-16,2024-10-17T00:00:00Z,585.000000
2024-10-17,2024-10-18T00:00:00Z,589.500000
2024-10-18,2024-10-19T00:00:00Z,572.750000
2024-10-21,2024-10-22T00:00:00Z,572.250000
2024-10-22,2024-10-23T00:00:00Z,576.000000
2024-10-23,2024-10-24T00:00:00Z,578.500000
2024-10-24,2024-10-25T00:00:00Z,581.500000
2024-10-25,2024-10-26T00:00:00Z,569.000000
2024-10-28,2024-10-29T00:00:00Z,558.750000
2024-10-29,2024-10-30T00:00:00Z,570.500000
2024-10-30,2024-10-31T00:00:00Z,573.250000
2024-10-31,2024-11-01T00:00:00Z,570.500000
2024-11-01,2024-11-02T00:00:00Z,568.000000
2024-11-04,2024-11-05T00:00:00Z,568.750000
2024-11-05,2024-11-06T00:00:00Z,572.500000
2024-11-06,2024-11-07T00:00:00Z,573.250000
2024-11-07,2024-11-08T00:00:00Z,571.500000
2024-11-08,2024-11-09T00:00:00Z,572.500000
2024-11-11,2024-11-12T00:00:00Z,565.500000
2024-11-12,2024-11-13T00:00:00Z,552.250000
2024-11-13,2024-11-14T00:00:00Z,541.000000
2024-11-14,2024-11-15T00:00:00Z,530.250000
2024-11-15,2024-11-16T00:00:00Z,536.500000
2024-11-18,2024-11-19T00:00:00Z,547.250000
2024-11-19,2024-11-20T00:00:00Z,549.750000
2024-11-20,2024-11-21T00:00:00Z,552.500000
2024-11-21,2024-11-22T00:00:00Z,548.750000
2024-11-22,2024-11-23T00:00:00Z,544.250000
2024-11-25,2024-11-26T00:00:00Z,535.750000
2024-11-26,2024-11-27T00:00:00Z,539.500000
2024-11-27,2024-11-28T00:00:00Z,537.750000
2024-11-29,2024-11-30T00:00:00Z,532.250000
2024-12-02,2024-12-03T00:00:00Z,537.500000
2024-12-03,2024-12-04T00:00:00Z,536.750000
2024-12-04,2024-12-05T00:00:00Z,538.000000
2024-12-05,2024-12-06T00:00:00Z,546.750000
2024-12-06,2024-12-07T00:00:00Z,542.500000
2024-12-09,2024-12-10T00:00:00Z,541.250000
2024-12-10,2024-12-11T00:00:00Z,542.000000
2024-12-11,2024-12-12T00:00:00Z,543.500000
2024-12-12,2024-12-13T00:00:00Z,538.750000
2024-12-13,2024-12-14T00:00:00Z,526.500000
2024-12-16,2024-12-17T00:00:00Z,550.000000
2024-12-17,2024-12-18T00:00:00Z,545.000000
2024-12-18,2024-12-19T00:00:00Z,541.250000
2024-12-19,2024-12-20T00:00:00Z,533.000000
2024-12-20,2024-12-21T00:00:00Z,533.000000
2024-12-23,2024-12-24T00:00:00Z,540.500000
2024-12-24,2024-12-25T00:00:00Z,534.750000
2024-12-26,2024-12-27T00:00:00Z,541.000000
2024-12-27,2024-12-28T00:00:00Z,546.500000
2024-12-30,2024-12-31T00:00:00Z,548.250000
2024-12-31,2025-01-01T00:00:00Z,551.500000
2025-01-02,2025-01-03T00:00:00Z,545.750000
2025-01-03,2025-01-04T00:00:00Z,529.250000
2025-01-06,2025-01-07T00:00:00Z,540.500000
2025-01-07,2025-01-08T00:00:00Z,542.500000
2025-01-08,2025-01-09T00:00:00Z,536.250000
2025-01-09,2025-01-10T00:00:00Z,534.000000
2025-01-10,2025-01-11T00:00:00Z,530.750000
2025-01-13,2025-01-14T00:00:00Z,545.000000
2025-01-14,2025-01-15T00:00:00Z,546.250000
2025-01-15,2025-01-16T00:00:00Z,547.000000
2025-01-16,2025-01-17T00:00:00Z,537.500000
2025-01-17,2025-01-18T00:00:00Z,538.750000
2025-01-21,2025-01-22T00:00:00Z,558.750000
2025-01-22,2025-01-23T00:00:00Z,554.000000
2025-01-23,2025-01-24T00:00:00Z,554.000000
2025-01-24,2025-01-25T00:00:00Z,544.000000
2025-01-27,2025-01-28T00:00:00Z,535.500000
2025-01-28,2025-01-29T00:00:00Z,545.250000
2025-01-29,2025-01-30T00:00:00Z,562.500000
2025-01-30,2025-01-31T00:00:00Z,566.500000
2025-01-31,2025-02-01T00:00:00Z,559.500000
2025-02-03,2025-02-04T00:00:00Z,566.750000
2025-02-04,2025-02-05T00:00:00Z,577.000000
2025-02-05,2025-02-06T00:00:00Z,572.250000
2025-02-06,2025-02-07T00:00:00Z,587.750000
2025-02-07,2025-02-08T00:00:00Z,582.750000
2025-02-10,2025-02-11T00:00:00Z,579.500000
2025-02-11,2025-02-12T00:00:00Z,577.000000
2025-02-12,2025-02-13T00:00:00Z,574.250000
2025-02-13,2025-02-14T00:00:00Z,577.750000
2025-02-14,2025-02-15T00:00:00Z,600.000000
2025-02-18,2025-02-19T00:00:00Z,604.750000
2025-02-19,2025-02-20T00:00:00Z,592.000000
2025-02-20,2025-02-21T00:00:00Z,585.500000
2025-02-21,2025-02-22T00:00:00Z,590.000000
2025-02-24,2025-02-25T00:00:00Z,579.000000
2025-02-25,2025-02-26T00:00:00Z,572.750000
2025-02-26,2025-02-27T00:00:00Z,566.000000
2025-02-27,2025-02-28T00:00:00Z,546.750000
2025-02-28,2025-03-01T00:00:00Z,537.000000
2025-03-03,2025-03-04T00:00:00Z,532.000000
2025-03-04,2025-03-05T00:00:00Z,518.500000
2025-03-05,2025-03-06T00:00:00Z,530.750000
2025-03-06,2025-03-07T00:00:00Z,537.000000
2025-03-07,2025-03-08T00:00:00Z,533.750000
2025-03-10,2025-03-11T00:00:00Z,545.250000
2025-03-11,2025-03-12T00:00:00Z,541.000000
2025-03-12,2025-03-13T00:00:00Z,538.750000
2025-03-13,2025-03-14T00:00:00Z,547.250000
2025-03-14,2025-03-15T00:00:00Z,545.750000
2025-03-17,2025-03-18T00:00:00Z,568.500000
2025-03-18,2025-03-19T00:00:00Z,565.000000
2025-03-19,2025-03-20T00:00:00Z,563.500000
2025-03-20,2025-03-21T00:00:00Z,557.250000
2025-03-21,2025-03-22T00:00:00Z,558.250000
2025-03-24,2025-03-25T00:00:00Z,548.250000
2025-03-25,2025-03-26T00:00:00Z,543.250000
2025-03-26,2025-03-27T00:00:00Z,535.250000
2025-03-27,2025-03-28T00:00:00Z,532.000000
2025-03-28,2025-03-29T00:00:00Z,528.250000
2025-03-31,2025-04-01T00:00:00Z,537.000000
2025-04-01,2025-04-02T00:00:00Z,540.500000
2025-04-02,2025-04-03T00:00:00Z,539.250000
2025-04-03,2025-04-04T00:00:00Z,536.000000
2025-04-04,2025-04-05T00:00:00Z,529.000000
2025-04-07,2025-04-08T00:00:00Z,536.500000
2025-04-08,2025-04-09T00:00:00Z,540.000000
2025-04-09,2025-04-10T00:00:00Z,542.250000
2025-04-10,2025-04-11T00:00:00Z,538.000000
2025-04-11,2025-04-12T00:00:00Z,555.750000
2025-04-14,2025-04-15T00:00:00Z,547.500000
2025-04-15,2025-04-16T00:00:00Z,542.000000
2025-04-16,2025-04-17T00:00:00Z,547.750000
2025-04-17,2025-04-18T00:00:00Z,548.750000
2025-04-21,2025-04-22T00:00:00Z,538.500000
2025-04-22,2025-04-23T00:00:00Z,535.500000
2025-04-23,2025-04-24T00:00:00Z,528.250000
2025-04-24,2025-04-25T00:00:00Z,529.250000
2025-04-25,2025-04-26T00:00:00Z,530.000000
2025-04-28,2025-04-29T00:00:00Z,515.500000
2025-04-29,2025-04-30T00:00:00Z,505.750000
2025-04-30,2025-05-01T00:00:00Z,513.000000
2025-05-01,2025-05-02T00:00:00Z,515.250000
2025-05-02,2025-05-03T00:00:00Z,526.500000
2025-05-05,2025-05-06T00:00:00Z,514.250000
2025-05-06,2025-05-07T00:00:00Z,519.000000
2025-05-07,2025-05-08T00:00:00Z,518.000000
2025-05-08,2025-05-09T00:00:00Z,513.000000
2025-05-09,2025-05-10T00:00:00Z,505.500000
2025-05-12,2025-05-13T00:00:00Z,499.000000
2025-05-13,2025-05-14T00:00:00Z,501.500000
2025-05-14,2025-05-15T00:00:00Z,508.750000
2025-05-15,2025-05-16T00:00:00Z,532.750000
2025-05-16,2025-05-17T00:00:00Z,525.000000
2025-05-19,2025-05-20T00:00:00Z,529.000000
2025-05-20,2025-05-21T00:00:00Z,546.000000
2025-05-21,2025-05-22T00:00:00Z,549.250000
2025-05-22,2025-05-23T00:00:00Z,544.500000
2025-05-23,2025-05-24T00:00:00Z,542.500000
2025-05-27,2025-05-28T00:00:00Z,528.500000
2025-05-28,2025-05-29T00:00:00Z,530.250000
2025-05-29,2025-05-30T00:00:00Z,534.000000
2025-05-30,2025-05-31T00:00:00Z,534.000000
2025-06-02,2025-06-03T00:00:00Z,539.000000
2025-06-03,2025-06-04T00:00:00Z,536.000000
2025-06-04,2025-06-05T00:00:00Z,543.250000
2025-06-05,2025-06-06T00:00:00Z,545.500000
2025-06-06,2025-06-07T00:00:00Z,554.750000
2025-06-09,2025-06-10T00:00:00Z,542.000000
2025-06-10,2025-06-11T00:00:00Z,534.500000
2025-06-11,2025-06-12T00:00:00Z,534.250000
2025-06-12,2025-06-13T00:00:00Z,526.500000
2025-06-13,2025-06-14T00:00:00Z,543.750000
2025-06-16,2025-06-17T00:00:00Z,536.500000
2025-06-17,2025-06-18T00:00:00Z,549.000000
2025-06-18,2025-06-19T00:00:00Z,574.250000
2025-06-20,2025-06-21T00:00:00Z,567.750000
2025-06-23,2025-06-24T00:00:00Z,552.750000
2025-06-24,2025-06-25T00:00:00Z,535.750000
2025-06-25,2025-06-26T00:00:00Z,528.250000
2025-06-26,2025-06-27T00:00:00Z,521.000000
2025-06-27,2025-06-28T00:00:00Z,524.750000
2025-06-30,2025-07-01T00:00:00Z,528.750000
2025-07-01,2025-07-02T00:00:00Z,537.250000
2025-07-02,2025-07-03T00:00:00Z,556.000000
2025-07-03,2025-07-04T00:00:00Z,547.750000
2025-07-07,2025-07-08T00:00:00Z,539.750000
2025-07-08,2025-07-09T00:00:00Z,543.000000
2025-07-09,2025-07-10T00:00:00Z,542.750000
2025-07-10,2025-07-11T00:00:00Z,550.250000
2025-07-11,2025-07-12T00:00:00Z,540.750000
2025-07-14,2025-07-15T00:00:00Z,534.000000
2025-07-15,2025-07-16T00:00:00Z,538.000000
2025-07-16,2025-07-17T00:00:00Z,541.250000
2025-07-17,2025-07-18T00:00:00Z,533.500000
2025-07-18,2025-07-19T00:00:00Z,546.250000
2025-07-21,2025-07-22T00:00:00Z,542.250000
2025-07-22,2025-07-23T00:00:00Z,549.500000
2025-07-23,2025-07-24T00:00:00Z,540.500000
2025-07-24,2025-07-25T00:00:00Z,541.500000
2025-07-25,2025-07-26T00:00:00Z,538.250000
2025-07-28,2025-07-29T00:00:00Z,538.500000
2025-07-29,2025-07-30T00:00:00Z,529.750000
2025-07-30,2025-07-31T00:00:00Z,523.750000
2025-07-31,2025-08-01T00:00:00Z,523.250000
2025-08-01,2025-08-02T00:00:00Z,516.750000
2025-08-04,2025-08-05T00:00:00Z,516.750000
2025-08-05,2025-08-06T00:00:00Z,508.250000
2025-08-06,2025-08-07T00:00:00Z,508.500000
2025-08-07,2025-08-08T00:00:00Z,518.250000
2025-08-08,2025-08-09T00:00:00Z,514.500000
2025-08-11,2025-08-12T00:00:00Z,515.000000
2025-08-12,2025-08-13T00:00:00Z,505.000000
2025-08-13,2025-08-14T00:00:00Z,507.250000
2025-08-14,2025-08-15T00:00:00Z,503.500000
2025-08-15,2025-08-16T00:00:00Z,506.500000
2025-08-18,2025-08-19T00:00:00Z,502.750000
2025-08-19,2025-08-20T00:00:00Z,498.500000
2025-08-20,2025-08-21T00:00:00Z,505.500000
2025-08-21,2025-08-22T00:00:00Z,507.000000
2025-08-22,2025-08-23T00:00:00Z,504.750000
2025-08-25,2025-08-26T00:00:00Z,506.750000
2025-08-26,2025-08-27T00:00:00Z,509.500000
2025-08-27,2025-08-28T00:00:00Z,502.250000
2025-08-28,2025-08-29T00:00:00Z,510.250000
2025-08-29,2025-08-30T00:00:00Z,518.000000
2025-09-02,2025-09-03T00:00:00Z,513.000000
2025-09-03,2025-09-04T00:00:00Z,504.000000
2025-09-04,2025-09-05T00:00:00Z,502.250000
2025-09-05,2025-09-06T00:00:00Z,501.000000
2025-09-08,2025-09-09T00:00:00Z,505.500000
2025-09-09,2025-09-10T00:00:00Z,500.750000
2025-09-10,2025-09-11T00:00:00Z,495.000000
2025-09-11,2025-09-12T00:00:00Z,503.000000
2025-09-12,2025-09-13T00:00:00Z,503.000000
2025-09-15,2025-09-16T00:00:00Z,525.000000
2025-09-16,2025-09-17T00:00:00Z,534.000000
2025-09-17,2025-09-18T00:00:00Z,528.250000
2025-09-18,2025-09-19T00:00:00Z,524.250000
2025-09-19,2025-09-20T00:00:00Z,522.500000
2025-09-22,2025-09-23T00:00:00Z,510.750000
2025-09-23,2025-09-24T00:00:00Z,520.500000
2025-09-24,2025-09-25T00:00:00Z,519.500000
2025-09-25,2025-09-26T00:00:00Z,527.000000
2025-09-26,2025-09-27T00:00:00Z,519.750000
2025-09-29,2025-09-30T00:00:00Z,519.500000
2025-09-30,2025-10-01T00:00:00Z,508.000000
2025-10-01,2025-10-02T00:00:00Z,509.250000
2025-10-02,2025-10-03T00:00:00Z,514.750000
2025-10-03,2025-10-04T00:00:00Z,515.250000
2025-10-06,2025-10-07T00:00:00Z,512.750000
2025-10-07,2025-10-08T00:00:00Z,506.750000
2025-10-08,2025-10-09T00:00:00Z,507.250000
2025-10-09,2025-10-10T00:00:00Z,506.500000
2025-10-10,2025-10-11T00:00:00Z,498.500000
2025-10-13,2025-10-14T00:00:00Z,496.750000
2025-10-14,2025-10-15T00:00:00Z,500.250000
2025-10-15,2025-10-16T00:00:00Z,498.750000
2025-10-16,2025-10-17T00:00:00Z,502.500000
2025-10-17,2025-10-18T00:00:00Z,503.750000
2025-10-20,2025-10-21T00:00:00Z,504.750000
2025-10-21,2025-10-22T00:00:00Z,500.250000
2025-10-22,2025-10-23T00:00:00Z,503.750000
2025-10-23,2025-10-24T00:00:00Z,513.000000
2025-10-24,2025-10-25T00:00:00Z,512.500000
2025-10-27,2025-10-28T00:00:00Z,526.000000
2025-10-28,2025-10-29T00:00:00Z,529.000000
2025-10-29,2025-10-30T00:00:00Z,532.250000
2025-10-30,2025-10-31T00:00:00Z,524.250000
2025-10-31,2025-11-01T00:00:00Z,534.000000
2025-11-03,2025-11-04T00:00:00Z,543.500000
2025-11-04,2025-11-05T00:00:00Z,550.250000
2025-11-05,2025-11-06T00:00:00Z,554.750000
2025-11-06,2025-11-07T00:00:00Z,535.500000
2025-11-07,2025-11-08T00:00:00Z,527.750000
2025-11-10,2025-11-11T00:00:00Z,535.750000
2025-11-11,2025-11-12T00:00:00Z,536.000000
2025-11-12,2025-11-13T00:00:00Z,536.000000
2025-11-13,2025-11-14T00:00:00Z,535.750000
2025-11-14,2025-11-15T00:00:00Z,527.250000
2025-11-17,2025-11-18T00:00:00Z,544.250000
2025-11-18,2025-11-19T00:00:00Z,546.500000
2025-11-19,2025-11-20T00:00:00Z,536.750000
2025-11-20,2025-11-21T00:00:00Z,527.000000
2025-11-21,2025-11-22T00:00:00Z,527.000000
2025-11-24,2025-11-25T00:00:00Z,522.250000
2025-11-25,2025-11-26T00:00:00Z,527.250000
2025-11-26,2025-11-27T00:00:00Z,529.000000
2025-11-28,2025-11-29T00:00:00Z,531.000000
2025-12-01,2025-12-02T00:00:00Z,530.250000
2025-12-02,2025-12-03T00:00:00Z,537.750000
2025-12-03,2025-12-04T00:00:00Z,537.750000
2025-12-04,2025-12-05T00:00:00Z,541.000000
2025-12-05,2025-12-06T00:00:00Z,537.500000
2025-12-08,2025-12-09T00:00:00Z,536.000000
2025-12-09,2025-12-10T00:00:00Z,536.250000
2025-12-10,2025-12-11T00:00:00Z,531.250000
2025-12-11,2025-12-12T00:00:00Z,534.500000
2025-12-12,2025-12-13T00:00:00Z,534.500000
2025-12-15,2025-12-16T00:00:00Z,520.750000
2025-12-16,2025-12-17T00:00:00Z,509.500000
2025-12-17,2025-12-18T00:00:00Z,506.250000
2025-12-18,2025-12-19T00:00:00Z,507.750000
2025-12-19,2025-12-20T00:00:00Z,509.750000
2025-12-22,2025-12-23T00:00:00Z,515.500000
2025-12-23,2025-12-24T00:00:00Z,517.000000
2025-12-24,2025-12-25T00:00:00Z,521.750000
2025-12-26,2025-12-27T00:00:00Z,519.000000
2025-12-29,2025-12-30T00:00:00Z,513.000000
2025-12-30,2025-12-31T00:00:00Z,510.750000
2025-12-31,2026-01-01T00:00:00Z,507.000000
2026-01-02,2026-01-03T00:00:00Z,506.500000
2026-01-05,2026-01-06T00:00:00Z,512.500000
2026-01-06,2026-01-07T00:00:00Z,510.500000
2026-01-07,2026-01-08T00:00:00Z,518.000000
2026-01-08,2026-01-09T00:00:00Z,518.000000
2026-01-09,2026-01-10T00:00:00Z,517.250000
2026-01-12,2026-01-13T00:00:00Z,511.250000
2026-01-13,2026-01-14T00:00:00Z,510.500000
2026-01-14,2026-01-15T00:00:00Z,512.500000
2026-01-15,2026-01-16T00:00:00Z,510.500000
2026-01-16,2026-01-17T00:00:00Z,518.000000
2026-01-20,2026-01-21T00:00:00Z,510.250000
2026-01-21,2026-01-22T00:00:00Z,507.750000
2026-01-22,2026-01-23T00:00:00Z,515.500000
2026-01-23,2026-01-24T00:00:00Z,529.500000
2026-01-26,2026-01-27T00:00:00Z,522.500000
2026-01-27,2026-01-28T00:00:00Z,523.250000
2026-01-28,2026-01-29T00:00:00Z,536.000000
2026-01-29,2026-01-30T00:00:00Z,541.500000
2026-01-30,2026-01-31T00:00:00Z,538.000000
2026-02-02,2026-02-03T00:00:00Z,527.750000
2026-02-03,2026-02-04T00:00:00Z,528.750000
2026-02-04,2026-02-05T00:00:00Z,526.750000
2026-02-05,2026-02-06T00:00:00Z,535.250000
2026-02-06,2026-02-07T00:00:00Z,529.750000
2026-02-09,2026-02-10T00:00:00Z,528.750000
2026-02-10,2026-02-11T00:00:00Z,528.250000
2026-02-11,2026-02-12T00:00:00Z,537.250000
2026-02-12,2026-02-13T00:00:00Z,552.500000
2026-02-13,2026-02-14T00:00:00Z,548.750000
2026-02-17,2026-02-18T00:00:00Z,537.750000
2026-02-18,2026-02-19T00:00:00Z,547.000000
2026-02-19,2026-02-20T00:00:00Z,559.500000
2026-02-20,2026-02-21T00:00:00Z,573.500000
2026-02-23,2026-02-24T00:00:00Z,569.500000
2026-02-24,2026-02-25T00:00:00Z,567.500000
2026-02-25,2026-02-26T00:00:00Z,565.750000
2026-02-26,2026-02-27T00:00:00Z,571.750000
2026-02-27,2026-02-28T00:00:00Z,591.250000
2026-03-02,2026-03-03T00:00:00Z,574.500000
2026-03-03,2026-03-04T00:00:00Z,572.250000
2026-03-04,2026-03-05T00:00:00Z,566.750000
2026-03-05,2026-03-06T00:00:00Z,582.750000
2026-03-06,2026-03-07T00:00:00Z,611.250000
2026-03-09,2026-03-10T00:00:00Z,598.000000
2026-03-10,2026-03-11T00:00:00Z,584.750000
2026-03-11,2026-03-12T00:00:00Z,588.500000
2026-03-12,2026-03-13T00:00:00Z,592.250000
2026-03-13,2026-03-14T00:00:00Z,618.500000
2026-03-16,2026-03-17T00:00:00Z,597.250000
2026-03-17,2026-03-18T00:00:00Z,589.750000
2026-03-18,2026-03-19T00:00:00Z,604.250000
2026-03-19,2026-03-20T00:00:00Z,608.000000
2026-03-20,2026-03-21T00:00:00Z,595.250000
2026-03-23,2026-03-24T00:00:00Z,587.750000
2026-03-24,2026-03-25T00:00:00Z,590.000000
2026-03-25,2026-03-26T00:00:00Z,597.750000
2026-03-26,2026-03-27T00:00:00Z,605.000000
2026-03-27,2026-03-28T00:00:00Z,605.000000
2026-03-30,2026-03-31T00:00:00Z,607.000000
2026-03-31,2026-04-01T00:00:00Z,616.250000
2026-04-01,2026-04-02T00:00:00Z,597.500000
2026-04-02,2026-04-03T00:00:00Z,598.250000
2026-04-06,2026-04-07T00:00:00Z,595.250000
2026-04-07,2026-04-08T00:00:00Z,598.000000
2026-04-08,2026-04-09T00:00:00Z,580.250000
2026-04-09,2026-04-10T00:00:00Z,574.500000
2026-04-10,2026-04-11T00:00:00Z,571.000000
2026-04-13,2026-04-14T00:00:00Z,582.250000
2026-04-14,2026-04-15T00:00:00Z,592.000000
2026-04-15,2026-04-16T00:00:00Z,593.750000
2026-04-16,2026-04-17T00:00:00Z,598.500000
2026-04-17,2026-04-18T00:00:00Z,591.250000
2026-04-20,2026-04-21T00:00:00Z,597.000000
2026-04-21,2026-04-22T00:00:00Z,605.000000
2026-04-22,2026-04-23T00:00:00Z,599.250000
2026-04-23,2026-04-24T00:00:00Z,610.750000
2026-04-24,2026-04-25T00:00:00Z,608.250000
2026-04-27,2026-04-28T00:00:00Z,621.500000
2026-04-28,2026-04-29T00:00:00Z,649.000000
2026-04-29,2026-04-30T00:00:00Z,642.250000
2026-04-30,2026-05-01T00:00:00Z,623.750000
2026-05-01,2026-05-02T00:00:00Z,624.500000
2026-05-04,2026-05-05T00:00:00Z,629.500000
2026-05-05,2026-05-06T00:00:00Z,616.500000
2026-05-06,2026-05-07T00:00:00Z,606.000000
2026-05-07,2026-05-08T00:00:00Z,601.750000
2026-05-08,2026-05-09T00:00:00Z,607.500000
2026-05-11,2026-05-12T00:00:00Z,622.250000
2026-05-12,2026-05-13T00:00:00Z,665.000000
2026-05-13,2026-05-14T00:00:00Z,665.000000
2026-05-14,2026-05-15T00:00:00Z,647.000000
2026-05-15,2026-05-16T00:00:00Z,635.750000
2026-05-18,2026-05-19T00:00:00Z,664.500000
2026-05-19,2026-05-20T00:00:00Z,667.250000
2026-05-20,2026-05-21T00:00:00Z,660.500000
2026-05-21,2026-05-22T00:00:00Z,647.500000
2026-05-22,2026-05-23T00:00:00Z,646.250000
2026-05-26,2026-05-27T00:00:00Z,635.500000
2026-05-27,2026-05-28T00:00:00Z,622.500000
2026-05-28,2026-05-29T00:00:00Z,624.000000
2026-05-29,2026-05-30T00:00:00Z,610.500000
2026-06-01,2026-06-02T00:00:00Z,608.750000
2026-06-02,2026-06-03T00:00:00Z,603.000000
2026-06-03,2026-06-04T00:00:00Z,587.250000
2026-06-04,2026-06-05T00:00:00Z,581.750000
2026-06-05,2026-06-06T00:00:00Z,580.000000
2026-06-08,2026-06-09T00:00:00Z,583.250000
2026-06-09,2026-06-10T00:00:00Z,585.250000
2026-06-10,2026-06-11T00:00:00Z,587.500000
2026-06-11,2026-06-12T00:00:00Z,586.750000
2026-06-12,2026-06-13T00:00:00Z,584.500000
2026-06-15,2026-06-16T00:00:00Z,589.750000
2026-06-16,2026-06-17T00:00:00Z,596.000000
2026-06-17,2026-06-18T00:00:00Z,612.750000
2026-06-18,2026-06-19T00:00:00Z,605.750000
2026-06-22,2026-06-23T00:00:00Z,597.500000
2026-06-23,2026-06-24T00:00:00Z,586.750000
2026-06-24,2026-06-25T00:00:00Z,585.750000
2026-06-25,2026-06-26T00:00:00Z,591.000000
2026-06-26,2026-06-27T00:00:00Z,578.250000
2026-06-29,2026-06-30T00:00:00Z,569.500000
2026-06-30,2026-07-01T00:00:00Z,580.750000
2026-07-01,2026-07-02T00:00:00Z,592.000000
2026-07-02,2026-07-03T00:00:00Z,590.500000
2026-07-06,2026-07-07T00:00:00Z,606.000000
2026-07-07,2026-07-08T00:00:00Z,609.250000
2026-07-08,2026-07-09T00:00:00Z,599.500000
2026-07-09,2026-07-10T00:00:00Z,611.250000
2026-07-10,2026-07-11T00:00:00Z,632.000000
2026-07-13,2026-07-14T00:00:00Z,627.000000
2026-07-14,2026-07-15T00:00:00Z,631.250000
2026-07-15,2026-07-16T00:00:00Z,664.250000
