observation_date,available_at_utc,xlk_close,xlf_close,xlk_xlf_ratio
2020-01-02,2020-01-03T00:00:00Z,46.695000,31.080000,1.50241312
2020-01-03,2020-01-04T00:00:00Z,46.169998,30.750000,1.50146336
2020-01-06,2020-01-07T00:00:00Z,46.279999,30.730000,1.50602016
2020-01-07,2020-01-08T00:00:00Z,46.259998,30.530001,1.51523083
2020-01-08,2020-01-09T00:00:00Z,46.755001,30.730000,1.52147744
2020-01-09,2020-01-10T00:00:00Z,47.285000,30.920000,1.52926907
2020-01-10,2020-01-11T00:00:00Z,47.174999,30.690001,1.53714560
2020-01-13,2020-01-14T00:00:00Z,47.764999,30.900000,1.54579288
2020-01-14,2020-01-15T00:00:00Z,47.540001,30.840000,1.54150456
2020-01-15,2020-01-16T00:00:00Z,47.595001,30.670000,1.55184223
2020-01-16,2020-01-17T00:00:00Z,48.235001,30.940001,1.55898513
2020-01-17,2020-01-18T00:00:00Z,48.560001,31.030001,1.56493717
2020-01-21,2020-01-22T00:00:00Z,48.540001,30.770000,1.57751057
2020-01-22,2020-01-23T00:00:00Z,48.715000,30.860001,1.57858066
2020-01-23,2020-01-24T00:00:00Z,48.945000,30.780001,1.59015590
2020-01-24,2020-01-25T00:00:00Z,48.715000,30.389999,1.60299444
2020-01-27,2020-01-28T00:00:00Z,47.555000,29.920000,1.58940509
2020-01-28,2020-01-29T00:00:00Z,48.465000,30.270000,1.60109017
2020-01-29,2020-01-30T00:00:00Z,48.590000,30.219999,1.60787562
2020-01-30,2020-01-31T00:00:00Z,49.009998,30.600000,1.60163391
2020-01-31,2020-02-01T00:00:00Z,47.665001,29.959999,1.59095469
2020-02-03,2020-02-04T00:00:00Z,48.294998,30.170000,1.60076228
2020-02-04,2020-02-05T00:00:00Z,49.560001,30.459999,1.62705197
2020-02-05,2020-02-06T00:00:00Z,49.849998,31.070000,1.60444155
2020-02-06,2020-02-07T00:00:00Z,50.305000,31.030001,1.62117303
2020-02-07,2020-02-08T00:00:00Z,49.845001,30.920000,1.61206342
2020-02-10,2020-02-11T00:00:00Z,50.520000,31.010000,1.62915189
2020-02-11,2020-02-12T00:00:00Z,50.349998,31.120001,1.61793050
2020-02-12,2020-02-13T00:00:00Z,50.895000,31.139999,1.63439311
2020-02-13,2020-02-14T00:00:00Z,50.759998,31.129999,1.63058142
2020-02-14,2020-02-15T00:00:00Z,50.980000,31.170000,1.63554698
2020-02-18,2020-02-19T00:00:00Z,50.790001,30.900000,1.64368937
2020-02-19,2020-02-20T00:00:00Z,51.395000,31.129999,1.65097982
2020-02-20,2020-02-21T00:00:00Z,50.860001,31.070000,1.63694886
2020-02-21,2020-02-22T00:00:00Z,49.720001,30.770000,1.61585962
2020-02-24,2020-02-25T00:00:00Z,47.665001,29.770000,1.60110850
2020-02-25,2020-02-26T00:00:00Z,46.139999,28.760000,1.60431151
2020-02-26,2020-02-27T00:00:00Z,46.349998,28.549999,1.62346759
2020-02-27,2020-02-28T00:00:00Z,43.849998,27.330000,1.60446391
2020-02-28,2020-02-29T00:00:00Z,44.185001,26.590000,1.66171497
2020-03-02,2020-03-03T00:00:00Z,46.740002,27.950001,1.67227193
2020-03-03,2020-03-04T00:00:00Z,44.965000,26.900000,1.67156137
2020-03-04,2020-03-05T00:00:00Z,46.895000,27.790001,1.68747747
2020-03-05,2020-03-06T00:00:00Z,45.415001,26.450001,1.71701322
2020-03-06,2020-03-07T00:00:00Z,44.455002,25.549999,1.73992185
2020-03-09,2020-03-10T00:00:00Z,41.080002,22.809999,1.80096461
2020-03-10,2020-03-11T00:00:00Z,43.820000,24.150000,1.81449277
2020-03-11,2020-03-12T00:00:00Z,41.750000,22.840000,1.82793344
2020-03-12,2020-03-13T00:00:00Z,37.674999,20.370001,1.84953351
2020-03-13,2020-03-14T00:00:00Z,42.095001,23.049999,1.82624740
2020-03-16,2020-03-17T00:00:00Z,36.279999,19.889999,1.82403217
2020-03-17,2020-03-18T00:00:00Z,38.750000,20.969999,1.84787798
2020-03-18,2020-03-19T00:00:00Z,37.290001,19.190001,1.94319958
2020-03-19,2020-03-20T00:00:00Z,37.424999,19.610001,1.90846497
2020-03-20,2020-03-21T00:00:00Z,35.709999,18.910000,1.88841879
2020-03-23,2020-03-24T00:00:00Z,35.200001,17.660000,1.99320504
2020-03-24,2020-03-25T00:00:00Z,38.805000,19.850000,1.95491182
2020-03-25,2020-03-26T00:00:00Z,38.755001,20.389999,1.90068672
2020-03-26,2020-03-27T00:00:00Z,41.154999,21.670000,1.89916930
2020-03-27,2020-03-28T00:00:00Z,39.294998,21.010000,1.87029975
2020-03-30,2020-03-31T00:00:00Z,40.950001,21.410000,1.91265769
2020-03-31,2020-04-01T00:00:00Z,40.185001,20.820000,1.93011537
2020-04-01,2020-04-02T00:00:00Z,38.270000,19.549999,1.95754486
2020-04-02,2020-04-03T00:00:00Z,39.165001,20.040001,1.95434127
2020-04-03,2020-04-04T00:00:00Z,38.560001,19.639999,1.96334025
2020-04-06,2020-04-07T00:00:00Z,41.849998,21.049999,1.98812352
2020-04-07,2020-04-08T00:00:00Z,41.474998,21.260000,1.95084657
2020-04-08,2020-04-09T00:00:00Z,42.590000,22.190001,1.91933299
2020-04-09,2020-04-10T00:00:00Z,42.599998,23.379999,1.82207015
2020-04-13,2020-04-14T00:00:00Z,42.695000,22.530001,1.89502878
2020-04-14,2020-04-15T00:00:00Z,44.485001,22.629999,1.96575352
2020-04-15,2020-04-16T00:00:00Z,43.514999,21.650000,2.00993072
2020-04-16,2020-04-17T00:00:00Z,44.044998,21.270000,2.07075680
2020-04-17,2020-04-18T00:00:00Z,44.630001,22.389999,1.99330068
2020-04-20,2020-04-21T00:00:00Z,43.915001,22.000000,1.99613641
2020-04-21,2020-04-22T00:00:00Z,42.075001,21.290001,1.97627989
2020-04-22,2020-04-23T00:00:00Z,43.695000,21.520000,2.03043675
2020-04-23,2020-04-24T00:00:00Z,43.395000,21.430000,2.02496499
2020-04-24,2020-04-25T00:00:00Z,44.314999,21.740000,2.03840842
2020-04-27,2020-04-28T00:00:00Z,44.695000,22.480000,1.98821177
2020-04-28,2020-04-29T00:00:00Z,44.099998,22.719999,1.94102112
2020-04-29,2020-04-30T00:00:00Z,45.910000,23.379999,1.96364420
2020-04-30,2020-05-01T00:00:00Z,45.705002,22.790001,2.00548486
2020-05-01,2020-05-02T00:00:00Z,44.450001,22.059999,2.01495929
2020-05-04,2020-05-05T00:00:00Z,45.040001,21.860001,2.06038425
2020-05-05,2020-05-06T00:00:00Z,45.660000,21.790001,2.09545654
2020-05-06,2020-05-07T00:00:00Z,46.014999,21.320000,2.15830207
2020-05-07,2020-05-08T00:00:00Z,46.705002,21.820000,2.14046757
2020-05-08,2020-05-09T00:00:00Z,47.389999,22.290001,2.12606539
2020-05-11,2020-05-12T00:00:00Z,47.705002,21.860001,2.18229645
2020-05-12,2020-05-13T00:00:00Z,46.720001,21.290001,2.19445745
2020-05-13,2020-05-14T00:00:00Z,45.915001,20.660000,2.22241052
2020-05-14,2020-05-15T00:00:00Z,46.500000,21.190001,2.19443128
2020-05-15,2020-05-16T00:00:00Z,46.735001,21.049999,2.22019013
2020-05-18,2020-05-19T00:00:00Z,47.880001,22.129999,2.16357898
2020-05-19,2020-05-20T00:00:00Z,47.705002,21.590000,2.20958784
2020-05-20,2020-05-21T00:00:00Z,48.750000,22.070000,2.20888086
2020-05-21,2020-05-22T00:00:00Z,48.070000,22.000000,2.18499999
2020-05-22,2020-05-23T00:00:00Z,48.244999,21.920000,2.20095797
2020-05-26,2020-05-27T00:00:00Z,48.195000,23.059999,2.08998269
2020-05-27,2020-05-28T00:00:00Z,48.470001,24.059999,2.01454706
2020-05-28,2020-05-29T00:00:00Z,48.375000,23.680000,2.04286315
2020-05-29,2020-05-30T00:00:00Z,48.985001,23.410000,2.09248189
2020-06-01,2020-06-02T00:00:00Z,48.970001,23.680000,2.06798989
2020-06-02,2020-06-03T00:00:00Z,49.430000,23.870001,2.07080011
2020-06-03,2020-06-04T00:00:00Z,49.814999,24.760000,2.01191430
2020-06-04,2020-06-05T00:00:00Z,49.404999,25.299999,1.95276681
2020-06-05,2020-06-06T00:00:00Z,50.705002,26.240000,1.93235527
2020-06-08,2020-06-09T00:00:00Z,50.959999,26.740000,1.90575914
2020-06-09,2020-06-10T00:00:00Z,51.200001,26.170000,1.95643869
2020-06-10,2020-06-11T00:00:00Z,52.055000,25.190001,2.06649461
2020-06-11,2020-06-12T00:00:00Z,49.070000,23.129999,2.12148731
2020-06-12,2020-06-13T00:00:00Z,49.705002,23.830000,2.08581628
2020-06-15,2020-06-16T00:00:00Z,50.185001,24.160000,2.07719378
2020-06-16,2020-06-17T00:00:00Z,51.255001,24.540001,2.08863077
2020-06-17,2020-06-18T00:00:00Z,51.244999,24.170000,2.12019027
2020-06-18,2020-06-19T00:00:00Z,51.474998,24.139999,2.13235293
2020-06-19,2020-06-20T00:00:00Z,51.119999,23.980000,2.13177648
2020-06-22,2020-06-23T00:00:00Z,51.939999,23.709999,2.19063689
2020-06-23,2020-06-24T00:00:00Z,52.314999,23.820000,2.19626361
2020-06-24,2020-06-25T00:00:00Z,51.134998,22.980000,2.22519579
2020-06-25,2020-06-26T00:00:00Z,51.790001,23.590000,2.19542181
2020-06-26,2020-06-27T00:00:00Z,50.770000,22.580000,2.24844998
2020-06-29,2020-06-30T00:00:00Z,51.325001,22.830000,2.24813846
2020-06-30,2020-07-01T00:00:00Z,52.244999,23.139999,2.25777875
2020-07-01,2020-07-02T00:00:00Z,52.330002,22.940001,2.28116829
2020-07-02,2020-07-03T00:00:00Z,52.634998,22.969999,2.29146713
2020-07-06,2020-07-07T00:00:00Z,53.555000,23.410000,2.28769759
2020-07-07,2020-07-08T00:00:00Z,52.994999,22.930000,2.31116434
2020-07-08,2020-07-09T00:00:00Z,53.860001,23.170000,2.32455764
2020-07-09,2020-07-10T00:00:00Z,54.055000,22.680000,2.38337741
2020-07-10,2020-07-11T00:00:00Z,54.040001,23.459999,2.30349544
2020-07-13,2020-07-14T00:00:00Z,52.919998,23.559999,2.24617994
2020-07-14,2020-07-15T00:00:00Z,53.529999,23.680000,2.26055735
2020-07-15,2020-07-16T00:00:00Z,53.820000,24.150000,2.22857145
2020-07-16,2020-07-17T00:00:00Z,53.154999,24.150000,2.20103518
2020-07-17,2020-07-18T00:00:00Z,53.415001,23.950001,2.23027137
2020-07-20,2020-07-21T00:00:00Z,54.779999,23.840000,2.29781873
2020-07-21,2020-07-22T00:00:00Z,54.230000,24.309999,2.23076926
2020-07-22,2020-07-23T00:00:00Z,54.665001,24.309999,2.24866319
2020-07-23,2020-07-24T00:00:00Z,53.244999,24.330000,2.18845044
2020-07-24,2020-07-25T00:00:00Z,52.599998,24.270000,2.16728461
2020-07-27,2020-07-28T00:00:00Z,53.430000,24.070000,2.21977570
2020-07-28,2020-07-29T00:00:00Z,52.805000,24.010000,2.19929195
2020-07-29,2020-07-30T00:00:00Z,53.570000,24.459999,2.19010637
2020-07-30,2020-07-31T00:00:00Z,53.869999,24.020000,2.24271432
2020-07-31,2020-08-01T00:00:00Z,55.215000,24.030001,2.29775275
2020-08-03,2020-08-04T00:00:00Z,56.575001,24.100000,2.34751037
2020-08-04,2020-08-05T00:00:00Z,56.720001,24.000000,2.36333338
2020-08-05,2020-08-06T00:00:00Z,56.930000,24.330000,2.33990960
2020-08-06,2020-08-07T00:00:00Z,57.730000,24.320000,2.37376646
2020-08-07,2020-08-08T00:00:00Z,56.869999,24.840000,2.28945244
2020-08-10,2020-08-11T00:00:00Z,56.709999,25.020000,2.26658665
2020-08-11,2020-08-12T00:00:00Z,55.689999,25.309999,2.20031607
2020-08-12,2020-08-13T00:00:00Z,56.955002,25.240000,2.25653734
2020-08-13,2020-08-14T00:00:00Z,56.980000,25.080000,2.27192981
2020-08-14,2020-08-15T00:00:00Z,56.939999,25.180000,2.26131842
2020-08-17,2020-08-18T00:00:00Z,57.320000,24.760000,2.31502420
2020-08-18,2020-08-19T00:00:00Z,57.535000,24.600000,2.33882110
2020-08-19,2020-08-20T00:00:00Z,57.465000,24.590000,2.33692557
2020-08-20,2020-08-21T00:00:00Z,58.230000,24.360001,2.39039401
2020-08-21,2020-08-22T00:00:00Z,58.970001,24.309999,2.42575082
2020-08-24,2020-08-25T00:00:00Z,59.480000,24.889999,2.38971479
2020-08-25,2020-08-26T00:00:00Z,59.779999,24.959999,2.39503209
2020-08-26,2020-08-27T00:00:00Z,60.994999,24.840000,2.45551524
2020-08-27,2020-08-28T00:00:00Z,61.044998,25.260000,2.41666657
2020-08-28,2020-08-29T00:00:00Z,61.580002,25.360001,2.42823345
2020-08-31,2020-09-01T00:00:00Z,61.775002,25.059999,2.46508391
2020-09-01,2020-09-02T00:00:00Z,62.955002,25.129999,2.50517326
2020-09-02,2020-09-03T00:00:00Z,63.514999,25.490000,2.49176147
2020-09-03,2020-09-04T00:00:00Z,59.895000,25.100000,2.38625496
2020-09-04,2020-09-05T00:00:00Z,59.060001,25.290001,2.33531037
2020-09-08,2020-09-09T00:00:00Z,56.389999,24.639999,2.28855523
2020-09-09,2020-09-10T00:00:00Z,58.230000,24.889999,2.33949381
2020-09-10,2020-09-11T00:00:00Z,56.915001,24.540001,2.31927460
2020-09-11,2020-09-12T00:00:00Z,56.480000,24.709999,2.28571435
2020-09-14,2020-09-15T00:00:00Z,57.665001,25.049999,2.30199611
2020-09-15,2020-09-16T00:00:00Z,58.235001,24.709999,2.35673827
2020-09-16,2020-09-17T00:00:00Z,57.334999,24.990000,2.29431771
2020-09-17,2020-09-18T00:00:00Z,56.860001,24.730000,2.29923177
2020-09-18,2020-09-19T00:00:00Z,55.880001,24.680000,2.26418154
2020-09-21,2020-09-22T00:00:00Z,56.220001,23.930000,2.34935230
2020-09-22,2020-09-23T00:00:00Z,57.110001,23.730000,2.40665831
2020-09-23,2020-09-24T00:00:00Z,55.330002,23.200001,2.38491379
2020-09-24,2020-09-25T00:00:00Z,55.639999,23.250000,2.39311825
2020-09-25,2020-09-26T00:00:00Z,56.970001,23.490000,2.42528743
2020-09-28,2020-09-29T00:00:00Z,58.060001,24.049999,2.41413735
2020-09-29,2020-09-30T00:00:00Z,57.865002,23.750000,2.43642112
2020-09-30,2020-10-01T00:00:00Z,58.349998,24.070000,2.42417944
2020-10-01,2020-10-02T00:00:00Z,58.965000,24.110001,2.44566564
2020-10-02,2020-10-03T00:00:00Z,57.470001,24.299999,2.36502070
2020-10-05,2020-10-06T00:00:00Z,58.730000,24.700001,2.37773270
2020-10-06,2020-10-07T00:00:00Z,57.820000,24.450001,2.36482609
2020-10-07,2020-10-08T00:00:00Z,58.880001,24.860001,2.36846338
2020-10-08,2020-10-09T00:00:00Z,59.185001,25.200001,2.34861109
2020-10-09,2020-10-10T00:00:00Z,60.090000,25.230000,2.38168852
2020-10-12,2020-10-13T00:00:00Z,61.730000,25.510000,2.41983532
2020-10-13,2020-10-14T00:00:00Z,61.334999,25.020000,2.45143877
2020-10-14,2020-10-15T00:00:00Z,61.009998,24.780001,2.46206605
2020-10-15,2020-10-16T00:00:00Z,60.735001,24.969999,2.43231887
2020-10-16,2020-10-17T00:00:00Z,60.560001,24.990000,2.42336942
2020-10-19,2020-10-20T00:00:00Z,59.450001,24.610001,2.41568465
2020-10-20,2020-10-21T00:00:00Z,59.654999,24.809999,2.40447400
2020-10-21,2020-10-22T00:00:00Z,59.564999,24.680000,2.41349262
2020-10-22,2020-10-23T00:00:00Z,59.285000,25.170000,2.35538338
2020-10-23,2020-10-24T00:00:00Z,59.220001,25.250000,2.34534658
2020-10-26,2020-10-27T00:00:00Z,57.935001,24.680000,2.34744735
2020-10-27,2020-10-28T00:00:00Z,58.224998,24.230000,2.40301278
2020-10-28,2020-10-29T00:00:00Z,55.755001,23.610001,2.36149935
2020-10-29,2020-10-30T00:00:00Z,56.685001,23.790001,2.38272380
2020-10-30,2020-10-31T00:00:00Z,55.430000,23.860001,2.32313491
2020-11-02,2020-11-03T00:00:00Z,55.570000,24.309999,2.28589062
2020-11-03,2020-11-04T00:00:00Z,56.549999,24.850000,2.27565386
2020-11-04,2020-11-05T00:00:00Z,58.750000,24.559999,2.39210103
2020-11-05,2020-11-06T00:00:00Z,60.575001,25.160000,2.40759146
2020-11-06,2020-11-07T00:00:00Z,60.790001,24.959999,2.43549692
2020-11-09,2020-11-10T00:00:00Z,60.349998,27.010000,2.23435757
2020-11-10,2020-11-11T00:00:00Z,59.224998,27.150000,2.18139961
2020-11-11,2020-11-12T00:00:00Z,60.630001,27.040001,2.24223369
2020-11-12,2020-11-13T00:00:00Z,60.090000,26.590000,2.25987213
2020-11-13,2020-11-14T00:00:00Z,60.599998,27.030001,2.24195327
2020-11-16,2020-11-17T00:00:00Z,61.185001,27.629999,2.21444094
2020-11-17,2020-11-18T00:00:00Z,60.845001,27.590000,2.20532805
2020-11-18,2020-11-19T00:00:00Z,60.195000,27.330000,2.20252469
2020-11-19,2020-11-20T00:00:00Z,60.680000,27.420000,2.21298323
2020-11-20,2020-11-21T00:00:00Z,60.055000,27.180000,2.20952905
2020-11-23,2020-11-24T00:00:00Z,60.040001,27.690001,2.16829179
2020-11-24,2020-11-25T00:00:00Z,60.875000,28.660000,2.12404049
2020-11-25,2020-11-26T00:00:00Z,61.005001,28.559999,2.13602949
2020-11-27,2020-11-28T00:00:00Z,61.330002,28.469999,2.15419752
2020-11-30,2020-12-01T00:00:00Z,61.740002,27.879999,2.21449080
2020-12-01,2020-12-02T00:00:00Z,62.529999,28.309999,2.20876015
2020-12-02,2020-12-03T00:00:00Z,62.435001,28.620001,2.18151641
2020-12-03,2020-12-04T00:00:00Z,62.395000,28.629999,2.17935740
2020-12-04,2020-12-05T00:00:00Z,63.020000,28.980000,2.17460322
2020-12-07,2020-12-08T00:00:00Z,63.200001,28.780001,2.19596940
2020-12-08,2020-12-09T00:00:00Z,63.404999,28.770000,2.20385811
2020-12-09,2020-12-10T00:00:00Z,62.189999,28.700001,2.16689885
2020-12-10,2020-12-11T00:00:00Z,62.279999,28.750000,2.16626083
2020-12-11,2020-12-12T00:00:00Z,62.150002,28.459999,2.18376681
2020-12-14,2020-12-15T00:00:00Z,62.375000,28.129999,2.21738364
2020-12-15,2020-12-16T00:00:00Z,63.415001,28.610001,2.21653267
2020-12-16,2020-12-17T00:00:00Z,63.845001,28.660000,2.22766928
2020-12-17,2020-12-18T00:00:00Z,64.349998,28.740000,2.23903963
2020-12-18,2020-12-19T00:00:00Z,64.125000,28.490000,2.25078977
2020-12-21,2020-12-22T00:00:00Z,64.040001,28.719999,2.22980510
2020-12-22,2020-12-23T00:00:00Z,64.595001,28.440001,2.27127286
2020-12-23,2020-12-24T00:00:00Z,64.105003,28.910000,2.21739895
2020-12-24,2020-12-25T00:00:00Z,64.529999,28.950001,2.22901544
2020-12-28,2020-12-29T00:00:00Z,65.260002,29.090000,2.24338267
2020-12-29,2020-12-30T00:00:00Z,64.949997,28.990000,2.24042765
2020-12-30,2020-12-31T00:00:00Z,64.915001,29.120001,2.22922387
2020-12-31,2021-01-01T00:00:00Z,65.010002,29.480000,2.20522399
2021-01-04,2021-01-05T00:00:00Z,63.950001,29.080000,2.19910595
2021-01-05,2021-01-06T00:00:00Z,64.364998,29.209999,2.20352619
2021-01-06,2021-01-07T00:00:00Z,63.255001,30.500000,2.07393446
2021-01-07,2021-01-08T00:00:00Z,64.959999,30.940001,2.09954745
2021-01-08,2021-01-09T00:00:00Z,65.379997,30.920000,2.11448891
2021-01-11,2021-01-12T00:00:00Z,64.839996,31.020000,2.09026420
2021-01-12,2021-01-13T00:00:00Z,64.529999,31.340000,2.05902994
2021-01-13,2021-01-14T00:00:00Z,64.940002,31.320000,2.07343560
2021-01-14,2021-01-15T00:00:00Z,64.370003,31.459999,2.04609042
2021-01-15,2021-01-16T00:00:00Z,63.709999,30.940001,2.05914667
2021-01-19,2021-01-20T00:00:00Z,64.540001,31.020000,2.08059316
2021-01-20,2021-01-21T00:00:00Z,65.820000,30.889999,2.13078669
2021-01-21,2021-01-22T00:00:00Z,66.669998,30.559999,2.18160993
2021-01-22,2021-01-23T00:00:00Z,66.415001,30.340000,2.18902441
2021-01-25,2021-01-26T00:00:00Z,66.970001,30.120001,2.22343955
2021-01-26,2021-01-27T00:00:00Z,67.014999,29.879999,2.24280459
2021-01-27,2021-01-28T00:00:00Z,65.750000,29.000000,2.26724138
2021-01-28,2021-01-29T00:00:00Z,66.019997,29.540001,2.23493550
2021-01-29,2021-01-30T00:00:00Z,64.464996,28.950001,2.22677011
2021-02-01,2021-02-02T00:00:00Z,66.080002,29.330000,2.25298336
2021-02-02,2021-02-03T00:00:00Z,66.974998,30.040001,2.22952718
2021-02-03,2021-02-04T00:00:00Z,66.745003,30.209999,2.20936792
2021-02-04,2021-02-05T00:00:00Z,67.809998,30.879999,2.19591967
2021-02-05,2021-02-06T00:00:00Z,67.660004,30.889999,2.19035303
2021-02-08,2021-02-09T00:00:00Z,68.370003,31.290001,2.18504317
2021-02-09,2021-02-10T00:00:00Z,68.290001,31.299999,2.18178922
2021-02-10,2021-02-11T00:00:00Z,68.190002,31.299999,2.17859438
2021-02-11,2021-02-12T00:00:00Z,68.940002,31.200001,2.20961541
2021-02-12,2021-02-13T00:00:00Z,69.294998,31.520000,2.19844534
2021-02-16,2021-02-17T00:00:00Z,69.070000,32.060001,2.15439790
2021-02-17,2021-02-18T00:00:00Z,68.459999,32.220001,2.12476712
2021-02-18,2021-02-19T00:00:00Z,68.125000,32.029999,2.12691235
2021-02-19,2021-02-20T00:00:00Z,68.025002,32.410000,2.09888929
2021-02-22,2021-02-23T00:00:00Z,66.525002,32.709999,2.03378182
2021-02-23,2021-02-24T00:00:00Z,66.339996,32.910000,2.01580057
2021-02-24,2021-02-25T00:00:00Z,67.355003,33.549999,2.00760074
2021-02-25,2021-02-26T00:00:00Z,65.000000,32.939999,1.97328484
2021-02-26,2021-02-27T00:00:00Z,65.345001,32.310001,2.02243883
2021-03-01,2021-03-02T00:00:00Z,67.449997,33.320000,2.02430965
2021-03-02,2021-03-03T00:00:00Z,66.379997,33.200001,1.99939746
2021-03-03,2021-03-04T00:00:00Z,64.709999,33.459999,1.93395101
2021-03-04,2021-03-05T00:00:00Z,63.279999,33.080002,1.91293819
2021-03-05,2021-03-06T00:00:00Z,64.474998,33.709999,1.91263721
2021-03-08,2021-03-09T00:00:00Z,62.915001,34.139999,1.84285302
2021-03-09,2021-03-10T00:00:00Z,65.055000,33.830002,1.92299724
2021-03-10,2021-03-11T00:00:00Z,64.794998,34.520000,1.87702773
2021-03-11,2021-03-12T00:00:00Z,66.180000,34.419998,1.92271946
2021-03-12,2021-03-13T00:00:00Z,65.705002,34.770000,1.88970380
2021-03-15,2021-03-16T00:00:00Z,66.404999,34.570000,1.92088514
2021-03-16,2021-03-17T00:00:00Z,66.904999,34.209999,1.95571472
2021-03-17,2021-03-18T00:00:00Z,66.849998,34.439999,1.94105694
2021-03-18,2021-03-19T00:00:00Z,64.995003,34.619999,1.87738315
2021-03-19,2021-03-20T00:00:00Z,64.800003,34.220001,1.89362948
2021-03-22,2021-03-23T00:00:00Z,65.934998,33.630001,1.96060052
2021-03-23,2021-03-24T00:00:00Z,65.525002,33.160000,1.97602539
2021-03-24,2021-03-25T00:00:00Z,64.730003,33.279999,1.94501219
2021-03-25,2021-03-26T00:00:00Z,64.690002,33.840000,1.91164309
2021-03-26,2021-03-27T00:00:00Z,66.334999,34.369999,1.93002622
2021-03-29,2021-03-30T00:00:00Z,65.989998,34.070000,1.93689458
2021-03-30,2021-03-31T00:00:00Z,65.364998,34.310001,1.90512956
2021-03-31,2021-04-01T00:00:00Z,66.404999,34.049999,1.95022027
2021-04-01,2021-04-02T00:00:00Z,67.739998,34.470001,1.96518699
2021-04-05,2021-04-06T00:00:00Z,69.139999,34.740002,1.99021290
2021-04-06,2021-04-07T00:00:00Z,68.845001,34.669998,1.98572267
2021-04-07,2021-04-08T00:00:00Z,69.209999,34.840000,1.98650972
2021-04-08,2021-04-09T00:00:00Z,70.209999,34.849998,2.01463421
2021-04-09,2021-04-10T00:00:00Z,70.885002,35.150002,2.01664293
2021-04-12,2021-04-13T00:00:00Z,70.544998,35.299999,1.99844192
2021-04-13,2021-04-14T00:00:00Z,71.209999,34.970001,2.03631675
2021-04-14,2021-04-15T00:00:00Z,70.455002,35.180000,2.00270043
2021-04-15,2021-04-16T00:00:00Z,71.665001,35.150002,2.03883351
2021-04-16,2021-04-17T00:00:00Z,71.650002,35.400002,2.02401126
2021-04-19,2021-04-20T00:00:00Z,71.055000,35.299999,2.01288957
2021-04-20,2021-04-21T00:00:00Z,70.425003,34.639999,2.03305440
2021-04-21,2021-04-22T00:00:00Z,71.135002,35.119999,2.02548418
2021-04-22,2021-04-23T00:00:00Z,70.300003,34.730000,2.02418670
2021-04-23,2021-04-24T00:00:00Z,71.349998,35.380001,2.01667598
2021-04-26,2021-04-27T00:00:00Z,71.714996,35.520000,2.01900325
2021-04-27,2021-04-28T00:00:00Z,71.540001,35.799999,1.99832409
2021-04-28,2021-04-29T00:00:00Z,70.875000,35.939999,1.97203680
2021-04-29,2021-04-30T00:00:00Z,70.815002,36.580002,1.93589390
2021-04-30,2021-05-01T00:00:00Z,69.849998,36.259998,1.92636519
2021-05-03,2021-05-04T00:00:00Z,69.654999,36.439999,1.91149839
2021-05-04,2021-05-05T00:00:00Z,68.404999,36.730000,1.86237407
2021-05-05,2021-05-06T00:00:00Z,68.239998,37.029999,1.84283014
2021-05-06,2021-05-07T00:00:00Z,68.925003,37.580002,1.83408727
2021-05-07,2021-05-08T00:00:00Z,69.514999,37.779999,1.83999475
2021-05-10,2021-05-11T00:00:00Z,67.760002,37.750000,1.79496694
2021-05-11,2021-05-12T00:00:00Z,67.555000,37.080002,1.82187155
2021-05-12,2021-05-13T00:00:00Z,65.654999,36.700001,1.78896451
2021-05-13,2021-05-14T00:00:00Z,66.525002,37.290001,1.78399034
2021-05-14,2021-05-15T00:00:00Z,67.989998,37.880001,1.79487846
2021-05-17,2021-05-18T00:00:00Z,67.489998,37.950001,1.77839253
2021-05-18,2021-05-19T00:00:00Z,66.949997,37.419998,1.78915019
2021-05-19,2021-05-20T00:00:00Z,67.184998,37.189999,1.80653402
2021-05-20,2021-05-21T00:00:00Z,68.470001,37.209999,1.84009683
2021-05-21,2021-05-22T00:00:00Z,68.095001,37.580002,1.81200101
2021-05-24,2021-05-25T00:00:00Z,69.305000,37.759998,1.83540793
2021-05-25,2021-05-26T00:00:00Z,69.324997,37.380001,1.85460126
2021-05-26,2021-05-27T00:00:00Z,69.320000,37.490002,1.84902632
2021-05-27,2021-05-28T00:00:00Z,68.955002,37.919998,1.81843368
2021-05-28,2021-05-29T00:00:00Z,69.199997,37.990002,1.82153182
2021-06-01,2021-06-02T00:00:00Z,68.860001,38.220001,1.80167447
2021-06-02,2021-06-03T00:00:00Z,69.334999,38.279999,1.81125918
2021-06-03,2021-06-04T00:00:00Z,68.690002,38.369999,1.79020079
2021-06-04,2021-06-05T00:00:00Z,70.010002,38.470001,1.81985963
2021-06-07,2021-06-08T00:00:00Z,69.995003,38.220001,1.83137102
2021-06-08,2021-06-09T00:00:00Z,70.000000,38.119999,1.83630645
2021-06-09,2021-06-10T00:00:00Z,70.050003,37.759998,1.85513788
2021-06-10,2021-06-11T00:00:00Z,70.565002,37.320000,1.89080930
2021-06-11,2021-06-12T00:00:00Z,70.985001,37.560001,1.88990943
2021-06-14,2021-06-15T00:00:00Z,71.705002,37.169998,1.92910964
2021-06-15,2021-06-16T00:00:00Z,71.264999,37.240002,1.91366800
2021-06-16,2021-06-17T00:00:00Z,70.879997,37.200001,1.90537623
2021-06-17,2021-06-18T00:00:00Z,71.699997,36.099998,1.98614958
2021-06-18,2021-06-19T00:00:00Z,71.044998,35.230000,2.01660514
2021-06-21,2021-06-22T00:00:00Z,71.675003,35.910000,1.99596222
2021-06-22,2021-06-23T00:00:00Z,72.324997,35.970001,2.01070321
2021-06-23,2021-06-24T00:00:00Z,72.245003,36.040001,2.00457827
2021-06-24,2021-06-25T00:00:00Z,72.699997,36.490002,1.99232649
2021-06-25,2021-06-26T00:00:00Z,72.614998,36.930000,1.96628750
2021-06-28,2021-06-29T00:00:00Z,73.375000,36.660000,2.00150028
2021-06-29,2021-06-30T00:00:00Z,73.910004,36.529999,2.02326871
2021-06-30,2021-07-01T00:00:00Z,73.830002,36.689999,2.01226505
2021-07-01,2021-07-02T00:00:00Z,73.955002,36.980000,1.99986487
2021-07-02,2021-07-03T00:00:00Z,74.930000,36.939999,2.02842456
2021-07-06,2021-07-07T00:00:00Z,75.214996,36.360001,2.06861923
2021-07-07,2021-07-08T00:00:00Z,75.625000,36.410000,2.07703928
2021-07-08,2021-07-09T00:00:00Z,74.910004,35.680000,2.09949560
2021-07-09,2021-07-10T00:00:00Z,75.599998,36.709999,2.05938437
2021-07-12,2021-07-13T00:00:00Z,75.660004,37.070000,2.04100362
2021-07-13,2021-07-14T00:00:00Z,75.970001,36.669998,2.07172089
2021-07-14,2021-07-15T00:00:00Z,76.529999,36.500000,2.09671230
2021-07-15,2021-07-16T00:00:00Z,75.900002,36.619999,2.07263800
2021-07-16,2021-07-17T00:00:00Z,75.150002,36.119999,2.08056489
2021-07-19,2021-07-20T00:00:00Z,74.114998,35.110001,2.11093696
2021-07-20,2021-07-21T00:00:00Z,75.214996,35.980000,2.09046685
2021-07-21,2021-07-22T00:00:00Z,75.940002,36.599998,2.07486354
2021-07-22,2021-07-23T00:00:00Z,76.500000,36.200001,2.11325962
2021-07-23,2021-07-24T00:00:00Z,77.260002,36.259998,2.13072272
2021-07-26,2021-07-27T00:00:00Z,77.220001,36.470001,2.11735669
2021-07-27,2021-07-28T00:00:00Z,76.489998,36.459999,2.09791552
2021-07-28,2021-07-29T00:00:00Z,76.394997,36.410000,2.09818723
2021-07-29,2021-07-30T00:00:00Z,76.750000,36.810001,2.08503116
2021-07-30,2021-07-31T00:00:00Z,76.699997,36.520000,2.10021895
2021-08-02,2021-08-03T00:00:00Z,76.425003,36.529999,2.09211622
2021-08-03,2021-08-04T00:00:00Z,76.915001,36.939999,2.08216036
2021-08-04,2021-08-05T00:00:00Z,77.070000,36.630001,2.10401303
2021-08-05,2021-08-06T00:00:00Z,77.495003,37.110001,2.08825118
2021-08-06,2021-08-07T00:00:00Z,77.430000,37.860001,2.04516638
2021-08-09,2021-08-10T00:00:00Z,77.180000,37.959999,2.03319289
2021-08-10,2021-08-11T00:00:00Z,76.625000,38.360001,1.99752343
2021-08-11,2021-08-12T00:00:00Z,76.635002,38.799999,1.97512896
2021-08-12,2021-08-13T00:00:00Z,77.074997,38.869999,1.98289167
2021-08-13,2021-08-14T00:00:00Z,77.495003,38.580002,2.00868323
2021-08-16,2021-08-17T00:00:00Z,77.845001,38.480000,2.02299902
2021-08-17,2021-08-18T00:00:00Z,77.199997,38.209999,2.02041347
2021-08-18,2021-08-19T00:00:00Z,76.135002,37.740002,2.01735556
2021-08-19,2021-08-20T00:00:00Z,76.879997,37.459999,2.05232245
2021-08-20,2021-08-21T00:00:00Z,77.870003,37.689999,2.06606542
2021-08-23,2021-08-24T00:00:00Z,78.875000,38.000000,2.07565789
2021-08-24,2021-08-25T00:00:00Z,78.785004,38.230000,2.06081623
2021-08-25,2021-08-26T00:00:00Z,78.739998,38.680000,2.03567728
2021-08-26,2021-08-27T00:00:00Z,78.245003,38.490002,2.03286566
2021-08-27,2021-08-28T00:00:00Z,79.000000,39.000000,2.02564103
2021-08-30,2021-08-31T00:00:00Z,79.849998,38.450001,2.07672294
2021-08-31,2021-09-01T00:00:00Z,79.430000,38.400002,2.06848951
2021-09-01,2021-09-02T00:00:00Z,79.449997,38.180000,2.08093233
2021-09-02,2021-09-03T00:00:00Z,79.364998,38.310001,2.07165218
2021-09-03,2021-09-04T00:00:00Z,79.680000,38.070000,2.09298663
2021-09-07,2021-09-08T00:00:00Z,79.699997,37.840000,2.10623670
2021-09-08,2021-09-09T00:00:00Z,79.394997,37.750000,2.10317872
2021-09-09,2021-09-10T00:00:00Z,79.095001,37.860001,2.08914421
2021-09-10,2021-09-11T00:00:00Z,78.315002,37.580002,2.08395419
2021-09-13,2021-09-14T00:00:00Z,78.339996,38.009998,2.06103656
2021-09-14,2021-09-15T00:00:00Z,78.239998,37.500000,2.08639994
2021-09-15,2021-09-16T00:00:00Z,78.925003,37.860001,2.08465404
2021-09-16,2021-09-17T00:00:00Z,78.970001,37.750000,2.09192056
2021-09-17,2021-09-18T00:00:00Z,77.739998,37.580002,2.06865338
2021-09-20,2021-09-21T00:00:00Z,76.190002,36.549999,2.08454183
2021-09-21,2021-09-22T00:00:00Z,76.220001,36.500000,2.08821921
2021-09-22,2021-09-23T00:00:00Z,77.264999,37.110001,2.08205330
2021-09-23,2021-09-24T00:00:00Z,78.300003,38.020000,2.05944245
2021-09-24,2021-09-25T00:00:00Z,78.355003,38.220001,2.05010468
2021-09-27,2021-09-28T00:00:00Z,77.595001,38.740002,2.00296845
2021-09-28,2021-09-29T00:00:00Z,75.294998,38.099998,1.97624675
2021-09-29,2021-09-30T00:00:00Z,75.199997,38.130001,1.97220023
2021-09-30,2021-10-01T00:00:00Z,74.660004,37.529999,1.98934202
2021-10-01,2021-10-02T00:00:00Z,75.785004,38.150002,1.98650067
2021-10-04,2021-10-05T00:00:00Z,74.029999,37.820000,1.95742991
2021-10-05,2021-10-06T00:00:00Z,75.084999,38.560001,1.94722501
2021-10-06,2021-10-07T00:00:00Z,75.574997,38.599998,1.95790155
2021-10-07,2021-10-08T00:00:00Z,76.264999,38.830002,1.96407406
2021-10-08,2021-10-09T00:00:00Z,75.980003,39.020000,1.94720662
2021-10-11,2021-10-12T00:00:00Z,75.559998,38.630001,1.95599263
2021-10-12,2021-10-13T00:00:00Z,75.169998,38.509998,1.95196057
2021-10-13,2021-10-14T00:00:00Z,75.629997,38.290001,1.97518923
2021-10-14,2021-10-15T00:00:00Z,77.334999,38.930000,1.98651422
2021-10-15,2021-10-16T00:00:00Z,77.955002,39.509998,1.97304493
2021-10-18,2021-10-19T00:00:00Z,78.614998,39.520000,1.98924587
2021-10-19,2021-10-20T00:00:00Z,79.394997,39.910000,1.98935096
2021-10-20,2021-10-21T00:00:00Z,79.175003,40.230000,1.96805876
2021-10-21,2021-10-22T00:00:00Z,79.480003,40.060001,1.98402398
2021-10-22,2021-10-23T00:00:00Z,79.205002,40.619999,1.94990162
2021-10-25,2021-10-26T00:00:00Z,79.464996,40.570000,1.95871326
2021-10-26,2021-10-27T00:00:00Z,79.690002,40.599998,1.96280802
2021-10-27,2021-10-28T00:00:00Z,79.620003,39.930000,1.99398954
2021-10-28,2021-10-29T00:00:00Z,80.419998,40.419998,1.98960915
2021-10-29,2021-10-30T00:00:00Z,80.764999,40.259998,2.00608551
2021-11-01,2021-11-02T00:00:00Z,80.644997,40.279999,2.00211021
2021-11-02,2021-11-03T00:00:00Z,81.355003,40.380001,2.01473505
2021-11-03,2021-11-04T00:00:00Z,81.830002,40.529999,2.01899838
2021-11-04,2021-11-05T00:00:00Z,83.110001,40.000000,2.07775002
2021-11-05,2021-11-06T00:00:00Z,83.540001,40.020000,2.08745627
2021-11-08,2021-11-09T00:00:00Z,83.989998,40.240002,2.08722650
2021-11-09,2021-11-10T00:00:00Z,83.644997,40.020000,2.09007985
2021-11-10,2021-11-11T00:00:00Z,82.264999,39.950001,2.05919894
2021-11-11,2021-11-12T00:00:00Z,82.650002,40.060001,2.06315523
2021-11-12,2021-11-13T00:00:00Z,83.654999,40.150002,2.08356153
2021-11-15,2021-11-16T00:00:00Z,83.570000,40.150002,2.08144450
2021-11-16,2021-11-17T00:00:00Z,84.449997,40.110001,2.10545988
2021-11-17,2021-11-18T00:00:00Z,84.195000,39.650002,2.12345514
2021-11-18,2021-11-19T00:00:00Z,85.035004,39.450001,2.15551336
2021-11-19,2021-11-20T00:00:00Z,85.654999,39.020000,2.19515627
2021-11-22,2021-11-23T00:00:00Z,84.699997,39.570000,2.14051043
2021-11-23,2021-11-24T00:00:00Z,84.504997,40.189999,2.10263748
2021-11-24,2021-11-25T00:00:00Z,85.120003,40.099998,2.12269342
2021-11-26,2021-11-27T00:00:00Z,82.995003,38.770000,2.14070162
2021-11-29,2021-11-30T00:00:00Z,85.070000,38.889999,2.18745181
2021-11-30,2021-12-01T00:00:00Z,84.360001,37.959999,2.22233937
2021-12-01,2021-12-02T00:00:00Z,83.205002,37.540001,2.21643580
2021-12-02,2021-12-03T00:00:00Z,83.970001,38.660000,2.17201246
2021-12-03,2021-12-04T00:00:00Z,82.565002,38.029999,2.17104931
2021-12-06,2021-12-07T00:00:00Z,83.349998,38.610001,2.15876709
2021-12-07,2021-12-08T00:00:00Z,86.260002,39.299999,2.19491104
2021-12-08,2021-12-09T00:00:00Z,86.654999,39.090000,2.21680733
2021-12-09,2021-12-10T00:00:00Z,85.720001,39.009998,2.19738541
2021-12-10,2021-12-11T00:00:00Z,87.440002,39.049999,2.23918064
2021-12-13,2021-12-14T00:00:00Z,86.139999,38.630001,2.22987308
2021-12-14,2021-12-15T00:00:00Z,84.724998,38.860001,2.18026241
2021-12-15,2021-12-16T00:00:00Z,86.970001,38.970001,2.23171667
2021-12-16,2021-12-17T00:00:00Z,84.504997,39.459999,2.14153571
2021-12-17,2021-12-18T00:00:00Z,83.940002,38.590000,2.17517497
2021-12-20,2021-12-21T00:00:00Z,82.785004,37.660000,2.19822103
2021-12-21,2021-12-22T00:00:00Z,84.879997,38.439999,2.20811655
2021-12-22,2021-12-23T00:00:00Z,85.989998,38.619999,2.22656655
2021-12-23,2021-12-24T00:00:00Z,86.470001,38.820000,2.22746012
2021-12-27,2021-12-28T00:00:00Z,88.324997,39.220001,2.25203963
2021-12-28,2021-12-29T00:00:00Z,87.864998,39.240002,2.23916906
2021-12-29,2021-12-30T00:00:00Z,87.940002,39.189999,2.24393992
2021-12-30,2021-12-31T00:00:00Z,87.360001,39.119999,2.23312891
2021-12-31,2022-01-01T00:00:00Z,86.934998,39.049999,2.22624838
2022-01-03,2022-01-04T00:00:00Z,87.760002,39.529999,2.22008613
2022-01-04,2022-01-05T00:00:00Z,86.830002,40.570000,2.14025148
2022-01-05,2022-01-06T00:00:00Z,84.160004,40.099998,2.09875329
2022-01-06,2022-01-07T00:00:00Z,83.735001,40.689999,2.05787671
2022-01-07,2022-01-08T00:00:00Z,82.964996,41.169998,2.01518096
2022-01-10,2022-01-11T00:00:00Z,82.980003,41.029999,2.02242276
2022-01-11,2022-01-12T00:00:00Z,83.974998,41.389999,2.02887170
2022-01-12,2022-01-13T00:00:00Z,84.370003,41.419998,2.03693883
2022-01-13,2022-01-14T00:00:00Z,82.184998,41.259998,1.99188078
2022-01-14,2022-01-15T00:00:00Z,82.879997,40.830002,2.02987983
2022-01-18,2022-01-19T00:00:00Z,80.889999,39.919998,2.02630268
2022-01-19,2022-01-20T00:00:00Z,79.760002,39.250000,2.03210197
2022-01-20,2022-01-21T00:00:00Z,78.730003,39.000000,2.01871803
2022-01-21,2022-01-22T00:00:00Z,77.165001,38.200001,2.02002616
2022-01-24,2022-01-25T00:00:00Z,77.565002,38.310001,2.02466718
2022-01-25,2022-01-26T00:00:00Z,75.769997,38.470001,1.96958654
2022-01-26,2022-01-27T00:00:00Z,76.214996,38.570000,1.97601755
2022-01-27,2022-01-28T00:00:00Z,75.690002,38.220001,1.98037677
2022-01-28,2022-01-29T00:00:00Z,79.000000,38.720001,2.04028919
2022-01-31,2022-02-01T00:00:00Z,80.985001,39.060001,2.07334864
2022-02-01,2022-02-02T00:00:00Z,81.195000,39.599998,2.05037886
2022-02-02,2022-02-03T00:00:00Z,81.855003,39.869999,2.05304754
2022-02-03,2022-02-04T00:00:00Z,79.480003,39.430000,2.01572414
2022-02-04,2022-02-05T00:00:00Z,79.800003,40.099998,1.99002509
2022-02-07,2022-02-08T00:00:00Z,79.269997,40.220001,1.97090985
2022-02-08,2022-02-09T00:00:00Z,80.250000,40.779999,1.96787647
2022-02-09,2022-02-10T00:00:00Z,82.029999,41.040001,1.99878160
2022-02-10,2022-02-11T00:00:00Z,79.885002,40.680000,1.96374143
2022-02-11,2022-02-12T00:00:00Z,77.445000,40.110001,1.93081522
2022-02-14,2022-02-15T00:00:00Z,77.419998,39.660000,1.95209275
2022-02-15,2022-02-16T00:00:00Z,79.455002,40.200001,1.97649255
2022-02-16,2022-02-17T00:00:00Z,79.375000,40.230000,1.97303010
2022-02-17,2022-02-18T00:00:00Z,77.000000,39.230000,1.96278361
2022-02-18,2022-02-19T00:00:00Z,76.220001,39.220001,1.94339620
2022-02-22,2022-02-23T00:00:00Z,75.514999,39.020000,1.93528956
2022-02-23,2022-02-24T00:00:00Z,73.625000,38.340000,1.92031820
2022-02-24,2022-02-25T00:00:00Z,76.139999,37.880001,2.01003161
2022-02-25,2022-02-26T00:00:00Z,77.175003,39.099998,1.97378532
2022-02-28,2022-03-01T00:00:00Z,77.035004,38.520000,1.99987027
2022-03-01,2022-03-02T00:00:00Z,75.495003,37.099998,2.03490582
2022-03-02,2022-03-03T00:00:00Z,77.129997,38.060001,2.02653690
2022-03-03,2022-03-04T00:00:00Z,76.209999,37.939999,2.00869799
2022-03-04,2022-03-05T00:00:00Z,74.875000,37.230000,2.01114695
2022-03-07,2022-03-08T00:00:00Z,72.135002,35.869999,2.01101211
2022-03-08,2022-03-09T00:00:00Z,71.785004,35.660000,2.01303993
2022-03-09,2022-03-10T00:00:00Z,74.625000,36.970001,2.01852847
2022-03-10,2022-03-11T00:00:00Z,73.320000,36.660000,2.00000000
2022-03-11,2022-03-12T00:00:00Z,72.029999,36.400002,1.97884604
2022-03-14,2022-03-15T00:00:00Z,70.695000,36.860001,1.91793268
2022-03-15,2022-03-16T00:00:00Z,73.070000,37.380001,1.95478859
2022-03-16,2022-03-17T00:00:00Z,75.445000,38.430000,1.96317978
2022-03-17,2022-03-18T00:00:00Z,75.980003,38.910000,1.95271148
2022-03-18,2022-03-19T00:00:00Z,77.535004,39.000000,1.98807702
2022-03-21,2022-03-22T00:00:00Z,77.245003,38.810001,1.99033754
2022-03-22,2022-03-23T00:00:00Z,78.355003,39.439999,1.98668880
2022-03-23,2022-03-24T00:00:00Z,77.150002,38.709999,1.99302514
2022-03-24,2022-03-25T00:00:00Z,79.154999,39.020000,2.02857503
2022-03-25,2022-03-26T00:00:00Z,79.110001,39.520000,2.00177125
2022-03-28,2022-03-29T00:00:00Z,80.050003,39.410000,2.03121044
2022-03-29,2022-03-30T00:00:00Z,81.750000,39.500000,2.06962025
2022-03-30,2022-03-31T00:00:00Z,80.660004,39.220001,2.05660380
2022-03-31,2022-04-01T00:00:00Z,79.464996,38.320000,2.07372122
2022-04-01,2022-04-02T00:00:00Z,79.230003,38.220001,2.07299845
2022-04-04,2022-04-05T00:00:00Z,80.735001,38.049999,2.12181346
2022-04-05,2022-04-06T00:00:00Z,79.035004,37.810001,2.09032004
2022-04-06,2022-04-07T00:00:00Z,77.165001,37.549999,2.05499341
2022-04-07,2022-04-08T00:00:00Z,77.285004,37.509998,2.06038409
2022-04-08,2022-04-09T00:00:00Z,76.205002,37.889999,2.01121676
2022-04-11,2022-04-12T00:00:00Z,74.285004,37.720001,1.96937967
2022-04-12,2022-04-13T00:00:00Z,73.955002,37.310001,1.98217634
2022-04-13,2022-04-14T00:00:00Z,75.144997,37.310001,2.01407113
2022-04-14,2022-04-15T00:00:00Z,73.320000,36.889999,1.98753052
2022-04-18,2022-04-19T00:00:00Z,73.559998,37.110001,1.98221494
2022-04-19,2022-04-20T00:00:00Z,74.940002,37.619999,1.99202564
2022-04-20,2022-04-21T00:00:00Z,74.870003,37.880001,1.97650477
2022-04-21,2022-04-22T00:00:00Z,73.599998,37.279999,1.97424895
2022-04-22,2022-04-23T00:00:00Z,71.540001,36.169998,1.97788235
2022-04-25,2022-04-26T00:00:00Z,72.614998,36.230000,2.00427819
2022-04-26,2022-04-27T00:00:00Z,69.910004,35.320000,1.97933194
2022-04-27,2022-04-28T00:00:00Z,70.945000,35.290001,2.01034281
2022-04-28,2022-04-29T00:00:00Z,73.785004,35.740002,2.06449357
2022-04-29,2022-04-30T00:00:00Z,70.709999,34.509998,2.04897139
2022-05-02,2022-05-03T00:00:00Z,71.785004,34.520000,2.07951920
2022-05-03,2022-05-04T00:00:00Z,71.910004,34.970001,2.05633403
2022-05-04,2022-05-05T00:00:00Z,74.434998,36.040001,2.06534394
2022-05-05,2022-05-06T00:00:00Z,70.855003,34.990002,2.02500714
2022-05-06,2022-05-07T00:00:00Z,70.285004,34.740002,2.02317214
2022-05-09,2022-05-10T00:00:00Z,67.565002,33.910000,1.99248018
2022-05-10,2022-05-11T00:00:00Z,68.595001,33.610001,2.04091044
2022-05-11,2022-05-12T00:00:00Z,66.430000,33.299999,1.99489495
2022-05-12,2022-05-13T00:00:00Z,65.745003,33.049999,1.98925883
2022-05-13,2022-05-14T00:00:00Z,67.930000,33.529999,2.02594700
2022-05-16,2022-05-17T00:00:00Z,67.330002,33.250000,2.02496246
2022-05-17,2022-05-18T00:00:00Z,69.279999,34.139999,2.02929115
2022-05-18,2022-05-19T00:00:00Z,66.110001,33.200001,1.99126503
2022-05-19,2022-05-20T00:00:00Z,65.385002,32.980000,1.98256528
2022-05-20,2022-05-21T00:00:00Z,65.529999,32.919998,1.99058331
2022-05-23,2022-05-24T00:00:00Z,67.035004,33.990002,1.97219772
2022-05-24,2022-05-25T00:00:00Z,66.040001,33.919998,1.94693409
2022-05-25,2022-05-26T00:00:00Z,66.809998,34.189999,1.95408015
2022-05-26,2022-05-27T00:00:00Z,68.415001,34.980000,1.95583196
2022-05-27,2022-05-28T00:00:00Z,70.730003,35.570000,1.98847354
2022-05-31,2022-06-01T00:00:00Z,70.224998,35.470001,1.97984201
2022-06-01,2022-06-02T00:00:00Z,70.014999,34.900002,2.00616035
2022-06-02,2022-06-03T00:00:00Z,71.709999,35.380001,2.02685124
2022-06-03,2022-06-04T00:00:00Z,69.995003,34.869999,2.00731302
2022-06-06,2022-06-07T00:00:00Z,70.000000,34.970001,2.00171569
2022-06-07,2022-06-08T00:00:00Z,70.834999,35.240002,2.01007366
2022-06-08,2022-06-09T00:00:00Z,70.035004,34.619999,2.02296377
2022-06-09,2022-06-10T00:00:00Z,68.165001,33.750000,2.01970373
2022-06-10,2022-06-11T00:00:00Z,65.544998,32.529999,2.01490933
2022-06-13,2022-06-14T00:00:00Z,62.639999,31.559999,1.98479089
2022-06-14,2022-06-15T00:00:00Z,63.035000,31.290001,2.01454132
2022-06-15,2022-06-16T00:00:00Z,64.364998,31.639999,2.03429201
2022-06-16,2022-06-17T00:00:00Z,61.744999,30.840000,2.00210761
2022-06-17,2022-06-18T00:00:00Z,62.310001,30.930000,2.01454901
2022-06-21,2022-06-22T00:00:00Z,63.730000,31.379999,2.03091145
2022-06-22,2022-06-23T00:00:00Z,63.459999,31.309999,2.02682849
2022-06-23,2022-06-24T00:00:00Z,64.410004,31.190001,2.06508505
2022-06-24,2022-06-25T00:00:00Z,66.724998,32.340000,2.06323433
2022-06-27,2022-06-28T00:00:00Z,66.275002,32.230000,2.05631407
2022-06-28,2022-06-29T00:00:00Z,64.290001,31.910000,2.01472896
2022-06-29,2022-06-30T00:00:00Z,64.419998,31.730000,2.03025525
2022-06-30,2022-07-01T00:00:00Z,63.560001,31.450001,2.02098569
2022-07-01,2022-07-02T00:00:00Z,63.705002,31.879999,1.99827489
2022-07-05,2022-07-06T00:00:00Z,64.504997,31.770000,2.03037445
2022-07-06,2022-07-07T00:00:00Z,65.059998,31.690001,2.05301346
2022-07-07,2022-07-08T00:00:00Z,66.404999,32.150002,2.06547420
2022-07-08,2022-07-09T00:00:00Z,66.434998,32.080002,2.07091626
2022-07-11,2022-07-12T00:00:00Z,65.519997,31.820000,2.05908225
2022-07-12,2022-07-13T00:00:00Z,64.625000,31.620001,2.04380134
2022-07-13,2022-07-14T00:00:00Z,64.455002,31.340000,2.05663693
2022-07-14,2022-07-15T00:00:00Z,65.044998,30.740000,2.11597263
2022-07-15,2022-07-16T00:00:00Z,66.190002,31.780001,2.08275648
2022-07-18,2022-07-19T00:00:00Z,65.550003,31.660000,2.07043599
2022-07-19,2022-07-20T00:00:00Z,67.550003,32.610001,2.07145053
2022-07-20,2022-07-21T00:00:00Z,68.605003,32.730000,2.09608935
2022-07-21,2022-07-22T00:00:00Z,69.570000,32.939999,2.11202194
2022-07-22,2022-07-23T00:00:00Z,68.610001,32.750000,2.09496185
2022-07-25,2022-07-26T00:00:00Z,68.175003,32.959999,2.06841641
2022-07-26,2022-07-27T00:00:00Z,67.070000,32.500000,2.06369230
2022-07-27,2022-07-28T00:00:00Z,69.955002,33.000000,2.11984854
2022-07-28,2022-07-29T00:00:00Z,71.019997,33.240002,2.13658222
2022-07-29,2022-07-30T00:00:00Z,72.110001,33.709999,2.13912793
2022-08-01,2022-08-02T00:00:00Z,71.955002,33.430000,2.15240805
2022-08-02,2022-08-03T00:00:00Z,71.445000,33.060001,2.16107068
2022-08-03,2022-08-04T00:00:00Z,73.345001,33.560001,2.18548862
2022-08-04,2022-08-05T00:00:00Z,73.680000,33.450001,2.20269054
2022-08-05,2022-08-06T00:00:00Z,73.510002,33.689999,2.18195325
2022-08-08,2022-08-09T00:00:00Z,72.885002,33.669998,2.16468685
2022-08-09,2022-08-10T00:00:00Z,72.154999,33.840000,2.13223991
2022-08-10,2022-08-11T00:00:00Z,74.125000,34.599998,2.14234113
2022-08-11,2022-08-12T00:00:00Z,73.834999,35.009998,2.10896894
2022-08-12,2022-08-13T00:00:00Z,75.305000,35.560001,2.11768834
2022-08-15,2022-08-16T00:00:00Z,75.779999,35.549999,2.13164558
2022-08-16,2022-08-17T00:00:00Z,75.574997,35.810001,2.11044384
2022-08-17,2022-08-18T00:00:00Z,75.035004,35.630001,2.10595008
2022-08-18,2022-08-19T00:00:00Z,75.425003,35.669998,2.11452220
2022-08-19,2022-08-20T00:00:00Z,74.055000,34.959999,2.11827810
2022-08-22,2022-08-23T00:00:00Z,71.989998,34.189999,2.10558645
2022-08-23,2022-08-24T00:00:00Z,71.800003,34.049999,2.10866387
2022-08-24,2022-08-25T00:00:00Z,71.845001,34.230000,2.09888993
2022-08-25,2022-08-26T00:00:00Z,73.059998,34.759998,2.10184123
2022-08-26,2022-08-27T00:00:00Z,69.940002,33.720001,2.07413997
2022-08-29,2022-08-30T00:00:00Z,69.014999,33.480000,2.06137994
2022-08-30,2022-08-31T00:00:00Z,68.294998,33.299999,2.05090089
2022-08-31,2022-09-01T00:00:00Z,67.629997,33.049999,2.04629346
2022-09-01,2022-09-02T00:00:00Z,67.300003,33.150002,2.03016591
2022-09-02,2022-09-03T00:00:00Z,66.425003,32.889999,2.01961095
2022-09-06,2022-09-07T00:00:00Z,65.985001,32.810001,2.01112459
2022-09-07,2022-09-08T00:00:00Z,67.040001,33.459999,2.00358645
2022-09-08,2022-09-09T00:00:00Z,67.269997,34.049999,1.97562403
2022-09-09,2022-09-10T00:00:00Z,68.599998,34.360001,1.99650749
2022-09-12,2022-09-13T00:00:00Z,69.699997,34.639999,2.01212466
2022-09-13,2022-09-14T00:00:00Z,66.000000,33.349998,1.97901059
2022-09-14,2022-09-15T00:00:00Z,66.239998,33.250000,1.99218039
2022-09-15,2022-09-16T00:00:00Z,64.714996,33.360001,1.93989794
2022-09-16,2022-09-17T00:00:00Z,64.355003,33.060001,1.94661224
2022-09-19,2022-09-20T00:00:00Z,64.720001,33.259998,1.94588107
2022-09-20,2022-09-21T00:00:00Z,64.339996,32.770000,1.96338100
2022-09-21,2022-09-22T00:00:00Z,63.334999,32.090000,1.97366777
2022-09-22,2022-09-23T00:00:00Z,62.689999,31.549999,1.98700476
2022-09-23,2022-09-24T00:00:00Z,61.869999,31.049999,1.99259261
2022-09-26,2022-09-27T00:00:00Z,61.439999,30.559999,2.01047119
2022-09-27,2022-09-28T00:00:00Z,61.520000,30.430000,2.02168912
2022-09-28,2022-09-29T00:00:00Z,62.169998,31.030001,2.00354485
2022-09-29,2022-09-30T00:00:00Z,60.549999,30.639999,1.97617495
2022-09-30,2022-10-01T00:00:00Z,59.389999,30.360001,1.95619230
2022-10-03,2022-10-04T00:00:00Z,61.230000,31.180000,1.96375879
2022-10-04,2022-10-05T00:00:00Z,63.285000,32.340000,1.95686455
2022-10-05,2022-10-06T00:00:00Z,63.494999,32.090000,1.97865374
2022-10-06,2022-10-07T00:00:00Z,62.974998,31.639999,1.99036029
2022-10-07,2022-10-08T00:00:00Z,60.384998,30.889999,1.95483974
2022-10-10,2022-10-11T00:00:00Z,59.369999,30.750000,1.93073167
2022-10-11,2022-10-12T00:00:00Z,58.459999,30.360001,1.92555988
2022-10-12,2022-10-13T00:00:00Z,58.279999,30.290001,1.92406725
2022-10-13,2022-10-14T00:00:00Z,60.090000,31.540001,1.90519970
2022-10-14,2022-10-15T00:00:00Z,58.400002,31.010000,1.88326350
2022-10-17,2022-10-18T00:00:00Z,60.180000,31.790001,1.89304808
2022-10-18,2022-10-19T00:00:00Z,60.689999,32.299999,1.87894737
2022-10-19,2022-10-20T00:00:00Z,60.514999,31.770000,1.90478434
2022-10-20,2022-10-21T00:00:00Z,60.549999,31.260000,1.93698013
2022-10-21,2022-10-22T00:00:00Z,62.169998,32.189999,1.93134516
2022-10-24,2022-10-25T00:00:00Z,63.029999,32.619999,1.93225018
2022-10-25,2022-10-26T00:00:00Z,64.235001,33.009998,1.94592559
2022-10-26,2022-10-27T00:00:00Z,62.805000,33.090000,1.89800544
2022-10-27,2022-10-28T00:00:00Z,62.090000,33.360001,1.86121100
2022-10-28,2022-10-29T00:00:00Z,64.790001,34.189999,1.89499864
2022-10-31,2022-11-01T00:00:00Z,63.935001,33.980000,1.88154804
2022-11-01,2022-11-02T00:00:00Z,63.400002,34.070000,1.86087473
2022-11-02,2022-11-03T00:00:00Z,61.209999,33.639999,1.81956005
2022-11-03,2022-11-04T00:00:00Z,59.410000,33.299999,1.78408412
2022-11-04,2022-11-05T00:00:00Z,60.494999,33.910000,1.78398700
2022-11-07,2022-11-08T00:00:00Z,61.505001,34.250000,1.79576645
2022-11-08,2022-11-09T00:00:00Z,62.095001,34.450001,1.80246734
2022-11-09,2022-11-10T00:00:00Z,60.480000,33.869999,1.78565106
2022-11-10,2022-11-11T00:00:00Z,65.449997,35.580002,1.83951640
2022-11-11,2022-11-12T00:00:00Z,66.570000,35.869999,1.85586846
2022-11-14,2022-11-15T00:00:00Z,66.000000,35.360001,1.86651580
2022-11-15,2022-11-16T00:00:00Z,66.800003,35.439999,1.88487601
2022-11-16,2022-11-17T00:00:00Z,65.885002,35.270000,1.86801818
2022-11-17,2022-11-18T00:00:00Z,65.970001,35.080002,1.88055866
2022-11-18,2022-11-19T00:00:00Z,66.044998,35.369999,1.86726039
2022-11-21,2022-11-22T00:00:00Z,65.334999,35.480000,1.84145998
2022-11-22,2022-11-23T00:00:00Z,66.599998,35.840000,1.85825888
2022-11-23,2022-11-24T00:00:00Z,67.190002,35.990002,1.86690746
2022-11-25,2022-11-26T00:00:00Z,66.800003,36.110001,1.84990313
2022-11-28,2022-11-29T00:00:00Z,65.370003,35.490002,1.84192729
2022-11-29,2022-11-30T00:00:00Z,64.730003,35.700001,1.81316532
2022-11-30,2022-12-01T00:00:00Z,67.980003,36.310001,1.87221153
2022-12-01,2022-12-02T00:00:00Z,68.074997,36.099998,1.88573407
2022-12-02,2022-12-03T00:00:00Z,67.680000,35.930000,1.88366267
2022-12-05,2022-12-06T00:00:00Z,66.555000,35.040001,1.89940064
2022-12-06,2022-12-07T00:00:00Z,65.129997,34.730000,1.87532387
2022-12-07,2022-12-08T00:00:00Z,64.800003,34.590000,1.87337389
2022-12-08,2022-12-09T00:00:00Z,65.860001,34.619999,1.90236865
2022-12-09,2022-12-10T00:00:00Z,65.455002,34.529999,1.89559815
2022-12-12,2022-12-13T00:00:00Z,66.885002,34.990002,1.91154613
2022-12-13,2022-12-14T00:00:00Z,67.675003,35.080002,1.92916190
2022-12-14,2022-12-15T00:00:00Z,67.105003,34.639999,1.93721145
2022-12-15,2022-12-16T00:00:00Z,64.595001,33.959999,1.90209078
2022-12-16,2022-12-17T00:00:00Z,63.740002,33.700001,1.89139467
2022-12-19,2022-12-20T00:00:00Z,62.709999,33.400002,1.87754480
2022-12-20,2022-12-21T00:00:00Z,62.805000,33.540001,1.87254021
2022-12-21,2022-12-22T00:00:00Z,63.845001,34.060001,1.87448616
2022-12-22,2022-12-23T00:00:00Z,62.235001,33.759998,1.84345390
2022-12-23,2022-12-24T00:00:00Z,62.299999,33.950001,1.83505148
2022-12-27,2022-12-28T00:00:00Z,61.709999,33.939999,1.81820865
2022-12-28,2022-12-29T00:00:00Z,60.715000,33.820000,1.79523952
2022-12-29,2022-12-30T00:00:00Z,62.305000,34.290001,1.81700200
2022-12-30,2022-12-31T00:00:00Z,62.220001,34.200001,1.81929824
2023-01-03,2023-01-04T00:00:00Z,61.630001,34.320000,1.79574597
2023-01-04,2023-01-05T00:00:00Z,61.790001,34.869999,1.77201040
2023-01-05,2023-01-06T00:00:00Z,60.590000,34.610001,1.75065007
2023-01-06,2023-01-07T00:00:00Z,62.365002,35.380001,1.76271904
2023-01-09,2023-01-10T00:00:00Z,63.090000,35.250000,1.78978724
2023-01-10,2023-01-11T00:00:00Z,63.480000,35.450001,1.79069106
2023-01-11,2023-01-12T00:00:00Z,64.580002,35.779999,1.80491906
2023-01-12,2023-01-13T00:00:00Z,65.059998,35.849998,1.81478383
2023-01-13,2023-01-14T00:00:00Z,65.245003,36.119999,1.80634011
2023-01-17,2023-01-18T00:00:00Z,65.540001,35.880001,1.82664434
2023-01-18,2023-01-19T00:00:00Z,64.695000,35.209999,1.83740419
2023-01-19,2023-01-20T00:00:00Z,63.939999,34.799999,1.83735632
2023-01-20,2023-01-21T00:00:00Z,65.669998,35.349998,1.85770866
2023-01-23,2023-01-24T00:00:00Z,67.165001,35.759998,1.87821600
2023-01-24,2023-01-25T00:00:00Z,67.135002,35.779999,1.87632768
2023-01-25,2023-01-26T00:00:00Z,66.995003,36.060001,1.85787577
2023-01-26,2023-01-27T00:00:00Z,68.065002,36.250000,1.87765524
2023-01-27,2023-01-28T00:00:00Z,68.349998,36.250000,1.88551720
2023-01-30,2023-01-31T00:00:00Z,67.044998,36.070000,1.85874685
2023-01-31,2023-02-01T00:00:00Z,67.980003,36.560001,1.85940921
2023-02-01,2023-02-02T00:00:00Z,69.580002,36.560001,1.90317285
2023-02-02,2023-02-03T00:00:00Z,71.480003,36.660000,1.94980916
2023-02-03,2023-02-04T00:00:00Z,70.885002,36.590000,1.93727800
2023-02-06,2023-02-07T00:00:00Z,70.019997,36.580002,1.91416056
2023-02-07,2023-02-08T00:00:00Z,71.769997,37.000000,1.93972964
2023-02-08,2023-02-09T00:00:00Z,70.904999,36.779999,1.92781406
2023-02-09,2023-02-10T00:00:00Z,70.514999,36.369999,1.93882325
2023-02-10,2023-02-11T00:00:00Z,70.190002,36.490002,1.92354067
2023-02-13,2023-02-14T00:00:00Z,71.404999,36.910000,1.93457055
2023-02-14,2023-02-15T00:00:00Z,71.709999,36.709999,1.95341871
2023-02-15,2023-02-16T00:00:00Z,72.044998,36.750000,1.96040811
2023-02-16,2023-02-17T00:00:00Z,70.794998,36.380001,1.94598670
2023-02-17,2023-02-18T00:00:00Z,69.910004,36.389999,1.92113231
2023-02-21,2023-02-22T00:00:00Z,68.250000,35.639999,1.91498320
2023-02-22,2023-02-23T00:00:00Z,68.150002,35.599998,1.91432597
2023-02-23,2023-02-24T00:00:00Z,69.279999,35.630001,1.94442876
2023-02-24,2023-02-25T00:00:00Z,68.044998,35.660000,1.90816036
2023-02-27,2023-02-28T00:00:00Z,68.410004,35.650002,1.91893410
2023-02-28,2023-03-01T00:00:00Z,68.260002,35.720001,1.91097424
2023-03-01,2023-03-02T00:00:00Z,67.760002,35.599998,1.90337093
2023-03-02,2023-03-03T00:00:00Z,68.595001,35.430000,1.93607114
2023-03-03,2023-03-04T00:00:00Z,70.070000,35.990002,1.94692960
2023-03-06,2023-03-07T00:00:00Z,70.404999,36.020000,1.95460849
2023-03-07,2023-03-08T00:00:00Z,69.529999,35.090000,1.98147616
2023-03-08,2023-03-09T00:00:00Z,70.105003,34.959999,2.00529191
2023-03-09,2023-03-10T00:00:00Z,69.099998,33.540001,2.06022649
2023-03-10,2023-03-11T00:00:00Z,67.885002,32.930000,2.06149412
2023-03-13,2023-03-14T00:00:00Z,68.254997,31.629999,2.15791967
2023-03-14,2023-03-15T00:00:00Z,69.830002,32.270000,2.16392937
2023-03-15,2023-03-16T00:00:00Z,69.870003,31.410000,2.22445091
2023-03-16,2023-03-17T00:00:00Z,71.830002,32.009998,2.24398643
2023-03-17,2023-03-18T00:00:00Z,71.730003,30.980000,2.31536489
2023-03-20,2023-03-21T00:00:00Z,71.764999,31.170000,2.30237405
2023-03-21,2023-03-22T00:00:00Z,72.345001,31.959999,2.26361087
2023-03-22,2023-03-23T00:00:00Z,71.625000,31.219999,2.29420248
2023-03-23,2023-03-24T00:00:00Z,72.790001,31.010000,2.34730733
2023-03-24,2023-03-25T00:00:00Z,72.980003,30.990000,2.35495334
2023-03-27,2023-03-28T00:00:00Z,72.415001,31.420000,2.30474223
2023-03-28,2023-03-29T00:00:00Z,72.074997,31.410000,2.29465130
2023-03-29,2023-03-30T00:00:00Z,73.584999,31.870001,2.30891111
2023-03-30,2023-03-31T00:00:00Z,74.440002,31.799999,2.34088064
2023-03-31,2023-04-01T00:00:00Z,75.504997,32.150002,2.34852235
2023-04-03,2023-04-04T00:00:00Z,75.385002,32.209999,2.34042236
2023-04-04,2023-04-05T00:00:00Z,74.970001,31.910000,2.34942029
2023-04-05,2023-04-06T00:00:00Z,74.114998,31.870001,2.32554113
2023-04-06,2023-04-07T00:00:00Z,74.535004,31.990000,2.32994699
2023-04-10,2023-04-11T00:00:00Z,74.495003,32.060001,2.32361196
2023-04-11,2023-04-12T00:00:00Z,73.794998,32.340000,2.28184904
2023-04-12,2023-04-13T00:00:00Z,73.375000,32.270000,2.27378367
2023-04-13,2023-04-14T00:00:00Z,74.739998,32.560001,2.29545438
2023-04-14,2023-04-15T00:00:00Z,74.324997,32.880001,2.26049253
2023-04-17,2023-04-18T00:00:00Z,74.595001,33.259998,2.24278427
2023-04-18,2023-04-19T00:00:00Z,74.824997,33.360001,2.24295550
2023-04-19,2023-04-20T00:00:00Z,74.610001,33.439999,2.23116040
2023-04-20,2023-04-21T00:00:00Z,74.120003,33.340000,2.22315544
2023-04-21,2023-04-22T00:00:00Z,73.879997,33.220001,2.22396130
2023-04-24,2023-04-25T00:00:00Z,73.555000,33.139999,2.21952328
2023-04-25,2023-04-26T00:00:00Z,71.985001,32.570000,2.21016277
2023-04-26,2023-04-27T00:00:00Z,73.055000,32.259998,2.26456925
2023-04-27,2023-04-28T00:00:00Z,74.605003,32.779999,2.27593063
2023-04-28,2023-04-29T00:00:00Z,75.415001,33.169998,2.27359075
2023-05-01,2023-05-02T00:00:00Z,75.459999,33.080002,2.28113648
2023-05-02,2023-05-03T00:00:00Z,74.754997,32.330002,2.31224847
2023-05-03,2023-05-04T00:00:00Z,74.125000,31.959999,2.31930545
2023-05-04,2023-05-05T00:00:00Z,73.769997,31.549999,2.33819329
2023-05-05,2023-05-06T00:00:00Z,75.620003,32.330002,2.33900397
2023-05-08,2023-05-09T00:00:00Z,75.580002,32.380001,2.33415687
2023-05-09,2023-05-10T00:00:00Z,75.000000,32.259998,2.32486063
2023-05-10,2023-05-11T00:00:00Z,75.915001,32.080002,2.36642757
2023-05-11,2023-05-12T00:00:00Z,75.574997,32.029999,2.35950671
2023-05-12,2023-05-13T00:00:00Z,75.474998,31.900000,2.36598744
2023-05-15,2023-05-16T00:00:00Z,76.099998,32.160000,2.36629350
2023-05-16,2023-05-17T00:00:00Z,76.180000,31.860001,2.39108597
2023-05-17,2023-05-18T00:00:00Z,77.195000,32.500000,2.37523076
2023-05-18,2023-05-19T00:00:00Z,78.775002,32.740002,2.40607812
2023-05-19,2023-05-20T00:00:00Z,78.739998,32.599998,2.41533747
2023-05-22,2023-05-23T00:00:00Z,78.889999,32.660000,2.41549295
2023-05-23,2023-05-24T00:00:00Z,77.724998,32.279999,2.40783771
2023-05-24,2023-05-25T00:00:00Z,77.154999,31.860001,2.42168855
2023-05-25,2023-05-26T00:00:00Z,80.114998,31.850000,2.51538452
2023-05-26,2023-05-27T00:00:00Z,82.389999,32.110001,2.56586726
2023-05-30,2023-05-31T00:00:00Z,82.830002,32.099998,2.58037401
2023-05-31,2023-06-01T00:00:00Z,82.139999,31.760000,2.58627200
2023-06-01,2023-06-02T00:00:00Z,82.974998,32.099998,2.58489104
2023-06-02,2023-06-03T00:00:00Z,83.449997,32.799999,2.54420728
2023-06-05,2023-06-06T00:00:00Z,82.970001,32.630001,2.54275202
2023-06-06,2023-06-07T00:00:00Z,82.949997,33.040001,2.51059306
2023-06-07,2023-06-08T00:00:00Z,81.709999,33.169998,2.46337062
2023-06-08,2023-06-09T00:00:00Z,82.595001,33.139999,2.49230545
2023-06-09,2023-06-10T00:00:00Z,83.004997,33.150002,2.50392137
2023-06-12,2023-06-13T00:00:00Z,84.809998,33.139999,2.55914300
2023-06-13,2023-06-14T00:00:00Z,85.324997,33.340000,2.55923805
2023-06-14,2023-06-15T00:00:00Z,86.205002,33.209999,2.59575442
2023-06-15,2023-06-16T00:00:00Z,87.315002,33.650002,2.59479936
2023-06-16,2023-06-17T00:00:00Z,86.595001,33.580002,2.57876702
2023-06-20,2023-06-21T00:00:00Z,85.830002,33.180000,2.58679931
2023-06-21,2023-06-22T00:00:00Z,84.559998,33.139999,2.55159925
2023-06-22,2023-06-23T00:00:00Z,85.250000,32.880001,2.59276147
2023-06-23,2023-06-24T00:00:00Z,84.324997,32.740002,2.57559538
2023-06-26,2023-06-27T00:00:00Z,83.720001,32.669998,2.56259583
2023-06-27,2023-06-28T00:00:00Z,85.370003,32.930000,2.59246893
2023-06-28,2023-06-29T00:00:00Z,85.419998,32.849998,2.60030448
2023-06-29,2023-06-30T00:00:00Z,85.570000,33.419998,2.56044298
2023-06-30,2023-07-01T00:00:00Z,86.930000,33.709999,2.57876009
2023-07-03,2023-07-04T00:00:00Z,86.745003,33.900002,2.55884952
2023-07-05,2023-07-06T00:00:00Z,86.209999,33.830002,2.54832972
2023-07-06,2023-07-07T00:00:00Z,85.980003,33.540001,2.56350629
2023-07-07,2023-07-08T00:00:00Z,85.605003,33.590000,2.54852644
2023-07-10,2023-07-11T00:00:00Z,85.830002,33.740002,2.54386478
2023-07-11,2023-07-12T00:00:00Z,86.014999,34.139999,2.51947864
2023-07-12,2023-07-13T00:00:00Z,86.989998,34.360001,2.53172283
2023-07-13,2023-07-14T00:00:00Z,88.125000,34.480000,2.55582950
2023-07-14,2023-07-15T00:00:00Z,87.995003,34.250000,2.56919716
2023-07-17,2023-07-18T00:00:00Z,89.120003,34.580002,2.57721220
2023-07-18,2023-07-19T00:00:00Z,90.129997,34.970001,2.57735185
2023-07-19,2023-07-20T00:00:00Z,89.904999,35.119999,2.55993740
2023-07-20,2023-07-21T00:00:00Z,88.110001,35.380001,2.49038999
2023-07-21,2023-07-22T00:00:00Z,88.065002,35.259998,2.49758952
2023-07-24,2023-07-25T00:00:00Z,88.220001,35.599998,2.47809003
2023-07-25,2023-07-26T00:00:00Z,89.230003,35.369999,2.52275957
2023-07-26,2023-07-27T00:00:00Z,88.029999,35.580002,2.47414262
2023-07-27,2023-07-28T00:00:00Z,87.775002,35.130001,2.49857668
2023-07-28,2023-07-29T00:00:00Z,88.970001,35.200001,2.52755680
2023-07-31,2023-08-01T00:00:00Z,89.175003,35.330002,2.52405883
2023-08-01,2023-08-02T00:00:00Z,89.324997,35.330002,2.52830434
2023-08-02,2023-08-03T00:00:00Z,87.114998,35.029999,2.48686842
2023-08-03,2023-08-04T00:00:00Z,86.760002,35.049999,2.47532108
2023-08-04,2023-08-05T00:00:00Z,85.580002,34.910000,2.45144664
2023-08-07,2023-08-08T00:00:00Z,85.820000,35.400002,2.42429367
2023-08-08,2023-08-09T00:00:00Z,85.160004,35.080002,2.42759405
2023-08-09,2023-08-10T00:00:00Z,84.059998,34.820000,2.41412976
2023-08-10,2023-08-11T00:00:00Z,84.070000,34.849998,2.41233869
2023-08-11,2023-08-12T00:00:00Z,83.449997,34.919998,2.38974803
2023-08-14,2023-08-15T00:00:00Z,84.779999,34.849998,2.43271169
2023-08-15,2023-08-16T00:00:00Z,83.945000,34.209999,2.45381473
2023-08-16,2023-08-17T00:00:00Z,83.144997,34.160000,2.43398703
2023-08-17,2023-08-18T00:00:00Z,82.355003,33.990002,2.42291848
2023-08-18,2023-08-19T00:00:00Z,82.480003,33.980000,2.42731031
2023-08-21,2023-08-22T00:00:00Z,84.055000,33.939999,2.47657642
2023-08-22,2023-08-23T00:00:00Z,83.959999,33.619999,2.49732307
2023-08-23,2023-08-24T00:00:00Z,85.474998,33.950001,2.51767295
2023-08-24,2023-08-25T00:00:00Z,83.504997,33.830002,2.46837105
2023-08-25,2023-08-26T00:00:00Z,84.355003,33.990002,2.48175932
2023-08-28,2023-08-29T00:00:00Z,85.044998,34.180000,2.48815089
2023-08-29,2023-08-30T00:00:00Z,86.750000,34.490002,2.51522168
2023-08-30,2023-08-31T00:00:00Z,87.404999,34.509998,2.53274422
2023-08-31,2023-09-01T00:00:00Z,87.830002,34.380001,2.55468293
2023-09-01,2023-09-02T00:00:00Z,88.099998,34.689999,2.53963684
2023-09-05,2023-09-06T00:00:00Z,88.415001,34.340000,2.57469425
2023-09-06,2023-09-07T00:00:00Z,87.480003,34.320000,2.54895117
2023-09-07,2023-09-08T00:00:00Z,86.214996,34.230000,2.51869698
2023-09-08,2023-09-09T00:00:00Z,86.394997,34.299999,2.51880462
2023-09-11,2023-09-12T00:00:00Z,86.845001,34.459999,2.52016841
2023-09-12,2023-09-13T00:00:00Z,85.269997,34.689999,2.45805708
2023-09-13,2023-09-14T00:00:00Z,85.485001,34.689999,2.46425494
2023-09-14,2023-09-15T00:00:00Z,86.105003,35.009998,2.45944037
2023-09-15,2023-09-16T00:00:00Z,84.449997,34.830002,2.42463372
2023-09-18,2023-09-19T00:00:00Z,84.675003,34.770000,2.43528910
2023-09-19,2023-09-20T00:00:00Z,84.629997,34.730000,2.43679811
2023-09-20,2023-09-21T00:00:00Z,83.300003,34.490002,2.41519278
2023-09-21,2023-09-22T00:00:00Z,82.029999,33.919998,2.41833736
2023-09-22,2023-09-23T00:00:00Z,82.205002,33.660000,2.44221635
2023-09-25,2023-09-26T00:00:00Z,82.470001,33.740002,2.44427970
2023-09-26,2023-09-27T00:00:00Z,80.985001,33.290001,2.43271248
2023-09-27,2023-09-28T00:00:00Z,81.110001,33.240002,2.44013227
2023-09-28,2023-09-29T00:00:00Z,81.684998,33.480000,2.43981478
2023-09-29,2023-09-30T00:00:00Z,81.964996,33.169998,2.47105821
2023-10-02,2023-10-03T00:00:00Z,82.845001,32.889999,2.51885080
2023-10-03,2023-10-04T00:00:00Z,81.440002,32.369999,2.51590995
2023-10-04,2023-10-05T00:00:00Z,82.455002,32.610001,2.52851887
2023-10-05,2023-10-06T00:00:00Z,82.565002,32.759998,2.52029935
2023-10-06,2023-10-07T00:00:00Z,84.110001,33.040001,2.54570213
2023-10-09,2023-10-10T00:00:00Z,84.544998,33.060001,2.55731986
2023-10-10,2023-10-11T00:00:00Z,84.675003,33.299999,2.54279294
2023-10-11,2023-10-12T00:00:00Z,85.459999,33.349998,2.56251883
2023-10-12,2023-10-13T00:00:00Z,85.540001,33.139999,2.58117087
2023-10-13,2023-10-14T00:00:00Z,84.315002,33.209999,2.53884387
2023-10-16,2023-10-17T00:00:00Z,85.125000,33.560001,2.53650168
2023-10-17,2023-10-18T00:00:00Z,84.730003,33.720001,2.51275208
2023-10-18,2023-10-19T00:00:00Z,83.860001,33.139999,2.53047683
2023-10-19,2023-10-20T00:00:00Z,83.379997,32.700001,2.54984695
2023-10-20,2023-10-21T00:00:00Z,81.970001,32.200001,2.54565215
2023-10-23,2023-10-24T00:00:00Z,82.065002,32.000000,2.56453133
2023-10-24,2023-10-25T00:00:00Z,82.629997,32.220001,2.56455599
2023-10-25,2023-10-26T00:00:00Z,81.654999,32.099998,2.54376955
2023-10-26,2023-10-27T00:00:00Z,80.095001,32.029999,2.50062455
2023-10-27,2023-10-28T00:00:00Z,80.559998,31.450001,2.56152609
2023-10-30,2023-10-31T00:00:00Z,81.425003,32.009998,2.54373656
2023-10-31,2023-11-01T00:00:00Z,82.004997,32.360001,2.53414696
2023-11-01,2023-11-02T00:00:00Z,83.589996,32.570000,2.56647213
2023-11-02,2023-11-03T00:00:00Z,85.004997,33.340000,2.54963998
2023-11-03,2023-11-04T00:00:00Z,85.879997,33.779999,2.54233275
2023-11-06,2023-11-07T00:00:00Z,86.445000,33.680000,2.56665674
2023-11-07,2023-11-08T00:00:00Z,87.389999,33.630001,2.59857260
2023-11-08,2023-11-09T00:00:00Z,87.885002,33.669998,2.61018732
2023-11-09,2023-11-10T00:00:00Z,87.474998,33.529999,2.60885779
2023-11-10,2023-11-11T00:00:00Z,89.760002,33.910000,2.64700686
2023-11-13,2023-11-14T00:00:00Z,89.235001,33.860001,2.63541048
2023-11-14,2023-11-15T00:00:00Z,91.019997,34.500000,2.63826077
2023-11-15,2023-11-16T00:00:00Z,91.135002,34.689999,2.62712614
2023-11-16,2023-11-17T00:00:00Z,91.589996,34.830002,2.62962939
2023-11-17,2023-11-18T00:00:00Z,91.400002,35.009998,2.61068283
2023-11-20,2023-11-21T00:00:00Z,92.724998,35.150002,2.63797993
2023-11-21,2023-11-22T00:00:00Z,91.974998,35.130001,2.61813253
2023-11-22,2023-11-23T00:00:00Z,92.385002,35.270000,2.61936493
2023-11-24,2023-11-25T00:00:00Z,92.205002,35.380001,2.60613338
2023-11-27,2023-11-28T00:00:00Z,92.199997,35.259998,2.61486107
2023-11-28,2023-11-29T00:00:00Z,92.375000,35.250000,2.62056738
2023-11-29,2023-11-30T00:00:00Z,92.445000,35.500000,2.60408450
2023-11-30,2023-12-01T00:00:00Z,92.580002,35.900002,2.57883002
2023-12-01,2023-12-02T00:00:00Z,92.790001,36.169998,2.56538583
2023-12-04,2023-12-05T00:00:00Z,91.660004,36.130001,2.53694993
2023-12-05,2023-12-06T00:00:00Z,92.209999,35.950001,2.56495124
2023-12-06,2023-12-07T00:00:00Z,91.430000,35.770000,2.55605253
2023-12-07,2023-12-08T00:00:00Z,92.540001,35.939999,2.57484709
2023-12-08,2023-12-09T00:00:00Z,93.330002,36.130001,2.58317185
2023-12-11,2023-12-12T00:00:00Z,94.144997,36.349998,2.58995875
2023-12-12,2023-12-13T00:00:00Z,94.769997,36.610001,2.58863685
2023-12-13,2023-12-14T00:00:00Z,95.605003,37.200001,2.57002692
2023-12-14,2023-12-15T00:00:00Z,95.370003,37.570000,2.53846163
2023-12-15,2023-12-16T00:00:00Z,95.849998,37.349998,2.56626512
2023-12-18,2023-12-19T00:00:00Z,95.925003,37.290001,2.57240549
2023-12-19,2023-12-20T00:00:00Z,96.290001,37.570000,2.56294921
2023-12-20,2023-12-21T00:00:00Z,94.834999,36.900002,2.57005407
2023-12-21,2023-12-22T00:00:00Z,95.900002,37.259998,2.57380585
2023-12-22,2023-12-23T00:00:00Z,96.025002,37.340000,2.57163902
2023-12-26,2023-12-27T00:00:00Z,96.425003,37.490002,2.57201917
2023-12-27,2023-12-28T00:00:00Z,96.419998,37.610001,2.56367978
2023-12-28,2023-12-29T00:00:00Z,96.535004,37.720001,2.55925240
2023-12-29,2023-12-30T00:00:00Z,96.239998,37.599998,2.55957452
2024-01-02,2024-01-03T00:00:00Z,93.720001,37.759998,2.48199167
2024-01-03,2024-01-04T00:00:00Z,92.764999,37.439999,2.47769772
2024-01-04,2024-01-05T00:00:00Z,92.084999,37.590000,2.44972064
2024-01-05,2024-01-06T00:00:00Z,92.059998,37.750000,2.43867543
2024-01-08,2024-01-09T00:00:00Z,94.370003,37.990002,2.48407472
2024-01-09,2024-01-10T00:00:00Z,94.519997,37.750000,2.50384097
2024-01-10,2024-01-11T00:00:00Z,95.324997,37.810001,2.52115825
2024-01-11,2024-01-12T00:00:00Z,95.809998,37.669998,2.54340330
2024-01-12,2024-01-13T00:00:00Z,96.120003,37.599998,2.55638316
2024-01-16,2024-01-17T00:00:00Z,96.360001,37.340000,2.58061061
2024-01-17,2024-01-18T00:00:00Z,95.885002,37.270000,2.57271266
2024-01-18,2024-01-19T00:00:00Z,97.830002,37.330002,2.62068034
2024-01-19,2024-01-20T00:00:00Z,100.084999,37.930000,2.63867646
2024-01-22,2024-01-23T00:00:00Z,100.525002,38.110001,2.63775912
2024-01-23,2024-01-24T00:00:00Z,100.930000,38.169998,2.64422335
2024-01-24,2024-01-25T00:00:00Z,101.625000,38.320000,2.65200942
2024-01-25,2024-01-26T00:00:00Z,102.050003,38.509998,2.64996124
2024-01-26,2024-01-27T00:00:00Z,100.875000,38.650002,2.60996109
2024-01-29,2024-01-30T00:00:00Z,101.800003,38.750000,2.62709685
2024-01-30,2024-01-31T00:00:00Z,100.959999,39.240002,2.57288468
2024-01-31,2024-02-01T00:00:00Z,98.839996,38.759998,2.55005162
2024-02-01,2024-02-02T00:00:00Z,100.084999,38.820000,2.57818135
2024-02-02,2024-02-03T00:00:00Z,101.120003,38.980000,2.59415095
2024-02-05,2024-02-06T00:00:00Z,101.349998,38.750000,2.61548383
2024-02-06,2024-02-07T00:00:00Z,100.885002,38.830002,2.59811994
2024-02-07,2024-02-08T00:00:00Z,102.220001,39.119999,2.61298579
2024-02-08,2024-02-09T00:00:00Z,102.540001,38.970001,2.63125475
2024-02-09,2024-02-10T00:00:00Z,103.919998,39.080002,2.65916052
2024-02-12,2024-02-13T00:00:00Z,103.129997,39.259998,2.62684671
2024-02-13,2024-02-14T00:00:00Z,101.379997,38.730000,2.61760905
2024-02-14,2024-02-15T00:00:00Z,102.440002,39.099998,2.61994901
2024-02-15,2024-02-16T00:00:00Z,102.224998,39.770000,2.57040476
2024-02-16,2024-02-17T00:00:00Z,101.285004,39.630001,2.55576586
2024-02-20,2024-02-21T00:00:00Z,100.254997,39.520000,2.53681670
2024-02-21,2024-02-22T00:00:00Z,99.625000,39.639999,2.51324424
2024-02-22,2024-02-23T00:00:00Z,102.885002,40.099998,2.56571087
2024-02-23,2024-02-24T00:00:00Z,102.644997,40.299999,2.54702230
2024-02-26,2024-02-27T00:00:00Z,102.745003,40.099998,2.56221962
2024-02-27,2024-02-28T00:00:00Z,102.834999,40.209999,2.55744843
2024-02-28,2024-02-29T00:00:00Z,102.349998,40.360001,2.53592658
2024-02-29,2024-03-01T00:00:00Z,103.489998,40.340000,2.56544367
2024-03-01,2024-03-02T00:00:00Z,105.379997,40.290001,2.61553723
2024-03-04,2024-03-05T00:00:00Z,105.379997,40.389999,2.60906162
2024-03-05,2024-03-06T00:00:00Z,102.790001,40.400002,2.54430686
2024-03-06,2024-03-07T00:00:00Z,103.605003,40.610001,2.55121896
2024-03-07,2024-03-08T00:00:00Z,105.239998,40.549999,2.59531442
2024-03-08,2024-03-09T00:00:00Z,103.675003,40.619999,2.55231427
2024-03-11,2024-03-12T00:00:00Z,103.389999,40.689999,2.54091922
2024-03-12,2024-03-13T00:00:00Z,105.510002,40.860001,2.58223203
2024-03-13,2024-03-14T00:00:00Z,104.370003,41.160000,2.53571436
2024-03-14,2024-03-15T00:00:00Z,104.389999,40.830002,2.55669838
2024-03-15,2024-03-16T00:00:00Z,102.815002,40.790001,2.52059329
2024-03-18,2024-03-19T00:00:00Z,103.150002,40.869999,2.52385623
2024-03-19,2024-03-20T00:00:00Z,103.684998,41.070000,2.52459212
2024-03-20,2024-03-21T00:00:00Z,104.845001,41.560001,2.52273816
2024-03-21,2024-03-22T00:00:00Z,104.919998,41.900002,2.50405714
2024-03-22,2024-03-23T00:00:00Z,104.955002,41.419998,2.53392097
2024-03-25,2024-03-26T00:00:00Z,104.260002,41.259998,2.52690272
2024-03-26,2024-03-27T00:00:00Z,103.830002,41.400002,2.50797097
2024-03-27,2024-03-28T00:00:00Z,104.360001,41.889999,2.49128675
2024-03-28,2024-03-29T00:00:00Z,104.135002,42.119999,2.47234104
2024-04-01,2024-04-02T00:00:00Z,104.425003,41.889999,2.49283850
2024-04-02,2024-04-03T00:00:00Z,103.419998,41.669998,2.48188151
2024-04-03,2024-04-04T00:00:00Z,103.695000,41.650002,2.48967577
2024-04-04,2024-04-05T00:00:00Z,102.055000,41.180000,2.47826614
2024-04-05,2024-04-06T00:00:00Z,103.224998,41.570000,2.48316091
2024-04-08,2024-04-09T00:00:00Z,103.105003,41.750000,2.46958092
2024-04-09,2024-04-10T00:00:00Z,103.625000,41.509998,2.49638651
2024-04-10,2024-04-11T00:00:00Z,102.355003,40.889999,2.50317938
2024-04-11,2024-04-12T00:00:00Z,104.400002,40.599998,2.57142871
2024-04-12,2024-04-13T00:00:00Z,102.709999,40.060001,2.56390403
2024-04-15,2024-04-16T00:00:00Z,100.760002,39.860001,2.52784748
2024-04-16,2024-04-17T00:00:00Z,100.879997,39.590000,2.54811813
2024-04-17,2024-04-18T00:00:00Z,99.425003,39.689999,2.50503922
2024-04-18,2024-04-19T00:00:00Z,98.290001,39.830002,2.46773780
2024-04-19,2024-04-20T00:00:00Z,96.264999,40.380001,2.38397714
2024-04-22,2024-04-23T00:00:00Z,97.125000,40.869999,2.37643755
2024-04-23,2024-04-24T00:00:00Z,98.565002,41.130001,2.39642596
2024-04-24,2024-04-25T00:00:00Z,99.014999,41.119999,2.40795238
2024-04-25,2024-04-26T00:00:00Z,98.800003,40.880001,2.41682976
2024-04-26,2024-04-27T00:00:00Z,99.915001,40.820000,2.44769725
2024-04-29,2024-04-30T00:00:00Z,100.345001,40.759998,2.46184998
2024-04-30,2024-05-01T00:00:00Z,98.135002,40.360001,2.43149159
2024-05-01,2024-05-02T00:00:00Z,97.129997,40.360001,2.40659058
2024-05-02,2024-05-03T00:00:00Z,98.529999,40.459999,2.43524471
2024-05-03,2024-05-04T00:00:00Z,101.275002,40.549999,2.49753399
2024-05-06,2024-05-07T00:00:00Z,102.464996,41.070000,2.49488671
2024-05-07,2024-05-08T00:00:00Z,102.129997,41.209999,2.47828196
2024-05-08,2024-05-09T00:00:00Z,102.419998,41.360001,2.47630553
2024-05-09,2024-05-10T00:00:00Z,102.389999,41.669998,2.45716352
2024-05-10,2024-05-11T00:00:00Z,102.769997,41.830002,2.45684896
2024-05-13,2024-05-14T00:00:00Z,103.254997,41.660000,2.47851651
2024-05-14,2024-05-15T00:00:00Z,104.169998,41.869999,2.48793888
2024-05-15,2024-05-16T00:00:00Z,106.514999,42.180000,2.52524890
2024-05-16,2024-05-17T00:00:00Z,106.144997,42.180000,2.51647691
2024-05-17,2024-05-18T00:00:00Z,105.910004,42.490002,2.49258648
2024-05-20,2024-05-21T00:00:00Z,107.154999,41.910000,2.55678834
2024-05-21,2024-05-22T00:00:00Z,107.330002,42.180000,2.54457091
2024-05-22,2024-05-23T00:00:00Z,107.570000,41.939999,2.56485463
2024-05-23,2024-05-24T00:00:00Z,106.695000,41.360001,2.57966630
2024-05-24,2024-05-25T00:00:00Z,107.595001,41.610001,2.58579667
2024-05-28,2024-05-29T00:00:00Z,108.050003,41.150002,2.62575939
2024-05-29,2024-05-30T00:00:00Z,107.364998,40.820000,2.63020575
2024-05-30,2024-05-31T00:00:00Z,104.915001,41.040001,2.55640835
2024-05-31,2024-06-01T00:00:00Z,105.080002,41.639999,2.52353514
2024-06-03,2024-06-04T00:00:00Z,105.345001,41.380001,2.54579503
2024-06-04,2024-06-05T00:00:00Z,105.565002,41.189999,2.56287948
2024-06-05,2024-06-06T00:00:00Z,107.910004,41.310001,2.61220044
2024-06-06,2024-06-07T00:00:00Z,107.550003,41.290001,2.60474693
2024-06-07,2024-06-08T00:00:00Z,107.800003,41.480000,2.59884292
2024-06-10,2024-06-11T00:00:00Z,108.074997,41.320000,2.61556142
2024-06-11,2024-06-12T00:00:00Z,110.084999,40.849998,2.69485932
2024-06-12,2024-06-13T00:00:00Z,112.519997,40.810001,2.75716719
2024-06-13,2024-06-14T00:00:00Z,113.410004,40.779999,2.78102028
2024-06-14,2024-06-15T00:00:00Z,113.834999,40.650002,2.80036888
2024-06-17,2024-06-18T00:00:00Z,115.559998,41.009998,2.81784936
2024-06-18,2024-06-19T00:00:00Z,115.705002,41.270000,2.80361038
2024-06-20,2024-06-21T00:00:00Z,114.404999,41.490002,2.75741128
2024-06-21,2024-06-22T00:00:00Z,114.205002,41.330002,2.76324696
2024-06-24,2024-06-25T00:00:00Z,111.209999,41.590000,2.67396005
2024-06-25,2024-06-26T00:00:00Z,113.250000,41.279999,2.74345938
2024-06-26,2024-06-27T00:00:00Z,113.120003,41.020000,2.75767922
2024-06-27,2024-06-28T00:00:00Z,113.175003,40.970001,2.76238710
2024-06-28,2024-06-29T00:00:00Z,113.114998,41.110001,2.75152022
2024-07-01,2024-07-02T00:00:00Z,113.970001,41.200001,2.76626211
2024-07-02,2024-07-03T00:00:00Z,114.540001,41.680000,2.74808062
2024-07-03,2024-07-04T00:00:00Z,116.084999,41.549999,2.79386285
2024-07-05,2024-07-06T00:00:00Z,116.440002,41.540001,2.80308136
2024-07-08,2024-07-09T00:00:00Z,117.235001,41.430000,2.82971276
2024-07-09,2024-07-10T00:00:00Z,117.139999,41.750000,2.80574849
2024-07-10,2024-07-11T00:00:00Z,118.839996,41.910000,2.83560002
2024-07-11,2024-07-12T00:00:00Z,115.864998,42.240002,2.74301594
2024-07-12,2024-07-13T00:00:00Z,116.900002,42.380001,2.75837656
2024-07-15,2024-07-16T00:00:00Z,117.110001,43.000000,2.72348839
2024-07-16,2024-07-17T00:00:00Z,116.720001,43.490002,2.68383529
2024-07-17,2024-07-18T00:00:00Z,112.180000,43.820000,2.56001828
2024-07-18,2024-07-19T00:00:00Z,112.190002,43.290001,2.59159159
2024-07-19,2024-07-20T00:00:00Z,110.434998,42.849998,2.57724624
2024-07-22,2024-07-23T00:00:00Z,113.050003,43.090000,2.62357862
2024-07-23,2024-07-24T00:00:00Z,112.599998,43.169998,2.60829287
2024-07-24,2024-07-25T00:00:00Z,107.940002,42.580002,2.53499290
2024-07-25,2024-07-26T00:00:00Z,106.785004,42.740002,2.49847916
2024-07-26,2024-07-27T00:00:00Z,108.139999,43.410000,2.49113107
2024-07-29,2024-07-30T00:00:00Z,107.660004,43.349998,2.48350652
2024-07-30,2024-07-31T00:00:00Z,104.955002,43.849998,2.39350070
2024-07-31,2024-08-01T00:00:00Z,109.400002,43.740002,2.50114306
2024-08-01,2024-08-02T00:00:00Z,105.320000,43.119999,2.44248614
2024-08-02,2024-08-03T00:00:00Z,102.360001,42.060001,2.43366613
2024-08-05,2024-08-06T00:00:00Z,98.949997,40.840000,2.42286965
2024-08-06,2024-08-07T00:00:00Z,100.294998,41.500000,2.41674694
2024-08-07,2024-08-08T00:00:00Z,98.669998,41.549999,2.37472924
2024-08-08,2024-08-09T00:00:00Z,102.355003,42.220001,2.42432497
2024-08-09,2024-08-10T00:00:00Z,102.815002,42.400002,2.42488205
2024-08-12,2024-08-13T00:00:00Z,103.654999,42.180000,2.45744424
2024-08-13,2024-08-14T00:00:00Z,106.839996,42.529999,2.51210909
2024-08-14,2024-08-15T00:00:00Z,107.425003,43.049999,2.49535435
2024-08-15,2024-08-16T00:00:00Z,110.514999,43.450001,2.54349822
2024-08-16,2024-08-17T00:00:00Z,110.699997,43.770000,2.52912944
2024-08-19,2024-08-20T00:00:00Z,112.525002,44.009998,2.55680540
2024-08-20,2024-08-21T00:00:00Z,112.129997,43.869999,2.55596079
2024-08-21,2024-08-22T00:00:00Z,112.790001,43.799999,2.57511422
2024-08-22,2024-08-23T00:00:00Z,110.195000,44.049999,2.50158914
2024-08-23,2024-08-24T00:00:00Z,111.980003,44.430000,2.52036918
2024-08-26,2024-08-27T00:00:00Z,110.574997,44.570000,2.48092882
2024-08-27,2024-08-28T00:00:00Z,111.245003,44.799999,2.48314743
2024-08-28,2024-08-29T00:00:00Z,109.709999,44.910000,2.44288576
2024-08-29,2024-08-30T00:00:00Z,108.720001,45.310001,2.39947027
2024-08-30,2024-08-31T00:00:00Z,110.165001,45.740002,2.40850452
2024-09-03,2024-09-04T00:00:00Z,105.105003,45.400002,2.31508810
2024-09-04,2024-09-05T00:00:00Z,104.834999,45.450001,2.30660060
2024-09-05,2024-09-06T00:00:00Z,104.675003,44.950001,2.32869858
2024-09-06,2024-09-07T00:00:00Z,101.959999,44.290001,2.30209973
2024-09-09,2024-09-10T00:00:00Z,103.629997,44.950001,2.30545040
2024-09-10,2024-09-11T00:00:00Z,105.180000,44.490002,2.36412669
2024-09-11,2024-09-12T00:00:00Z,108.769997,44.279999,2.45641372
2024-09-12,2024-09-13T00:00:00Z,109.669998,44.380001,2.47115808
2024-09-13,2024-09-14T00:00:00Z,110.220001,44.509998,2.47629758
2024-09-16,2024-09-17T00:00:00Z,109.800003,45.090000,2.43512980
2024-09-17,2024-09-18T00:00:00Z,109.584999,45.330002,2.41749382
2024-09-18,2024-09-19T00:00:00Z,108.584999,45.189999,2.40285467
2024-09-19,2024-09-20T00:00:00Z,111.809998,45.689999,2.44714382
2024-09-20,2024-09-21T00:00:00Z,111.264999,45.660000,2.43681559
2024-09-23,2024-09-24T00:00:00Z,111.044998,45.439999,2.44377204
2024-09-24,2024-09-25T00:00:00Z,111.805000,45.060001,2.48124716
2024-09-25,2024-09-26T00:00:00Z,112.125000,44.790001,2.50334891
2024-09-26,2024-09-27T00:00:00Z,113.610001,45.020000,2.52354508
2024-09-27,2024-09-28T00:00:00Z,112.550003,45.150002,2.49280176
2024-09-30,2024-10-01T00:00:00Z,112.879997,45.320000,2.49073252
2024-10-01,2024-10-02T00:00:00Z,110.129997,45.080002,2.44299008
2024-10-02,2024-10-03T00:00:00Z,110.945000,45.130001,2.45834250
2024-10-03,2024-10-04T00:00:00Z,111.404999,44.889999,2.48173313
2024-10-04,2024-10-05T00:00:00Z,112.644997,45.650002,2.46757925
2024-10-07,2024-10-08T00:00:00Z,111.870003,45.090000,2.48103798
2024-10-08,2024-10-09T00:00:00Z,113.959999,45.349998,2.51289973
2024-10-09,2024-10-10T00:00:00Z,115.235001,45.770000,2.51769717
2024-10-10,2024-10-11T00:00:00Z,115.205002,45.630001,2.52476439
2024-10-11,2024-10-12T00:00:00Z,115.404999,46.509998,2.48129441
2024-10-14,2024-10-15T00:00:00Z,116.910004,46.799999,2.49807704
2024-10-15,2024-10-16T00:00:00Z,114.339996,46.900002,2.43795293
2024-10-16,2024-10-17T00:00:00Z,114.695000,47.480000,2.41564871
2024-10-17,2024-10-18T00:00:00Z,115.044998,47.610001,2.41640405
2024-10-18,2024-10-19T00:00:00Z,115.455002,47.619999,2.42450660
2024-10-21,2024-10-22T00:00:00Z,115.995003,47.240002,2.45544028
2024-10-22,2024-10-23T00:00:00Z,115.875000,47.150002,2.45758210
2024-10-23,2024-10-24T00:00:00Z,114.214996,47.110001,2.42443207
2024-10-24,2024-10-25T00:00:00Z,114.550003,47.150002,2.42948037
2024-10-25,2024-10-26T00:00:00Z,115.144997,46.630001,2.46933292
2024-10-28,2024-10-29T00:00:00Z,115.110001,47.209999,2.43825467
2024-10-29,2024-10-30T00:00:00Z,116.660004,46.919998,2.48635994
2024-10-30,2024-10-31T00:00:00Z,114.805000,47.130001,2.43592187
2024-10-31,2024-11-01T00:00:00Z,111.120003,46.480000,2.39070576
2024-11-01,2024-11-02T00:00:00Z,111.955002,46.639999,2.40040745
2024-11-04,2024-11-05T00:00:00Z,111.870003,46.279999,2.41724299
2024-11-05,2024-11-06T00:00:00Z,113.445000,46.709999,2.42870910
2024-11-06,2024-11-07T00:00:00Z,116.675003,49.549999,2.35469233
2024-11-07,2024-11-08T00:00:00Z,118.709999,48.750000,2.43507690
2024-11-08,2024-11-09T00:00:00Z,118.580002,49.189999,2.41065268
2024-11-11,2024-11-12T00:00:00Z,117.925003,49.889999,2.36370023
2024-11-12,2024-11-13T00:00:00Z,118.074997,49.740002,2.37384385
2024-11-13,2024-11-14T00:00:00Z,117.665001,49.770000,2.36417520
2024-11-14,2024-11-15T00:00:00Z,117.264999,49.639999,2.36230864
2024-11-15,2024-11-16T00:00:00Z,114.355003,49.869999,2.29306208
2024-11-18,2024-11-19T00:00:00Z,114.724998,50.020000,2.29358252
2024-11-19,2024-11-20T00:00:00Z,115.665001,49.689999,2.32773202
2024-11-20,2024-11-21T00:00:00Z,115.565002,49.540001,2.33276141
2024-11-21,2024-11-22T00:00:00Z,116.739998,50.169998,2.32688862
2024-11-22,2024-11-23T00:00:00Z,116.800003,50.730000,2.30238526
2024-11-25,2024-11-26T00:00:00Z,116.794998,51.060001,2.28740687
2024-11-26,2024-11-27T00:00:00Z,117.379997,51.160000,2.29437056
2024-11-27,2024-11-28T00:00:00Z,115.790001,51.259998,2.25887641
2024-11-29,2024-11-30T00:00:00Z,116.864998,51.340000,2.27629524
2024-12-02,2024-12-03T00:00:00Z,117.974998,50.830002,2.32097175
2024-12-03,2024-12-04T00:00:00Z,118.400002,50.450001,2.34687809
2024-12-04,2024-12-05T00:00:00Z,120.565002,50.259998,2.39882623
2024-12-05,2024-12-06T00:00:00Z,119.955002,50.410000,2.37958743
2024-12-06,2024-12-07T00:00:00Z,120.419998,50.400002,2.38928561
2024-12-09,2024-12-10T00:00:00Z,119.635002,49.709999,2.40665871
2024-12-10,2024-12-11T00:00:00Z,117.974998,49.700001,2.37374239
2024-12-11,2024-12-12T00:00:00Z,119.684998,49.799999,2.40331324
2024-12-12,2024-12-13T00:00:00Z,119.014999,49.580002,2.40046380
2024-12-13,2024-12-14T00:00:00Z,119.525002,49.540001,2.41269680
2024-12-16,2024-12-17T00:00:00Z,120.720001,49.450001,2.44125378
2024-12-17,2024-12-18T00:00:00Z,119.989998,49.099998,2.44378822
2024-12-18,2024-12-19T00:00:00Z,116.120003,47.630001,2.43795927
2024-12-19,2024-12-20T00:00:00Z,116.245003,47.799999,2.43190386
2024-12-20,2024-12-21T00:00:00Z,117.980003,48.509998,2.43207601
2024-12-23,2024-12-24T00:00:00Z,119.035004,48.419998,2.45838513
2024-12-24,2024-12-25T00:00:00Z,120.264999,48.990002,2.45488866
2024-12-26,2024-12-27T00:00:00Z,120.345001,49.110001,2.45051924
2024-12-27,2024-12-28T00:00:00Z,118.745003,48.750000,2.43579493
2024-12-30,2024-12-31T00:00:00Z,117.235001,48.279999,2.42823123
2024-12-31,2025-01-01T00:00:00Z,116.260002,48.330002,2.40554516
2025-01-02,2025-01-03T00:00:00Z,115.985001,48.209999,2.40582872
2025-01-03,2025-01-04T00:00:00Z,117.875000,48.590000,2.42591067
2025-01-06,2025-01-07T00:00:00Z,119.375000,48.439999,2.46438900
2025-01-07,2025-01-08T00:00:00Z,116.980003,48.330002,2.42044277
2025-01-08,2025-01-09T00:00:00Z,116.940002,48.490002,2.41163123
2025-01-10,2025-01-11T00:00:00Z,114.389999,47.320000,2.41737109
2025-01-13,2025-01-14T00:00:00Z,113.580002,47.660000,2.38313055
2025-01-14,2025-01-15T00:00:00Z,113.879997,48.250000,2.36020720
2025-01-15,2025-01-16T00:00:00Z,116.144997,49.480000,2.34731200
2025-01-16,2025-01-17T00:00:00Z,115.250000,49.810001,2.31379235
2025-01-17,2025-01-18T00:00:00Z,117.055000,50.230000,2.33038028
2025-01-21,2025-01-22T00:00:00Z,118.029999,50.650002,2.33030593
2025-01-22,2025-01-23T00:00:00Z,120.695000,50.410000,2.39426701
2025-01-23,2025-01-24T00:00:00Z,120.910004,50.700001,2.38481266
2025-01-24,2025-01-25T00:00:00Z,119.650002,50.849998,2.35299912
2025-01-27,2025-01-28T00:00:00Z,113.785004,51.410000,2.21328543
2025-01-28,2025-01-29T00:00:00Z,116.820000,51.320000,2.27630554
2025-01-29,2025-01-30T00:00:00Z,115.870003,51.279999,2.25955549
2025-01-30,2025-01-31T00:00:00Z,116.084999,51.770000,2.24232177
2025-01-31,2025-02-01T00:00:00Z,115.404999,51.470001,2.24217983
2025-02-03,2025-02-04T00:00:00Z,113.849998,51.259998,2.22103009
2025-02-04,2025-02-05T00:00:00Z,115.489998,51.139999,2.25831051
2025-02-05,2025-02-06T00:00:00Z,117.095001,51.680000,2.26577013
2025-02-06,2025-02-07T00:00:00Z,117.415001,52.110001,2.25321435
2025-02-07,2025-02-08T00:00:00Z,116.410004,51.820000,2.24643003
2025-02-10,2025-02-11T00:00:00Z,118.110001,51.410000,2.29741297
2025-02-11,2025-02-12T00:00:00Z,118.165001,51.540001,2.29268527
2025-02-12,2025-02-13T00:00:00Z,117.910004,51.360001,2.29575550
2025-02-13,2025-02-14T00:00:00Z,119.580002,51.700001,2.31295938
2025-02-14,2025-02-15T00:00:00Z,119.985001,51.799999,2.31631279
2025-02-18,2025-02-19T00:00:00Z,121.080002,52.169998,2.32087418
2025-02-19,2025-02-20T00:00:00Z,121.089996,52.189999,2.32017627
2025-02-20,2025-02-21T00:00:00Z,120.705002,51.389999,2.34880333
2025-02-21,2025-02-22T00:00:00Z,117.434998,50.750000,2.31399010
2025-02-24,2025-02-25T00:00:00Z,115.754997,50.970001,2.27104168
2025-02-25,2025-02-26T00:00:00Z,114.254997,50.959999,2.24205258
2025-02-26,2025-02-27T00:00:00Z,115.500000,50.849998,2.27138650
2025-02-27,2025-02-28T00:00:00Z,111.294998,51.130001,2.17670635
2025-02-28,2025-03-01T00:00:00Z,112.764999,52.180000,2.16107702
2025-03-03,2025-03-04T00:00:00Z,109.334999,51.740002,2.11316188
2025-03-04,2025-03-05T00:00:00Z,109.250000,49.919998,2.18850168
2025-03-05,2025-03-06T00:00:00Z,110.785004,50.209999,2.20643309
2025-03-06,2025-03-07T00:00:00Z,107.709999,49.380001,2.18124740
2025-03-07,2025-03-08T00:00:00Z,109.269997,49.119999,2.22455210
2025-03-10,2025-03-11T00:00:00Z,104.625000,48.020000,2.17877965
2025-03-11,2025-03-12T00:00:00Z,104.199997,47.610001,2.18861574
2025-03-12,2025-03-13T00:00:00Z,105.839996,47.680000,2.21979857
2025-03-13,2025-03-14T00:00:00Z,103.830002,47.419998,2.18958258
2025-03-14,2025-03-15T00:00:00Z,106.970001,48.520000,2.20465788
2025-03-17,2025-03-18T00:00:00Z,107.714996,49.090000,2.19423500
2025-03-18,2025-03-19T00:00:00Z,106.074997,49.029999,2.16347134
2025-03-19,2025-03-20T00:00:00Z,107.455002,49.570000,2.16774264
2025-03-20,2025-03-21T00:00:00Z,106.690002,49.639999,2.14927485
2025-03-21,2025-03-22T00:00:00Z,106.980003,49.459999,2.16296008
2025-03-24,2025-03-25T00:00:00Z,108.815002,50.150002,2.16979061
2025-03-25,2025-03-26T00:00:00Z,109.175003,50.430000,2.16488206
2025-03-26,2025-03-27T00:00:00Z,106.739998,50.279999,2.12291170
2025-03-27,2025-03-28T00:00:00Z,105.754997,50.180000,2.10751289
2025-03-28,2025-03-29T00:00:00Z,103.190002,49.209999,2.09693161
2025-03-31,2025-04-01T00:00:00Z,103.239998,49.810001,2.07267607
2025-04-01,2025-04-02T00:00:00Z,103.995003,49.750000,2.09035181
2025-04-02,2025-04-03T00:00:00Z,104.764999,50.160000,2.08861642
2025-04-03,2025-04-04T00:00:00Z,97.614998,47.689999,2.04686519
2025-04-04,2025-04-05T00:00:00Z,91.184998,44.200001,2.06300896
2025-04-07,2025-04-08T00:00:00Z,91.730003,44.090000,2.08051719
2025-04-08,2025-04-09T00:00:00Z,89.864998,43.919998,2.04610659
2025-04-09,2025-04-10T00:00:00Z,101.930000,47.230000,2.15816221
2025-04-10,2025-04-11T00:00:00Z,97.184998,45.910000,2.11685903
2025-04-11,2025-04-12T00:00:00Z,99.175003,46.669998,2.12502693
2025-04-14,2025-04-15T00:00:00Z,100.080002,47.150002,2.12258746
2025-04-15,2025-04-16T00:00:00Z,100.445000,47.270000,2.12492064
2025-04-16,2025-04-17T00:00:00Z,96.955002,46.529999,2.08370953
2025-04-17,2025-04-18T00:00:00Z,96.430000,46.650002,2.06709533
2025-04-21,2025-04-22T00:00:00Z,93.940002,45.650002,2.05783131
2025-04-22,2025-04-23T00:00:00Z,96.230003,47.160000,2.04050050
2025-04-23,2025-04-24T00:00:00Z,99.019997,47.720001,2.07502083
2025-04-24,2025-04-25T00:00:00Z,102.714996,48.250000,2.12880821
2025-04-25,2025-04-26T00:00:00Z,104.235001,48.020000,2.17065805
2025-04-28,2025-04-29T00:00:00Z,104.065002,48.169998,2.16036966
2025-04-29,2025-04-30T00:00:00Z,104.550003,48.669998,2.14814068
2025-04-30,2025-05-01T00:00:00Z,104.985001,48.759998,2.15309689
2025-05-01,2025-05-02T00:00:00Z,106.525002,48.750000,2.18512824
2025-05-02,2025-05-03T00:00:00Z,108.305000,49.759998,2.17654751
2025-05-05,2025-05-06T00:00:00Z,107.730003,49.439999,2.17900498
2025-05-06,2025-05-07T00:00:00Z,106.834999,49.160000,2.17320991
2025-05-07,2025-05-08T00:00:00Z,107.904999,49.450001,2.18210308
2025-05-08,2025-05-09T00:00:00Z,108.934998,49.860001,2.18481741
2025-05-09,2025-05-10T00:00:00Z,108.800003,49.860001,2.18210994
2025-05-12,2025-05-13T00:00:00Z,113.849998,50.869999,2.23805781
2025-05-13,2025-05-14T00:00:00Z,116.309998,51.080002,2.27701632
2025-05-14,2025-05-15T00:00:00Z,117.065002,50.939999,2.29809591
2025-05-15,2025-05-16T00:00:00Z,117.224998,51.279999,2.28597896
2025-05-16,2025-05-17T00:00:00Z,117.445000,51.590000,2.27650706
2025-05-19,2025-05-20T00:00:00Z,117.275002,51.619999,2.27189082
2025-05-20,2025-05-21T00:00:00Z,116.834999,51.340000,2.27571092
2025-05-21,2025-05-22T00:00:00Z,114.639999,50.290001,2.27957839
2025-05-22,2025-05-23T00:00:00Z,114.669998,50.230000,2.28289865
2025-05-23,2025-05-24T00:00:00Z,113.404999,50.049999,2.26583418
2025-05-27,2025-05-28T00:00:00Z,116.099998,50.930000,2.27959941
2025-05-28,2025-05-29T00:00:00Z,115.620003,50.590000,2.28543195
2025-05-29,2025-05-30T00:00:00Z,115.815002,50.849998,2.27758124
2025-05-30,2025-05-31T00:00:00Z,115.455002,50.959999,2.26560055
2025-06-02,2025-06-03T00:00:00Z,116.474998,50.980000,2.28471949
2025-06-03,2025-06-04T00:00:00Z,118.224998,51.080002,2.31450654
2025-06-04,2025-06-05T00:00:00Z,118.400002,50.790001,2.33116754
2025-06-05,2025-06-06T00:00:00Z,118.065002,50.650002,2.33099702
2025-06-06,2025-06-07T00:00:00Z,119.180000,51.279999,2.32410303
2025-06-09,2025-06-10T00:00:00Z,119.764999,51.000000,2.34833332
2025-06-10,2025-06-11T00:00:00Z,120.434998,51.060001,2.35869554
2025-06-11,2025-06-12T00:00:00Z,120.169998,51.000000,2.35627447
2025-06-12,2025-06-13T00:00:00Z,121.285004,51.000000,2.37813733
2025-06-13,2025-06-14T00:00:00Z,119.584999,49.959999,2.39361492
2025-06-16,2025-06-17T00:00:00Z,121.519997,50.529999,2.40490797
2025-06-17,2025-06-18T00:00:00Z,120.660004,50.240002,2.40167197
2025-06-18,2025-06-19T00:00:00Z,120.805000,50.220001,2.40551568
2025-06-20,2025-06-21T00:00:00Z,120.269997,50.360001,2.38820483
2025-06-23,2025-06-24T00:00:00Z,121.440002,50.820000,2.38961045
2025-06-24,2025-06-25T00:00:00Z,123.620003,51.580002,2.39666534
2025-06-25,2025-06-26T00:00:00Z,124.675003,51.410000,2.42511191
2025-06-26,2025-06-27T00:00:00Z,125.535004,51.790001,2.42392357
2025-06-27,2025-06-28T00:00:00Z,125.385002,51.939999,2.41403553
2025-06-30,2025-07-01T00:00:00Z,126.614998,52.369999,2.41770098
2025-07-01,2025-07-02T00:00:00Z,125.485001,52.660000,2.38292824
2025-07-02,2025-07-03T00:00:00Z,126.809998,52.619999,2.40992018
2025-07-03,2025-07-04T00:00:00Z,128.479996,53.189999,2.41549162
2025-07-07,2025-07-08T00:00:00Z,127.459999,52.680000,2.41951402
2025-07-08,2025-07-09T00:00:00Z,128.145004,52.209999,2.45441499
2025-07-09,2025-07-10T00:00:00Z,128.914993,52.400002,2.46020972
2025-07-10,2025-07-11T00:00:00Z,128.490005,52.709999,2.43767801
2025-07-11,2025-07-12T00:00:00Z,127.925003,52.160000,2.45254991
2025-07-14,2025-07-15T00:00:00Z,127.820000,52.549999,2.43235017
2025-07-15,2025-07-16T00:00:00Z,128.955002,51.650002,2.49670858
2025-07-16,2025-07-17T00:00:00Z,129.354996,52.009998,2.48711786
2025-07-17,2025-07-18T00:00:00Z,130.529999,52.509998,2.48581228
2025-07-18,2025-07-19T00:00:00Z,130.445007,52.540001,2.48277512
2025-07-21,2025-07-22T00:00:00Z,130.615005,52.389999,2.49312859
2025-07-22,2025-07-23T00:00:00Z,129.404999,52.680000,2.45643504
2025-07-23,2025-07-24T00:00:00Z,130.145004,53.099998,2.45094177
2025-07-24,2025-07-25T00:00:00Z,130.695007,53.070000,2.46269094
2025-07-25,2025-07-26T00:00:00Z,130.994995,53.439999,2.45125371
2025-07-28,2025-07-29T00:00:00Z,132.039993,53.070000,2.48803456
2025-07-29,2025-07-30T00:00:00Z,132.044998,52.799999,2.50085227
2025-07-30,2025-07-31T00:00:00Z,132.339996,52.700001,2.51119534
2025-07-31,2025-08-01T00:00:00Z,131.369995,52.369999,2.50849719
2025-08-01,2025-08-02T00:00:00Z,128.535004,51.400002,2.50068093
2025-08-04,2025-08-05T00:00:00Z,131.145004,51.910000,2.52639192
2025-08-05,2025-08-06T00:00:00Z,130.059998,51.700001,2.51566723
2025-08-06,2025-08-07T00:00:00Z,131.524994,51.950001,2.53176115
2025-08-07,2025-08-08T00:00:00Z,131.645004,51.369999,2.56268264
2025-08-08,2025-08-09T00:00:00Z,132.960007,51.849998,2.56432036
2025-08-11,2025-08-12T00:00:00Z,132.059998,51.830002,2.54794507
2025-08-12,2025-08-13T00:00:00Z,134.104996,52.459999,2.55632859
2025-08-13,2025-08-14T00:00:00Z,134.154999,52.759998,2.54274077
2025-08-14,2025-08-15T00:00:00Z,133.865005,53.009998,2.52527843
2025-08-15,2025-08-16T00:00:00Z,132.850006,52.459999,2.53240580
2025-08-18,2025-08-19T00:00:00Z,133.134995,52.500000,2.53590466
2025-08-19,2025-08-20T00:00:00Z,130.809998,52.599998,2.48688216
2025-08-20,2025-08-21T00:00:00Z,129.925003,52.869999,2.45744289
2025-08-21,2025-08-22T00:00:00Z,129.455002,52.700001,2.45645161
2025-08-22,2025-08-23T00:00:00Z,131.210007,53.570000,2.44931879
2025-08-25,2025-08-26T00:00:00Z,130.914993,53.259998,2.45803600
2025-08-26,2025-08-27T00:00:00Z,131.514999,53.669998,2.45043793
2025-08-27,2025-08-28T00:00:00Z,132.225006,53.779999,2.45862791
2025-08-28,2025-08-29T00:00:00Z,133.270004,53.849998,2.47483766
2025-08-29,2025-08-30T00:00:00Z,131.225006,53.990002,2.43054273
2025-09-02,2025-09-03T00:00:00Z,129.899994,53.590000,2.42395957
2025-09-03,2025-09-04T00:00:00Z,130.675003,53.500000,2.44252342
2025-09-04,2025-09-05T00:00:00Z,131.320007,54.060001,2.42915287
2025-09-05,2025-09-06T00:00:00Z,131.429993,53.070000,2.47654029
2025-09-08,2025-09-09T00:00:00Z,132.414993,53.110001,2.49322146
2025-09-09,2025-09-10T00:00:00Z,132.669998,53.340000,2.48725155
2025-09-10,2025-09-11T00:00:00Z,135.074997,53.160000,2.54091417
2025-09-11,2025-09-12T00:00:00Z,135.529999,54.029999,2.50842128
2025-09-12,2025-09-13T00:00:00Z,135.440002,53.799999,2.51747220
2025-09-15,2025-09-16T00:00:00Z,136.660004,53.680000,2.54582718
2025-09-16,2025-09-17T00:00:00Z,136.184998,53.560001,2.54266232
2025-09-17,2025-09-18T00:00:00Z,135.714996,54.080002,2.50952278
2025-09-18,2025-09-19T00:00:00Z,138.059998,54.130001,2.55052641
2025-09-19,2025-09-20T00:00:00Z,139.460007,54.250000,2.57069137
2025-09-22,2025-09-23T00:00:00Z,141.330002,54.000000,2.61722226
2025-09-23,2025-09-24T00:00:00Z,140.110001,53.759998,2.60621289
2025-09-24,2025-09-25T00:00:00Z,139.244995,53.610001,2.59736977
2025-09-25,2025-09-26T00:00:00Z,139.000000,53.470001,2.59958849
2025-09-26,2025-09-27T00:00:00Z,139.419998,53.860001,2.58856288
2025-09-29,2025-09-30T00:00:00Z,140.164993,54.130001,2.58941420
2025-09-30,2025-10-01T00:00:00Z,140.929993,53.869999,2.61611278
2025-10-01,2025-10-02T00:00:00Z,142.309998,53.389999,2.66548041
2025-10-02,2025-10-03T00:00:00Z,143.080002,53.349998,2.68191201
2025-10-03,2025-10-04T00:00:00Z,142.360001,53.720001,2.65003718
2025-10-06,2025-10-07T00:00:00Z,143.800003,53.700001,2.67783987
2025-10-07,2025-10-08T00:00:00Z,142.839996,53.770000,2.65649982
2025-10-08,2025-10-09T00:00:00Z,145.345001,53.509998,2.71622138
2025-10-09,2025-10-10T00:00:00Z,145.100006,53.320000,2.72130546
2025-10-10,2025-10-11T00:00:00Z,139.195007,52.160000,2.66861595
2025-10-13,2025-10-14T00:00:00Z,142.585007,52.660000,2.70765300
2025-10-14,2025-10-15T00:00:00Z,140.755005,53.240002,2.64378288
2025-10-15,2025-10-16T00:00:00Z,142.149994,53.240002,2.66998477
2025-10-16,2025-10-17T00:00:00Z,142.255005,51.759998,2.74835799
2025-10-17,2025-10-18T00:00:00Z,142.505005,52.180000,2.73102729
2025-10-20,2025-10-21T00:00:00Z,144.095001,52.790001,2.72958891
2025-10-21,2025-10-22T00:00:00Z,144.169998,52.730000,2.73411719
2025-10-22,2025-10-23T00:00:00Z,142.744995,52.430000,2.72258238
2025-10-23,2025-10-24T00:00:00Z,144.544998,52.540001,2.75114190
2025-10-24,2025-10-25T00:00:00Z,146.789993,53.110001,2.76388612
2025-10-27,2025-10-28T00:00:00Z,149.500000,53.330002,2.80330011
2025-10-28,2025-10-29T00:00:00Z,150.979996,52.990002,2.84921666
2025-10-29,2025-10-30T00:00:00Z,152.065002,52.090000,2.91927437
2025-10-30,2025-10-31T00:00:00Z,150.195007,52.230000,2.87564635
2025-10-31,2025-11-01T00:00:00Z,150.339996,52.369999,2.87072750
2025-11-03,2025-11-04T00:00:00Z,150.955002,52.150002,2.89463082
2025-11-04,2025-11-05T00:00:00Z,146.970001,52.419998,2.80370100
2025-11-05,2025-11-06T00:00:00Z,147.544998,52.599998,2.80503807
2025-11-06,2025-11-07T00:00:00Z,144.580002,52.410000,2.75863389
2025-11-07,2025-11-08T00:00:00Z,144.080002,52.779999,2.72982200
2025-11-10,2025-11-11T00:00:00Z,147.764999,52.970001,2.78959781
2025-11-11,2025-11-12T00:00:00Z,146.505005,53.209999,2.75333598
2025-11-12,2025-11-13T00:00:00Z,146.960007,53.669998,2.73821524
2025-11-13,2025-11-14T00:00:00Z,143.294998,52.980000,2.70469988
2025-11-14,2025-11-15T00:00:00Z,144.074997,52.450001,2.74690171
2025-11-17,2025-11-18T00:00:00Z,141.820007,51.450001,2.75646269
2025-11-18,2025-11-19T00:00:00Z,139.514999,51.369999,2.71588480
2025-11-19,2025-11-20T00:00:00Z,140.485001,51.560001,2.72468962
2025-11-20,2025-11-21T00:00:00Z,136.074997,51.110001,2.66239474
2025-11-21,2025-11-22T00:00:00Z,136.600006,51.669998,2.64370062
2025-11-24,2025-11-25T00:00:00Z,139.854996,51.889999,2.69522061
2025-11-25,2025-11-26T00:00:00Z,140.229996,52.540001,2.66901396
2025-11-26,2025-11-27T00:00:00Z,141.889999,52.950001,2.67969778
2025-11-28,2025-11-29T00:00:00Z,143.110001,53.330002,2.68348014
2025-12-01,2025-12-02T00:00:00Z,143.175003,52.889999,2.70703355
2025-12-02,2025-12-03T00:00:00Z,144.649994,52.840000,2.73750934
2025-12-03,2025-12-04T00:00:00Z,144.994995,53.549999,2.70765634
2025-12-04,2025-12-05T00:00:00Z,145.535004,53.660000,2.71216929
2025-12-05,2025-12-06T00:00:00Z,146.600006,53.680000,2.73099861
2025-12-08,2025-12-09T00:00:00Z,147.630005,53.480000,2.76047132
2025-12-09,2025-12-10T00:00:00Z,148.020004,53.279999,2.77815330
2025-12-10,2025-12-11T00:00:00Z,148.729996,53.889999,2.75988119
2025-12-11,2025-12-12T00:00:00Z,147.970001,54.869999,2.69673782
2025-12-12,2025-12-13T00:00:00Z,143.690002,54.950001,2.61492267
2025-12-15,2025-12-16T00:00:00Z,142.300003,54.990002,2.58774320
2025-12-16,2025-12-17T00:00:00Z,142.559998,54.639999,2.60907758
2025-12-17,2025-12-18T00:00:00Z,139.389999,54.630001,2.55152840
2025-12-18,2025-12-19T00:00:00Z,141.539993,54.540001,2.59515935
2025-12-19,2025-12-20T00:00:00Z,144.600006,54.840000,2.63676159
2025-12-22,2025-12-23T00:00:00Z,145.160004,55.320000,2.62400587
2025-12-23,2025-12-24T00:00:00Z,145.949997,55.430000,2.63305063
2025-12-24,2025-12-25T00:00:00Z,146.300003,55.730000,2.62515708
2025-12-26,2025-12-27T00:00:00Z,146.529999,55.619999,2.63448403
2025-12-29,2025-12-30T00:00:00Z,145.869995,55.320000,2.63684013
2025-12-30,2025-12-31T00:00:00Z,145.410004,55.180000,2.63519396
2025-12-31,2026-01-01T00:00:00Z,143.970001,54.770000,2.62862881
