observation_date,available_at_utc,uup_close
2020-01-02,2020-01-03T00:00:00Z,26.059999
2020-01-03,2020-01-04T00:00:00Z,26.090000
2020-01-06,2020-01-07T00:00:00Z,26.030001
2020-01-07,2020-01-08T00:00:00Z,26.120001
2020-01-08,2020-01-09T00:00:00Z,26.190001
2020-01-09,2020-01-10T00:00:00Z,26.240000
2020-01-10,2020-01-11T00:00:00Z,26.219999
2020-01-13,2020-01-14T00:00:00Z,26.219999
2020-01-14,2020-01-15T00:00:00Z,26.230000
2020-01-15,2020-01-16T00:00:00Z,26.190001
2020-01-16,2020-01-17T00:00:00Z,26.230000
2020-01-17,2020-01-18T00:00:00Z,26.320000
2020-01-21,2020-01-22T00:00:00Z,26.299999
2020-01-22,2020-01-23T00:00:00Z,26.280001
2020-01-23,2020-01-24T00:00:00Z,26.350000
2020-01-24,2020-01-25T00:00:00Z,26.389999
2020-01-27,2020-01-28T00:00:00Z,26.430000
2020-01-28,2020-01-29T00:00:00Z,26.430000
2020-01-29,2020-01-30T00:00:00Z,26.469999
2020-01-30,2020-01-31T00:00:00Z,26.389999
2020-01-31,2020-02-01T00:00:00Z,26.280001
2020-02-03,2020-02-04T00:00:00Z,26.410000
2020-02-04,2020-02-05T00:00:00Z,26.450001
2020-02-05,2020-02-06T00:00:00Z,26.549999
2020-02-06,2020-02-07T00:00:00Z,26.600000
2020-02-07,2020-02-08T00:00:00Z,26.660000
2020-02-10,2020-02-11T00:00:00Z,26.700001
2020-02-11,2020-02-12T00:00:00Z,26.670000
2020-02-12,2020-02-13T00:00:00Z,26.740000
2020-02-13,2020-02-14T00:00:00Z,26.770000
2020-02-14,2020-02-15T00:00:00Z,26.760000
2020-02-18,2020-02-19T00:00:00Z,26.860001
2020-02-19,2020-02-20T00:00:00Z,26.910000
2020-02-20,2020-02-21T00:00:00Z,26.990000
2020-02-21,2020-02-22T00:00:00Z,26.830000
2020-02-24,2020-02-25T00:00:00Z,26.840000
2020-02-25,2020-02-26T00:00:00Z,26.760000
2020-02-26,2020-02-27T00:00:00Z,26.780001
2020-02-27,2020-02-28T00:00:00Z,26.620001
2020-02-28,2020-02-29T00:00:00Z,26.530001
2020-03-02,2020-03-03T00:00:00Z,26.389999
2020-03-03,2020-03-04T00:00:00Z,26.280001
2020-03-04,2020-03-05T00:00:00Z,26.370001
2020-03-05,2020-03-06T00:00:00Z,26.170000
2020-03-06,2020-03-07T00:00:00Z,26.020000
2020-03-09,2020-03-10T00:00:00Z,25.740000
2020-03-10,2020-03-11T00:00:00Z,26.120001
2020-03-11,2020-03-12T00:00:00Z,26.160000
2020-03-12,2020-03-13T00:00:00Z,26.440001
2020-03-13,2020-03-14T00:00:00Z,27.440001
2020-03-16,2020-03-17T00:00:00Z,26.559999
2020-03-17,2020-03-18T00:00:00Z,27.030001
2020-03-18,2020-03-19T00:00:00Z,27.440001
2020-03-19,2020-03-20T00:00:00Z,28.090000
2020-03-20,2020-03-21T00:00:00Z,28.010000
2020-03-23,2020-03-24T00:00:00Z,27.969999
2020-03-24,2020-03-25T00:00:00Z,27.650000
2020-03-25,2020-03-26T00:00:00Z,27.389999
2020-03-26,2020-03-27T00:00:00Z,26.950001
2020-03-27,2020-03-28T00:00:00Z,26.730000
2020-03-30,2020-03-31T00:00:00Z,26.850000
2020-03-31,2020-04-01T00:00:00Z,26.830000
2020-04-01,2020-04-02T00:00:00Z,27.000000
2020-04-02,2020-04-03T00:00:00Z,27.139999
2020-04-03,2020-04-04T00:00:00Z,27.290001
2020-04-06,2020-04-07T00:00:00Z,27.299999
2020-04-07,2020-04-08T00:00:00Z,27.049999
2020-04-08,2020-04-09T00:00:00Z,27.150000
2020-04-09,2020-04-10T00:00:00Z,26.950001
2020-04-13,2020-04-14T00:00:00Z,26.910000
2020-04-14,2020-04-15T00:00:00Z,26.760000
2020-04-15,2020-04-16T00:00:00Z,26.959999
2020-04-16,2020-04-17T00:00:00Z,27.080000
2020-04-17,2020-04-18T00:00:00Z,27.010000
2020-04-20,2020-04-21T00:00:00Z,27.100000
2020-04-21,2020-04-22T00:00:00Z,27.139999
2020-04-22,2020-04-23T00:00:00Z,27.219999
2020-04-23,2020-04-24T00:00:00Z,27.230000
2020-04-24,2020-04-25T00:00:00Z,27.170000
2020-04-27,2020-04-28T00:00:00Z,27.100000
2020-04-28,2020-04-29T00:00:00Z,27.070000
2020-04-29,2020-04-30T00:00:00Z,26.959999
2020-04-30,2020-05-01T00:00:00Z,26.790001
2020-05-01,2020-05-02T00:00:00Z,26.820000
2020-05-04,2020-05-05T00:00:00Z,26.969999
2020-05-05,2020-05-06T00:00:00Z,26.990000
2020-05-06,2020-05-07T00:00:00Z,27.120001
2020-05-07,2020-05-08T00:00:00Z,27.040001
2020-05-08,2020-05-09T00:00:00Z,27.030001
2020-05-11,2020-05-12T00:00:00Z,27.129999
2020-05-12,2020-05-13T00:00:00Z,27.080000
2020-05-13,2020-05-14T00:00:00Z,27.129999
2020-05-14,2020-05-15T00:00:00Z,27.160000
2020-05-15,2020-05-16T00:00:00Z,27.180000
2020-05-18,2020-05-19T00:00:00Z,26.959999
2020-05-19,2020-05-20T00:00:00Z,26.940001
2020-05-20,2020-05-21T00:00:00Z,26.850000
2020-05-21,2020-05-22T00:00:00Z,26.910000
2020-05-22,2020-05-23T00:00:00Z,26.990000
2020-05-26,2020-05-27T00:00:00Z,26.790001
2020-05-27,2020-05-28T00:00:00Z,26.780001
2020-05-28,2020-05-29T00:00:00Z,26.639999
2020-05-29,2020-05-30T00:00:00Z,26.600000
2020-06-01,2020-06-02T00:00:00Z,26.450001
2020-06-02,2020-06-03T00:00:00Z,26.420000
2020-06-03,2020-06-04T00:00:00Z,26.260000
2020-06-04,2020-06-05T00:00:00Z,26.160000
2020-06-05,2020-06-06T00:00:00Z,26.209999
2020-06-08,2020-06-09T00:00:00Z,26.139999
2020-06-09,2020-06-10T00:00:00Z,26.059999
2020-06-10,2020-06-11T00:00:00Z,25.930000
2020-06-11,2020-06-12T00:00:00Z,26.190001
2020-06-12,2020-06-13T00:00:00Z,26.260000
2020-06-15,2020-06-16T00:00:00Z,26.150000
2020-06-16,2020-06-17T00:00:00Z,26.230000
2020-06-17,2020-06-18T00:00:00Z,26.250000
2020-06-18,2020-06-19T00:00:00Z,26.350000
2020-06-19,2020-06-20T00:00:00Z,26.379999
2020-06-22,2020-06-23T00:00:00Z,26.240000
2020-06-23,2020-06-24T00:00:00Z,26.150000
2020-06-24,2020-06-25T00:00:00Z,26.270000
2020-06-25,2020-06-26T00:00:00Z,26.309999
2020-06-26,2020-06-27T00:00:00Z,26.350000
2020-06-29,2020-06-30T00:00:00Z,26.360001
2020-06-30,2020-07-01T00:00:00Z,26.320000
2020-07-01,2020-07-02T00:00:00Z,26.260000
2020-07-02,2020-07-03T00:00:00Z,26.280001
2020-07-06,2020-07-07T00:00:00Z,26.139999
2020-07-07,2020-07-08T00:00:00Z,26.200001
2020-07-08,2020-07-09T00:00:00Z,26.059999
2020-07-09,2020-07-10T00:00:00Z,26.150000
2020-07-10,2020-07-11T00:00:00Z,26.110001
2020-07-13,2020-07-14T00:00:00Z,26.070000
2020-07-14,2020-07-15T00:00:00Z,26.020000
2020-07-15,2020-07-16T00:00:00Z,25.950001
2020-07-16,2020-07-17T00:00:00Z,26.040001
2020-07-17,2020-07-18T00:00:00Z,25.930000
2020-07-20,2020-07-21T00:00:00Z,25.889999
2020-07-21,2020-07-22T00:00:00Z,25.730000
2020-07-22,2020-07-23T00:00:00Z,25.660000
2020-07-23,2020-07-24T00:00:00Z,25.610001
2020-07-24,2020-07-25T00:00:00Z,25.500000
2020-07-27,2020-07-28T00:00:00Z,25.309999
2020-07-28,2020-07-29T00:00:00Z,25.350000
2020-07-29,2020-07-30T00:00:00Z,25.230000
2020-07-30,2020-07-31T00:00:00Z,25.129999
2020-07-31,2020-08-01T00:00:00Z,25.280001
2020-08-03,2020-08-04T00:00:00Z,25.280001
2020-08-04,2020-08-05T00:00:00Z,25.190001
2020-08-05,2020-08-06T00:00:00Z,25.080000
2020-08-06,2020-08-07T00:00:00Z,25.080000
2020-08-07,2020-08-08T00:00:00Z,25.230000
2020-08-10,2020-08-11T00:00:00Z,25.270000
2020-08-11,2020-08-12T00:00:00Z,25.309999
2020-08-12,2020-08-13T00:00:00Z,25.230000
2020-08-13,2020-08-14T00:00:00Z,25.219999
2020-08-14,2020-08-15T00:00:00Z,25.180000
2020-08-17,2020-08-18T00:00:00Z,25.070000
2020-08-18,2020-08-19T00:00:00Z,24.930000
2020-08-19,2020-08-20T00:00:00Z,25.129999
2020-08-20,2020-08-21T00:00:00Z,25.059999
2020-08-21,2020-08-22T00:00:00Z,25.180000
2020-08-24,2020-08-25T00:00:00Z,25.219999
2020-08-25,2020-08-26T00:00:00Z,25.129999
2020-08-26,2020-08-27T00:00:00Z,25.100000
2020-08-27,2020-08-28T00:00:00Z,25.129999
2020-08-28,2020-08-29T00:00:00Z,24.930000
2020-08-31,2020-09-01T00:00:00Z,24.900000
2020-09-01,2020-09-02T00:00:00Z,24.950001
2020-09-02,2020-09-03T00:00:00Z,25.040001
2020-09-03,2020-09-04T00:00:00Z,25.049999
2020-09-04,2020-09-05T00:00:00Z,25.090000
2020-09-08,2020-09-09T00:00:00Z,25.219999
2020-09-09,2020-09-10T00:00:00Z,25.180000
2020-09-10,2020-09-11T00:00:00Z,25.230000
2020-09-11,2020-09-12T00:00:00Z,25.180000
2020-09-14,2020-09-15T00:00:00Z,25.120001
2020-09-15,2020-09-16T00:00:00Z,25.139999
2020-09-16,2020-09-17T00:00:00Z,25.170000
2020-09-17,2020-09-18T00:00:00Z,25.080000
2020-09-18,2020-09-19T00:00:00Z,25.110001
2020-09-21,2020-09-22T00:00:00Z,25.290001
2020-09-22,2020-09-23T00:00:00Z,25.379999
2020-09-23,2020-09-24T00:00:00Z,25.520000
2020-09-24,2020-09-25T00:00:00Z,25.480000
2020-09-25,2020-09-26T00:00:00Z,25.549999
2020-09-28,2020-09-29T00:00:00Z,25.469999
2020-09-29,2020-09-30T00:00:00Z,25.350000
2020-09-30,2020-10-01T00:00:00Z,25.350000
2020-10-01,2020-10-02T00:00:00Z,25.309999
2020-10-02,2020-10-03T00:00:00Z,25.370001
2020-10-05,2020-10-06T00:00:00Z,25.260000
2020-10-06,2020-10-07T00:00:00Z,25.330000
2020-10-07,2020-10-08T00:00:00Z,25.299999
2020-10-08,2020-10-09T00:00:00Z,25.290001
2020-10-09,2020-10-10T00:00:00Z,25.139999
2020-10-12,2020-10-13T00:00:00Z,25.110001
2020-10-13,2020-10-14T00:00:00Z,25.260000
2020-10-14,2020-10-15T00:00:00Z,25.200001
2020-10-15,2020-10-16T00:00:00Z,25.320000
2020-10-16,2020-10-17T00:00:00Z,25.290001
2020-10-19,2020-10-20T00:00:00Z,25.209999
2020-10-20,2020-10-21T00:00:00Z,25.129999
2020-10-21,2020-10-22T00:00:00Z,25.000000
2020-10-22,2020-10-23T00:00:00Z,25.100000
2020-10-23,2020-10-24T00:00:00Z,25.040001
2020-10-26,2020-10-27T00:00:00Z,25.129999
2020-10-27,2020-10-28T00:00:00Z,25.080000
2020-10-28,2020-10-29T00:00:00Z,25.240000
2020-10-29,2020-10-30T00:00:00Z,25.340000
2020-10-30,2020-10-31T00:00:00Z,25.370001
2020-11-02,2020-11-03T00:00:00Z,25.400000
2020-11-03,2020-11-04T00:00:00Z,25.260000
2020-11-04,2020-11-05T00:00:00Z,25.219999
2020-11-05,2020-11-06T00:00:00Z,24.980000
2020-11-06,2020-11-07T00:00:00Z,24.889999
2020-11-09,2020-11-10T00:00:00Z,25.049999
2020-11-10,2020-11-11T00:00:00Z,25.049999
2020-11-11,2020-11-12T00:00:00Z,25.080000
2020-11-12,2020-11-13T00:00:00Z,25.080000
2020-11-13,2020-11-14T00:00:00Z,25.030001
2020-11-16,2020-11-17T00:00:00Z,24.969999
2020-11-17,2020-11-18T00:00:00Z,24.930000
2020-11-18,2020-11-19T00:00:00Z,24.940001
2020-11-19,2020-11-20T00:00:00Z,24.900000
2020-11-20,2020-11-21T00:00:00Z,24.930000
2020-11-23,2020-11-24T00:00:00Z,24.969999
2020-11-24,2020-11-25T00:00:00Z,24.850000
2020-11-25,2020-11-26T00:00:00Z,24.809999
2020-11-27,2020-11-28T00:00:00Z,24.760000
2020-11-30,2020-12-01T00:00:00Z,24.820000
2020-12-01,2020-12-02T00:00:00Z,24.600000
2020-12-02,2020-12-03T00:00:00Z,24.570000
2020-12-03,2020-12-04T00:00:00Z,24.440001
2020-12-04,2020-12-05T00:00:00Z,24.469999
2020-12-07,2020-12-08T00:00:00Z,24.510000
2020-12-08,2020-12-09T00:00:00Z,24.540001
2020-12-09,2020-12-10T00:00:00Z,24.549999
2020-12-10,2020-12-11T00:00:00Z,24.480000
2020-12-11,2020-12-12T00:00:00Z,24.540001
2020-12-14,2020-12-15T00:00:00Z,24.469999
2020-12-15,2020-12-16T00:00:00Z,24.389999
2020-12-16,2020-12-17T00:00:00Z,24.360001
2020-12-17,2020-12-18T00:00:00Z,24.230000
2020-12-18,2020-12-19T00:00:00Z,24.260000
2020-12-21,2020-12-22T00:00:00Z,24.309999
2020-12-22,2020-12-23T00:00:00Z,24.440001
2020-12-23,2020-12-24T00:00:00Z,24.330000
2020-12-24,2020-12-25T00:00:00Z,24.350000
2020-12-28,2020-12-29T00:00:00Z,24.350000
2020-12-29,2020-12-30T00:00:00Z,24.270000
2020-12-30,2020-12-31T00:00:00Z,24.170000
2020-12-31,2021-01-01T00:00:00Z,24.240000
2021-01-04,2021-01-05T00:00:00Z,24.260000
2021-01-05,2021-01-06T00:00:00Z,24.120001
2021-01-06,2021-01-07T00:00:00Z,24.090000
2021-01-07,2021-01-08T00:00:00Z,24.230000
2021-01-08,2021-01-09T00:00:00Z,24.270000
2021-01-11,2021-01-12T00:00:00Z,24.420000
2021-01-12,2021-01-13T00:00:00Z,24.290001
2021-01-13,2021-01-14T00:00:00Z,24.370001
2021-01-14,2021-01-15T00:00:00Z,24.320000
2021-01-15,2021-01-16T00:00:00Z,24.480000
2021-01-19,2021-01-20T00:00:00Z,24.410000
2021-01-20,2021-01-21T00:00:00Z,24.400000
2021-01-21,2021-01-22T00:00:00Z,24.290001
2021-01-22,2021-01-23T00:00:00Z,24.340000
2021-01-25,2021-01-26T00:00:00Z,24.370001
2021-01-26,2021-01-27T00:00:00Z,24.299999
2021-01-27,2021-01-28T00:00:00Z,24.450001
2021-01-28,2021-01-29T00:00:00Z,24.389999
2021-01-29,2021-01-30T00:00:00Z,24.420000
2021-02-01,2021-02-02T00:00:00Z,24.540001
2021-02-02,2021-02-03T00:00:00Z,24.570000
2021-02-03,2021-02-04T00:00:00Z,24.559999
2021-02-04,2021-02-05T00:00:00Z,24.670000
2021-02-05,2021-02-06T00:00:00Z,24.530001
2021-02-08,2021-02-09T00:00:00Z,24.520000
2021-02-09,2021-02-10T00:00:00Z,24.389999
2021-02-10,2021-02-11T00:00:00Z,24.379999
2021-02-11,2021-02-12T00:00:00Z,24.370001
2021-02-12,2021-02-13T00:00:00Z,24.389999
2021-02-16,2021-02-17T00:00:00Z,24.389999
2021-02-17,2021-02-18T00:00:00Z,24.490000
2021-02-18,2021-02-19T00:00:00Z,24.410000
2021-02-19,2021-02-20T00:00:00Z,24.350000
2021-02-22,2021-02-23T00:00:00Z,24.280001
2021-02-23,2021-02-24T00:00:00Z,24.299999
2021-02-24,2021-02-25T00:00:00Z,24.260000
2021-02-25,2021-02-26T00:00:00Z,24.340000
2021-02-26,2021-02-27T00:00:00Z,24.520000
2021-03-01,2021-03-02T00:00:00Z,24.540001
2021-03-02,2021-03-03T00:00:00Z,24.450001
2021-03-03,2021-03-04T00:00:00Z,24.520000
2021-03-04,2021-03-05T00:00:00Z,24.680000
2021-03-05,2021-03-06T00:00:00Z,24.770000
2021-03-08,2021-03-09T00:00:00Z,24.910000
2021-03-09,2021-03-10T00:00:00Z,24.770000
2021-03-10,2021-03-11T00:00:00Z,24.730000
2021-03-11,2021-03-12T00:00:00Z,24.610001
2021-03-12,2021-03-13T00:00:00Z,24.690001
2021-03-15,2021-03-16T00:00:00Z,24.740000
2021-03-16,2021-03-17T00:00:00Z,24.740000
2021-03-17,2021-03-18T00:00:00Z,24.620001
2021-03-18,2021-03-19T00:00:00Z,24.770000
2021-03-19,2021-03-20T00:00:00Z,24.780001
2021-03-22,2021-03-23T00:00:00Z,24.730000
2021-03-23,2021-03-24T00:00:00Z,24.879999
2021-03-24,2021-03-25T00:00:00Z,24.940001
2021-03-25,2021-03-26T00:00:00Z,25.010000
2021-03-26,2021-03-27T00:00:00Z,24.980000
2021-03-29,2021-03-30T00:00:00Z,25.040001
2021-03-30,2021-03-31T00:00:00Z,25.139999
2021-03-31,2021-04-01T00:00:00Z,25.120001
2021-04-01,2021-04-02T00:00:00Z,25.010000
2021-04-05,2021-04-06T00:00:00Z,24.930000
2021-04-06,2021-04-07T00:00:00Z,24.870001
2021-04-07,2021-04-08T00:00:00Z,24.900000
2021-04-08,2021-04-09T00:00:00Z,24.790001
2021-04-09,2021-04-10T00:00:00Z,24.809999
2021-04-12,2021-04-13T00:00:00Z,24.799999
2021-04-13,2021-04-14T00:00:00Z,24.709999
2021-04-14,2021-04-15T00:00:00Z,24.680000
2021-04-15,2021-04-16T00:00:00Z,24.680000
2021-04-16,2021-04-17T00:00:00Z,24.650000
2021-04-19,2021-04-20T00:00:00Z,24.510000
2021-04-20,2021-04-21T00:00:00Z,24.549999
2021-04-21,2021-04-22T00:00:00Z,24.520000
2021-04-22,2021-04-23T00:00:00Z,24.590000
2021-04-23,2021-04-24T00:00:00Z,24.450001
2021-04-26,2021-04-27T00:00:00Z,24.450001
2021-04-27,2021-04-28T00:00:00Z,24.459999
2021-04-28,2021-04-29T00:00:00Z,24.370001
2021-04-29,2021-04-30T00:00:00Z,24.379999
2021-04-30,2021-05-01T00:00:00Z,24.580000
2021-05-03,2021-05-04T00:00:00Z,24.469999
2021-05-04,2021-05-05T00:00:00Z,24.580000
2021-05-05,2021-05-06T00:00:00Z,24.570000
2021-05-06,2021-05-07T00:00:00Z,24.450001
2021-05-07,2021-05-08T00:00:00Z,24.270000
2021-05-10,2021-05-11T00:00:00Z,24.270000
2021-05-11,2021-05-12T00:00:00Z,24.250000
2021-05-12,2021-05-13T00:00:00Z,24.430000
2021-05-13,2021-05-14T00:00:00Z,24.389999
2021-05-14,2021-05-15T00:00:00Z,24.290001
2021-05-17,2021-05-18T00:00:00Z,24.260000
2021-05-18,2021-05-19T00:00:00Z,24.150000
2021-05-19,2021-05-20T00:00:00Z,24.260000
2021-05-20,2021-05-21T00:00:00Z,24.139999
2021-05-21,2021-05-22T00:00:00Z,24.219999
2021-05-24,2021-05-25T00:00:00Z,24.160000
2021-05-25,2021-05-26T00:00:00Z,24.129999
2021-05-26,2021-05-27T00:00:00Z,24.219999
2021-05-27,2021-05-28T00:00:00Z,24.200001
2021-05-28,2021-05-29T00:00:00Z,24.219999
2021-06-01,2021-06-02T00:00:00Z,24.180000
2021-06-02,2021-06-03T00:00:00Z,24.180000
2021-06-03,2021-06-04T00:00:00Z,24.330000
2021-06-04,2021-06-05T00:00:00Z,24.240000
2021-06-07,2021-06-08T00:00:00Z,24.200001
2021-06-08,2021-06-09T00:00:00Z,24.230000
2021-06-09,2021-06-10T00:00:00Z,24.250000
2021-06-10,2021-06-11T00:00:00Z,24.230000
2021-06-11,2021-06-12T00:00:00Z,24.350000
2021-06-14,2021-06-15T00:00:00Z,24.330000
2021-06-15,2021-06-16T00:00:00Z,24.350000
2021-06-16,2021-06-17T00:00:00Z,24.549999
2021-06-17,2021-06-18T00:00:00Z,24.740000
2021-06-18,2021-06-19T00:00:00Z,24.820000
2021-06-21,2021-06-22T00:00:00Z,24.700001
2021-06-22,2021-06-23T00:00:00Z,24.660000
2021-06-23,2021-06-24T00:00:00Z,24.700001
2021-06-24,2021-06-25T00:00:00Z,24.680000
2021-06-25,2021-06-26T00:00:00Z,24.690001
2021-06-28,2021-06-29T00:00:00Z,24.700001
2021-06-29,2021-06-30T00:00:00Z,24.760000
2021-06-30,2021-07-01T00:00:00Z,24.830000
2021-07-01,2021-07-02T00:00:00Z,24.900000
2021-07-02,2021-07-03T00:00:00Z,24.799999
2021-07-06,2021-07-07T00:00:00Z,24.889999
2021-07-07,2021-07-08T00:00:00Z,24.930000
2021-07-08,2021-07-09T00:00:00Z,24.830000
2021-07-09,2021-07-10T00:00:00Z,24.770000
2021-07-12,2021-07-13T00:00:00Z,24.799999
2021-07-13,2021-07-14T00:00:00Z,24.950001
2021-07-14,2021-07-15T00:00:00Z,24.830000
2021-07-15,2021-07-16T00:00:00Z,24.900000
2021-07-16,2021-07-17T00:00:00Z,24.930000
2021-07-19,2021-07-20T00:00:00Z,24.969999
2021-07-20,2021-07-21T00:00:00Z,25.000000
2021-07-21,2021-07-22T00:00:00Z,24.940001
2021-07-22,2021-07-23T00:00:00Z,24.969999
2021-07-23,2021-07-24T00:00:00Z,24.980000
2021-07-26,2021-07-27T00:00:00Z,24.900000
2021-07-27,2021-07-28T00:00:00Z,24.860001
2021-07-28,2021-07-29T00:00:00Z,24.790001
2021-07-29,2021-07-30T00:00:00Z,24.700001
2021-07-30,2021-07-31T00:00:00Z,24.770000
2021-08-02,2021-08-03T00:00:00Z,24.740000
2021-08-03,2021-08-04T00:00:00Z,24.750000
2021-08-04,2021-08-05T00:00:00Z,24.790001
2021-08-05,2021-08-06T00:00:00Z,24.790001
2021-08-06,2021-08-07T00:00:00Z,24.930000
2021-08-09,2021-08-10T00:00:00Z,24.980000
2021-08-10,2021-08-11T00:00:00Z,25.000000
2021-08-11,2021-08-12T00:00:00Z,24.950001
2021-08-12,2021-08-13T00:00:00Z,24.980000
2021-08-13,2021-08-14T00:00:00Z,24.860001
2021-08-16,2021-08-17T00:00:00Z,24.879999
2021-08-17,2021-08-18T00:00:00Z,25.030001
2021-08-18,2021-08-19T00:00:00Z,25.030001
2021-08-19,2021-08-20T00:00:00Z,25.150000
2021-08-20,2021-08-21T00:00:00Z,25.120001
2021-08-23,2021-08-24T00:00:00Z,24.969999
2021-08-24,2021-08-25T00:00:00Z,24.950001
2021-08-25,2021-08-26T00:00:00Z,24.930000
2021-08-26,2021-08-27T00:00:00Z,25.000000
2021-08-27,2021-08-28T00:00:00Z,24.889999
2021-08-30,2021-08-31T00:00:00Z,24.889999
2021-08-31,2021-09-01T00:00:00Z,24.889999
2021-09-01,2021-09-02T00:00:00Z,24.840000
2021-09-02,2021-09-03T00:00:00Z,24.780001
2021-09-03,2021-09-04T00:00:00Z,24.730000
2021-09-07,2021-09-08T00:00:00Z,24.850000
2021-09-08,2021-09-09T00:00:00Z,24.889999
2021-09-09,2021-09-10T00:00:00Z,24.830000
2021-09-10,2021-09-11T00:00:00Z,24.870001
2021-09-13,2021-09-14T00:00:00Z,24.870001
2021-09-14,2021-09-15T00:00:00Z,24.870001
2021-09-15,2021-09-16T00:00:00Z,24.820000
2021-09-16,2021-09-17T00:00:00Z,24.930000
2021-09-17,2021-09-18T00:00:00Z,25.020000
2021-09-20,2021-09-21T00:00:00Z,25.030001
2021-09-21,2021-09-22T00:00:00Z,25.010000
2021-09-22,2021-09-23T00:00:00Z,25.080000
2021-09-23,2021-09-24T00:00:00Z,24.980000
2021-09-24,2021-09-25T00:00:00Z,25.049999
2021-09-27,2021-09-28T00:00:00Z,25.080000
2021-09-28,2021-09-29T00:00:00Z,25.170000
2021-09-29,2021-09-30T00:00:00Z,25.350000
2021-09-30,2021-10-01T00:00:00Z,25.309999
2021-10-01,2021-10-02T00:00:00Z,25.260000
2021-10-04,2021-10-05T00:00:00Z,25.180000
2021-10-05,2021-10-06T00:00:00Z,25.230000
2021-10-06,2021-10-07T00:00:00Z,25.299999
2021-10-07,2021-10-08T00:00:00Z,25.290001
2021-10-08,2021-10-09T00:00:00Z,25.270000
2021-10-11,2021-10-12T00:00:00Z,25.340000
2021-10-12,2021-10-13T00:00:00Z,25.370001
2021-10-13,2021-10-14T00:00:00Z,25.230000
2021-10-14,2021-10-15T00:00:00Z,25.230000
2021-10-15,2021-10-16T00:00:00Z,25.200001
2021-10-18,2021-10-19T00:00:00Z,25.209999
2021-10-19,2021-10-20T00:00:00Z,25.150000
2021-10-20,2021-10-21T00:00:00Z,25.110001
2021-10-21,2021-10-22T00:00:00Z,25.170000
2021-10-22,2021-10-23T00:00:00Z,25.120001
2021-10-25,2021-10-26T00:00:00Z,25.160000
2021-10-26,2021-10-27T00:00:00Z,25.209999
2021-10-27,2021-10-28T00:00:00Z,25.200001
2021-10-28,2021-10-29T00:00:00Z,25.049999
2021-10-29,2021-10-30T00:00:00Z,25.250000
2021-11-01,2021-11-02T00:00:00Z,25.170000
2021-11-02,2021-11-03T00:00:00Z,25.230000
2021-11-03,2021-11-04T00:00:00Z,25.170000
2021-11-04,2021-11-05T00:00:00Z,25.299999
2021-11-05,2021-11-06T00:00:00Z,25.280001
2021-11-08,2021-11-09T00:00:00Z,25.230000
2021-11-09,2021-11-10T00:00:00Z,25.200001
2021-11-10,2021-11-11T00:00:00Z,25.469999
2021-11-11,2021-11-12T00:00:00Z,25.530001
2021-11-12,2021-11-13T00:00:00Z,25.500000
2021-11-15,2021-11-16T00:00:00Z,25.639999
2021-11-16,2021-11-17T00:00:00Z,25.740000
2021-11-17,2021-11-18T00:00:00Z,25.690001
2021-11-18,2021-11-19T00:00:00Z,25.620001
2021-11-19,2021-11-20T00:00:00Z,25.750000
2021-11-22,2021-11-23T00:00:00Z,25.879999
2021-11-23,2021-11-24T00:00:00Z,25.870001
2021-11-24,2021-11-25T00:00:00Z,25.969999
2021-11-26,2021-11-27T00:00:00Z,25.770000
2021-11-29,2021-11-30T00:00:00Z,25.820000
2021-11-30,2021-12-01T00:00:00Z,25.700001
2021-12-01,2021-12-02T00:00:00Z,25.770000
2021-12-02,2021-12-03T00:00:00Z,25.780001
2021-12-03,2021-12-04T00:00:00Z,25.770000
2021-12-06,2021-12-07T00:00:00Z,25.809999
2021-12-07,2021-12-08T00:00:00Z,25.820000
2021-12-08,2021-12-09T00:00:00Z,25.700001
2021-12-09,2021-12-10T00:00:00Z,25.790001
2021-12-10,2021-12-11T00:00:00Z,25.750000
2021-12-13,2021-12-14T00:00:00Z,25.830000
2021-12-14,2021-12-15T00:00:00Z,25.879999
2021-12-15,2021-12-16T00:00:00Z,25.840000
2021-12-16,2021-12-17T00:00:00Z,25.730000
2021-12-17,2021-12-18T00:00:00Z,25.910000
2021-12-20,2021-12-21T00:00:00Z,25.879999
2021-12-21,2021-12-22T00:00:00Z,25.850000
2021-12-22,2021-12-23T00:00:00Z,25.750000
2021-12-23,2021-12-24T00:00:00Z,25.730000
2021-12-27,2021-12-28T00:00:00Z,25.740000
2021-12-28,2021-12-29T00:00:00Z,25.770000
2021-12-29,2021-12-30T00:00:00Z,25.700001
2021-12-30,2021-12-31T00:00:00Z,25.740000
2021-12-31,2022-01-01T00:00:00Z,25.629999
2022-01-03,2022-01-04T00:00:00Z,25.790001
2022-01-04,2022-01-05T00:00:00Z,25.809999
2022-01-05,2022-01-06T00:00:00Z,25.780001
2022-01-06,2022-01-07T00:00:00Z,25.799999
2022-01-07,2022-01-08T00:00:00Z,25.660000
2022-01-10,2022-01-11T00:00:00Z,25.719999
2022-01-11,2022-01-12T00:00:00Z,25.610001
2022-01-12,2022-01-13T00:00:00Z,25.440001
2022-01-13,2022-01-14T00:00:00Z,25.430000
2022-01-14,2022-01-15T00:00:00Z,25.500000
2022-01-18,2022-01-19T00:00:00Z,25.660000
2022-01-19,2022-01-20T00:00:00Z,25.600000
2022-01-20,2022-01-21T00:00:00Z,25.680000
2022-01-21,2022-01-22T00:00:00Z,25.610001
2022-01-24,2022-01-25T00:00:00Z,25.690001
2022-01-25,2022-01-26T00:00:00Z,25.700001
2022-01-26,2022-01-27T00:00:00Z,25.840000
2022-01-27,2022-01-28T00:00:00Z,26.059999
2022-01-28,2022-01-29T00:00:00Z,26.049999
2022-01-31,2022-02-01T00:00:00Z,25.870001
2022-02-01,2022-02-02T00:00:00Z,25.799999
2022-02-02,2022-02-03T00:00:00Z,25.700001
2022-02-03,2022-02-04T00:00:00Z,25.570000
2022-02-04,2022-02-05T00:00:00Z,25.549999
2022-02-07,2022-02-08T00:00:00Z,25.559999
2022-02-08,2022-02-09T00:00:00Z,25.600000
2022-02-09,2022-02-10T00:00:00Z,25.570000
2022-02-10,2022-02-11T00:00:00Z,25.610001
2022-02-11,2022-02-12T00:00:00Z,25.719999
2022-02-14,2022-02-15T00:00:00Z,25.790001
2022-02-15,2022-02-16T00:00:00Z,25.690001
2022-02-16,2022-02-17T00:00:00Z,25.639999
2022-02-17,2022-02-18T00:00:00Z,25.650000
2022-02-18,2022-02-19T00:00:00Z,25.719999
2022-02-22,2022-02-23T00:00:00Z,25.730000
2022-02-23,2022-02-24T00:00:00Z,25.760000
2022-02-24,2022-02-25T00:00:00Z,25.969999
2022-02-25,2022-02-26T00:00:00Z,25.840000
2022-02-28,2022-03-01T00:00:00Z,25.879999
2022-03-01,2022-03-02T00:00:00Z,26.080000
2022-03-02,2022-03-03T00:00:00Z,26.059999
2022-03-03,2022-03-04T00:00:00Z,26.160000
2022-03-04,2022-03-05T00:00:00Z,26.360001
2022-03-07,2022-03-08T00:00:00Z,26.549999
2022-03-08,2022-03-09T00:00:00Z,26.500000
2022-03-09,2022-03-10T00:00:00Z,26.240000
2022-03-10,2022-03-11T00:00:00Z,26.370001
2022-03-11,2022-03-12T00:00:00Z,26.510000
2022-03-14,2022-03-15T00:00:00Z,26.500000
2022-03-15,2022-03-16T00:00:00Z,26.469999
2022-03-16,2022-03-17T00:00:00Z,26.280001
2022-03-17,2022-03-18T00:00:00Z,26.219999
2022-03-18,2022-03-19T00:00:00Z,26.250000
2022-03-21,2022-03-22T00:00:00Z,26.350000
2022-03-22,2022-03-23T00:00:00Z,26.340000
2022-03-23,2022-03-24T00:00:00Z,26.370001
2022-03-24,2022-03-25T00:00:00Z,26.400000
2022-03-25,2022-03-26T00:00:00Z,26.410000
2022-03-28,2022-03-29T00:00:00Z,26.490000
2022-03-29,2022-03-30T00:00:00Z,26.330000
2022-03-30,2022-03-31T00:00:00Z,26.190001
2022-03-31,2022-04-01T00:00:00Z,26.299999
2022-04-01,2022-04-02T00:00:00Z,26.340000
2022-04-04,2022-04-05T00:00:00Z,26.459999
2022-04-05,2022-04-06T00:00:00Z,26.600000
2022-04-06,2022-04-07T00:00:00Z,26.620001
2022-04-07,2022-04-08T00:00:00Z,26.670000
2022-04-08,2022-04-09T00:00:00Z,26.670000
2022-04-11,2022-04-12T00:00:00Z,26.730000
2022-04-12,2022-04-13T00:00:00Z,26.820000
2022-04-13,2022-04-14T00:00:00Z,26.709999
2022-04-14,2022-04-15T00:00:00Z,26.830000
2022-04-18,2022-04-19T00:00:00Z,26.940001
2022-04-19,2022-04-20T00:00:00Z,27.000000
2022-04-20,2022-04-21T00:00:00Z,26.809999
2022-04-21,2022-04-22T00:00:00Z,26.889999
2022-04-22,2022-04-23T00:00:00Z,27.049999
2022-04-25,2022-04-26T00:00:00Z,27.180000
2022-04-26,2022-04-27T00:00:00Z,27.350000
2022-04-27,2022-04-28T00:00:00Z,27.520000
2022-04-28,2022-04-29T00:00:00Z,27.680000
2022-04-29,2022-04-30T00:00:00Z,27.570000
2022-05-02,2022-05-03T00:00:00Z,27.709999
2022-05-03,2022-05-04T00:00:00Z,27.660000
2022-05-04,2022-05-05T00:00:00Z,27.430000
2022-05-05,2022-05-06T00:00:00Z,27.660000
2022-05-06,2022-05-07T00:00:00Z,27.709999
2022-05-09,2022-05-10T00:00:00Z,27.719999
2022-05-10,2022-05-11T00:00:00Z,27.780001
2022-05-11,2022-05-12T00:00:00Z,27.809999
2022-05-12,2022-05-13T00:00:00Z,28.049999
2022-05-13,2022-05-14T00:00:00Z,27.969999
2022-05-16,2022-05-17T00:00:00Z,27.860001
2022-05-17,2022-05-18T00:00:00Z,27.629999
2022-05-18,2022-05-19T00:00:00Z,27.770000
2022-05-19,2022-05-20T00:00:00Z,27.480000
2022-05-20,2022-05-21T00:00:00Z,27.540001
2022-05-23,2022-05-24T00:00:00Z,27.290001
2022-05-24,2022-05-25T00:00:00Z,27.209999
2022-05-25,2022-05-26T00:00:00Z,27.309999
2022-05-26,2022-05-27T00:00:00Z,27.219999
2022-05-27,2022-05-28T00:00:00Z,27.160000
2022-05-31,2022-06-01T00:00:00Z,27.209999
2022-06-01,2022-06-02T00:00:00Z,27.420000
2022-06-02,2022-06-03T00:00:00Z,27.180000
2022-06-03,2022-06-04T00:00:00Z,27.299999
2022-06-06,2022-06-07T00:00:00Z,27.360001
2022-06-07,2022-06-08T00:00:00Z,27.330000
2022-06-08,2022-06-09T00:00:00Z,27.410000
2022-06-09,2022-06-10T00:00:00Z,27.610001
2022-06-10,2022-06-11T00:00:00Z,27.830000
2022-06-13,2022-06-14T00:00:00Z,28.100000
2022-06-14,2022-06-15T00:00:00Z,28.160000
2022-06-15,2022-06-16T00:00:00Z,27.940001
2022-06-16,2022-06-17T00:00:00Z,27.670000
2022-06-17,2022-06-18T00:00:00Z,27.950001
2022-06-21,2022-06-22T00:00:00Z,27.850000
2022-06-22,2022-06-23T00:00:00Z,27.809999
2022-06-23,2022-06-24T00:00:00Z,27.840000
2022-06-24,2022-06-25T00:00:00Z,27.780001
2022-06-27,2022-06-28T00:00:00Z,27.730000
2022-06-28,2022-06-29T00:00:00Z,27.889999
2022-06-29,2022-06-30T00:00:00Z,28.049999
2022-06-30,2022-07-01T00:00:00Z,27.959999
2022-07-01,2022-07-02T00:00:00Z,28.049999
2022-07-05,2022-07-06T00:00:00Z,28.450001
2022-07-06,2022-07-07T00:00:00Z,28.580000
2022-07-07,2022-07-08T00:00:00Z,28.590000
2022-07-08,2022-07-09T00:00:00Z,28.570000
2022-07-11,2022-07-12T00:00:00Z,28.900000
2022-07-12,2022-07-13T00:00:00Z,28.889999
2022-07-13,2022-07-14T00:00:00Z,28.830000
2022-07-14,2022-07-15T00:00:00Z,29.030001
2022-07-15,2022-07-16T00:00:00Z,28.860001
2022-07-18,2022-07-19T00:00:00Z,28.700001
2022-07-19,2022-07-20T00:00:00Z,28.520000
2022-07-20,2022-07-21T00:00:00Z,28.600000
2022-07-21,2022-07-22T00:00:00Z,28.520000
2022-07-22,2022-07-23T00:00:00Z,28.480000
2022-07-25,2022-07-26T00:00:00Z,28.440001
2022-07-26,2022-07-27T00:00:00Z,28.660000
2022-07-27,2022-07-28T00:00:00Z,28.420000
2022-07-28,2022-07-29T00:00:00Z,28.400000
2022-07-29,2022-07-30T00:00:00Z,28.290001
2022-08-01,2022-08-02T00:00:00Z,28.180000
2022-08-02,2022-08-03T00:00:00Z,28.360001
2022-08-03,2022-08-04T00:00:00Z,28.440001
2022-08-04,2022-08-05T00:00:00Z,28.260000
2022-08-05,2022-08-06T00:00:00Z,28.500000
2022-08-08,2022-08-09T00:00:00Z,28.459999
2022-08-09,2022-08-10T00:00:00Z,28.430000
2022-08-10,2022-08-11T00:00:00Z,28.120001
2022-08-11,2022-08-12T00:00:00Z,28.139999
2022-08-12,2022-08-13T00:00:00Z,28.250000
2022-08-15,2022-08-16T00:00:00Z,28.500000
2022-08-16,2022-08-17T00:00:00Z,28.490000
2022-08-17,2022-08-18T00:00:00Z,28.530001
2022-08-18,2022-08-19T00:00:00Z,28.750000
2022-08-19,2022-08-20T00:00:00Z,28.930000
2022-08-22,2022-08-23T00:00:00Z,29.170000
2022-08-23,2022-08-24T00:00:00Z,29.049999
2022-08-24,2022-08-25T00:00:00Z,29.070000
2022-08-25,2022-08-26T00:00:00Z,29.020000
2022-08-26,2022-08-27T00:00:00Z,29.129999
2022-08-29,2022-08-30T00:00:00Z,29.139999
2022-08-30,2022-08-31T00:00:00Z,29.129999
2022-08-31,2022-09-01T00:00:00Z,29.110001
2022-09-01,2022-09-02T00:00:00Z,29.370001
2022-09-02,2022-09-03T00:00:00Z,29.379999
2022-09-06,2022-09-07T00:00:00Z,29.549999
2022-09-07,2022-09-08T00:00:00Z,29.340000
2022-09-08,2022-09-09T00:00:00Z,29.400000
2022-09-09,2022-09-10T00:00:00Z,29.190001
2022-09-12,2022-09-13T00:00:00Z,29.040001
2022-09-13,2022-09-14T00:00:00Z,29.440001
2022-09-14,2022-09-15T00:00:00Z,29.379999
2022-09-15,2022-09-16T00:00:00Z,29.400000
2022-09-16,2022-09-17T00:00:00Z,29.400000
2022-09-19,2022-09-20T00:00:00Z,29.379999
2022-09-20,2022-09-21T00:00:00Z,29.520000
2022-09-21,2022-09-22T00:00:00Z,29.809999
2022-09-22,2022-09-23T00:00:00Z,29.850000
2022-09-23,2022-09-24T00:00:00Z,30.320000
2022-09-26,2022-09-27T00:00:00Z,30.660000
2022-09-27,2022-09-28T00:00:00Z,30.670000
2022-09-28,2022-09-29T00:00:00Z,30.270000
2022-09-29,2022-09-30T00:00:00Z,30.150000
2022-09-30,2022-10-01T00:00:00Z,30.150000
2022-10-03,2022-10-04T00:00:00Z,30.010000
2022-10-04,2022-10-05T00:00:00Z,29.600000
2022-10-05,2022-10-06T00:00:00Z,29.879999
2022-10-06,2022-10-07T00:00:00Z,30.180000
2022-10-07,2022-10-08T00:00:00Z,30.299999
2022-10-10,2022-10-11T00:00:00Z,30.430000
2022-10-11,2022-10-12T00:00:00Z,30.450001
2022-10-12,2022-10-13T00:00:00Z,30.450001
2022-10-13,2022-10-14T00:00:00Z,30.250000
2022-10-14,2022-10-15T00:00:00Z,30.459999
2022-10-17,2022-10-18T00:00:00Z,30.150000
2022-10-18,2022-10-19T00:00:00Z,30.129999
2022-10-19,2022-10-20T00:00:00Z,30.350000
2022-10-20,2022-10-21T00:00:00Z,30.370001
2022-10-21,2022-10-22T00:00:00Z,30.110001
2022-10-24,2022-10-25T00:00:00Z,30.139999
2022-10-25,2022-10-26T00:00:00Z,29.809999
2022-10-26,2022-10-27T00:00:00Z,29.500000
2022-10-27,2022-10-28T00:00:00Z,29.730000
2022-10-28,2022-10-29T00:00:00Z,29.780001
2022-10-31,2022-11-01T00:00:00Z,30.030001
2022-11-01,2022-11-02T00:00:00Z,30.020000
2022-11-02,2022-11-03T00:00:00Z,30.150000
2022-11-03,2022-11-04T00:00:00Z,30.400000
2022-11-04,2022-11-05T00:00:00Z,29.830000
2022-11-07,2022-11-08T00:00:00Z,29.660000
2022-11-08,2022-11-09T00:00:00Z,29.530001
2022-11-09,2022-11-10T00:00:00Z,29.750000
2022-11-10,2022-11-11T00:00:00Z,29.070000
2022-11-11,2022-11-12T00:00:00Z,28.650000
2022-11-14,2022-11-15T00:00:00Z,28.780001
2022-11-15,2022-11-16T00:00:00Z,28.680000
2022-11-16,2022-11-17T00:00:00Z,28.620001
2022-11-17,2022-11-18T00:00:00Z,28.730000
2022-11-18,2022-11-19T00:00:00Z,28.809999
2022-11-21,2022-11-22T00:00:00Z,29.059999
2022-11-22,2022-11-23T00:00:00Z,28.879999
2022-11-23,2022-11-24T00:00:00Z,28.580000
2022-11-25,2022-11-26T00:00:00Z,28.580000
2022-11-28,2022-11-29T00:00:00Z,28.790001
2022-11-29,2022-11-30T00:00:00Z,28.840000
2022-11-30,2022-12-01T00:00:00Z,28.610001
2022-12-01,2022-12-02T00:00:00Z,28.260000
2022-12-02,2022-12-03T00:00:00Z,28.230000
2022-12-05,2022-12-06T00:00:00Z,28.459999
2022-12-06,2022-12-07T00:00:00Z,28.480000
2022-12-07,2022-12-08T00:00:00Z,28.389999
2022-12-08,2022-12-09T00:00:00Z,28.299999
2022-12-09,2022-12-10T00:00:00Z,28.360001
2022-12-12,2022-12-13T00:00:00Z,28.379999
2022-12-13,2022-12-14T00:00:00Z,28.129999
2022-12-14,2022-12-15T00:00:00Z,28.000000
2022-12-15,2022-12-16T00:00:00Z,28.260000
2022-12-16,2022-12-17T00:00:00Z,28.309999
2022-12-19,2022-12-20T00:00:00Z,28.070000
2022-12-20,2022-12-21T00:00:00Z,27.879999
2022-12-21,2022-12-22T00:00:00Z,27.950001
2022-12-22,2022-12-23T00:00:00Z,27.990000
2022-12-23,2022-12-24T00:00:00Z,27.980000
2022-12-27,2022-12-28T00:00:00Z,27.969999
2022-12-28,2022-12-29T00:00:00Z,28.070000
2022-12-29,2022-12-30T00:00:00Z,27.900000
2022-12-30,2022-12-31T00:00:00Z,27.809999
2023-01-03,2023-01-04T00:00:00Z,28.110001
2023-01-04,2023-01-05T00:00:00Z,28.010000
2023-01-05,2023-01-06T00:00:00Z,28.270000
2023-01-06,2023-01-07T00:00:00Z,27.900000
2023-01-09,2023-01-10T00:00:00Z,27.730000
2023-01-10,2023-01-11T00:00:00Z,27.750000
2023-01-11,2023-01-12T00:00:00Z,27.750000
2023-01-12,2023-01-13T00:00:00Z,27.480000
2023-01-13,2023-01-14T00:00:00Z,27.469999
2023-01-17,2023-01-18T00:00:00Z,27.549999
2023-01-18,2023-01-19T00:00:00Z,27.549999
2023-01-19,2023-01-20T00:00:00Z,27.480000
2023-01-20,2023-01-21T00:00:00Z,27.440001
2023-01-23,2023-01-24T00:00:00Z,27.480000
2023-01-24,2023-01-25T00:00:00Z,27.450001
2023-01-25,2023-01-26T00:00:00Z,27.360001
2023-01-26,2023-01-27T00:00:00Z,27.430000
2023-01-27,2023-01-28T00:00:00Z,27.469999
2023-01-30,2023-01-31T00:00:00Z,27.570000
2023-01-31,2023-02-01T00:00:00Z,27.510000
2023-02-01,2023-02-02T00:00:00Z,27.250000
2023-02-02,2023-02-03T00:00:00Z,27.430000
2023-02-03,2023-02-04T00:00:00Z,27.790001
2023-02-06,2023-02-07T00:00:00Z,27.950001
2023-02-07,2023-02-08T00:00:00Z,27.900000
2023-02-08,2023-02-09T00:00:00Z,27.930000
2023-02-09,2023-02-10T00:00:00Z,27.889999
2023-02-10,2023-02-11T00:00:00Z,27.980000
2023-02-13,2023-02-14T00:00:00Z,27.900000
2023-02-14,2023-02-15T00:00:00Z,27.879999
2023-02-15,2023-02-16T00:00:00Z,28.070000
2023-02-16,2023-02-17T00:00:00Z,28.110001
2023-02-17,2023-02-18T00:00:00Z,28.090000
2023-02-21,2023-02-22T00:00:00Z,28.180000
2023-02-22,2023-02-23T00:00:00Z,28.270000
2023-02-23,2023-02-24T00:00:00Z,28.280001
2023-02-24,2023-02-25T00:00:00Z,28.490000
2023-02-27,2023-02-28T00:00:00Z,28.340000
2023-02-28,2023-03-01T00:00:00Z,28.420000
2023-03-01,2023-03-02T00:00:00Z,28.270000
2023-03-02,2023-03-03T00:00:00Z,28.420000
2023-03-03,2023-03-04T00:00:00Z,28.309999
2023-03-06,2023-03-07T00:00:00Z,28.270000
2023-03-07,2023-03-08T00:00:00Z,28.620001
2023-03-08,2023-03-09T00:00:00Z,28.610001
2023-03-09,2023-03-10T00:00:00Z,28.530001
2023-03-10,2023-03-11T00:00:00Z,28.350000
2023-03-13,2023-03-14T00:00:00Z,28.090000
2023-03-14,2023-03-15T00:00:00Z,28.090000
2023-03-15,2023-03-16T00:00:00Z,28.389999
2023-03-16,2023-03-17T00:00:00Z,28.360001
2023-03-17,2023-03-18T00:00:00Z,28.200001
2023-03-20,2023-03-21T00:00:00Z,28.040001
2023-03-21,2023-03-22T00:00:00Z,28.030001
2023-03-22,2023-03-23T00:00:00Z,27.820000
2023-03-23,2023-03-24T00:00:00Z,27.860001
2023-03-24,2023-03-25T00:00:00Z,28.030001
2023-03-27,2023-03-28T00:00:00Z,27.940001
2023-03-28,2023-03-29T00:00:00Z,27.840000
2023-03-29,2023-03-30T00:00:00Z,27.910000
2023-03-30,2023-03-31T00:00:00Z,27.780001
2023-03-31,2023-04-01T00:00:00Z,27.879999
2023-04-03,2023-04-04T00:00:00Z,27.750000
2023-04-04,2023-04-05T00:00:00Z,27.639999
2023-04-05,2023-04-06T00:00:00Z,27.719999
2023-04-06,2023-04-07T00:00:00Z,27.740000
2023-04-10,2023-04-11T00:00:00Z,27.900000
2023-04-11,2023-04-12T00:00:00Z,27.799999
2023-04-12,2023-04-13T00:00:00Z,27.650000
2023-04-13,2023-04-14T00:00:00Z,27.520000
2023-04-14,2023-04-15T00:00:00Z,27.680000
2023-04-17,2023-04-18T00:00:00Z,27.820000
2023-04-18,2023-04-19T00:00:00Z,27.719999
2023-04-19,2023-04-20T00:00:00Z,27.780001
2023-04-20,2023-04-21T00:00:00Z,27.780001
2023-04-21,2023-04-22T00:00:00Z,27.750000
2023-04-24,2023-04-25T00:00:00Z,27.660000
2023-04-25,2023-04-26T00:00:00Z,27.790001
2023-04-26,2023-04-27T00:00:00Z,27.700001
2023-04-27,2023-04-28T00:00:00Z,27.709999
2023-04-28,2023-04-29T00:00:00Z,27.750000
2023-05-01,2023-05-02T00:00:00Z,27.889999
2023-05-02,2023-05-03T00:00:00Z,27.820000
2023-05-03,2023-05-04T00:00:00Z,27.670000
2023-05-04,2023-05-05T00:00:00Z,27.700001
2023-05-05,2023-05-06T00:00:00Z,27.660000
2023-05-08,2023-05-09T00:00:00Z,27.700001
2023-05-09,2023-05-10T00:00:00Z,27.790001
2023-05-10,2023-05-11T00:00:00Z,27.740000
2023-05-11,2023-05-12T00:00:00Z,27.920000
2023-05-12,2023-05-13T00:00:00Z,28.100000
2023-05-15,2023-05-16T00:00:00Z,28.020000
2023-05-16,2023-05-17T00:00:00Z,28.090000
2023-05-17,2023-05-18T00:00:00Z,28.139999
2023-05-18,2023-05-19T00:00:00Z,28.350000
2023-05-19,2023-05-20T00:00:00Z,28.270000
2023-05-22,2023-05-23T00:00:00Z,28.290001
2023-05-23,2023-05-24T00:00:00Z,28.370001
2023-05-24,2023-05-25T00:00:00Z,28.469999
2023-05-25,2023-05-26T00:00:00Z,28.600000
2023-05-26,2023-05-27T00:00:00Z,28.590000
2023-05-30,2023-05-31T00:00:00Z,28.559999
2023-05-31,2023-06-01T00:00:00Z,28.610001
2023-06-01,2023-06-02T00:00:00Z,28.270000
2023-06-02,2023-06-03T00:00:00Z,28.570000
2023-06-05,2023-06-06T00:00:00Z,28.520000
2023-06-06,2023-06-07T00:00:00Z,28.610001
2023-06-07,2023-06-08T00:00:00Z,28.620001
2023-06-08,2023-06-09T00:00:00Z,28.389999
2023-06-09,2023-06-10T00:00:00Z,28.480000
2023-06-12,2023-06-13T00:00:00Z,28.490000
2023-06-13,2023-06-14T00:00:00Z,28.400000
2023-06-14,2023-06-15T00:00:00Z,28.260000
2023-06-15,2023-06-16T00:00:00Z,28.100000
2023-06-16,2023-06-17T00:00:00Z,28.150000
2023-06-20,2023-06-21T00:00:00Z,28.230000
2023-06-21,2023-06-22T00:00:00Z,28.100000
2023-06-22,2023-06-23T00:00:00Z,28.200001
2023-06-23,2023-06-24T00:00:00Z,28.350000
2023-06-26,2023-06-27T00:00:00Z,28.320000
2023-06-27,2023-06-28T00:00:00Z,28.250000
2023-06-28,2023-06-29T00:00:00Z,28.379999
2023-06-29,2023-06-30T00:00:00Z,28.500000
2023-06-30,2023-07-01T00:00:00Z,28.379999
2023-07-03,2023-07-04T00:00:00Z,28.410000
2023-07-05,2023-07-06T00:00:00Z,28.540001
2023-07-06,2023-07-07T00:00:00Z,28.469999
2023-07-07,2023-07-08T00:00:00Z,28.230000
2023-07-10,2023-07-11T00:00:00Z,28.160000
2023-07-11,2023-07-12T00:00:00Z,28.090000
2023-07-12,2023-07-13T00:00:00Z,27.760000
2023-07-13,2023-07-14T00:00:00Z,27.570000
2023-07-14,2023-07-15T00:00:00Z,27.620001
2023-07-17,2023-07-18T00:00:00Z,27.590000
2023-07-18,2023-07-19T00:00:00Z,27.610001
2023-07-19,2023-07-20T00:00:00Z,27.719999
2023-07-20,2023-07-21T00:00:00Z,27.879999
2023-07-21,2023-07-22T00:00:00Z,27.959999
2023-07-24,2023-07-25T00:00:00Z,28.059999
2023-07-25,2023-07-26T00:00:00Z,28.030001
2023-07-26,2023-07-27T00:00:00Z,27.950001
2023-07-27,2023-07-28T00:00:00Z,28.209999
2023-07-28,2023-07-29T00:00:00Z,28.170000
2023-07-31,2023-08-01T00:00:00Z,28.219999
2023-08-01,2023-08-02T00:00:00Z,28.350000
2023-08-02,2023-08-03T00:00:00Z,28.450001
2023-08-03,2023-08-04T00:00:00Z,28.430000
2023-08-04,2023-08-05T00:00:00Z,28.290001
2023-08-07,2023-08-08T00:00:00Z,28.309999
2023-08-08,2023-08-09T00:00:00Z,28.440001
2023-08-09,2023-08-10T00:00:00Z,28.459999
2023-08-10,2023-08-11T00:00:00Z,28.510000
2023-08-11,2023-08-12T00:00:00Z,28.570000
2023-08-14,2023-08-15T00:00:00Z,28.670000
2023-08-15,2023-08-16T00:00:00Z,28.680000
2023-08-16,2023-08-17T00:00:00Z,28.760000
2023-08-17,2023-08-18T00:00:00Z,28.750000
2023-08-18,2023-08-19T00:00:00Z,28.770000
2023-08-21,2023-08-22T00:00:00Z,28.740000
2023-08-22,2023-08-23T00:00:00Z,28.840000
2023-08-23,2023-08-24T00:00:00Z,28.740000
2023-08-24,2023-08-25T00:00:00Z,28.969999
2023-08-25,2023-08-26T00:00:00Z,29.010000
2023-08-28,2023-08-29T00:00:00Z,28.959999
2023-08-29,2023-08-30T00:00:00Z,28.799999
2023-08-30,2023-08-31T00:00:00Z,28.750000
2023-08-31,2023-09-01T00:00:00Z,28.889999
2023-09-01,2023-09-02T00:00:00Z,29.070000
2023-09-05,2023-09-06T00:00:00Z,29.219999
2023-09-06,2023-09-07T00:00:00Z,29.230000
2023-09-07,2023-09-08T00:00:00Z,29.299999
2023-09-08,2023-09-09T00:00:00Z,29.330000
2023-09-11,2023-09-12T00:00:00Z,29.190001
2023-09-12,2023-09-13T00:00:00Z,29.240000
2023-09-13,2023-09-14T00:00:00Z,29.260000
2023-09-14,2023-09-15T00:00:00Z,29.440001
2023-09-15,2023-09-16T00:00:00Z,29.420000
2023-09-18,2023-09-19T00:00:00Z,29.370001
2023-09-19,2023-09-20T00:00:00Z,29.389999
2023-09-20,2023-09-21T00:00:00Z,29.440001
2023-09-21,2023-09-22T00:00:00Z,29.459999
2023-09-22,2023-09-23T00:00:00Z,29.530001
2023-09-25,2023-09-26T00:00:00Z,29.639999
2023-09-26,2023-09-27T00:00:00Z,29.730000
2023-09-27,2023-09-28T00:00:00Z,29.870001
2023-09-28,2023-09-29T00:00:00Z,29.709999
2023-09-29,2023-09-30T00:00:00Z,29.730000
2023-10-02,2023-10-03T00:00:00Z,29.959999
2023-10-03,2023-10-04T00:00:00Z,29.990000
2023-10-04,2023-10-05T00:00:00Z,29.900000
2023-10-05,2023-10-06T00:00:00Z,29.799999
2023-10-06,2023-10-07T00:00:00Z,29.740000
2023-10-09,2023-10-10T00:00:00Z,29.730000
2023-10-10,2023-10-11T00:00:00Z,29.660000
2023-10-11,2023-10-12T00:00:00Z,29.660000
2023-10-12,2023-10-13T00:00:00Z,29.910000
2023-10-13,2023-10-14T00:00:00Z,29.930000
2023-10-16,2023-10-17T00:00:00Z,29.799999
2023-10-17,2023-10-18T00:00:00Z,29.809999
2023-10-18,2023-10-19T00:00:00Z,29.920000
2023-10-19,2023-10-20T00:00:00Z,29.830000
2023-10-20,2023-10-21T00:00:00Z,29.840000
2023-10-23,2023-10-24T00:00:00Z,29.690001
2023-10-24,2023-10-25T00:00:00Z,29.860001
2023-10-25,2023-10-26T00:00:00Z,29.940001
2023-10-26,2023-10-27T00:00:00Z,30.010000
2023-10-27,2023-10-28T00:00:00Z,29.969999
2023-10-30,2023-10-31T00:00:00Z,29.850000
2023-10-31,2023-11-01T00:00:00Z,30.030001
2023-11-01,2023-11-02T00:00:00Z,30.040001
2023-11-02,2023-11-03T00:00:00Z,29.889999
2023-11-03,2023-11-04T00:00:00Z,29.610001
2023-11-06,2023-11-07T00:00:00Z,29.639999
2023-11-07,2023-11-08T00:00:00Z,29.740000
2023-11-08,2023-11-09T00:00:00Z,29.730000
2023-11-09,2023-11-10T00:00:00Z,29.860001
2023-11-10,2023-11-11T00:00:00Z,29.840000
2023-11-13,2023-11-14T00:00:00Z,29.799999
2023-11-14,2023-11-15T00:00:00Z,29.330000
2023-11-15,2023-11-16T00:00:00Z,29.440001
2023-11-16,2023-11-17T00:00:00Z,29.459999
2023-11-17,2023-11-18T00:00:00Z,29.299999
2023-11-20,2023-11-21T00:00:00Z,29.209999
2023-11-21,2023-11-22T00:00:00Z,29.240000
2023-11-22,2023-11-23T00:00:00Z,29.340000
2023-11-24,2023-11-25T00:00:00Z,29.209999
2023-11-27,2023-11-28T00:00:00Z,29.150000
2023-11-28,2023-11-29T00:00:00Z,29.049999
2023-11-29,2023-11-30T00:00:00Z,29.080000
2023-11-30,2023-12-01T00:00:00Z,29.290001
2023-12-01,2023-12-02T00:00:00Z,29.200001
2023-12-04,2023-12-05T00:00:00Z,29.330000
2023-12-05,2023-12-06T00:00:00Z,29.440001
2023-12-06,2023-12-07T00:00:00Z,29.510000
2023-12-07,2023-12-08T00:00:00Z,29.350000
2023-12-08,2023-12-09T00:00:00Z,29.459999
2023-12-11,2023-12-12T00:00:00Z,29.500000
2023-12-12,2023-12-13T00:00:00Z,29.420000
2023-12-13,2023-12-14T00:00:00Z,29.170000
2023-12-14,2023-12-15T00:00:00Z,28.900000
2023-12-15,2023-12-16T00:00:00Z,29.090000
2023-12-18,2023-12-19T00:00:00Z,27.340000
2023-12-19,2023-12-20T00:00:00Z,27.219999
2023-12-20,2023-12-21T00:00:00Z,27.340000
2023-12-21,2023-12-22T00:00:00Z,27.160000
2023-12-22,2023-12-23T00:00:00Z,27.150000
2023-12-26,2023-12-27T00:00:00Z,27.090000
2023-12-27,2023-12-28T00:00:00Z,26.950001
2023-12-28,2023-12-29T00:00:00Z,27.040001
2023-12-29,2023-12-30T00:00:00Z,27.090000
2024-01-02,2024-01-03T00:00:00Z,27.320000
2024-01-03,2024-01-04T00:00:00Z,27.410000
2024-01-04,2024-01-05T00:00:00Z,27.410000
2024-01-05,2024-01-06T00:00:00Z,27.410000
2024-01-08,2024-01-09T00:00:00Z,27.360001
2024-01-09,2024-01-10T00:00:00Z,27.450001
2024-01-10,2024-01-11T00:00:00Z,27.400000
2024-01-11,2024-01-12T00:00:00Z,27.420000
2024-01-12,2024-01-13T00:00:00Z,27.450001
2024-01-16,2024-01-17T00:00:00Z,27.690001
2024-01-17,2024-01-18T00:00:00Z,27.709999
2024-01-18,2024-01-19T00:00:00Z,27.740000
2024-01-19,2024-01-20T00:00:00Z,27.700001
2024-01-22,2024-01-23T00:00:00Z,27.709999
2024-01-23,2024-01-24T00:00:00Z,27.780001
2024-01-24,2024-01-25T00:00:00Z,27.700001
2024-01-25,2024-01-26T00:00:00Z,27.780001
2024-01-26,2024-01-27T00:00:00Z,27.780001
2024-01-29,2024-01-30T00:00:00Z,27.780001
2024-01-30,2024-01-31T00:00:00Z,27.760000
2024-01-31,2024-02-01T00:00:00Z,27.830000
2024-02-01,2024-02-02T00:00:00Z,27.690001
2024-02-02,2024-02-03T00:00:00Z,27.940001
2024-02-05,2024-02-06T00:00:00Z,28.090000
2024-02-06,2024-02-07T00:00:00Z,28.010000
2024-02-07,2024-02-08T00:00:00Z,27.980000
2024-02-08,2024-02-09T00:00:00Z,28.010000
2024-02-09,2024-02-10T00:00:00Z,27.990000
2024-02-12,2024-02-13T00:00:00Z,28.020000
2024-02-13,2024-02-14T00:00:00Z,28.240000
2024-02-14,2024-02-15T00:00:00Z,28.190001
2024-02-15,2024-02-16T00:00:00Z,28.080000
2024-02-16,2024-02-17T00:00:00Z,28.090000
2024-02-20,2024-02-21T00:00:00Z,28.049999
2024-02-21,2024-02-22T00:00:00Z,28.020000
2024-02-22,2024-02-23T00:00:00Z,28.020000
2024-02-23,2024-02-24T00:00:00Z,28.040001
2024-02-26,2024-02-27T00:00:00Z,27.990000
2024-02-27,2024-02-28T00:00:00Z,28.010000
2024-02-28,2024-02-29T00:00:00Z,28.030001
2024-02-29,2024-03-01T00:00:00Z,28.090000
2024-03-01,2024-03-02T00:00:00Z,28.040001
2024-03-04,2024-03-05T00:00:00Z,28.040001
2024-03-05,2024-03-06T00:00:00Z,28.010000
2024-03-06,2024-03-07T00:00:00Z,27.910000
2024-03-07,2024-03-08T00:00:00Z,27.770000
2024-03-08,2024-03-09T00:00:00Z,27.780001
2024-03-11,2024-03-12T00:00:00Z,27.809999
2024-03-12,2024-03-13T00:00:00Z,27.830000
2024-03-13,2024-03-14T00:00:00Z,27.799999
2024-03-14,2024-03-15T00:00:00Z,27.950001
2024-03-15,2024-03-16T00:00:00Z,27.980000
2024-03-18,2024-03-19T00:00:00Z,28.040001
2024-03-19,2024-03-20T00:00:00Z,28.110001
2024-03-20,2024-03-21T00:00:00Z,27.980000
2024-03-21,2024-03-22T00:00:00Z,28.170000
2024-03-22,2024-03-23T00:00:00Z,28.320000
2024-03-25,2024-03-26T00:00:00Z,28.250000
2024-03-26,2024-03-27T00:00:00Z,28.270000
2024-03-27,2024-03-28T00:00:00Z,28.290001
2024-03-28,2024-03-29T00:00:00Z,28.370001
2024-04-01,2024-04-02T00:00:00Z,28.480000
2024-04-02,2024-04-03T00:00:00Z,28.440001
2024-04-03,2024-04-04T00:00:00Z,28.309999
2024-04-04,2024-04-05T00:00:00Z,28.309999
2024-04-05,2024-04-06T00:00:00Z,28.340000
2024-04-08,2024-04-09T00:00:00Z,28.299999
2024-04-09,2024-04-10T00:00:00Z,28.290001
2024-04-10,2024-04-11T00:00:00Z,28.590000
2024-04-11,2024-04-12T00:00:00Z,28.610001
2024-04-12,2024-04-13T00:00:00Z,28.840000
2024-04-15,2024-04-16T00:00:00Z,28.889999
2024-04-16,2024-04-17T00:00:00Z,28.930000
2024-04-17,2024-04-18T00:00:00Z,28.840000
2024-04-18,2024-04-19T00:00:00Z,28.900000
2024-04-19,2024-04-20T00:00:00Z,28.900000
2024-04-22,2024-04-23T00:00:00Z,28.910000
2024-04-23,2024-04-24T00:00:00Z,28.790001
2024-04-24,2024-04-25T00:00:00Z,28.820000
2024-04-25,2024-04-26T00:00:00Z,28.760000
2024-04-26,2024-04-27T00:00:00Z,28.889999
2024-04-29,2024-04-30T00:00:00Z,28.799999
2024-04-30,2024-05-01T00:00:00Z,28.980000
2024-05-01,2024-05-02T00:00:00Z,28.950001
2024-05-02,2024-05-03T00:00:00Z,28.730000
2024-05-03,2024-05-04T00:00:00Z,28.650000
2024-05-06,2024-05-07T00:00:00Z,28.680000
2024-05-07,2024-05-08T00:00:00Z,28.760000
2024-05-08,2024-05-09T00:00:00Z,28.799999
2024-05-09,2024-05-10T00:00:00Z,28.700001
2024-05-10,2024-05-11T00:00:00Z,28.740000
2024-05-13,2024-05-14T00:00:00Z,28.730000
2024-05-14,2024-05-15T00:00:00Z,28.670000
2024-05-15,2024-05-16T00:00:00Z,28.490000
2024-05-16,2024-05-17T00:00:00Z,28.559999
2024-05-17,2024-05-18T00:00:00Z,28.559999
2024-05-20,2024-05-21T00:00:00Z,28.600000
2024-05-21,2024-05-22T00:00:00Z,28.600000
2024-05-22,2024-05-23T00:00:00Z,28.690001
2024-05-23,2024-05-24T00:00:00Z,28.750000
2024-05-24,2024-05-25T00:00:00Z,28.660000
2024-05-28,2024-05-29T00:00:00Z,28.620001
2024-05-29,2024-05-30T00:00:00Z,28.780001
2024-05-30,2024-05-31T00:00:00Z,28.690001
2024-05-31,2024-06-01T00:00:00Z,28.670000
2024-06-03,2024-06-04T00:00:00Z,28.520000
2024-06-04,2024-06-05T00:00:00Z,28.530001
2024-06-05,2024-06-06T00:00:00Z,28.570000
2024-06-06,2024-06-07T00:00:00Z,28.530001
2024-06-07,2024-06-08T00:00:00Z,28.770000
2024-06-10,2024-06-11T00:00:00Z,28.840000
2024-06-11,2024-06-12T00:00:00Z,28.879999
2024-06-12,2024-06-13T00:00:00Z,28.750000
2024-06-13,2024-06-14T00:00:00Z,28.860001
2024-06-14,2024-06-15T00:00:00Z,28.990000
2024-06-17,2024-06-18T00:00:00Z,28.920000
2024-06-18,2024-06-19T00:00:00Z,28.910000
2024-06-20,2024-06-21T00:00:00Z,29.030001
2024-06-21,2024-06-22T00:00:00Z,29.100000
2024-06-24,2024-06-25T00:00:00Z,29.000000
2024-06-25,2024-06-26T00:00:00Z,29.030001
2024-06-26,2024-06-27T00:00:00Z,29.170000
2024-06-27,2024-06-28T00:00:00Z,29.129999
2024-06-28,2024-06-29T00:00:00Z,29.129999
2024-07-01,2024-07-02T00:00:00Z,29.139999
2024-07-02,2024-07-03T00:00:00Z,29.100000
2024-07-03,2024-07-04T00:00:00Z,28.980000
2024-07-05,2024-07-06T00:00:00Z,28.879999
2024-07-08,2024-07-09T00:00:00Z,28.930000
2024-07-09,2024-07-10T00:00:00Z,28.969999
2024-07-10,2024-07-11T00:00:00Z,28.940001
2024-07-11,2024-07-12T00:00:00Z,28.790001
2024-07-12,2024-07-13T00:00:00Z,28.690001
2024-07-15,2024-07-16T00:00:00Z,28.740000
2024-07-16,2024-07-17T00:00:00Z,28.740000
2024-07-17,2024-07-18T00:00:00Z,28.610001
2024-07-18,2024-07-19T00:00:00Z,28.740000
2024-07-19,2024-07-20T00:00:00Z,28.820000
2024-07-22,2024-07-23T00:00:00Z,28.799999
2024-07-23,2024-07-24T00:00:00Z,28.850000
2024-07-24,2024-07-25T00:00:00Z,28.840000
2024-07-25,2024-07-26T00:00:00Z,28.840000
2024-07-26,2024-07-27T00:00:00Z,28.820000
2024-07-29,2024-07-30T00:00:00Z,28.900000
2024-07-30,2024-07-31T00:00:00Z,28.920000
2024-07-31,2024-08-01T00:00:00Z,28.760000
2024-08-01,2024-08-02T00:00:00Z,28.860001
2024-08-02,2024-08-03T00:00:00Z,28.570000
2024-08-05,2024-08-06T00:00:00Z,28.410000
2024-08-06,2024-08-07T00:00:00Z,28.500000
2024-08-07,2024-08-08T00:00:00Z,28.559999
2024-08-08,2024-08-09T00:00:00Z,28.600000
2024-08-09,2024-08-10T00:00:00Z,28.570000
2024-08-12,2024-08-13T00:00:00Z,28.570000
2024-08-13,2024-08-14T00:00:00Z,28.420000
2024-08-14,2024-08-15T00:00:00Z,28.450001
2024-08-15,2024-08-16T00:00:00Z,28.549999
2024-08-16,2024-08-17T00:00:00Z,28.410000
2024-08-19,2024-08-20T00:00:00Z,28.260000
2024-08-20,2024-08-21T00:00:00Z,28.160000
2024-08-21,2024-08-22T00:00:00Z,28.070000
2024-08-22,2024-08-23T00:00:00Z,28.200001
2024-08-23,2024-08-24T00:00:00Z,27.959999
2024-08-26,2024-08-27T00:00:00Z,28.020000
2024-08-27,2024-08-28T00:00:00Z,27.930000
2024-08-28,2024-08-29T00:00:00Z,28.090000
2024-08-29,2024-08-30T00:00:00Z,28.190001
2024-08-30,2024-08-31T00:00:00Z,28.270000
2024-09-03,2024-09-04T00:00:00Z,28.320000
2024-09-04,2024-09-05T00:00:00Z,28.180000
2024-09-05,2024-09-06T00:00:00Z,28.139999
2024-09-06,2024-09-07T00:00:00Z,28.180000
2024-09-09,2024-09-10T00:00:00Z,28.299999
2024-09-10,2024-09-11T00:00:00Z,28.309999
2024-09-11,2024-09-12T00:00:00Z,28.340000
2024-09-12,2024-09-13T00:00:00Z,28.219999
2024-09-13,2024-09-14T00:00:00Z,28.180000
2024-09-16,2024-09-17T00:00:00Z,28.090000
2024-09-17,2024-09-18T00:00:00Z,28.180000
2024-09-18,2024-09-19T00:00:00Z,28.209999
2024-09-19,2024-09-20T00:00:00Z,28.090000
2024-09-20,2024-09-21T00:00:00Z,28.139999
2024-09-23,2024-09-24T00:00:00Z,28.180000
2024-09-24,2024-09-25T00:00:00Z,28.020000
2024-09-25,2024-09-26T00:00:00Z,28.209999
2024-09-26,2024-09-27T00:00:00Z,28.080000
2024-09-27,2024-09-28T00:00:00Z,28.070000
2024-09-30,2024-10-01T00:00:00Z,28.180000
2024-10-01,2024-10-02T00:00:00Z,28.299999
2024-10-02,2024-10-03T00:00:00Z,28.420000
2024-10-03,2024-10-04T00:00:00Z,28.510000
2024-10-04,2024-10-05T00:00:00Z,28.670000
2024-10-07,2024-10-08T00:00:00Z,28.690001
2024-10-08,2024-10-09T00:00:00Z,28.690001
2024-10-09,2024-10-10T00:00:00Z,28.820000
2024-10-10,2024-10-11T00:00:00Z,28.809999
2024-10-11,2024-10-12T00:00:00Z,28.830000
2024-10-14,2024-10-15T00:00:00Z,28.920000
2024-10-15,2024-10-16T00:00:00Z,28.940001
2024-10-16,2024-10-17T00:00:00Z,29.020000
2024-10-17,2024-10-18T00:00:00Z,29.110001
2024-10-18,2024-10-19T00:00:00Z,29.030001
2024-10-21,2024-10-22T00:00:00Z,29.160000
2024-10-22,2024-10-23T00:00:00Z,29.190001
2024-10-23,2024-10-24T00:00:00Z,29.290001
2024-10-24,2024-10-25T00:00:00Z,29.180000
2024-10-25,2024-10-26T00:00:00Z,29.280001
2024-10-28,2024-10-29T00:00:00Z,29.280001
2024-10-29,2024-10-30T00:00:00Z,29.290001
2024-10-30,2024-10-31T00:00:00Z,29.219999
2024-10-31,2024-11-01T00:00:00Z,29.200001
2024-11-01,2024-11-02T00:00:00Z,29.320000
2024-11-04,2024-11-05T00:00:00Z,29.209999
2024-11-05,2024-11-06T00:00:00Z,29.090000
2024-11-06,2024-11-07T00:00:00Z,29.559999
2024-11-07,2024-11-08T00:00:00Z,29.320000
2024-11-08,2024-11-09T00:00:00Z,29.520000
2024-11-11,2024-11-12T00:00:00Z,29.690001
2024-11-12,2024-11-13T00:00:00Z,29.820000
2024-11-13,2024-11-14T00:00:00Z,29.990000
2024-11-14,2024-11-15T00:00:00Z,30.110001
2024-11-15,2024-11-16T00:00:00Z,30.080000
2024-11-18,2024-11-19T00:00:00Z,29.930000
2024-11-19,2024-11-20T00:00:00Z,29.920000
2024-11-20,2024-11-21T00:00:00Z,30.070000
2024-11-21,2024-11-22T00:00:00Z,30.170000
2024-11-22,2024-11-23T00:00:00Z,30.330000
2024-11-25,2024-11-26T00:00:00Z,30.120001
2024-11-26,2024-11-27T00:00:00Z,30.160000
2024-11-27,2024-11-28T00:00:00Z,29.900000
2024-11-29,2024-11-30T00:00:00Z,29.850000
2024-12-02,2024-12-03T00:00:00Z,30.030001
2024-12-03,2024-12-04T00:00:00Z,30.020000
2024-12-04,2024-12-05T00:00:00Z,30.010000
2024-12-05,2024-12-06T00:00:00Z,29.850000
2024-12-06,2024-12-07T00:00:00Z,29.930000
2024-12-09,2024-12-10T00:00:00Z,29.980000
2024-12-10,2024-12-11T00:00:00Z,30.049999
2024-12-11,2024-12-12T00:00:00Z,30.150000
2024-12-12,2024-12-13T00:00:00Z,30.250000
2024-12-13,2024-12-14T00:00:00Z,30.260000
2024-12-16,2024-12-17T00:00:00Z,30.209999
2024-12-17,2024-12-18T00:00:00Z,30.240000
2024-12-18,2024-12-19T00:00:00Z,30.590000
2024-12-19,2024-12-20T00:00:00Z,30.650000
2024-12-20,2024-12-21T00:00:00Z,30.500000
2024-12-23,2024-12-24T00:00:00Z,29.290001
2024-12-24,2024-12-25T00:00:00Z,29.370001
2024-12-26,2024-12-27T00:00:00Z,29.309999
2024-12-27,2024-12-28T00:00:00Z,29.260000
2024-12-30,2024-12-31T00:00:00Z,29.290001
2024-12-31,2025-01-01T00:00:00Z,29.420000
2025-01-02,2025-01-03T00:00:00Z,29.670000
2025-01-03,2025-01-04T00:00:00Z,29.580000
2025-01-06,2025-01-07T00:00:00Z,29.389999
2025-01-07,2025-01-08T00:00:00Z,29.500000
2025-01-08,2025-01-09T00:00:00Z,29.610001
2025-01-10,2025-01-11T00:00:00Z,29.760000
2025-01-13,2025-01-14T00:00:00Z,29.850000
2025-01-14,2025-01-15T00:00:00Z,29.660000
2025-01-15,2025-01-16T00:00:00Z,29.610001
2025-01-16,2025-01-17T00:00:00Z,29.610001
2025-01-17,2025-01-18T00:00:00Z,29.719999
2025-01-21,2025-01-22T00:00:00Z,29.340000
2025-01-22,2025-01-23T00:00:00Z,29.389999
2025-01-23,2025-01-24T00:00:00Z,29.379999
2025-01-24,2025-01-25T00:00:00Z,29.200001
2025-01-27,2025-01-28T00:00:00Z,29.209999
2025-01-28,2025-01-29T00:00:00Z,29.330000
2025-01-29,2025-01-30T00:00:00Z,29.389999
2025-01-30,2025-01-31T00:00:00Z,29.389999
2025-01-31,2025-02-01T00:00:00Z,29.510000
2025-02-03,2025-02-04T00:00:00Z,29.639999
2025-02-04,2025-02-05T00:00:00Z,29.370001
2025-02-05,2025-02-06T00:00:00Z,29.320000
2025-02-06,2025-02-07T00:00:00Z,29.299999
2025-02-07,2025-02-08T00:00:00Z,29.430000
2025-02-10,2025-02-11T00:00:00Z,29.520000
2025-02-11,2025-02-12T00:00:00Z,29.420000
2025-02-12,2025-02-13T00:00:00Z,29.440001
2025-02-13,2025-02-14T00:00:00Z,29.200001
2025-02-14,2025-02-15T00:00:00Z,29.120001
2025-02-18,2025-02-19T00:00:00Z,29.180000
2025-02-19,2025-02-20T00:00:00Z,29.209999
2025-02-20,2025-02-21T00:00:00Z,28.980000
2025-02-21,2025-02-22T00:00:00Z,29.080000
2025-02-24,2025-02-25T00:00:00Z,29.100000
2025-02-25,2025-02-26T00:00:00Z,28.990000
2025-02-26,2025-02-27T00:00:00Z,29.049999
2025-02-27,2025-02-28T00:00:00Z,29.260000
2025-02-28,2025-03-01T00:00:00Z,29.389999
2025-03-03,2025-03-04T00:00:00Z,29.110001
2025-03-04,2025-03-05T00:00:00Z,28.850000
2025-03-05,2025-03-06T00:00:00Z,28.500000
2025-03-06,2025-03-07T00:00:00Z,28.480000
2025-03-07,2025-03-08T00:00:00Z,28.389999
2025-03-10,2025-03-11T00:00:00Z,28.410000
2025-03-11,2025-03-12T00:00:00Z,28.250000
2025-03-12,2025-03-13T00:00:00Z,28.320000
2025-03-13,2025-03-14T00:00:00Z,28.420000
2025-03-14,2025-03-15T00:00:00Z,28.389999
2025-03-17,2025-03-18T00:00:00Z,28.280001
2025-03-18,2025-03-19T00:00:00Z,28.260000
2025-03-19,2025-03-20T00:00:00Z,28.330000
2025-03-20,2025-03-21T00:00:00Z,28.410000
2025-03-21,2025-03-22T00:00:00Z,28.500000
2025-03-24,2025-03-25T00:00:00Z,28.549999
2025-03-25,2025-03-26T00:00:00Z,28.520000
2025-03-26,2025-03-27T00:00:00Z,28.650000
2025-03-27,2025-03-28T00:00:00Z,28.559999
2025-03-28,2025-03-29T00:00:00Z,28.510000
2025-03-31,2025-04-01T00:00:00Z,28.540001
2025-04-01,2025-04-02T00:00:00Z,28.570000
2025-04-02,2025-04-03T00:00:00Z,28.450001
2025-04-03,2025-04-04T00:00:00Z,27.950001
2025-04-04,2025-04-05T00:00:00Z,28.260000
2025-04-07,2025-04-08T00:00:00Z,28.379999
2025-04-08,2025-04-09T00:00:00Z,28.250000
2025-04-09,2025-04-10T00:00:00Z,28.290001
2025-04-10,2025-04-11T00:00:00Z,27.700001
2025-04-11,2025-04-12T00:00:00Z,27.450001
2025-04-14,2025-04-15T00:00:00Z,27.360001
2025-04-15,2025-04-16T00:00:00Z,27.510000
2025-04-16,2025-04-17T00:00:00Z,27.280001
2025-04-17,2025-04-18T00:00:00Z,27.299999
2025-04-21,2025-04-22T00:00:00Z,27.040001
2025-04-22,2025-04-23T00:00:00Z,27.190001
2025-04-23,2025-04-24T00:00:00Z,27.440001
2025-04-24,2025-04-25T00:00:00Z,27.320000
2025-04-25,2025-04-26T00:00:00Z,27.389999
2025-04-28,2025-04-29T00:00:00Z,27.219999
2025-04-29,2025-04-30T00:00:00Z,27.309999
2025-04-30,2025-05-01T00:00:00Z,27.410000
2025-05-01,2025-05-02T00:00:00Z,27.570000
2025-05-02,2025-05-03T00:00:00Z,27.530001
2025-05-05,2025-05-06T00:00:00Z,27.480000
2025-05-06,2025-05-07T00:00:00Z,27.309999
2025-05-07,2025-05-08T00:00:00Z,27.510000
2025-05-08,2025-05-09T00:00:00Z,27.740000
2025-05-09,2025-05-10T00:00:00Z,27.660000
2025-05-12,2025-05-13T00:00:00Z,28.049999
2025-05-13,2025-05-14T00:00:00Z,27.809999
2025-05-14,2025-05-15T00:00:00Z,27.870001
2025-05-15,2025-05-16T00:00:00Z,27.799999
2025-05-16,2025-05-17T00:00:00Z,27.879999
2025-05-19,2025-05-20T00:00:00Z,27.690001
2025-05-20,2025-05-21T00:00:00Z,27.610001
2025-05-21,2025-05-22T00:00:00Z,27.490000
2025-05-22,2025-05-23T00:00:00Z,27.570000
2025-05-23,2025-05-24T00:00:00Z,27.370001
2025-05-27,2025-05-28T00:00:00Z,27.520000
2025-05-28,2025-05-29T00:00:00Z,27.610001
2025-05-29,2025-05-30T00:00:00Z,27.459999
2025-05-30,2025-05-31T00:00:00Z,27.450001
2025-06-02,2025-06-03T00:00:00Z,27.260000
2025-06-03,2025-06-04T00:00:00Z,27.440001
2025-06-04,2025-06-05T00:00:00Z,27.320000
2025-06-05,2025-06-06T00:00:00Z,27.299999
2025-06-06,2025-06-07T00:00:00Z,27.440001
2025-06-09,2025-06-10T00:00:00Z,27.370001
2025-06-10,2025-06-11T00:00:00Z,27.400000
2025-06-11,2025-06-12T00:00:00Z,27.299999
2025-06-12,2025-06-13T00:00:00Z,27.100000
2025-06-13,2025-06-14T00:00:00Z,27.170000
2025-06-16,2025-06-17T00:00:00Z,27.200001
2025-06-17,2025-06-18T00:00:00Z,27.379999
2025-06-18,2025-06-19T00:00:00Z,27.430000
2025-06-20,2025-06-21T00:00:00Z,27.400000
2025-06-23,2025-06-24T00:00:00Z,27.290001
2025-06-24,2025-06-25T00:00:00Z,27.150000
2025-06-25,2025-06-26T00:00:00Z,27.080000
2025-06-26,2025-06-27T00:00:00Z,26.969999
2025-06-27,2025-06-28T00:00:00Z,27.020000
2025-06-30,2025-07-01T00:00:00Z,26.879999
2025-07-01,2025-07-02T00:00:00Z,26.870001
2025-07-02,2025-07-03T00:00:00Z,26.850000
2025-07-03,2025-07-04T00:00:00Z,26.980000
2025-07-07,2025-07-08T00:00:00Z,27.070000
2025-07-08,2025-07-09T00:00:00Z,27.090000
2025-07-09,2025-07-10T00:00:00Z,27.090000
2025-07-10,2025-07-11T00:00:00Z,27.139999
2025-07-11,2025-07-12T00:00:00Z,27.219999
2025-07-14,2025-07-15T00:00:00Z,27.290001
2025-07-15,2025-07-16T00:00:00Z,27.440001
2025-07-16,2025-07-17T00:00:00Z,27.340000
2025-07-17,2025-07-18T00:00:00Z,27.459999
2025-07-18,2025-07-19T00:00:00Z,27.420000
2025-07-21,2025-07-22T00:00:00Z,27.240000
2025-07-22,2025-07-23T00:00:00Z,27.100000
2025-07-23,2025-07-24T00:00:00Z,27.059999
2025-07-24,2025-07-25T00:00:00Z,27.129999
2025-07-25,2025-07-26T00:00:00Z,27.190001
2025-07-28,2025-07-29T00:00:00Z,27.500000
2025-07-29,2025-07-30T00:00:00Z,27.570000
2025-07-30,2025-07-31T00:00:00Z,27.840000
2025-07-31,2025-08-01T00:00:00Z,27.900000
2025-08-01,2025-08-02T00:00:00Z,27.570000
2025-08-04,2025-08-05T00:00:00Z,27.559999
2025-08-05,2025-08-06T00:00:00Z,27.559999
2025-08-06,2025-08-07T00:00:00Z,27.400000
2025-08-07,2025-08-08T00:00:00Z,27.379999
2025-08-08,2025-08-09T00:00:00Z,27.430000
2025-08-11,2025-08-12T00:00:00Z,27.540001
2025-08-12,2025-08-13T00:00:00Z,27.400000
2025-08-13,2025-08-14T00:00:00Z,27.330000
2025-08-14,2025-08-15T00:00:00Z,27.430000
2025-08-15,2025-08-16T00:00:00Z,27.340000
2025-08-18,2025-08-19T00:00:00Z,27.410000
2025-08-19,2025-08-20T00:00:00Z,27.480000
2025-08-20,2025-08-21T00:00:00Z,27.459999
2025-08-21,2025-08-22T00:00:00Z,27.600000
2025-08-22,2025-08-23T00:00:00Z,27.330000
2025-08-25,2025-08-26T00:00:00Z,27.549999
2025-08-26,2025-08-27T00:00:00Z,27.480000
2025-08-27,2025-08-28T00:00:00Z,27.490000
2025-08-28,2025-08-29T00:00:00Z,27.389999
2025-08-29,2025-08-30T00:00:00Z,27.370001
2025-09-02,2025-09-03T00:00:00Z,27.549999
2025-09-03,2025-09-04T00:00:00Z,27.500000
2025-09-04,2025-09-05T00:00:00Z,27.540001
2025-09-05,2025-09-06T00:00:00Z,27.400000
2025-09-08,2025-09-09T00:00:00Z,27.309999
2025-09-09,2025-09-10T00:00:00Z,27.420000
2025-09-10,2025-09-11T00:00:00Z,27.440001
2025-09-11,2025-09-12T00:00:00Z,27.350000
2025-09-12,2025-09-13T00:00:00Z,27.389999
2025-09-15,2025-09-16T00:00:00Z,27.299999
2025-09-16,2025-09-17T00:00:00Z,27.129999
2025-09-17,2025-09-18T00:00:00Z,27.219999
2025-09-18,2025-09-19T00:00:00Z,27.350000
2025-09-19,2025-09-20T00:00:00Z,27.430000
2025-09-22,2025-09-23T00:00:00Z,27.330000
2025-09-23,2025-09-24T00:00:00Z,27.309999
2025-09-24,2025-09-25T00:00:00Z,27.510000
2025-09-25,2025-09-26T00:00:00Z,27.700001
2025-09-26,2025-09-27T00:00:00Z,27.600000
2025-09-29,2025-09-30T00:00:00Z,27.540001
2025-09-30,2025-10-01T00:00:00Z,27.510000
2025-10-01,2025-10-02T00:00:00Z,27.500000
2025-10-02,2025-10-03T00:00:00Z,27.540001
2025-10-03,2025-10-04T00:00:00Z,27.490000
2025-10-06,2025-10-07T00:00:00Z,27.620001
2025-10-07,2025-10-08T00:00:00Z,27.780001
2025-10-08,2025-10-09T00:00:00Z,27.840000
2025-10-09,2025-10-10T00:00:00Z,28.030001
2025-10-10,2025-10-11T00:00:00Z,27.889999
2025-10-13,2025-10-14T00:00:00Z,27.990000
2025-10-14,2025-10-15T00:00:00Z,27.910000
2025-10-15,2025-10-16T00:00:00Z,27.830000
2025-10-16,2025-10-17T00:00:00Z,27.719999
2025-10-17,2025-10-18T00:00:00Z,27.750000
2025-10-20,2025-10-21T00:00:00Z,27.820000
2025-10-21,2025-10-22T00:00:00Z,27.930000
2025-10-22,2025-10-23T00:00:00Z,27.900000
2025-10-23,2025-10-24T00:00:00Z,27.910000
2025-10-24,2025-10-25T00:00:00Z,27.910000
2025-10-27,2025-10-28T00:00:00Z,27.879999
2025-10-28,2025-10-29T00:00:00Z,27.860001
2025-10-29,2025-10-30T00:00:00Z,28.020000
2025-10-30,2025-10-31T00:00:00Z,28.129999
2025-10-31,2025-11-01T00:00:00Z,28.209999
2025-11-03,2025-11-04T00:00:00Z,28.230000
2025-11-04,2025-11-05T00:00:00Z,28.320000
2025-11-05,2025-11-06T00:00:00Z,28.330000
2025-11-06,2025-11-07T00:00:00Z,28.180000
2025-11-07,2025-11-08T00:00:00Z,28.160000
2025-11-10,2025-11-11T00:00:00Z,28.180000
2025-11-11,2025-11-12T00:00:00Z,28.139999
2025-11-12,2025-11-13T00:00:00Z,28.150000
2025-11-13,2025-11-14T00:00:00Z,28.070000
2025-11-14,2025-11-15T00:00:00Z,28.110001
2025-11-17,2025-11-18T00:00:00Z,28.180000
2025-11-18,2025-11-19T00:00:00Z,28.209999
2025-11-19,2025-11-20T00:00:00Z,28.389999
2025-11-20,2025-11-21T00:00:00Z,28.410000
2025-11-21,2025-11-22T00:00:00Z,28.389999
2025-11-24,2025-11-25T00:00:00Z,28.389999
2025-11-25,2025-11-26T00:00:00Z,28.309999
2025-11-26,2025-11-27T00:00:00Z,28.230000
2025-11-28,2025-11-29T00:00:00Z,28.209999
2025-12-01,2025-12-02T00:00:00Z,28.200001
2025-12-02,2025-12-03T00:00:00Z,28.190001
2025-12-03,2025-12-04T00:00:00Z,28.049999
2025-12-04,2025-12-05T00:00:00Z,28.110001
2025-12-05,2025-12-06T00:00:00Z,28.080000
2025-12-08,2025-12-09T00:00:00Z,28.120001
2025-12-09,2025-12-10T00:00:00Z,28.160000
2025-12-10,2025-12-11T00:00:00Z,28.010000
2025-12-11,2025-12-12T00:00:00Z,27.910000
2025-12-12,2025-12-13T00:00:00Z,27.950001
2025-12-15,2025-12-16T00:00:00Z,27.930000
2025-12-16,2025-12-17T00:00:00Z,27.900000
2025-12-17,2025-12-18T00:00:00Z,27.959999
2025-12-18,2025-12-19T00:00:00Z,27.980000
2025-12-19,2025-12-20T00:00:00Z,28.070000
2025-12-22,2025-12-23T00:00:00Z,27.030001
2025-12-23,2025-12-24T00:00:00Z,26.940001
2025-12-24,2025-12-25T00:00:00Z,26.950001
2025-12-26,2025-12-27T00:00:00Z,26.969999
2025-12-29,2025-12-30T00:00:00Z,26.980000
2025-12-30,2025-12-31T00:00:00Z,27.049999
2025-12-31,2026-01-01T00:00:00Z,27.030001
2026-01-02,2026-01-03T00:00:00Z,27.110001
2026-01-05,2026-01-06T00:00:00Z,27.070000
2026-01-06,2026-01-07T00:00:00Z,27.160000
2026-01-07,2026-01-08T00:00:00Z,27.200001
2026-01-08,2026-01-09T00:00:00Z,27.270000
2026-01-09,2026-01-10T00:00:00Z,27.330000
2026-01-12,2026-01-13T00:00:00Z,27.280001
2026-01-13,2026-01-14T00:00:00Z,27.350000
2026-01-14,2026-01-15T00:00:00Z,27.330000
2026-01-15,2026-01-16T00:00:00Z,27.430000
2026-01-16,2026-01-17T00:00:00Z,27.430000
2026-01-20,2026-01-21T00:00:00Z,27.209999
2026-01-21,2026-01-22T00:00:00Z,27.270000
2026-01-22,2026-01-23T00:00:00Z,27.150000
2026-01-23,2026-01-24T00:00:00Z,26.910000
2026-01-26,2026-01-27T00:00:00Z,26.780001
2026-01-27,2026-01-28T00:00:00Z,26.469999
2026-01-28,2026-01-29T00:00:00Z,26.629999
2026-01-29,2026-01-30T00:00:00Z,26.590000
2026-01-30,2026-01-31T00:00:00Z,26.850000
2026-02-02,2026-02-03T00:00:00Z,26.990000
2026-02-03,2026-02-04T00:00:00Z,26.920000
2026-02-04,2026-02-05T00:00:00Z,27.010000
2026-02-05,2026-02-06T00:00:00Z,27.090000
2026-02-06,2026-02-07T00:00:00Z,27.010000
2026-02-09,2026-02-10T00:00:00Z,26.790001
2026-02-10,2026-02-11T00:00:00Z,26.799999
2026-02-11,2026-02-12T00:00:00Z,26.830000
2026-02-12,2026-02-13T00:00:00Z,26.820000
2026-02-13,2026-02-14T00:00:00Z,26.820000
2026-02-17,2026-02-18T00:00:00Z,26.910000
2026-02-18,2026-02-19T00:00:00Z,27.080000
2026-02-19,2026-02-20T00:00:00Z,27.120001
2026-02-20,2026-02-21T00:00:00Z,27.090000
2026-02-23,2026-02-24T00:00:00Z,27.090000
2026-02-24,2026-02-25T00:00:00Z,27.110001
2026-02-25,2026-02-26T00:00:00Z,27.080000
2026-02-26,2026-02-27T00:00:00Z,27.100000
2026-02-27,2026-02-28T00:00:00Z,27.080000
2026-03-02,2026-03-03T00:00:00Z,27.330000
2026-03-03,2026-03-04T00:00:00Z,27.459999
2026-03-04,2026-03-05T00:00:00Z,27.410000
2026-03-05,2026-03-06T00:00:00Z,27.480000
2026-03-06,2026-03-07T00:00:00Z,27.469999
2026-03-09,2026-03-10T00:00:00Z,27.459999
2026-03-10,2026-03-11T00:00:00Z,27.450001
2026-03-11,2026-03-12T00:00:00Z,27.549999
2026-03-12,2026-03-13T00:00:00Z,27.680000
2026-03-13,2026-03-14T00:00:00Z,27.889999
2026-03-16,2026-03-17T00:00:00Z,27.730000
2026-03-17,2026-03-18T00:00:00Z,27.680000
2026-03-18,2026-03-19T00:00:00Z,27.850000
2026-03-19,2026-03-20T00:00:00Z,27.580000
2026-03-20,2026-03-21T00:00:00Z,27.680000
2026-03-23,2026-03-24T00:00:00Z,27.559999
2026-03-24,2026-03-25T00:00:00Z,27.650000
2026-03-25,2026-03-26T00:00:00Z,27.700001
2026-03-26,2026-03-27T00:00:00Z,27.809999
2026-03-27,2026-03-28T00:00:00Z,27.840000
2026-03-30,2026-03-31T00:00:00Z,27.980000
2026-03-31,2026-04-01T00:00:00Z,27.780001
2026-04-01,2026-04-02T00:00:00Z,27.730000
2026-04-02,2026-04-03T00:00:00Z,27.860001
2026-04-06,2026-04-07T00:00:00Z,27.830000
2026-04-07,2026-04-08T00:00:00Z,27.750000
2026-04-08,2026-04-09T00:00:00Z,27.530001
2026-04-09,2026-04-10T00:00:00Z,27.480000
2026-04-10,2026-04-11T00:00:00Z,27.440001
2026-04-13,2026-04-14T00:00:00Z,27.379999
2026-04-14,2026-04-15T00:00:00Z,27.320000
2026-04-15,2026-04-16T00:00:00Z,27.290001
2026-04-16,2026-04-17T00:00:00Z,27.370001
2026-04-17,2026-04-18T00:00:00Z,27.360001
2026-04-20,2026-04-21T00:00:00Z,27.320000
2026-04-21,2026-04-22T00:00:00Z,27.469999
2026-04-22,2026-04-23T00:00:00Z,27.480000
2026-04-23,2026-04-24T00:00:00Z,27.530001
2026-04-24,2026-04-25T00:00:00Z,27.480000
2026-04-27,2026-04-28T00:00:00Z,27.450001
2026-04-28,2026-04-29T00:00:00Z,27.530001
2026-04-29,2026-04-30T00:00:00Z,27.610001
2026-04-30,2026-05-01T00:00:00Z,27.360001
2026-05-01,2026-05-02T00:00:00Z,27.410000
2026-05-04,2026-05-05T00:00:00Z,27.480000
2026-05-05,2026-05-06T00:00:00Z,27.500000
2026-05-06,2026-05-07T00:00:00Z,27.350000
2026-05-07,2026-05-08T00:00:00Z,27.410000
2026-05-08,2026-05-09T00:00:00Z,27.340000
2026-05-11,2026-05-12T00:00:00Z,27.350000
2026-05-12,2026-05-13T00:00:00Z,27.450001
2026-05-13,2026-05-14T00:00:00Z,27.510000
2026-05-14,2026-05-15T00:00:00Z,27.620001
2026-05-15,2026-05-16T00:00:00Z,27.770000
2026-05-18,2026-05-19T00:00:00Z,27.700001
2026-05-19,2026-05-20T00:00:00Z,27.790001
2026-05-20,2026-05-21T00:00:00Z,27.730000
2026-05-21,2026-05-22T00:00:00Z,27.730000
2026-05-22,2026-05-23T00:00:00Z,27.770000
2026-05-26,2026-05-27T00:00:00Z,27.750000
2026-05-27,2026-05-28T00:00:00Z,27.750000
2026-05-28,2026-05-29T00:00:00Z,27.700001
2026-05-29,2026-05-30T00:00:00Z,27.660000
2026-06-01,2026-06-02T00:00:00Z,27.760000
2026-06-02,2026-06-03T00:00:00Z,27.760000
2026-06-03,2026-06-04T00:00:00Z,27.860001
2026-06-04,2026-06-05T00:00:00Z,27.840000
2026-06-05,2026-06-06T00:00:00Z,28.020000
2026-06-08,2026-06-09T00:00:00Z,28.030001
2026-06-09,2026-06-10T00:00:00Z,28.010000
2026-06-10,2026-06-11T00:00:00Z,28.049999
2026-06-11,2026-06-12T00:00:00Z,27.950001
2026-06-12,2026-06-13T00:00:00Z,27.950001
2026-06-15,2026-06-16T00:00:00Z,27.969999
2026-06-16,2026-06-17T00:00:00Z,27.930000
2026-06-17,2026-06-18T00:00:00Z,28.180000
2026-06-18,2026-06-19T00:00:00Z,28.299999
2026-06-22,2026-06-23T00:00:00Z,28.360001
2026-06-23,2026-06-24T00:00:00Z,28.450001
2026-06-24,2026-06-25T00:00:00Z,28.530001
2026-06-25,2026-06-26T00:00:00Z,28.480000
2026-06-26,2026-06-27T00:00:00Z,28.459999
2026-06-29,2026-06-30T00:00:00Z,28.370001
2026-06-30,2026-07-01T00:00:00Z,28.410000
2026-07-01,2026-07-02T00:00:00Z,28.490000
2026-07-02,2026-07-03T00:00:00Z,28.340000
2026-07-06,2026-07-07T00:00:00Z,28.320000
2026-07-07,2026-07-08T00:00:00Z,28.400000
2026-07-08,2026-07-09T00:00:00Z,28.360001
2026-07-09,2026-07-10T00:00:00Z,28.360001
2026-07-10,2026-07-11T00:00:00Z,28.389999
2026-07-13,2026-07-14T00:00:00Z,28.500000
