connected,server_fingerprint,terminal_build,time_msc,time_utc
1,CE114ABFB8C653A060DAD7EA33FAF948B5786F691953B2D4E230EB7986120797,5999,1784036804852,2026-07-14T13:46:44.852757Z
1,CE114ABFB8C653A060DAD7EA33FAF948B5786F691953B2D4E230EB7986120797,5999,1784036805965,2026-07-14T13:46:45.965109Z
1,CE114ABFB8C653A060DAD7EA33FAF948B5786F691953B2D4E230EB7986120797,5999,1784036807074,2026-07-14T13:46:47.074222Z
1,CE114ABFB8C653A060DAD7EA33FAF948B5786F691953B2D4E230EB7986120797,5999,1784036808177,2026-07-14T13:46:48.177242Z
1,CE114ABFB8C653A060DAD7EA33FAF948B5786F691953B2D4E230EB7986120797,5999,1784036809274,2026-07-14T13:46:49.274082Z
1,CE114ABFB8C653A060DAD7EA33FAF948B5786F691953B2D4E230EB7986120797,5999,1784036810372,2026-07-14T13:46:50.372200Z
1,CE114ABFB8C653A060DAD7EA33FAF948B5786F691953B2D4E230EB7986120797,5999,1784036811466,2026-07-14T13:46:51.466845Z
1,CE114ABFB8C653A060DAD7EA33FAF948B5786F691953B2D4E230EB7986120797,5999,1784036812562,2026-07-14T13:46:52.562175Z
1,CE114ABFB8C653A060DAD7EA33FAF948B5786F691953B2D4E230EB7986120797,5999,1784036813652,2026-07-14T13:46:53.652548Z
1,CE114ABFB8C653A060DAD7EA33FAF948B5786F691953B2D4E230EB7986120797,5999,1784036814744,2026-07-14T13:46:54.744389Z
1,CE114ABFB8C653A060DAD7EA33FAF948B5786F691953B2D4E230EB7986120797,5999,1784036815834,2026-07-14T13:46:55.834774Z
1,CE114ABFB8C653A060DAD7EA33FAF948B5786F691953B2D4E230EB7986120797,5999,1784036816929,2026-07-14T13:46:56.929332Z
1,CE114ABFB8C653A060DAD7EA33FAF948B5786F691953B2D4E230EB7986120797,5999,1784036818022,2026-07-14T13:46:58.022949Z
1,CE114ABFB8C653A060DAD7EA33FAF948B5786F691953B2D4E230EB7986120797,5999,1784036819106,2026-07-14T13:46:59.106613Z
1,CE114ABFB8C653A060DAD7EA33FAF948B5786F691953B2D4E230EB7986120797,5999,1784036820194,2026-07-14T13:47:00.194496Z
1,CE114ABFB8C653A060DAD7EA33FAF948B5786F691953B2D4E230EB7986120797,5999,1784036821286,2026-07-14T13:47:01.286317Z
1,CE114ABFB8C653A060DAD7EA33FAF948B5786F691953B2D4E230EB7986120797,5999,1784036822380,2026-07-14T13:47:02.380547Z
1,CE114ABFB8C653A060DAD7EA33FAF948B5786F691953B2D4E230EB7986120797,5999,1784036823481,2026-07-14T13:47:03.481193Z
1,CE114ABFB8C653A060DAD7EA33FAF948B5786F691953B2D4E230EB7986120797,5999,1784036824563,2026-07-14T13:47:04.563696Z
1,CE114ABFB8C653A060DAD7EA33FAF948B5786F691953B2D4E230EB7986120797,5999,1784036825650,2026-07-14T13:47:05.650350Z
1,CE114ABFB8C653A060DAD7EA33FAF948B5786F691953B2D4E230EB7986120797,5999,1784036826754,2026-07-14T13:47:06.754666Z
1,CE114ABFB8C653A060DAD7EA33FAF948B5786F691953B2D4E230EB7986120797,5999,1784036827857,2026-07-14T13:47:07.857191Z
1,CE114ABFB8C653A060DAD7EA33FAF948B5786F691953B2D4E230EB7986120797,5999,1784036828965,2026-07-14T13:47:08.965572Z
1,CE114ABFB8C653A060DAD7EA33FAF948B5786F691953B2D4E230EB7986120797,5999,1784036830058,2026-07-14T13:47:10.058152Z
1,CE114ABFB8C653A060DAD7EA33FAF948B5786F691953B2D4E230EB7986120797,5999,1784036831143,2026-07-14T13:47:11.143173Z
1,CE114ABFB8C653A060DAD7EA33FAF948B5786F691953B2D4E230EB7986120797,5999,1784036832224,2026-07-14T13:47:12.224559Z
1,CE114ABFB8C653A060DAD7EA33FAF948B5786F691953B2D4E230EB7986120797,5999,1784036833305,2026-07-14T13:47:13.305262Z
1,CE114ABFB8C653A060DAD7EA33FAF948B5786F691953B2D4E230EB7986120797,5999,1784036834390,2026-07-14T13:47:14.390078Z
1,CE114ABFB8C653A060DAD7EA33FAF948B5786F691953B2D4E230EB7986120797,5999,1784036835477,2026-07-14T13:47:15.477457Z
1,CE114ABFB8C653A060DAD7EA33FAF948B5786F691953B2D4E230EB7986120797,5999,1784036836577,2026-07-14T13:47:16.577778Z
1,CE114ABFB8C653A060DAD7EA33FAF948B5786F691953B2D4E230EB7986120797,5999,1784036837671,2026-07-14T13:47:17.671885Z
1,CE114ABFB8C653A060DAD7EA33FAF948B5786F691953B2D4E230EB7986120797,5999,1784036838755,2026-07-14T13:47:18.755007Z
1,CE114ABFB8C653A060DAD7EA33FAF948B5786F691953B2D4E230EB7986120797,5999,1784036839844,2026-07-14T13:47:19.844024Z
1,CE114ABFB8C653A060DAD7EA33FAF948B5786F691953B2D4E230EB7986120797,5999,1784036840935,2026-07-14T13:47:20.935746Z
1,CE114ABFB8C653A060DAD7EA33FAF948B5786F691953B2D4E230EB7986120797,5999,1784036842023,2026-07-14T13:47:22.023883Z
1,CE114ABFB8C653A060DAD7EA33FAF948B5786F691953B2D4E230EB7986120797,5999,1784036843098,2026-07-14T13:47:23.098491Z
1,CE114ABFB8C653A060DAD7EA33FAF948B5786F691953B2D4E230EB7986120797,5999,1784036844172,2026-07-14T13:47:24.172947Z
1,CE114ABFB8C653A060DAD7EA33FAF948B5786F691953B2D4E230EB7986120797,5999,1784036845257,2026-07-14T13:47:25.257917Z
1,CE114ABFB8C653A060DAD7EA33FAF948B5786F691953B2D4E230EB7986120797,5999,1784036846329,2026-07-14T13:47:26.329437Z
1,CE114ABFB8C653A060DAD7EA33FAF948B5786F691953B2D4E230EB7986120797,5999,1784036847395,2026-07-14T13:47:27.395817Z
1,CE114ABFB8C653A060DAD7EA33FAF948B5786F691953B2D4E230EB7986120797,6006,1784037014660,2026-07-14T13:50:14.660177Z
1,CE114ABFB8C653A060DAD7EA33FAF948B5786F691953B2D4E230EB7986120797,6006,1784037016246,2026-07-14T13:50:16.246328Z
1,CE114ABFB8C653A060DAD7EA33FAF948B5786F691953B2D4E230EB7986120797,6006,1784037017825,2026-07-14T13:50:17.825948Z
1,CE114ABFB8C653A060DAD7EA33FAF948B5786F691953B2D4E230EB7986120797,6006,1784037019396,2026-07-14T13:50:19.396677Z
1,CE114ABFB8C653A060DAD7EA33FAF948B5786F691953B2D4E230EB7986120797,6006,1784037020972,2026-07-14T13:50:20.972794Z
1,CE114ABFB8C653A060DAD7EA33FAF948B5786F691953B2D4E230EB7986120797,6006,1784037022596,2026-07-14T13:50:22.596900Z
1,CE114ABFB8C653A060DAD7EA33FAF948B5786F691953B2D4E230EB7986120797,6006,1784037024180,2026-07-14T13:50:24.180824Z
1,CE114ABFB8C653A060DAD7EA33FAF948B5786F691953B2D4E230EB7986120797,6006,1784037025759,2026-07-14T13:50:25.759194Z
1,CE114ABFB8C653A060DAD7EA33FAF948B5786F691953B2D4E230EB7986120797,6006,1784037027338,2026-07-14T13:50:27.338927Z
1,CE114ABFB8C653A060DAD7EA33FAF948B5786F691953B2D4E230EB7986120797,6006,1784037028916,2026-07-14T13:50:28.916028Z
1,CE114ABFB8C653A060DAD7EA33FAF948B5786F691953B2D4E230EB7986120797,6006,1784037030498,2026-07-14T13:50:30.498750Z
1,CE114ABFB8C653A060DAD7EA33FAF948B5786F691953B2D4E230EB7986120797,6006,1784037032074,2026-07-14T13:50:32.074864Z
1,CE114ABFB8C653A060DAD7EA33FAF948B5786F691953B2D4E230EB7986120797,6006,1784037033660,2026-07-14T13:50:33.660512Z
1,CE114ABFB8C653A060DAD7EA33FAF948B5786F691953B2D4E230EB7986120797,6006,1784037035245,2026-07-14T13:50:35.245801Z
1,CE114ABFB8C653A060DAD7EA33FAF948B5786F691953B2D4E230EB7986120797,6006,1784037036830,2026-07-14T13:50:36.830172Z
1,CE114ABFB8C653A060DAD7EA33FAF948B5786F691953B2D4E230EB7986120797,6006,1784037038409,2026-07-14T13:50:38.409389Z
1,CE114ABFB8C653A060DAD7EA33FAF948B5786F691953B2D4E230EB7986120797,6006,1784037039988,2026-07-14T13:50:39.988560Z
1,CE114ABFB8C653A060DAD7EA33FAF948B5786F691953B2D4E230EB7986120797,6006,1784037041569,2026-07-14T13:50:41.569573Z
1,CE114ABFB8C653A060DAD7EA33FAF948B5786F691953B2D4E230EB7986120797,6006,1784037043230,2026-07-14T13:50:43.230298Z
1,CE114ABFB8C653A060DAD7EA33FAF948B5786F691953B2D4E230EB7986120797,6006,1784037044812,2026-07-14T13:50:44.812515Z
1,CE114ABFB8C653A060DAD7EA33FAF948B5786F691953B2D4E230EB7986120797,6006,1784037046396,2026-07-14T13:50:46.396049Z
1,CE114ABFB8C653A060DAD7EA33FAF948B5786F691953B2D4E230EB7986120797,6006,1784037047988,2026-07-14T13:50:47.988915Z
1,CE114ABFB8C653A060DAD7EA33FAF948B5786F691953B2D4E230EB7986120797,6006,1784037049570,2026-07-14T13:50:49.570456Z
1,CE114ABFB8C653A060DAD7EA33FAF948B5786F691953B2D4E230EB7986120797,6006,1784037051158,2026-07-14T13:50:51.158618Z
1,CE114ABFB8C653A060DAD7EA33FAF948B5786F691953B2D4E230EB7986120797,6006,1784037052738,2026-07-14T13:50:52.738141Z
1,CE114ABFB8C653A060DAD7EA33FAF948B5786F691953B2D4E230EB7986120797,6006,1784037054316,2026-07-14T13:50:54.316537Z
1,CE114ABFB8C653A060DAD7EA33FAF948B5786F691953B2D4E230EB7986120797,6006,1784037055898,2026-07-14T13:50:55.898427Z
1,CE114ABFB8C653A060DAD7EA33FAF948B5786F691953B2D4E230EB7986120797,6006,1784037057474,2026-07-14T13:50:57.474677Z
1,CE114ABFB8C653A060DAD7EA33FAF948B5786F691953B2D4E230EB7986120797,6006,1784037059054,2026-07-14T13:50:59.054492Z
