ask,bid,flags,last,symbol,time_msc,time_utc,volume_real
4083.95,4083.43,1030,0.0,XAUUSD,1784047893340,2026-07-14T16:51:33.340000Z,0.0
4083.72,4083.16,1026,0.0,XAUUSD,1784047895374,2026-07-14T16:51:35.374000Z,0.0
4084.43,4083.91,1028,0.0,XAUUSD,1784047897519,2026-07-14T16:51:37.519000Z,0.0
4084.33,4083.8,1026,0.0,XAUUSD,1784047899607,2026-07-14T16:51:39.607000Z,0.0
4083.94,4083.41,1028,0.0,XAUUSD,1784047901696,2026-07-14T16:51:41.696000Z,0.0
4083.81,4083.27,1028,0.0,XAUUSD,1784047903770,2026-07-14T16:51:43.770000Z,0.0
4083.97,4083.46,1030,0.0,XAUUSD,1784047905859,2026-07-14T16:51:45.859000Z,0.0
4084.08,4083.56,1026,0.0,XAUUSD,1784047907965,2026-07-14T16:51:47.965000Z,0.0
4084.14,4083.63,1028,0.0,XAUUSD,1784047910052,2026-07-14T16:51:50.052000Z,0.0
4084.0,4083.49,1030,0.0,XAUUSD,1784047912132,2026-07-14T16:51:52.132000Z,0.0
4084.21,4083.7,1028,0.0,XAUUSD,1784047914141,2026-07-14T16:51:54.141000Z,0.0
4083.66,4083.14,1030,0.0,XAUUSD,1784047916293,2026-07-14T16:51:56.293000Z,0.0
4082.29,4081.76,1028,0.0,XAUUSD,1784047918314,2026-07-14T16:51:58.314000Z,0.0
4082.87,4082.35,1030,0.0,XAUUSD,1784047920451,2026-07-14T16:52:00.451000Z,0.0
4082.91,4082.4,1030,0.0,XAUUSD,1784047922541,2026-07-14T16:52:02.541000Z,0.0
4081.61,4080.96,1026,0.0,XAUUSD,1784047924632,2026-07-14T16:52:04.632000Z,0.0
4081.49,4080.89,1030,0.0,XAUUSD,1784047926688,2026-07-14T16:52:06.688000Z,0.0
4081.01,4080.49,1030,0.0,XAUUSD,1784047928776,2026-07-14T16:52:08.776000Z,0.0
4081.51,4081.0,1030,0.0,XAUUSD,1784047930851,2026-07-14T16:52:10.851000Z,0.0
4081.18,4080.66,1030,0.0,XAUUSD,1784047932916,2026-07-14T16:52:12.916000Z,0.0
4081.2,4080.67,1030,0.0,XAUUSD,1784047935015,2026-07-14T16:52:15.015000Z,0.0
4080.39,4079.88,1030,0.0,XAUUSD,1784047937101,2026-07-14T16:52:17.101000Z,0.0
4081.06,4080.54,1030,0.0,XAUUSD,1784047939200,2026-07-14T16:52:19.200000Z,0.0
4080.83,4080.31,1030,0.0,XAUUSD,1784047941299,2026-07-14T16:52:21.299000Z,0.0
4080.72,4080.21,1030,0.0,XAUUSD,1784047943391,2026-07-14T16:52:23.391000Z,0.0
4081.12,4080.52,1028,0.0,XAUUSD,1784047945465,2026-07-14T16:52:25.465000Z,0.0
4080.55,4080.02,1030,0.0,XAUUSD,1784047947535,2026-07-14T16:52:27.535000Z,0.0
4080.73,4080.21,1026,0.0,XAUUSD,1784047949651,2026-07-14T16:52:29.651000Z,0.0
4080.55,4080.03,1028,0.0,XAUUSD,1784047951740,2026-07-14T16:52:31.740000Z,0.0
4080.59,4080.06,1030,0.0,XAUUSD,1784047953712,2026-07-14T16:52:33.712000Z,0.0
4079.97,4079.44,1026,0.0,XAUUSD,1784047955913,2026-07-14T16:52:35.913000Z,0.0
4080.56,4079.95,1030,0.0,XAUUSD,1784047958003,2026-07-14T16:52:38.003000Z,0.0
4079.79,4079.28,1026,0.0,XAUUSD,1784047960058,2026-07-14T16:52:40.058000Z,0.0
4080.11,4079.59,1026,0.0,XAUUSD,1784047962159,2026-07-14T16:52:42.159000Z,0.0
4079.17,4078.66,1030,0.0,XAUUSD,1784047964228,2026-07-14T16:52:44.228000Z,0.0
4077.62,4077.09,1026,0.0,XAUUSD,1784047966321,2026-07-14T16:52:46.321000Z,0.0
4077.55,4077.01,1028,0.0,XAUUSD,1784047968407,2026-07-14T16:52:48.407000Z,0.0
4077.74,4077.22,1030,0.0,XAUUSD,1784047970488,2026-07-14T16:52:50.488000Z,0.0
4077.16,4076.64,1028,0.0,XAUUSD,1784047972561,2026-07-14T16:52:52.561000Z,0.0
4076.82,4076.3,1028,0.0,XAUUSD,1784047974661,2026-07-14T16:52:54.661000Z,0.0
4074.87,4074.36,1030,0.0,XAUUSD,1784047976718,2026-07-14T16:52:56.718000Z,0.0
4075.83,4075.23,1028,0.0,XAUUSD,1784047978852,2026-07-14T16:52:58.852000Z,0.0
4076.07,4075.54,1030,0.0,XAUUSD,1784047980932,2026-07-14T16:53:00.932000Z,0.0
4076.06,4075.54,1030,0.0,XAUUSD,1784047982970,2026-07-14T16:53:02.970000Z,0.0
4076.63,4076.11,1028,0.0,XAUUSD,1784047985097,2026-07-14T16:53:05.097000Z,0.0
4076.34,4075.8,1030,0.0,XAUUSD,1784047987180,2026-07-14T16:53:07.180000Z,0.0
4076.11,4075.57,1028,0.0,XAUUSD,1784047989261,2026-07-14T16:53:09.261000Z,0.0
4075.42,4074.85,1028,0.0,XAUUSD,1784047991347,2026-07-14T16:53:11.347000Z,0.0
4074.63,4074.1,1030,0.0,XAUUSD,1784047993410,2026-07-14T16:53:13.410000Z,0.0
4075.82,4075.3,1030,0.0,XAUUSD,1784047995507,2026-07-14T16:53:15.507000Z,0.0
4075.97,4075.45,1030,0.0,XAUUSD,1784047997638,2026-07-14T16:53:17.638000Z,0.0
4077.08,4076.57,1026,0.0,XAUUSD,1784047999711,2026-07-14T16:53:19.711000Z,0.0
4076.94,4076.43,1028,0.0,XAUUSD,1784048001868,2026-07-14T16:53:21.868000Z,0.0
4077.36,4076.85,1030,0.0,XAUUSD,1784048003928,2026-07-14T16:53:23.928000Z,0.0
4077.32,4076.81,1030,0.0,XAUUSD,1784048006037,2026-07-14T16:53:26.037000Z,0.0
4077.48,4076.97,1030,0.0,XAUUSD,1784048008110,2026-07-14T16:53:28.110000Z,0.0
4078.21,4077.59,1028,0.0,XAUUSD,1784048010191,2026-07-14T16:53:30.191000Z,0.0
4078.48,4077.95,1026,0.0,XAUUSD,1784048012303,2026-07-14T16:53:32.303000Z,0.0
4077.98,4077.37,1026,0.0,XAUUSD,1784048014396,2026-07-14T16:53:34.396000Z,0.0
4078.07,4077.56,1028,0.0,XAUUSD,1784048016480,2026-07-14T16:53:36.480000Z,0.0
4077.31,4076.76,1030,0.0,XAUUSD,1784048018554,2026-07-14T16:53:38.554000Z,0.0
4077.06,4076.54,1028,0.0,XAUUSD,1784048020659,2026-07-14T16:53:40.659000Z,0.0
4077.74,4077.23,1030,0.0,XAUUSD,1784048022571,2026-07-14T16:53:42.571000Z,0.0
4077.06,4076.54,1030,0.0,XAUUSD,1784048024800,2026-07-14T16:53:44.800000Z,0.0
4077.6,4077.08,1028,0.0,XAUUSD,1784048026791,2026-07-14T16:53:46.791000Z,0.0
4077.52,4077.0,1028,0.0,XAUUSD,1784048028882,2026-07-14T16:53:48.882000Z,0.0
4077.86,4077.34,1028,0.0,XAUUSD,1784048030976,2026-07-14T16:53:50.976000Z,0.0
4077.74,4077.23,1030,0.0,XAUUSD,1784048033112,2026-07-14T16:53:53.112000Z,0.0
4077.42,4076.91,1030,0.0,XAUUSD,1784048035118,2026-07-14T16:53:55.118000Z,0.0
4078.56,4078.05,1026,0.0,XAUUSD,1784048037306,2026-07-14T16:53:57.306000Z,0.0
4078.5,4077.99,1026,0.0,XAUUSD,1784048039385,2026-07-14T16:53:59.385000Z,0.0
4077.57,4077.05,1030,0.0,XAUUSD,1784048041506,2026-07-14T16:54:01.506000Z,0.0
4077.73,4077.22,1028,0.0,XAUUSD,1784048043627,2026-07-14T16:54:03.627000Z,0.0
4077.85,4077.21,1028,0.0,XAUUSD,1784048045710,2026-07-14T16:54:05.710000Z,0.0
4077.66,4077.15,1030,0.0,XAUUSD,1784048047766,2026-07-14T16:54:07.766000Z,0.0
4077.83,4077.31,1030,0.0,XAUUSD,1784048049786,2026-07-14T16:54:09.786000Z,0.0
4077.88,4077.37,1030,0.0,XAUUSD,1784048051899,2026-07-14T16:54:11.899000Z,0.0
4078.67,4078.12,1028,0.0,XAUUSD,1784048054035,2026-07-14T16:54:14.035000Z,0.0
4078.77,4078.23,1028,0.0,XAUUSD,1784048056126,2026-07-14T16:54:16.126000Z,0.0
4078.4,4077.89,1030,0.0,XAUUSD,1784048058102,2026-07-14T16:54:18.102000Z,0.0
4078.83,4078.3,1028,0.0,XAUUSD,1784048060195,2026-07-14T16:54:20.195000Z,0.0
4078.41,4077.9,1030,0.0,XAUUSD,1784048062339,2026-07-14T16:54:22.339000Z,0.0
4079.4,4078.89,1030,0.0,XAUUSD,1784048064453,2026-07-14T16:54:24.453000Z,0.0
4078.41,4077.9,1028,0.0,XAUUSD,1784048066526,2026-07-14T16:54:26.526000Z,0.0
4079.02,4078.5,1026,0.0,XAUUSD,1784048068606,2026-07-14T16:54:28.606000Z,0.0
4078.78,4078.26,1028,0.0,XAUUSD,1784048070678,2026-07-14T16:54:30.678000Z,0.0
4079.01,4078.48,1028,0.0,XAUUSD,1784048072776,2026-07-14T16:54:32.776000Z,0.0
4078.98,4078.47,1026,0.0,XAUUSD,1784048074862,2026-07-14T16:54:34.862000Z,0.0
4078.7,4078.16,1026,0.0,XAUUSD,1784048076939,2026-07-14T16:54:36.939000Z,0.0
4077.44,4076.8,1028,0.0,XAUUSD,1784048079047,2026-07-14T16:54:39.047000Z,0.0
4077.47,4076.96,1030,0.0,XAUUSD,1784048080856,2026-07-14T16:54:40.856000Z,0.0
4077.5,4076.98,1028,0.0,XAUUSD,1784048083218,2026-07-14T16:54:43.218000Z,0.0
4077.18,4076.67,1030,0.0,XAUUSD,1784048085325,2026-07-14T16:54:45.325000Z,0.0
4076.71,4076.19,1030,0.0,XAUUSD,1784048087396,2026-07-14T16:54:47.396000Z,0.0
4077.56,4077.03,1030,0.0,XAUUSD,1784048089478,2026-07-14T16:54:49.478000Z,0.0
4077.12,4076.59,1028,0.0,XAUUSD,1784048091537,2026-07-14T16:54:51.537000Z,0.0
4076.89,4076.34,1026,0.0,XAUUSD,1784048093696,2026-07-14T16:54:53.696000Z,0.0
4077.1,4076.52,1028,0.0,XAUUSD,1784048095775,2026-07-14T16:54:55.775000Z,0.0
4076.56,4076.03,1028,0.0,XAUUSD,1784048097792,2026-07-14T16:54:57.792000Z,0.0
4076.96,4076.38,1030,0.0,XAUUSD,1784048099911,2026-07-14T16:54:59.911000Z,0.0
4076.96,4076.44,1028,0.0,XAUUSD,1784048101992,2026-07-14T16:55:01.992000Z,0.0
4076.56,4076.03,1026,0.0,XAUUSD,1784048104007,2026-07-14T16:55:04.007000Z,0.0
4075.93,4075.4,1030,0.0,XAUUSD,1784048106137,2026-07-14T16:55:06.137000Z,0.0
4076.21,4075.69,1030,0.0,XAUUSD,1784048108189,2026-07-14T16:55:08.189000Z,0.0
4076.83,4076.31,1030,0.0,XAUUSD,1784048110333,2026-07-14T16:55:10.333000Z,0.0
4076.96,4076.37,1028,0.0,XAUUSD,1784048112415,2026-07-14T16:55:12.415000Z,0.0
4077.12,4076.57,1028,0.0,XAUUSD,1784048114374,2026-07-14T16:55:14.374000Z,0.0
4077.07,4076.53,1028,0.0,XAUUSD,1784048116571,2026-07-14T16:55:16.571000Z,0.0
4077.02,4076.38,1030,0.0,XAUUSD,1784048118641,2026-07-14T16:55:18.641000Z,0.0
4076.96,4076.44,1026,0.0,XAUUSD,1784048120656,2026-07-14T16:55:20.656000Z,0.0
4076.99,4076.47,1030,0.0,XAUUSD,1784048122737,2026-07-14T16:55:22.737000Z,0.0
4077.49,4076.92,1026,0.0,XAUUSD,1784048124873,2026-07-14T16:55:24.873000Z,0.0
4077.08,4076.51,1030,0.0,XAUUSD,1784048126990,2026-07-14T16:55:26.990000Z,0.0
4076.81,4076.3,1030,0.0,XAUUSD,1784048129050,2026-07-14T16:55:29.050000Z,0.0
4077.16,4076.65,1030,0.0,XAUUSD,1784048131066,2026-07-14T16:55:31.066000Z,0.0
4076.66,4076.11,1026,0.0,XAUUSD,1784048133073,2026-07-14T16:55:33.073000Z,0.0
4076.84,4076.33,1030,0.0,XAUUSD,1784048135085,2026-07-14T16:55:35.085000Z,0.0
4076.4,4075.88,1030,0.0,XAUUSD,1784048137274,2026-07-14T16:55:37.274000Z,0.0
4075.68,4075.17,1026,0.0,XAUUSD,1784048139404,2026-07-14T16:55:39.404000Z,0.0
4075.83,4075.28,1028,0.0,XAUUSD,1784048141518,2026-07-14T16:55:41.518000Z,0.0
4076.51,4075.96,1026,0.0,XAUUSD,1784048143629,2026-07-14T16:55:43.629000Z,0.0
4075.89,4075.37,1026,0.0,XAUUSD,1784048145721,2026-07-14T16:55:45.721000Z,0.0
4075.68,4075.15,1028,0.0,XAUUSD,1784048147788,2026-07-14T16:55:47.788000Z,0.0
4075.08,4074.57,1030,0.0,XAUUSD,1784048149892,2026-07-14T16:55:49.892000Z,0.0
4075.32,4074.79,1028,0.0,XAUUSD,1784048151970,2026-07-14T16:55:51.970000Z,0.0
4075.21,4074.69,1028,0.0,XAUUSD,1784048154064,2026-07-14T16:55:54.064000Z,0.0
4074.82,4074.3,1030,0.0,XAUUSD,1784048156136,2026-07-14T16:55:56.136000Z,0.0
4074.82,4074.3,1030,0.0,XAUUSD,1784048158234,2026-07-14T16:55:58.234000Z,0.0
4074.84,4074.31,1030,0.0,XAUUSD,1784048160304,2026-07-14T16:56:00.304000Z,0.0
4075.4,4074.87,1030,0.0,XAUUSD,1784048162404,2026-07-14T16:56:02.404000Z,0.0
4075.73,4075.2,1030,0.0,XAUUSD,1784048164491,2026-07-14T16:56:04.491000Z,0.0
4076.58,4076.05,1028,0.0,XAUUSD,1784048166541,2026-07-14T16:56:06.541000Z,0.0
4076.58,4076.04,1028,0.0,XAUUSD,1784048168635,2026-07-14T16:56:08.635000Z,0.0
4076.78,4076.21,1028,0.0,XAUUSD,1784048170732,2026-07-14T16:56:10.732000Z,0.0
4077.11,4076.6,1030,0.0,XAUUSD,1784048172819,2026-07-14T16:56:12.819000Z,0.0
4077.14,4076.61,1028,0.0,XAUUSD,1784048174838,2026-07-14T16:56:14.838000Z,0.0
4077.34,4076.81,1030,0.0,XAUUSD,1784048176928,2026-07-14T16:56:16.928000Z,0.0
4077.21,4076.69,1026,0.0,XAUUSD,1784048179045,2026-07-14T16:56:19.045000Z,0.0
4077.08,4076.54,1030,0.0,XAUUSD,1784048181144,2026-07-14T16:56:21.144000Z,0.0
4077.58,4077.05,1028,0.0,XAUUSD,1784048183145,2026-07-14T16:56:23.145000Z,0.0
4077.24,4076.72,1030,0.0,XAUUSD,1784048185291,2026-07-14T16:56:25.291000Z,0.0
4077.36,4076.84,1030,0.0,XAUUSD,1784048187250,2026-07-14T16:56:27.250000Z,0.0
4076.85,4076.33,1030,0.0,XAUUSD,1784048189472,2026-07-14T16:56:29.472000Z,0.0
4077.81,4077.29,1030,0.0,XAUUSD,1784048191485,2026-07-14T16:56:31.485000Z,0.0
4077.21,4076.7,1030,0.0,XAUUSD,1784048193614,2026-07-14T16:56:33.614000Z,0.0
4077.45,4076.9,1028,0.0,XAUUSD,1784048195690,2026-07-14T16:56:35.690000Z,0.0
4077.11,4076.59,1026,0.0,XAUUSD,1784048197800,2026-07-14T16:56:37.800000Z,0.0
4077.36,4076.81,1028,0.0,XAUUSD,1784048199838,2026-07-14T16:56:39.838000Z,0.0
4076.92,4076.4,1026,0.0,XAUUSD,1784048201879,2026-07-14T16:56:41.879000Z,0.0
4076.8,4076.26,1028,0.0,XAUUSD,1784048203999,2026-07-14T16:56:43.999000Z,0.0
4076.49,4075.97,1030,0.0,XAUUSD,1784048206029,2026-07-14T16:56:46.029000Z,0.0
4076.97,4076.45,1030,0.0,XAUUSD,1784048208103,2026-07-14T16:56:48.103000Z,0.0
4077.4,4076.88,1026,0.0,XAUUSD,1784048210259,2026-07-14T16:56:50.259000Z,0.0
4078.11,4077.59,1028,0.0,XAUUSD,1784048212342,2026-07-14T16:56:52.342000Z,0.0
4077.44,4076.9,1028,0.0,XAUUSD,1784048214432,2026-07-14T16:56:54.432000Z,0.0
4077.42,4076.89,1028,0.0,XAUUSD,1784048216482,2026-07-14T16:56:56.482000Z,0.0
4077.93,4077.42,1028,0.0,XAUUSD,1784048218548,2026-07-14T16:56:58.548000Z,0.0
4077.76,4077.24,1030,0.0,XAUUSD,1784048220672,2026-07-14T16:57:00.672000Z,0.0
4078.15,4077.6,1028,0.0,XAUUSD,1784048222753,2026-07-14T16:57:02.753000Z,0.0
4078.27,4077.73,1028,0.0,XAUUSD,1784048224833,2026-07-14T16:57:04.833000Z,0.0
4078.29,4077.77,1030,0.0,XAUUSD,1784048226913,2026-07-14T16:57:06.913000Z,0.0
4078.33,4077.8,1026,0.0,XAUUSD,1784048228951,2026-07-14T16:57:08.951000Z,0.0
4077.47,4076.96,1028,0.0,XAUUSD,1784048231101,2026-07-14T16:57:11.101000Z,0.0
4077.67,4077.1,1028,0.0,XAUUSD,1784048233182,2026-07-14T16:57:13.182000Z,0.0
4078.0,4077.49,1028,0.0,XAUUSD,1784048235220,2026-07-14T16:57:15.220000Z,0.0
4077.62,4077.11,1030,0.0,XAUUSD,1784048237303,2026-07-14T16:57:17.303000Z,0.0
4077.48,4076.96,1030,0.0,XAUUSD,1784048239322,2026-07-14T16:57:19.322000Z,0.0
4078.25,4077.73,1026,0.0,XAUUSD,1784048241474,2026-07-14T16:57:21.474000Z,0.0
4078.33,4077.81,1030,0.0,XAUUSD,1784048243543,2026-07-14T16:57:23.543000Z,0.0
4079.0,4078.4,1028,0.0,XAUUSD,1784048245615,2026-07-14T16:57:25.615000Z,0.0
4078.89,4078.37,1028,0.0,XAUUSD,1784048247723,2026-07-14T16:57:27.723000Z,0.0
4078.01,4077.49,1030,0.0,XAUUSD,1784048249692,2026-07-14T16:57:29.692000Z,0.0
4078.66,4078.13,1028,0.0,XAUUSD,1784048251653,2026-07-14T16:57:31.653000Z,0.0
4078.0,4077.48,1028,0.0,XAUUSD,1784048253975,2026-07-14T16:57:33.975000Z,0.0
4078.75,4078.23,1030,0.0,XAUUSD,1784048256028,2026-07-14T16:57:36.028000Z,0.0
4078.64,4078.13,1026,0.0,XAUUSD,1784048258135,2026-07-14T16:57:38.135000Z,0.0
4077.92,4077.4,1028,0.0,XAUUSD,1784048260164,2026-07-14T16:57:40.164000Z,0.0
4078.3,4077.78,1030,0.0,XAUUSD,1784048262315,2026-07-14T16:57:42.315000Z,0.0
4078.11,4077.6,1026,0.0,XAUUSD,1784048264396,2026-07-14T16:57:44.396000Z,0.0
4077.93,4077.41,1030,0.0,XAUUSD,1784048266479,2026-07-14T16:57:46.479000Z,0.0
4078.21,4077.67,1026,0.0,XAUUSD,1784048268566,2026-07-14T16:57:48.566000Z,0.0
4077.99,4077.47,1030,0.0,XAUUSD,1784048270632,2026-07-14T16:57:50.632000Z,0.0
4078.34,4077.83,1026,0.0,XAUUSD,1784048272672,2026-07-14T16:57:52.672000Z,0.0
4077.96,4077.44,1028,0.0,XAUUSD,1784048274789,2026-07-14T16:57:54.789000Z,0.0
4078.03,4077.49,1028,0.0,XAUUSD,1784048276795,2026-07-14T16:57:56.795000Z,0.0
4077.47,4076.96,1030,0.0,XAUUSD,1784048278935,2026-07-14T16:57:58.935000Z,0.0
4077.99,4077.48,1030,0.0,XAUUSD,1784048281043,2026-07-14T16:58:01.043000Z,0.0
4078.45,4077.88,1028,0.0,XAUUSD,1784048283123,2026-07-14T16:58:03.123000Z,0.0
4078.09,4077.57,1030,0.0,XAUUSD,1784048285229,2026-07-14T16:58:05.229000Z,0.0
4078.83,4078.31,1026,0.0,XAUUSD,1784048287304,2026-07-14T16:58:07.304000Z,0.0
4078.7,4078.19,1030,0.0,XAUUSD,1784048289389,2026-07-14T16:58:09.389000Z,0.0
4078.78,4078.27,1030,0.0,XAUUSD,1784048291463,2026-07-14T16:58:11.463000Z,0.0
4078.6,4078.09,1026,0.0,XAUUSD,1784048292768,2026-07-14T16:58:12.768000Z,0.0
4078.4,4077.87,1030,0.0,XAUUSD,1784048294973,2026-07-14T16:58:14.973000Z,0.0
4078.22,4077.7,1026,0.0,XAUUSD,1784048297713,2026-07-14T16:58:17.713000Z,0.0
4078.11,4077.59,1026,0.0,XAUUSD,1784048299801,2026-07-14T16:58:19.801000Z,0.0
4078.72,4078.21,1030,0.0,XAUUSD,1784048301894,2026-07-14T16:58:21.894000Z,0.0
4078.51,4078.0,1026,0.0,XAUUSD,1784048304030,2026-07-14T16:58:24.030000Z,0.0
4078.52,4077.95,1028,0.0,XAUUSD,1784048306121,2026-07-14T16:58:26.121000Z,0.0
4078.39,4077.88,1028,0.0,XAUUSD,1784048307985,2026-07-14T16:58:27.985000Z,0.0
4078.27,4077.75,1026,0.0,XAUUSD,1784048310281,2026-07-14T16:58:30.281000Z,0.0
4077.71,4077.19,1026,0.0,XAUUSD,1784048312374,2026-07-14T16:58:32.374000Z,0.0
4076.98,4076.47,1030,0.0,XAUUSD,1784048314445,2026-07-14T16:58:34.445000Z,0.0
4077.05,4076.5,1026,0.0,XAUUSD,1784048316522,2026-07-14T16:58:36.522000Z,0.0
4077.12,4076.61,1028,0.0,XAUUSD,1784048318618,2026-07-14T16:58:38.618000Z,0.0
4076.8,4076.28,1028,0.0,XAUUSD,1784048320653,2026-07-14T16:58:40.653000Z,0.0
4076.43,4075.92,1030,0.0,XAUUSD,1784048322747,2026-07-14T16:58:42.747000Z,0.0
4076.15,4075.63,1030,0.0,XAUUSD,1784048324838,2026-07-14T16:58:44.838000Z,0.0
4076.24,4075.72,1030,0.0,XAUUSD,1784048326867,2026-07-14T16:58:46.867000Z,0.0
4076.55,4076.04,1026,0.0,XAUUSD,1784048329006,2026-07-14T16:58:49.006000Z,0.0
4076.59,4076.08,1026,0.0,XAUUSD,1784048331094,2026-07-14T16:58:51.094000Z,0.0
4076.74,4076.22,1028,0.0,XAUUSD,1784048333134,2026-07-14T16:58:53.134000Z,0.0
4076.44,4075.92,1030,0.0,XAUUSD,1784048335238,2026-07-14T16:58:55.238000Z,0.0
4076.88,4076.37,1030,0.0,XAUUSD,1784048337283,2026-07-14T16:58:57.283000Z,0.0
4076.98,4076.47,1028,0.0,XAUUSD,1784048339334,2026-07-14T16:58:59.334000Z,0.0
4078.07,4076.64,1026,0.0,XAUUSD,1784048341488,2026-07-14T16:59:01.488000Z,0.0
4078.0,4076.58,1030,0.0,XAUUSD,1784048343513,2026-07-14T16:59:03.513000Z,0.0
4077.37,4075.94,1030,0.0,XAUUSD,1784048345637,2026-07-14T16:59:05.637000Z,0.0
4077.1,4075.68,1026,0.0,XAUUSD,1784048347663,2026-07-14T16:59:07.663000Z,0.0
4076.01,4074.58,1026,0.0,XAUUSD,1784048349814,2026-07-14T16:59:09.814000Z,0.0
4076.34,4074.92,1028,0.0,XAUUSD,1784048351842,2026-07-14T16:59:11.842000Z,0.0
4076.75,4075.32,1030,0.0,XAUUSD,1784048353944,2026-07-14T16:59:13.944000Z,0.0
4077.4,4075.98,1030,0.0,XAUUSD,1784048356053,2026-07-14T16:59:16.053000Z,0.0
4077.45,4076.02,1028,0.0,XAUUSD,1784048358144,2026-07-14T16:59:18.144000Z,0.0
4077.4,4075.97,1026,0.0,XAUUSD,1784048360229,2026-07-14T16:59:20.229000Z,0.0
4077.96,4076.54,1030,0.0,XAUUSD,1784048362326,2026-07-14T16:59:22.326000Z,0.0
4077.71,4076.28,1028,0.0,XAUUSD,1784048364325,2026-07-14T16:59:24.325000Z,0.0
4078.13,4076.7,1026,0.0,XAUUSD,1784048366517,2026-07-14T16:59:26.517000Z,0.0
4078.55,4077.12,1026,0.0,XAUUSD,1784048368621,2026-07-14T16:59:28.621000Z,0.0
4078.27,4076.84,1030,0.0,XAUUSD,1784048370476,2026-07-14T16:59:30.476000Z,0.0
4077.59,4076.17,1026,0.0,XAUUSD,1784048372734,2026-07-14T16:59:32.734000Z,0.0
4078.01,4076.59,1030,0.0,XAUUSD,1784048374817,2026-07-14T16:59:34.817000Z,0.0
4077.49,4076.05,1028,0.0,XAUUSD,1784048376972,2026-07-14T16:59:36.972000Z,0.0
4078.26,4076.82,1030,0.0,XAUUSD,1784048379040,2026-07-14T16:59:39.040000Z,0.0
4077.84,4076.39,1026,0.0,XAUUSD,1784048381161,2026-07-14T16:59:41.161000Z,0.0
4077.69,4076.26,1026,0.0,XAUUSD,1784048383242,2026-07-14T16:59:43.242000Z,0.0
4077.51,4076.05,1030,0.0,XAUUSD,1784048385332,2026-07-14T16:59:45.332000Z,0.0
4077.33,4075.91,1030,0.0,XAUUSD,1784048387365,2026-07-14T16:59:47.365000Z,0.0
4076.93,4075.49,1030,0.0,XAUUSD,1784048389472,2026-07-14T16:59:49.472000Z,0.0
4077.14,4075.72,1030,0.0,XAUUSD,1784048391590,2026-07-14T16:59:51.590000Z,0.0
4076.9,4075.48,1030,0.0,XAUUSD,1784048393456,2026-07-14T16:59:53.456000Z,0.0
4077.13,4075.71,1030,0.0,XAUUSD,1784048395565,2026-07-14T16:59:55.565000Z,0.0
4077.94,4076.51,1030,0.0,XAUUSD,1784048397841,2026-07-14T16:59:57.841000Z,0.0
4077.41,4075.98,1026,0.0,XAUUSD,1784048399931,2026-07-14T16:59:59.931000Z,0.0
4077.57,4076.13,1030,0.0,XAUUSD,1784048402033,2026-07-14T17:00:02.033000Z,0.0
4077.03,4075.61,1026,0.0,XAUUSD,1784048404119,2026-07-14T17:00:04.119000Z,0.0
4076.24,4074.81,1028,0.0,XAUUSD,1784048406179,2026-07-14T17:00:06.179000Z,0.0
4076.27,4074.84,1030,0.0,XAUUSD,1784048408275,2026-07-14T17:00:08.275000Z,0.0
4076.86,4075.43,1030,0.0,XAUUSD,1784048410352,2026-07-14T17:00:10.352000Z,0.0
4076.4,4074.98,1030,0.0,XAUUSD,1784048412402,2026-07-14T17:00:12.402000Z,0.0
4076.3,4074.86,1026,0.0,XAUUSD,1784048414515,2026-07-14T17:00:14.515000Z,0.0
4075.96,4074.53,1030,0.0,XAUUSD,1784048416562,2026-07-14T17:00:16.562000Z,0.0
4075.36,4073.94,1028,0.0,XAUUSD,1784048418691,2026-07-14T17:00:18.691000Z,0.0
4075.77,4074.34,1030,0.0,XAUUSD,1784048420663,2026-07-14T17:00:20.663000Z,0.0
4075.26,4073.83,1030,0.0,XAUUSD,1784048422768,2026-07-14T17:00:22.768000Z,0.0
4076.33,4074.91,1030,0.0,XAUUSD,1784048424903,2026-07-14T17:00:24.903000Z,0.0
4076.02,4074.6,1026,0.0,XAUUSD,1784048426962,2026-07-14T17:00:26.962000Z,0.0
4078.17,4076.74,1030,0.0,XAUUSD,1784048429050,2026-07-14T17:00:29.050000Z,0.0
4077.05,4075.62,1030,0.0,XAUUSD,1784048431146,2026-07-14T17:00:31.146000Z,0.0
4076.51,4075.07,1030,0.0,XAUUSD,1784048433240,2026-07-14T17:00:33.240000Z,0.0
4076.18,4074.76,1030,0.0,XAUUSD,1784048435270,2026-07-14T17:00:35.270000Z,0.0
4076.35,4074.92,1028,0.0,XAUUSD,1784048437393,2026-07-14T17:00:37.393000Z,0.0
4076.03,4074.59,1030,0.0,XAUUSD,1784048439540,2026-07-14T17:00:39.540000Z,0.0
4076.56,4075.13,1030,0.0,XAUUSD,1784048441671,2026-07-14T17:00:41.671000Z,0.0
4077.22,4075.79,1028,0.0,XAUUSD,1784048443799,2026-07-14T17:00:43.799000Z,0.0
4077.35,4075.91,1026,0.0,XAUUSD,1784048445936,2026-07-14T17:00:45.936000Z,0.0
4076.25,4074.8,1026,0.0,XAUUSD,1784048448053,2026-07-14T17:00:48.053000Z,0.0
4076.36,4074.93,1030,0.0,XAUUSD,1784048450136,2026-07-14T17:00:50.136000Z,0.0
4076.29,4074.87,1028,0.0,XAUUSD,1784048452207,2026-07-14T17:00:52.207000Z,0.0
4075.91,4074.47,1030,0.0,XAUUSD,1784048454247,2026-07-14T17:00:54.247000Z,0.0
4075.87,4074.44,1030,0.0,XAUUSD,1784048456314,2026-07-14T17:00:56.314000Z,0.0
4076.26,4074.82,1030,0.0,XAUUSD,1784048458294,2026-07-14T17:00:58.294000Z,0.0
4076.15,4074.71,1030,0.0,XAUUSD,1784048460519,2026-07-14T17:01:00.519000Z,0.0
4077.48,4076.05,1030,0.0,XAUUSD,1784048462610,2026-07-14T17:01:02.610000Z,0.0
4076.97,4075.53,1030,0.0,XAUUSD,1784048464656,2026-07-14T17:01:04.656000Z,0.0
4077.29,4075.87,1026,0.0,XAUUSD,1784048466719,2026-07-14T17:01:06.719000Z,0.0
4077.23,4075.8,1030,0.0,XAUUSD,1784048468870,2026-07-14T17:01:08.870000Z,0.0
4078.71,4077.29,1028,0.0,XAUUSD,1784048470911,2026-07-14T17:01:10.911000Z,0.0
4079.64,4078.21,1030,0.0,XAUUSD,1784048473038,2026-07-14T17:01:13.038000Z,0.0
4079.11,4077.68,1030,0.0,XAUUSD,1784048475121,2026-07-14T17:01:15.121000Z,0.0
4078.99,4077.56,1030,0.0,XAUUSD,1784048477209,2026-07-14T17:01:17.209000Z,0.0
4078.62,4077.19,1026,0.0,XAUUSD,1784048479250,2026-07-14T17:01:19.250000Z,0.0
4079.18,4077.75,1026,0.0,XAUUSD,1784048481357,2026-07-14T17:01:21.357000Z,0.0
4079.75,4078.32,1030,0.0,XAUUSD,1784048483433,2026-07-14T17:01:23.433000Z,0.0
4079.08,4077.64,1026,0.0,XAUUSD,1784048485563,2026-07-14T17:01:25.563000Z,0.0
4079.09,4077.67,1030,0.0,XAUUSD,1784048487643,2026-07-14T17:01:27.643000Z,0.0
4079.31,4077.89,1030,0.0,XAUUSD,1784048489702,2026-07-14T17:01:29.702000Z,0.0
4079.2,4077.77,1030,0.0,XAUUSD,1784048491752,2026-07-14T17:01:31.752000Z,0.0
4079.08,4077.66,1030,0.0,XAUUSD,1784048493836,2026-07-14T17:01:33.836000Z,0.0
4079.03,4077.61,1030,0.0,XAUUSD,1784048495926,2026-07-14T17:01:35.926000Z,0.0
4079.83,4078.39,1030,0.0,XAUUSD,1784048498047,2026-07-14T17:01:38.047000Z,0.0
4079.94,4078.51,1026,0.0,XAUUSD,1784048500134,2026-07-14T17:01:40.134000Z,0.0
4079.42,4077.99,1030,0.0,XAUUSD,1784048502241,2026-07-14T17:01:42.241000Z,0.0
4079.69,4078.26,1030,0.0,XAUUSD,1784048504337,2026-07-14T17:01:44.337000Z,0.0
4080.24,4078.8,1026,0.0,XAUUSD,1784048506425,2026-07-14T17:01:46.425000Z,0.0
4080.13,4078.69,1030,0.0,XAUUSD,1784048508519,2026-07-14T17:01:48.519000Z,0.0
4080.07,4078.64,1030,0.0,XAUUSD,1784048510549,2026-07-14T17:01:50.549000Z,0.0
4080.9,4079.48,1028,0.0,XAUUSD,1784048512660,2026-07-14T17:01:52.660000Z,0.0
4079.77,4078.29,1026,0.0,XAUUSD,1784048514762,2026-07-14T17:01:54.762000Z,0.0
4080.27,4078.83,1026,0.0,XAUUSD,1784048516835,2026-07-14T17:01:56.835000Z,0.0
4080.08,4078.65,1030,0.0,XAUUSD,1784048518830,2026-07-14T17:01:58.830000Z,0.0
4079.6,4079.08,1026,0.0,XAUUSD,1784048520999,2026-07-14T17:02:00.999000Z,0.0
4079.37,4078.86,1030,0.0,XAUUSD,1784048523059,2026-07-14T17:02:03.059000Z,0.0
4079.43,4078.92,1028,0.0,XAUUSD,1784048525181,2026-07-14T17:02:05.181000Z,0.0
4078.38,4077.86,1030,0.0,XAUUSD,1784048527286,2026-07-14T17:02:07.286000Z,0.0
4078.12,4077.61,1030,0.0,XAUUSD,1784048529313,2026-07-14T17:02:09.313000Z,0.0
4078.87,4078.35,1030,0.0,XAUUSD,1784048531466,2026-07-14T17:02:11.466000Z,0.0
4078.58,4078.07,1026,0.0,XAUUSD,1784048533529,2026-07-14T17:02:13.529000Z,0.0
4079.07,4078.56,1026,0.0,XAUUSD,1784048535417,2026-07-14T17:02:15.417000Z,0.0
4078.57,4078.06,1030,0.0,XAUUSD,1784048537724,2026-07-14T17:02:17.724000Z,0.0
4078.59,4078.08,1026,0.0,XAUUSD,1784048539793,2026-07-14T17:02:19.793000Z,0.0
4078.78,4078.26,1026,0.0,XAUUSD,1784048541887,2026-07-14T17:02:21.887000Z,0.0
4078.52,4078.01,1030,0.0,XAUUSD,1784048543969,2026-07-14T17:02:23.969000Z,0.0
4078.72,4078.21,1028,0.0,XAUUSD,1784048546072,2026-07-14T17:02:26.072000Z,0.0
4078.5,4077.98,1030,0.0,XAUUSD,1784048548160,2026-07-14T17:02:28.160000Z,0.0
4078.31,4077.79,1030,0.0,XAUUSD,1784048550256,2026-07-14T17:02:30.256000Z,0.0
4079.0,4078.49,1030,0.0,XAUUSD,1784048552292,2026-07-14T17:02:32.292000Z,0.0
4078.44,4077.93,1028,0.0,XAUUSD,1784048554445,2026-07-14T17:02:34.445000Z,0.0
4078.26,4077.74,1030,0.0,XAUUSD,1784048556528,2026-07-14T17:02:36.528000Z,0.0
4077.65,4077.13,1030,0.0,XAUUSD,1784048558598,2026-07-14T17:02:38.598000Z,0.0
4077.43,4076.91,1030,0.0,XAUUSD,1784048560587,2026-07-14T17:02:40.587000Z,0.0
4077.6,4077.08,1030,0.0,XAUUSD,1784048562694,2026-07-14T17:02:42.694000Z,0.0
4077.2,4076.68,1026,0.0,XAUUSD,1784048564904,2026-07-14T17:02:44.904000Z,0.0
4076.4,4075.88,1030,0.0,XAUUSD,1784048567008,2026-07-14T17:02:47.008000Z,0.0
4074.83,4073.77,1026,0.0,XAUUSD,1784048569087,2026-07-14T17:02:49.087000Z,0.0
4074.37,4073.86,1030,0.0,XAUUSD,1784048571241,2026-07-14T17:02:51.241000Z,0.0
4074.45,4073.93,1028,0.0,XAUUSD,1784048573322,2026-07-14T17:02:53.322000Z,0.0
4075.54,4075.02,1026,0.0,XAUUSD,1784048575448,2026-07-14T17:02:55.448000Z,0.0
4074.88,4074.37,1030,0.0,XAUUSD,1784048577510,2026-07-14T17:02:57.510000Z,0.0
4075.18,4074.67,1030,0.0,XAUUSD,1784048579655,2026-07-14T17:02:59.655000Z,0.0
4075.6,4075.09,1030,0.0,XAUUSD,1784048581768,2026-07-14T17:03:01.768000Z,0.0
4076.56,4076.05,1028,0.0,XAUUSD,1784048583874,2026-07-14T17:03:03.874000Z,0.0
4076.25,4075.74,1030,0.0,XAUUSD,1784048585907,2026-07-14T17:03:05.907000Z,0.0
4075.98,4075.46,1028,0.0,XAUUSD,1784048588029,2026-07-14T17:03:08.029000Z,0.0
4075.97,4075.46,1028,0.0,XAUUSD,1784048590171,2026-07-14T17:03:10.171000Z,0.0
4075.95,4075.43,1030,0.0,XAUUSD,1784048592219,2026-07-14T17:03:12.219000Z,0.0
4076.18,4075.65,1028,0.0,XAUUSD,1784048594377,2026-07-14T17:03:14.377000Z,0.0
4075.86,4075.35,1030,0.0,XAUUSD,1784048596497,2026-07-14T17:03:16.497000Z,0.0
4075.39,4074.87,1030,0.0,XAUUSD,1784048598620,2026-07-14T17:03:18.620000Z,0.0
4075.94,4075.43,1030,0.0,XAUUSD,1784048600475,2026-07-14T17:03:20.475000Z,0.0
4075.87,4075.35,1030,0.0,XAUUSD,1784048602574,2026-07-14T17:03:22.574000Z,0.0
4075.12,4074.6,1030,0.0,XAUUSD,1784048604580,2026-07-14T17:03:24.580000Z,0.0
4074.58,4074.07,1030,0.0,XAUUSD,1784048607059,2026-07-14T17:03:27.059000Z,0.0
4075.06,4074.55,1030,0.0,XAUUSD,1784048609170,2026-07-14T17:03:29.170000Z,0.0
4074.66,4074.14,1026,0.0,XAUUSD,1784048611288,2026-07-14T17:03:31.288000Z,0.0
4074.97,4074.45,1030,0.0,XAUUSD,1784048613349,2026-07-14T17:03:33.349000Z,0.0
4074.41,4073.9,1030,0.0,XAUUSD,1784048615437,2026-07-14T17:03:35.437000Z,0.0
4074.84,4074.32,1030,0.0,XAUUSD,1784048617477,2026-07-14T17:03:37.477000Z,0.0
4074.79,4074.27,1028,0.0,XAUUSD,1784048619588,2026-07-14T17:03:39.588000Z,0.0
4074.87,4074.35,1028,0.0,XAUUSD,1784048621764,2026-07-14T17:03:41.764000Z,0.0
4075.43,4074.9,1030,0.0,XAUUSD,1784048623888,2026-07-14T17:03:43.888000Z,0.0
4075.63,4075.12,1026,0.0,XAUUSD,1784048626003,2026-07-14T17:03:46.003000Z,0.0
4076.91,4076.4,1030,0.0,XAUUSD,1784048628018,2026-07-14T17:03:48.018000Z,0.0
4076.46,4075.95,1030,0.0,XAUUSD,1784048630172,2026-07-14T17:03:50.172000Z,0.0
4076.5,4075.99,1028,0.0,XAUUSD,1784048632311,2026-07-14T17:03:52.311000Z,0.0
4077.01,4076.5,1028,0.0,XAUUSD,1784048634411,2026-07-14T17:03:54.411000Z,0.0
4076.65,4076.14,1026,0.0,XAUUSD,1784048636477,2026-07-14T17:03:56.477000Z,0.0
4077.11,4076.59,1028,0.0,XAUUSD,1784048638619,2026-07-14T17:03:58.619000Z,0.0
4076.39,4075.87,1028,0.0,XAUUSD,1784048640686,2026-07-14T17:04:00.686000Z,0.0
4076.47,4075.95,1026,0.0,XAUUSD,1784048642820,2026-07-14T17:04:02.820000Z,0.0
4075.6,4075.08,1028,0.0,XAUUSD,1784048644826,2026-07-14T17:04:04.826000Z,0.0
4075.63,4075.03,1026,0.0,XAUUSD,1784048646637,2026-07-14T17:04:06.637000Z,0.0
4075.39,4074.87,1028,0.0,XAUUSD,1784048648718,2026-07-14T17:04:08.718000Z,0.0
4076.53,4076.0,1028,0.0,XAUUSD,1784048650568,2026-07-14T17:04:10.568000Z,0.0
4076.77,4076.25,1026,0.0,XAUUSD,1784048653227,2026-07-14T17:04:13.227000Z,0.0
4075.67,4075.15,1026,0.0,XAUUSD,1784048655359,2026-07-14T17:04:15.359000Z,0.0
4075.6,4074.82,1028,0.0,XAUUSD,1784048657450,2026-07-14T17:04:17.450000Z,0.0
4075.39,4074.87,1030,0.0,XAUUSD,1784048659534,2026-07-14T17:04:19.534000Z,0.0
4075.97,4075.29,1030,0.0,XAUUSD,1784048661636,2026-07-14T17:04:21.636000Z,0.0
4075.99,4075.48,1030,0.0,XAUUSD,1784048663714,2026-07-14T17:04:23.714000Z,0.0
4075.95,4075.42,1028,0.0,XAUUSD,1784048665826,2026-07-14T17:04:25.826000Z,0.0
4076.24,4075.73,1030,0.0,XAUUSD,1784048667567,2026-07-14T17:04:27.567000Z,0.0
4075.42,4074.9,1028,0.0,XAUUSD,1784048669652,2026-07-14T17:04:29.652000Z,0.0
4075.47,4074.95,1030,0.0,XAUUSD,1784048671718,2026-07-14T17:04:31.718000Z,0.0
4075.7,4075.19,1030,0.0,XAUUSD,1784048674150,2026-07-14T17:04:34.150000Z,0.0
4075.76,4075.25,1026,0.0,XAUUSD,1784048676319,2026-07-14T17:04:36.319000Z,0.0
4075.12,4074.58,1028,0.0,XAUUSD,1784048678375,2026-07-14T17:04:38.375000Z,0.0
4075.22,4074.7,1026,0.0,XAUUSD,1784048680497,2026-07-14T17:04:40.497000Z,0.0
4075.37,4074.85,1030,0.0,XAUUSD,1784048682562,2026-07-14T17:04:42.562000Z,0.0
4075.2,4074.62,1028,0.0,XAUUSD,1784048684664,2026-07-14T17:04:44.664000Z,0.0
4074.96,4074.45,1028,0.0,XAUUSD,1784048686364,2026-07-14T17:04:46.364000Z,0.0
4075.01,4074.49,1030,0.0,XAUUSD,1784048688434,2026-07-14T17:04:48.434000Z,0.0
4075.22,4074.71,1028,0.0,XAUUSD,1784048690915,2026-07-14T17:04:50.915000Z,0.0
4074.49,4073.97,1030,0.0,XAUUSD,1784048692841,2026-07-14T17:04:52.841000Z,0.0
4074.43,4073.92,1028,0.0,XAUUSD,1784048695079,2026-07-14T17:04:55.079000Z,0.0
4075.06,4074.54,1030,0.0,XAUUSD,1784048697136,2026-07-14T17:04:57.136000Z,0.0
4074.34,4073.82,1030,0.0,XAUUSD,1784048699255,2026-07-14T17:04:59.255000Z,0.0
4074.79,4074.27,1030,0.0,XAUUSD,1784048701342,2026-07-14T17:05:01.342000Z,0.0
4074.98,4074.46,1030,0.0,XAUUSD,1784048703008,2026-07-14T17:05:03.008000Z,0.0
4074.13,4073.61,1028,0.0,XAUUSD,1784048704889,2026-07-14T17:05:04.889000Z,0.0
4073.81,4073.28,1030,0.0,XAUUSD,1784048707579,2026-07-14T17:05:07.579000Z,0.0
4073.88,4073.35,1028,0.0,XAUUSD,1784048709741,2026-07-14T17:05:09.741000Z,0.0
4073.11,4072.6,1030,0.0,XAUUSD,1784048711799,2026-07-14T17:05:11.799000Z,0.0
4073.51,4073.0,1028,0.0,XAUUSD,1784048713455,2026-07-14T17:05:13.455000Z,0.0
4073.62,4073.09,1026,0.0,XAUUSD,1784048715885,2026-07-14T17:05:15.885000Z,0.0
4074.55,4074.02,1026,0.0,XAUUSD,1784048718051,2026-07-14T17:05:18.051000Z,0.0
4073.75,4073.21,1028,0.0,XAUUSD,1784048720158,2026-07-14T17:05:20.158000Z,0.0
4073.38,4072.85,1030,0.0,XAUUSD,1784048722147,2026-07-14T17:05:22.147000Z,0.0
4074.25,4073.69,1028,0.0,XAUUSD,1784048724184,2026-07-14T17:05:24.184000Z,0.0
4074.06,4073.55,1030,0.0,XAUUSD,1784048726391,2026-07-14T17:05:26.391000Z,0.0
4074.15,4073.62,1030,0.0,XAUUSD,1784048728478,2026-07-14T17:05:28.478000Z,0.0
4075.35,4074.78,1028,0.0,XAUUSD,1784048730195,2026-07-14T17:05:30.195000Z,0.0
4074.99,4074.46,1030,0.0,XAUUSD,1784048732279,2026-07-14T17:05:32.279000Z,0.0
4074.85,4074.24,1028,0.0,XAUUSD,1784048734345,2026-07-14T17:05:34.345000Z,0.0
4075.08,4074.55,1030,0.0,XAUUSD,1784048736778,2026-07-14T17:05:36.778000Z,0.0
4075.46,4074.94,1028,0.0,XAUUSD,1784048738889,2026-07-14T17:05:38.889000Z,0.0
4075.27,4074.76,1026,0.0,XAUUSD,1784048740965,2026-07-14T17:05:40.965000Z,0.0
4075.59,4075.06,1030,0.0,XAUUSD,1784048743000,2026-07-14T17:05:43Z,0.0
4076.18,4075.67,1030,0.0,XAUUSD,1784048745031,2026-07-14T17:05:45.031000Z,0.0
4076.26,4075.75,1028,0.0,XAUUSD,1784048747188,2026-07-14T17:05:47.188000Z,0.0
4076.48,4075.96,1030,0.0,XAUUSD,1784048748963,2026-07-14T17:05:48.963000Z,0.0
4075.99,4075.48,1028,0.0,XAUUSD,1784048750712,2026-07-14T17:05:50.712000Z,0.0
4075.82,4075.3,1028,0.0,XAUUSD,1784048753124,2026-07-14T17:05:53.124000Z,0.0
4076.05,4075.53,1030,0.0,XAUUSD,1784048755591,2026-07-14T17:05:55.591000Z,0.0
4075.95,4075.43,1030,0.0,XAUUSD,1784048757676,2026-07-14T17:05:57.676000Z,0.0
4076.1,4075.58,1030,0.0,XAUUSD,1784048759760,2026-07-14T17:05:59.760000Z,0.0
4076.35,4075.83,1026,0.0,XAUUSD,1784048761677,2026-07-14T17:06:01.677000Z,0.0
4076.41,4075.89,1030,0.0,XAUUSD,1784048763876,2026-07-14T17:06:03.876000Z,0.0
4075.9,4075.38,1026,0.0,XAUUSD,1784048766041,2026-07-14T17:06:06.041000Z,0.0
4075.37,4074.85,1028,0.0,XAUUSD,1784048768064,2026-07-14T17:06:08.064000Z,0.0
4075.23,4074.71,1028,0.0,XAUUSD,1784048770207,2026-07-14T17:06:10.207000Z,0.0
4074.92,4074.4,1030,0.0,XAUUSD,1784048771935,2026-07-14T17:06:11.935000Z,0.0
4074.88,4074.35,1028,0.0,XAUUSD,1784048774395,2026-07-14T17:06:14.395000Z,0.0
4074.91,4074.38,1028,0.0,XAUUSD,1784048776471,2026-07-14T17:06:16.471000Z,0.0
4075.31,4074.78,1030,0.0,XAUUSD,1784048778563,2026-07-14T17:06:18.563000Z,0.0
4075.26,4074.74,1026,0.0,XAUUSD,1784048780663,2026-07-14T17:06:20.663000Z,0.0
4075.26,4074.58,1028,0.0,XAUUSD,1784048782737,2026-07-14T17:06:22.737000Z,0.0
4075.34,4074.81,1028,0.0,XAUUSD,1784048784833,2026-07-14T17:06:24.833000Z,0.0
4075.59,4075.08,1030,0.0,XAUUSD,1784048786554,2026-07-14T17:06:26.554000Z,0.0
4075.47,4074.94,1030,0.0,XAUUSD,1784048789044,2026-07-14T17:06:29.044000Z,0.0
4076.36,4075.83,1028,0.0,XAUUSD,1784048791176,2026-07-14T17:06:31.176000Z,0.0
4075.73,4075.19,1030,0.0,XAUUSD,1784048793268,2026-07-14T17:06:33.268000Z,0.0
4075.8,4075.28,1028,0.0,XAUUSD,1784048795357,2026-07-14T17:06:35.357000Z,0.0
4075.5,4074.97,1030,0.0,XAUUSD,1784048797464,2026-07-14T17:06:37.464000Z,0.0
4075.45,4074.93,1030,0.0,XAUUSD,1784048799585,2026-07-14T17:06:39.585000Z,0.0
4076.21,4075.68,1030,0.0,XAUUSD,1784048801234,2026-07-14T17:06:41.234000Z,0.0
4076.16,4075.65,1030,0.0,XAUUSD,1784048803463,2026-07-14T17:06:43.463000Z,0.0
4076.16,4075.63,1030,0.0,XAUUSD,1784048805916,2026-07-14T17:06:45.916000Z,0.0
4076.06,4075.55,1028,0.0,XAUUSD,1784048808048,2026-07-14T17:06:48.048000Z,0.0
4076.84,4076.29,1028,0.0,XAUUSD,1784048810143,2026-07-14T17:06:50.143000Z,0.0
4076.22,4075.7,1026,0.0,XAUUSD,1784048812242,2026-07-14T17:06:52.242000Z,0.0
4076.51,4075.99,1028,0.0,XAUUSD,1784048814283,2026-07-14T17:06:54.283000Z,0.0
4076.89,4076.38,1026,0.0,XAUUSD,1784048816385,2026-07-14T17:06:56.385000Z,0.0
4077.01,4076.5,1026,0.0,XAUUSD,1784048818448,2026-07-14T17:06:58.448000Z,0.0
4077.07,4076.56,1028,0.0,XAUUSD,1784048820604,2026-07-14T17:07:00.604000Z,0.0
4077.24,4076.71,1028,0.0,XAUUSD,1784048822712,2026-07-14T17:07:02.712000Z,0.0
4076.89,4076.36,1030,0.0,XAUUSD,1784048824812,2026-07-14T17:07:04.812000Z,0.0
4076.56,4076.04,1030,0.0,XAUUSD,1784048826911,2026-07-14T17:07:06.911000Z,0.0
4076.78,4076.24,1030,0.0,XAUUSD,1784048829004,2026-07-14T17:07:09.004000Z,0.0
4077.75,4077.17,1028,0.0,XAUUSD,1784048831095,2026-07-14T17:07:11.095000Z,0.0
4077.67,4077.14,1026,0.0,XAUUSD,1784048833147,2026-07-14T17:07:13.147000Z,0.0
4077.25,4076.74,1030,0.0,XAUUSD,1784048835207,2026-07-14T17:07:15.207000Z,0.0
4077.85,4077.33,1030,0.0,XAUUSD,1784048837419,2026-07-14T17:07:17.419000Z,0.0
4077.26,4076.73,1026,0.0,XAUUSD,1784048839503,2026-07-14T17:07:19.503000Z,0.0
4078.05,4077.54,1028,0.0,XAUUSD,1784048841605,2026-07-14T17:07:21.605000Z,0.0
4077.6,4077.08,1030,0.0,XAUUSD,1784048843370,2026-07-14T17:07:23.370000Z,0.0
4077.92,4077.41,1030,0.0,XAUUSD,1784048845794,2026-07-14T17:07:25.794000Z,0.0
4078.23,4077.71,1028,0.0,XAUUSD,1784048847924,2026-07-14T17:07:27.924000Z,0.0
4077.75,4077.24,1028,0.0,XAUUSD,1784048850017,2026-07-14T17:07:30.017000Z,0.0
4078.17,4077.63,1028,0.0,XAUUSD,1784048852141,2026-07-14T17:07:32.141000Z,0.0
4079.04,4078.53,1026,0.0,XAUUSD,1784048854231,2026-07-14T17:07:34.231000Z,0.0
4079.12,4078.59,1028,0.0,XAUUSD,1784048856332,2026-07-14T17:07:36.332000Z,0.0
4079.71,4079.2,1026,0.0,XAUUSD,1784048858431,2026-07-14T17:07:38.431000Z,0.0
4079.69,4079.18,1028,0.0,XAUUSD,1784048860555,2026-07-14T17:07:40.555000Z,0.0
4078.7,4078.19,1028,0.0,XAUUSD,1784048862646,2026-07-14T17:07:42.646000Z,0.0
4078.45,4077.89,1028,0.0,XAUUSD,1784048864764,2026-07-14T17:07:44.764000Z,0.0
4079.18,4078.66,1030,0.0,XAUUSD,1784048866785,2026-07-14T17:07:46.785000Z,0.0
4079.14,4078.62,1030,0.0,XAUUSD,1784048868905,2026-07-14T17:07:48.905000Z,0.0
4079.67,4079.16,1026,0.0,XAUUSD,1784048871071,2026-07-14T17:07:51.071000Z,0.0
4081.45,4080.93,1030,0.0,XAUUSD,1784048873191,2026-07-14T17:07:53.191000Z,0.0
4081.26,4080.75,1030,0.0,XAUUSD,1784048874931,2026-07-14T17:07:54.931000Z,0.0
4081.32,4080.8,1030,0.0,XAUUSD,1784048877005,2026-07-14T17:07:57.005000Z,0.0
4080.45,4079.94,1030,0.0,XAUUSD,1784048879101,2026-07-14T17:07:59.101000Z,0.0
4079.91,4079.4,1030,0.0,XAUUSD,1784048881625,2026-07-14T17:08:01.625000Z,0.0
4080.86,4080.35,1030,0.0,XAUUSD,1784048883704,2026-07-14T17:08:03.704000Z,0.0
4080.83,4080.3,1030,0.0,XAUUSD,1784048885846,2026-07-14T17:08:05.846000Z,0.0
4080.49,4079.98,1030,0.0,XAUUSD,1784048887949,2026-07-14T17:08:07.949000Z,0.0
4080.5,4079.97,1030,0.0,XAUUSD,1784048890046,2026-07-14T17:08:10.046000Z,0.0
4079.56,4079.02,1030,0.0,XAUUSD,1784048892119,2026-07-14T17:08:12.119000Z,0.0
4079.56,4079.03,1028,0.0,XAUUSD,1784048893963,2026-07-14T17:08:13.963000Z,0.0
4079.6,4079.04,1028,0.0,XAUUSD,1784048895957,2026-07-14T17:08:15.957000Z,0.0
4079.68,4079.17,1030,0.0,XAUUSD,1784048898337,2026-07-14T17:08:18.337000Z,0.0
4079.89,4079.36,1026,0.0,XAUUSD,1784048900522,2026-07-14T17:08:20.522000Z,0.0
4079.35,4078.81,1026,0.0,XAUUSD,1784048902668,2026-07-14T17:08:22.668000Z,0.0
4079.44,4078.92,1030,0.0,XAUUSD,1784048904622,2026-07-14T17:08:24.622000Z,0.0
4079.49,4078.98,1028,0.0,XAUUSD,1784048906834,2026-07-14T17:08:26.834000Z,0.0
4080.25,4079.73,1030,0.0,XAUUSD,1784048908965,2026-07-14T17:08:28.965000Z,0.0
4080.27,4079.76,1028,0.0,XAUUSD,1784048911052,2026-07-14T17:08:31.052000Z,0.0
4080.07,4079.52,1026,0.0,XAUUSD,1784048913175,2026-07-14T17:08:33.175000Z,0.0
4079.82,4079.3,1026,0.0,XAUUSD,1784048915267,2026-07-14T17:08:35.267000Z,0.0
4079.67,4079.16,1026,0.0,XAUUSD,1784048917346,2026-07-14T17:08:37.346000Z,0.0
4079.27,4078.7,1028,0.0,XAUUSD,1784048919434,2026-07-14T17:08:39.434000Z,0.0
4079.14,4078.61,1028,0.0,XAUUSD,1784048921494,2026-07-14T17:08:41.494000Z,0.0
4078.64,4078.13,1030,0.0,XAUUSD,1784048923525,2026-07-14T17:08:43.525000Z,0.0
4078.75,4078.2,1026,0.0,XAUUSD,1784048925709,2026-07-14T17:08:45.709000Z,0.0
4079.21,4078.68,1030,0.0,XAUUSD,1784048927786,2026-07-14T17:08:47.786000Z,0.0
4079.19,4078.68,1026,0.0,XAUUSD,1784048929810,2026-07-14T17:08:49.810000Z,0.0
4079.0,4078.49,1028,0.0,XAUUSD,1784048931977,2026-07-14T17:08:51.977000Z,0.0
4079.06,4078.54,1030,0.0,XAUUSD,1784048934038,2026-07-14T17:08:54.038000Z,0.0
4079.71,4079.18,1026,0.0,XAUUSD,1784048935947,2026-07-14T17:08:55.947000Z,0.0
4079.73,4079.21,1028,0.0,XAUUSD,1784048938286,2026-07-14T17:08:58.286000Z,0.0
4079.86,4079.34,1026,0.0,XAUUSD,1784048940385,2026-07-14T17:09:00.385000Z,0.0
4079.36,4078.68,1030,0.0,XAUUSD,1784048942503,2026-07-14T17:09:02.503000Z,0.0
4079.35,4078.84,1028,0.0,XAUUSD,1784048944532,2026-07-14T17:09:04.532000Z,0.0
4078.98,4078.46,1030,0.0,XAUUSD,1784048946669,2026-07-14T17:09:06.669000Z,0.0
4078.5,4077.98,1026,0.0,XAUUSD,1784048948763,2026-07-14T17:09:08.763000Z,0.0
4079.11,4078.59,1026,0.0,XAUUSD,1784048950855,2026-07-14T17:09:10.855000Z,0.0
4079.41,4078.89,1028,0.0,XAUUSD,1784048952953,2026-07-14T17:09:12.953000Z,0.0
4078.78,4078.24,1028,0.0,XAUUSD,1784048954653,2026-07-14T17:09:14.653000Z,0.0
4078.24,4077.69,1028,0.0,XAUUSD,1784048956783,2026-07-14T17:09:16.783000Z,0.0
4077.88,4077.36,1026,0.0,XAUUSD,1784048959109,2026-07-14T17:09:19.109000Z,0.0
4078.01,4077.38,1028,0.0,XAUUSD,1784048961299,2026-07-14T17:09:21.299000Z,0.0
4078.27,4077.76,1030,0.0,XAUUSD,1784048963367,2026-07-14T17:09:23.367000Z,0.0
4078.71,4078.2,1028,0.0,XAUUSD,1784048965483,2026-07-14T17:09:25.483000Z,0.0
4079.3,4078.79,1030,0.0,XAUUSD,1784048967550,2026-07-14T17:09:27.550000Z,0.0
4078.79,4078.26,1026,0.0,XAUUSD,1784048969677,2026-07-14T17:09:29.677000Z,0.0
4078.46,4077.95,1030,0.0,XAUUSD,1784048971750,2026-07-14T17:09:31.750000Z,0.0
4078.93,4078.42,1030,0.0,XAUUSD,1784048973728,2026-07-14T17:09:33.728000Z,0.0
4079.42,4078.9,1030,0.0,XAUUSD,1784048975898,2026-07-14T17:09:35.898000Z,0.0
4080.16,4079.64,1026,0.0,XAUUSD,1784048978013,2026-07-14T17:09:38.013000Z,0.0
4079.96,4079.45,1030,0.0,XAUUSD,1784048980076,2026-07-14T17:09:40.076000Z,0.0
4080.02,4079.49,1028,0.0,XAUUSD,1784048982165,2026-07-14T17:09:42.165000Z,0.0
4079.42,4078.88,1028,0.0,XAUUSD,1784048984270,2026-07-14T17:09:44.270000Z,0.0
4080.18,4079.67,1030,0.0,XAUUSD,1784048986363,2026-07-14T17:09:46.363000Z,0.0
4078.84,4078.24,1026,0.0,XAUUSD,1784048988411,2026-07-14T17:09:48.411000Z,0.0
4079.17,4078.66,1026,0.0,XAUUSD,1784048990544,2026-07-14T17:09:50.544000Z,0.0
4079.25,4078.73,1028,0.0,XAUUSD,1784048992584,2026-07-14T17:09:52.584000Z,0.0
4079.41,4078.9,1030,0.0,XAUUSD,1784048994323,2026-07-14T17:09:54.323000Z,0.0
4079.81,4079.3,1026,0.0,XAUUSD,1784048996332,2026-07-14T17:09:56.332000Z,0.0
4080.04,4079.53,1026,0.0,XAUUSD,1784048998527,2026-07-14T17:09:58.527000Z,0.0
4080.06,4079.52,1026,0.0,XAUUSD,1784049000972,2026-07-14T17:10:00.972000Z,0.0
4079.29,4078.77,1028,0.0,XAUUSD,1784049003052,2026-07-14T17:10:03.052000Z,0.0
4079.67,4079.15,1030,0.0,XAUUSD,1784049005127,2026-07-14T17:10:05.127000Z,0.0
4080.04,4079.51,1026,0.0,XAUUSD,1784049007179,2026-07-14T17:10:07.179000Z,0.0
4080.26,4079.72,1030,0.0,XAUUSD,1784049009189,2026-07-14T17:10:09.189000Z,0.0
4081.16,4080.65,1026,0.0,XAUUSD,1784049011435,2026-07-14T17:10:11.435000Z,0.0
4080.16,4079.65,1030,0.0,XAUUSD,1784049013473,2026-07-14T17:10:13.473000Z,0.0
4080.27,4079.76,1030,0.0,XAUUSD,1784049015324,2026-07-14T17:10:15.324000Z,0.0
4079.72,4079.2,1030,0.0,XAUUSD,1784049017684,2026-07-14T17:10:17.684000Z,0.0
4079.15,4078.59,1030,0.0,XAUUSD,1784049019797,2026-07-14T17:10:19.797000Z,0.0
4078.92,4078.41,1030,0.0,XAUUSD,1784049021781,2026-07-14T17:10:21.781000Z,0.0
4078.84,4078.31,1030,0.0,XAUUSD,1784049023925,2026-07-14T17:10:23.925000Z,0.0
4078.54,4078.03,1030,0.0,XAUUSD,1784049026014,2026-07-14T17:10:26.014000Z,0.0
4078.54,4078.02,1030,0.0,XAUUSD,1784049028152,2026-07-14T17:10:28.152000Z,0.0
4078.48,4077.97,1030,0.0,XAUUSD,1784049030243,2026-07-14T17:10:30.243000Z,0.0
4078.86,4078.35,1030,0.0,XAUUSD,1784049032205,2026-07-14T17:10:32.205000Z,0.0
4078.84,4078.33,1030,0.0,XAUUSD,1784049034207,2026-07-14T17:10:34.207000Z,0.0
4078.21,4077.69,1030,0.0,XAUUSD,1784049036496,2026-07-14T17:10:36.496000Z,0.0
4078.4,4077.89,1026,0.0,XAUUSD,1784049038496,2026-07-14T17:10:38.496000Z,0.0
4078.43,4077.92,1030,0.0,XAUUSD,1784049040682,2026-07-14T17:10:40.682000Z,0.0
4078.31,4077.79,1030,0.0,XAUUSD,1784049042766,2026-07-14T17:10:42.766000Z,0.0
4078.74,4078.22,1028,0.0,XAUUSD,1784049044833,2026-07-14T17:10:44.833000Z,0.0
4078.77,4078.26,1026,0.0,XAUUSD,1784049046882,2026-07-14T17:10:46.882000Z,0.0
4078.58,4078.07,1030,0.0,XAUUSD,1784049049007,2026-07-14T17:10:49.007000Z,0.0
4079.33,4078.82,1026,0.0,XAUUSD,1784049050975,2026-07-14T17:10:50.975000Z,0.0
4079.15,4078.54,1028,0.0,XAUUSD,1784049052838,2026-07-14T17:10:52.838000Z,0.0
4079.68,4079.16,1028,0.0,XAUUSD,1784049054942,2026-07-14T17:10:54.942000Z,0.0
4079.08,4078.57,1028,0.0,XAUUSD,1784049056941,2026-07-14T17:10:56.941000Z,0.0
4079.03,4078.51,1030,0.0,XAUUSD,1784049059420,2026-07-14T17:10:59.420000Z,0.0
4078.97,4078.46,1026,0.0,XAUUSD,1784049061565,2026-07-14T17:11:01.565000Z,0.0
4077.93,4077.41,1028,0.0,XAUUSD,1784049063614,2026-07-14T17:11:03.614000Z,0.0
4078.26,4077.75,1030,0.0,XAUUSD,1784049065659,2026-07-14T17:11:05.659000Z,0.0
4077.89,4077.36,1026,0.0,XAUUSD,1784049067737,2026-07-14T17:11:07.737000Z,0.0
4078.18,4077.67,1030,0.0,XAUUSD,1784049069891,2026-07-14T17:11:09.891000Z,0.0
4078.0,4077.47,1030,0.0,XAUUSD,1784049071875,2026-07-14T17:11:11.875000Z,0.0
4078.57,4078.06,1030,0.0,XAUUSD,1784049074041,2026-07-14T17:11:14.041000Z,0.0
4078.84,4078.32,1028,0.0,XAUUSD,1784049076176,2026-07-14T17:11:16.176000Z,0.0
4079.63,4079.11,1030,0.0,XAUUSD,1784049078272,2026-07-14T17:11:18.272000Z,0.0
4078.54,4078.03,1030,0.0,XAUUSD,1784049080322,2026-07-14T17:11:20.322000Z,0.0
4078.84,4078.32,1026,0.0,XAUUSD,1784049082456,2026-07-14T17:11:22.456000Z,0.0
4079.55,4079.02,1028,0.0,XAUUSD,1784049084544,2026-07-14T17:11:24.544000Z,0.0
4079.95,4079.42,1026,0.0,XAUUSD,1784049086623,2026-07-14T17:11:26.623000Z,0.0
4079.9,4079.37,1030,0.0,XAUUSD,1784049088704,2026-07-14T17:11:28.704000Z,0.0
4079.42,4078.89,1030,0.0,XAUUSD,1784049090801,2026-07-14T17:11:30.801000Z,0.0
4078.64,4078.13,1030,0.0,XAUUSD,1784049092880,2026-07-14T17:11:32.880000Z,0.0
4079.49,4078.96,1026,0.0,XAUUSD,1784049094981,2026-07-14T17:11:34.981000Z,0.0
4079.61,4079.09,1026,0.0,XAUUSD,1784049096811,2026-07-14T17:11:36.811000Z,0.0
4079.61,4079.1,1028,0.0,XAUUSD,1784049098835,2026-07-14T17:11:38.835000Z,0.0
4079.77,4079.25,1026,0.0,XAUUSD,1784049101194,2026-07-14T17:11:41.194000Z,0.0
4079.26,4078.74,1026,0.0,XAUUSD,1784049102825,2026-07-14T17:11:42.825000Z,0.0
4079.91,4079.39,1026,0.0,XAUUSD,1784049105056,2026-07-14T17:11:45.056000Z,0.0
4079.39,4078.86,1028,0.0,XAUUSD,1784049107140,2026-07-14T17:11:47.140000Z,0.0
4080.15,4079.64,1030,0.0,XAUUSD,1784049109644,2026-07-14T17:11:49.644000Z,0.0
4079.75,4079.22,1030,0.0,XAUUSD,1784049111647,2026-07-14T17:11:51.647000Z,0.0
4080.23,4079.71,1030,0.0,XAUUSD,1784049113520,2026-07-14T17:11:53.520000Z,0.0
4079.74,4079.23,1030,0.0,XAUUSD,1784049115870,2026-07-14T17:11:55.870000Z,0.0
4079.31,4078.8,1030,0.0,XAUUSD,1784049118010,2026-07-14T17:11:58.010000Z,0.0
4079.72,4079.19,1030,0.0,XAUUSD,1784049120099,2026-07-14T17:12:00.099000Z,0.0
4079.78,4079.27,1030,0.0,XAUUSD,1784049122198,2026-07-14T17:12:02.198000Z,0.0
4079.88,4079.37,1028,0.0,XAUUSD,1784049123937,2026-07-14T17:12:03.937000Z,0.0
4079.68,4079.15,1026,0.0,XAUUSD,1784049126005,2026-07-14T17:12:06.005000Z,0.0
4080.13,4079.61,1030,0.0,XAUUSD,1784049128445,2026-07-14T17:12:08.445000Z,0.0
4080.58,4080.06,1030,0.0,XAUUSD,1784049130529,2026-07-14T17:12:10.529000Z,0.0
4080.83,4080.3,1030,0.0,XAUUSD,1784049132621,2026-07-14T17:12:12.621000Z,0.0
4081.39,4080.73,1030,0.0,XAUUSD,1784049134739,2026-07-14T17:12:14.739000Z,0.0
4080.15,4079.64,1030,0.0,XAUUSD,1784049136836,2026-07-14T17:12:16.836000Z,0.0
4080.91,4080.4,1030,0.0,XAUUSD,1784049138851,2026-07-14T17:12:18.851000Z,0.0
4081.31,4080.79,1028,0.0,XAUUSD,1784049140970,2026-07-14T17:12:20.970000Z,0.0
4080.97,4080.44,1030,0.0,XAUUSD,1784049143078,2026-07-14T17:12:23.078000Z,0.0
4080.43,4079.9,1026,0.0,XAUUSD,1784049145192,2026-07-14T17:12:25.192000Z,0.0
4080.19,4079.66,1026,0.0,XAUUSD,1784049147278,2026-07-14T17:12:27.278000Z,0.0
4079.84,4079.33,1030,0.0,XAUUSD,1784049149302,2026-07-14T17:12:29.302000Z,0.0
4080.25,4079.74,1026,0.0,XAUUSD,1784049151464,2026-07-14T17:12:31.464000Z,0.0
4080.3,4079.79,1030,0.0,XAUUSD,1784049153515,2026-07-14T17:12:33.515000Z,0.0
4080.14,4079.61,1030,0.0,XAUUSD,1784049155635,2026-07-14T17:12:35.635000Z,0.0
4080.45,4079.92,1030,0.0,XAUUSD,1784049157744,2026-07-14T17:12:37.744000Z,0.0
4079.99,4079.48,1030,0.0,XAUUSD,1784049159711,2026-07-14T17:12:39.711000Z,0.0
4079.95,4079.42,1030,0.0,XAUUSD,1784049161894,2026-07-14T17:12:41.894000Z,0.0
4080.02,4079.49,1028,0.0,XAUUSD,1784049164030,2026-07-14T17:12:44.030000Z,0.0
4080.45,4079.92,1030,0.0,XAUUSD,1784049166100,2026-07-14T17:12:46.100000Z,0.0
4080.18,4079.65,1030,0.0,XAUUSD,1784049168188,2026-07-14T17:12:48.188000Z,0.0
4080.33,4079.8,1030,0.0,XAUUSD,1784049170269,2026-07-14T17:12:50.269000Z,0.0
4080.12,4079.59,1026,0.0,XAUUSD,1784049172227,2026-07-14T17:12:52.227000Z,0.0
4080.15,4079.62,1030,0.0,XAUUSD,1784049174413,2026-07-14T17:12:54.413000Z,0.0
4080.19,4079.67,1030,0.0,XAUUSD,1784049176505,2026-07-14T17:12:56.505000Z,0.0
4080.67,4080.16,1030,0.0,XAUUSD,1784049178568,2026-07-14T17:12:58.568000Z,0.0
4080.97,4080.45,1028,0.0,XAUUSD,1784049180713,2026-07-14T17:13:00.713000Z,0.0
4082.86,4082.33,1028,0.0,XAUUSD,1784049182814,2026-07-14T17:13:02.814000Z,0.0
4082.62,4082.1,1030,0.0,XAUUSD,1784049184888,2026-07-14T17:13:04.888000Z,0.0
4082.51,4081.99,1028,0.0,XAUUSD,1784049187003,2026-07-14T17:13:07.003000Z,0.0
4082.7,4082.18,1030,0.0,XAUUSD,1784049189092,2026-07-14T17:13:09.092000Z,0.0
4083.89,4083.37,1030,0.0,XAUUSD,1784049191170,2026-07-14T17:13:11.170000Z,0.0
4084.12,4083.61,1030,0.0,XAUUSD,1784049193168,2026-07-14T17:13:13.168000Z,0.0
4084.0,4083.48,1028,0.0,XAUUSD,1784049195338,2026-07-14T17:13:15.338000Z,0.0
4084.28,4083.75,1030,0.0,XAUUSD,1784049197454,2026-07-14T17:13:17.454000Z,0.0
4084.2,4083.68,1030,0.0,XAUUSD,1784049199546,2026-07-14T17:13:19.546000Z,0.0
4085.15,4084.58,1028,0.0,XAUUSD,1784049201637,2026-07-14T17:13:21.637000Z,0.0
4085.22,4084.69,1028,0.0,XAUUSD,1784049203688,2026-07-14T17:13:23.688000Z,0.0
4085.25,4084.72,1028,0.0,XAUUSD,1784049205775,2026-07-14T17:13:25.775000Z,0.0
4085.02,4084.5,1026,0.0,XAUUSD,1784049207898,2026-07-14T17:13:27.898000Z,0.0
4085.1,4084.58,1030,0.0,XAUUSD,1784049209932,2026-07-14T17:13:29.932000Z,0.0
4084.47,4083.95,1028,0.0,XAUUSD,1784049212075,2026-07-14T17:13:32.075000Z,0.0
4084.72,4084.2,1030,0.0,XAUUSD,1784049214159,2026-07-14T17:13:34.159000Z,0.0
4084.72,4084.2,1026,0.0,XAUUSD,1784049216193,2026-07-14T17:13:36.193000Z,0.0
4084.21,4083.68,1030,0.0,XAUUSD,1784049218325,2026-07-14T17:13:38.325000Z,0.0
4084.22,4083.7,1028,0.0,XAUUSD,1784049220409,2026-07-14T17:13:40.409000Z,0.0
4084.21,4083.69,1028,0.0,XAUUSD,1784049222529,2026-07-14T17:13:42.529000Z,0.0
4084.26,4083.72,1030,0.0,XAUUSD,1784049224618,2026-07-14T17:13:44.618000Z,0.0
4083.56,4083.03,1030,0.0,XAUUSD,1784049226718,2026-07-14T17:13:46.718000Z,0.0
4083.51,4082.98,1030,0.0,XAUUSD,1784049228766,2026-07-14T17:13:48.766000Z,0.0
4083.98,4083.46,1026,0.0,XAUUSD,1784049230901,2026-07-14T17:13:50.901000Z,0.0
4083.56,4083.05,1030,0.0,XAUUSD,1784049232967,2026-07-14T17:13:52.967000Z,0.0
4083.2,4082.66,1030,0.0,XAUUSD,1784049235088,2026-07-14T17:13:55.088000Z,0.0
4083.49,4082.96,1030,0.0,XAUUSD,1784049237111,2026-07-14T17:13:57.111000Z,0.0
4083.7,4083.18,1030,0.0,XAUUSD,1784049239280,2026-07-14T17:13:59.280000Z,0.0
4083.74,4083.21,1030,0.0,XAUUSD,1784049241366,2026-07-14T17:14:01.366000Z,0.0
4082.06,4081.53,1028,0.0,XAUUSD,1784049243458,2026-07-14T17:14:03.458000Z,0.0
4081.81,4081.29,1026,0.0,XAUUSD,1784049245515,2026-07-14T17:14:05.515000Z,0.0
4081.91,4081.37,1030,0.0,XAUUSD,1784049247687,2026-07-14T17:14:07.687000Z,0.0
4082.43,4081.91,1030,0.0,XAUUSD,1784049249767,2026-07-14T17:14:09.767000Z,0.0
4082.89,4082.35,1030,0.0,XAUUSD,1784049251837,2026-07-14T17:14:11.837000Z,0.0
4082.89,4082.38,1028,0.0,XAUUSD,1784049253967,2026-07-14T17:14:13.967000Z,0.0
4082.31,4081.78,1030,0.0,XAUUSD,1784049256039,2026-07-14T17:14:16.039000Z,0.0
4081.86,4081.1,1030,0.0,XAUUSD,1784049258138,2026-07-14T17:14:18.138000Z,0.0
4082.03,4081.51,1030,0.0,XAUUSD,1784049260207,2026-07-14T17:14:20.207000Z,0.0
4081.74,4081.21,1026,0.0,XAUUSD,1784049262308,2026-07-14T17:14:22.308000Z,0.0
4081.53,4081.02,1030,0.0,XAUUSD,1784049264397,2026-07-14T17:14:24.397000Z,0.0
4082.44,4081.92,1030,0.0,XAUUSD,1784049266487,2026-07-14T17:14:26.487000Z,0.0
4082.74,4082.21,1026,0.0,XAUUSD,1784049268597,2026-07-14T17:14:28.597000Z,0.0
4082.26,4081.75,1030,0.0,XAUUSD,1784049270676,2026-07-14T17:14:30.676000Z,0.0
4082.14,4081.63,1030,0.0,XAUUSD,1784049272760,2026-07-14T17:14:32.760000Z,0.0
4082.58,4082.05,1028,0.0,XAUUSD,1784049274841,2026-07-14T17:14:34.841000Z,0.0
4082.63,4082.11,1030,0.0,XAUUSD,1784049276946,2026-07-14T17:14:36.946000Z,0.0
4082.83,4082.31,1026,0.0,XAUUSD,1784049279043,2026-07-14T17:14:39.043000Z,0.0
4082.78,4082.26,1026,0.0,XAUUSD,1784049281148,2026-07-14T17:14:41.148000Z,0.0
4082.38,4081.86,1030,0.0,XAUUSD,1784049283207,2026-07-14T17:14:43.207000Z,0.0
4082.34,4081.82,1026,0.0,XAUUSD,1784049285277,2026-07-14T17:14:45.277000Z,0.0
4082.75,4082.23,1030,0.0,XAUUSD,1784049287393,2026-07-14T17:14:47.393000Z,0.0
4082.41,4081.88,1030,0.0,XAUUSD,1784049289504,2026-07-14T17:14:49.504000Z,0.0
4082.42,4081.89,1030,0.0,XAUUSD,1784049291598,2026-07-14T17:14:51.598000Z,0.0
4082.91,4082.39,1030,0.0,XAUUSD,1784049293697,2026-07-14T17:14:53.697000Z,0.0
4082.67,4082.15,1030,0.0,XAUUSD,1784049295790,2026-07-14T17:14:55.790000Z,0.0
4082.9,4082.38,1030,0.0,XAUUSD,1784049297877,2026-07-14T17:14:57.877000Z,0.0
4082.74,4082.23,1028,0.0,XAUUSD,1784049300033,2026-07-14T17:15:00.033000Z,0.0
4081.68,4081.15,1026,0.0,XAUUSD,1784049302143,2026-07-14T17:15:02.143000Z,0.0
4081.2,4080.67,1026,0.0,XAUUSD,1784049304212,2026-07-14T17:15:04.212000Z,0.0
4080.77,4080.25,1026,0.0,XAUUSD,1784049306303,2026-07-14T17:15:06.303000Z,0.0
4079.42,4078.89,1026,0.0,XAUUSD,1784049308390,2026-07-14T17:15:08.390000Z,0.0
4079.42,4078.9,1030,0.0,XAUUSD,1784049310476,2026-07-14T17:15:10.476000Z,0.0
4079.38,4078.86,1028,0.0,XAUUSD,1784049312570,2026-07-14T17:15:12.570000Z,0.0
4079.45,4078.94,1030,0.0,XAUUSD,1784049314675,2026-07-14T17:15:14.675000Z,0.0
4078.51,4077.99,1030,0.0,XAUUSD,1784049316696,2026-07-14T17:15:16.696000Z,0.0
4079.19,4078.67,1028,0.0,XAUUSD,1784049318708,2026-07-14T17:15:18.708000Z,0.0
4077.59,4077.08,1030,0.0,XAUUSD,1784049320922,2026-07-14T17:15:20.922000Z,0.0
4076.1,4075.34,1028,0.0,XAUUSD,1784049323005,2026-07-14T17:15:23.005000Z,0.0
4077.01,4076.49,1030,0.0,XAUUSD,1784049325127,2026-07-14T17:15:25.127000Z,0.0
4076.53,4075.99,1028,0.0,XAUUSD,1784049327179,2026-07-14T17:15:27.179000Z,0.0
4076.88,4076.37,1030,0.0,XAUUSD,1784049329296,2026-07-14T17:15:29.296000Z,0.0
4076.27,4075.74,1030,0.0,XAUUSD,1784049331395,2026-07-14T17:15:31.395000Z,0.0
4076.65,4076.13,1030,0.0,XAUUSD,1784049333486,2026-07-14T17:15:33.486000Z,0.0
4076.9,4076.32,1028,0.0,XAUUSD,1784049335560,2026-07-14T17:15:35.560000Z,0.0
4076.17,4075.62,1028,0.0,XAUUSD,1784049337666,2026-07-14T17:15:37.666000Z,0.0
4076.57,4075.97,1030,0.0,XAUUSD,1784049339372,2026-07-14T17:15:39.372000Z,0.0
4075.58,4075.04,1028,0.0,XAUUSD,1784049341427,2026-07-14T17:15:41.427000Z,0.0
4075.86,4075.35,1030,0.0,XAUUSD,1784049343928,2026-07-14T17:15:43.928000Z,0.0
4075.44,4074.91,1030,0.0,XAUUSD,1784049346035,2026-07-14T17:15:46.035000Z,0.0
4076.55,4076.02,1028,0.0,XAUUSD,1784049348115,2026-07-14T17:15:48.115000Z,0.0
4076.29,4075.73,1026,0.0,XAUUSD,1784049350211,2026-07-14T17:15:50.211000Z,0.0
4076.22,4075.69,1026,0.0,XAUUSD,1784049352324,2026-07-14T17:15:52.324000Z,0.0
4075.44,4074.93,1028,0.0,XAUUSD,1784049354403,2026-07-14T17:15:54.403000Z,0.0
4075.68,4075.17,1030,0.0,XAUUSD,1784049356505,2026-07-14T17:15:56.505000Z,0.0
4075.39,4074.87,1026,0.0,XAUUSD,1784049358583,2026-07-14T17:15:58.583000Z,0.0
4075.28,4074.76,1030,0.0,XAUUSD,1784049360699,2026-07-14T17:16:00.699000Z,0.0
4075.23,4074.72,1030,0.0,XAUUSD,1784049362810,2026-07-14T17:16:02.810000Z,0.0
4075.51,4074.99,1030,0.0,XAUUSD,1784049364807,2026-07-14T17:16:04.807000Z,0.0
4075.01,4074.49,1026,0.0,XAUUSD,1784049367002,2026-07-14T17:16:07.002000Z,0.0
4074.69,4074.11,1030,0.0,XAUUSD,1784049369096,2026-07-14T17:16:09.096000Z,0.0
4074.74,4074.22,1026,0.0,XAUUSD,1784049371229,2026-07-14T17:16:11.229000Z,0.0
4074.79,4074.24,1028,0.0,XAUUSD,1784049373325,2026-07-14T17:16:13.325000Z,0.0
4075.03,4074.52,1030,0.0,XAUUSD,1784049375375,2026-07-14T17:16:15.375000Z,0.0
4073.77,4073.26,1030,0.0,XAUUSD,1784049377136,2026-07-14T17:16:17.136000Z,0.0
4073.5,4072.97,1030,0.0,XAUUSD,1784049379222,2026-07-14T17:16:19.222000Z,0.0
4073.31,4072.79,1026,0.0,XAUUSD,1784049381391,2026-07-14T17:16:21.391000Z,0.0
4073.38,4072.86,1030,0.0,XAUUSD,1784049383405,2026-07-14T17:16:23.405000Z,0.0
4073.36,4072.84,1030,0.0,XAUUSD,1784049385912,2026-07-14T17:16:25.912000Z,0.0
4072.4,4071.88,1030,0.0,XAUUSD,1784049387956,2026-07-14T17:16:27.956000Z,0.0
4072.6,4072.09,1030,0.0,XAUUSD,1784049390033,2026-07-14T17:16:30.033000Z,0.0
4072.52,4071.92,1026,0.0,XAUUSD,1784049392184,2026-07-14T17:16:32.184000Z,0.0
4072.1,4071.45,1030,0.0,XAUUSD,1784049394267,2026-07-14T17:16:34.267000Z,0.0
4073.05,4072.54,1026,0.0,XAUUSD,1784049396317,2026-07-14T17:16:36.317000Z,0.0
4073.51,4072.98,1028,0.0,XAUUSD,1784049398472,2026-07-14T17:16:38.472000Z,0.0
4073.9,4073.39,1026,0.0,XAUUSD,1784049400558,2026-07-14T17:16:40.558000Z,0.0
4074.01,4073.5,1026,0.0,XAUUSD,1784049402617,2026-07-14T17:16:42.617000Z,0.0
4074.58,4074.07,1028,0.0,XAUUSD,1784049404728,2026-07-14T17:16:44.728000Z,0.0
4074.19,4073.68,1026,0.0,XAUUSD,1784049406841,2026-07-14T17:16:46.841000Z,0.0
4074.42,4073.9,1030,0.0,XAUUSD,1784049408886,2026-07-14T17:16:48.886000Z,0.0
4075.79,4075.27,1026,0.0,XAUUSD,1784049410973,2026-07-14T17:16:50.973000Z,0.0
4076.05,4075.53,1028,0.0,XAUUSD,1784049412923,2026-07-14T17:16:52.923000Z,0.0
4075.48,4074.96,1030,0.0,XAUUSD,1784049415185,2026-07-14T17:16:55.185000Z,0.0
4074.73,4074.22,1030,0.0,XAUUSD,1784049417262,2026-07-14T17:16:57.262000Z,0.0
4075.15,4074.64,1030,0.0,XAUUSD,1784049419315,2026-07-14T17:16:59.315000Z,0.0
4074.87,4074.35,1028,0.0,XAUUSD,1784049421463,2026-07-14T17:17:01.463000Z,0.0
4075.19,4074.67,1026,0.0,XAUUSD,1784049423553,2026-07-14T17:17:03.553000Z,0.0
4074.54,4074.02,1030,0.0,XAUUSD,1784049425643,2026-07-14T17:17:05.643000Z,0.0
4074.54,4074.03,1030,0.0,XAUUSD,1784049427703,2026-07-14T17:17:07.703000Z,0.0
4075.08,4074.56,1028,0.0,XAUUSD,1784049429810,2026-07-14T17:17:09.810000Z,0.0
4074.87,4074.36,1030,0.0,XAUUSD,1784049431803,2026-07-14T17:17:11.803000Z,0.0
4075.15,4074.63,1026,0.0,XAUUSD,1784049433958,2026-07-14T17:17:13.958000Z,0.0
4075.43,4074.92,1030,0.0,XAUUSD,1784049436033,2026-07-14T17:17:16.033000Z,0.0
4075.46,4074.95,1026,0.0,XAUUSD,1784049438162,2026-07-14T17:17:18.162000Z,0.0
4075.83,4075.31,1026,0.0,XAUUSD,1784049440277,2026-07-14T17:17:20.277000Z,0.0
4075.88,4075.37,1028,0.0,XAUUSD,1784049442051,2026-07-14T17:17:22.051000Z,0.0
4076.64,4076.12,1028,0.0,XAUUSD,1784049444097,2026-07-14T17:17:24.097000Z,0.0
4076.03,4075.52,1030,0.0,XAUUSD,1784049446564,2026-07-14T17:17:26.564000Z,0.0
4075.97,4075.46,1030,0.0,XAUUSD,1784049448585,2026-07-14T17:17:28.585000Z,0.0
4075.68,4075.15,1026,0.0,XAUUSD,1784049450750,2026-07-14T17:17:30.750000Z,0.0
4075.58,4075.06,1030,0.0,XAUUSD,1784049452812,2026-07-14T17:17:32.812000Z,0.0
4075.95,4075.44,1030,0.0,XAUUSD,1784049454920,2026-07-14T17:17:34.920000Z,0.0
4075.51,4075.0,1026,0.0,XAUUSD,1784049456970,2026-07-14T17:17:36.970000Z,0.0
4074.65,4074.14,1026,0.0,XAUUSD,1784049459088,2026-07-14T17:17:39.088000Z,0.0
4074.61,4074.1,1030,0.0,XAUUSD,1784049461019,2026-07-14T17:17:41.019000Z,0.0
4074.35,4073.83,1026,0.0,XAUUSD,1784049463303,2026-07-14T17:17:43.303000Z,0.0
4073.99,4073.48,1028,0.0,XAUUSD,1784049465353,2026-07-14T17:17:45.353000Z,0.0
4073.84,4073.32,1030,0.0,XAUUSD,1784049467481,2026-07-14T17:17:47.481000Z,0.0
4073.79,4073.04,1030,0.0,XAUUSD,1784049469556,2026-07-14T17:17:49.556000Z,0.0
4073.75,4073.24,1028,0.0,XAUUSD,1784049471662,2026-07-14T17:17:51.662000Z,0.0
4072.68,4072.16,1030,0.0,XAUUSD,1784049473710,2026-07-14T17:17:53.710000Z,0.0
4072.9,4072.39,1028,0.0,XAUUSD,1784049475473,2026-07-14T17:17:55.473000Z,0.0
4072.63,4072.11,1030,0.0,XAUUSD,1784049477545,2026-07-14T17:17:57.545000Z,0.0
4072.87,4072.36,1030,0.0,XAUUSD,1784049479650,2026-07-14T17:17:59.650000Z,0.0
4072.69,4072.17,1026,0.0,XAUUSD,1784049482129,2026-07-14T17:18:02.129000Z,0.0
4073.64,4073.12,1030,0.0,XAUUSD,1784049484193,2026-07-14T17:18:04.193000Z,0.0
4073.97,4073.46,1028,0.0,XAUUSD,1784049486286,2026-07-14T17:18:06.286000Z,0.0
4073.86,4073.35,1030,0.0,XAUUSD,1784049488365,2026-07-14T17:18:08.365000Z,0.0
4073.56,4073.05,1030,0.0,XAUUSD,1784049490502,2026-07-14T17:18:10.502000Z,0.0
4072.81,4072.29,1030,0.0,XAUUSD,1784049492596,2026-07-14T17:18:12.596000Z,0.0
4072.15,4071.61,1028,0.0,XAUUSD,1784049494701,2026-07-14T17:18:14.701000Z,0.0
4071.58,4070.9,1026,0.0,XAUUSD,1784049496784,2026-07-14T17:18:16.784000Z,0.0
4071.86,4071.34,1030,0.0,XAUUSD,1784049498876,2026-07-14T17:18:18.876000Z,0.0
4072.18,4071.67,1030,0.0,XAUUSD,1784049500500,2026-07-14T17:18:20.500000Z,0.0
4071.9,4071.38,1026,0.0,XAUUSD,1784049502676,2026-07-14T17:18:22.676000Z,0.0
4072.86,4072.35,1030,0.0,XAUUSD,1784049504766,2026-07-14T17:18:24.766000Z,0.0
4073.46,4072.94,1028,0.0,XAUUSD,1784049507188,2026-07-14T17:18:27.188000Z,0.0
4073.64,4073.12,1030,0.0,XAUUSD,1784049509304,2026-07-14T17:18:29.304000Z,0.0
4072.72,4072.19,1030,0.0,XAUUSD,1784049511396,2026-07-14T17:18:31.396000Z,0.0
4071.62,4071.11,1030,0.0,XAUUSD,1784049513502,2026-07-14T17:18:33.502000Z,0.0
4071.81,4071.29,1026,0.0,XAUUSD,1784049515230,2026-07-14T17:18:35.230000Z,0.0
4071.3,4070.79,1028,0.0,XAUUSD,1784049517676,2026-07-14T17:18:37.676000Z,0.0
4071.94,4071.43,1030,0.0,XAUUSD,1784049519762,2026-07-14T17:18:39.762000Z,0.0
4071.97,4071.44,1030,0.0,XAUUSD,1784049521866,2026-07-14T17:18:41.866000Z,0.0
4072.34,4071.83,1030,0.0,XAUUSD,1784049523851,2026-07-14T17:18:43.851000Z,0.0
4072.26,4071.73,1028,0.0,XAUUSD,1784049525748,2026-07-14T17:18:45.748000Z,0.0
4072.71,4072.19,1030,0.0,XAUUSD,1784049528163,2026-07-14T17:18:48.163000Z,0.0
4072.5,4071.88,1026,0.0,XAUUSD,1784049530232,2026-07-14T17:18:50.232000Z,0.0
4072.78,4072.27,1026,0.0,XAUUSD,1784049532335,2026-07-14T17:18:52.335000Z,0.0
4073.3,4072.77,1026,0.0,XAUUSD,1784049534430,2026-07-14T17:18:54.430000Z,0.0
4072.09,4071.57,1030,0.0,XAUUSD,1784049536527,2026-07-14T17:18:56.527000Z,0.0
4072.62,4072.11,1026,0.0,XAUUSD,1784049538614,2026-07-14T17:18:58.614000Z,0.0
4072.26,4071.74,1030,0.0,XAUUSD,1784049540693,2026-07-14T17:19:00.693000Z,0.0
4072.86,4072.33,1028,0.0,XAUUSD,1784049542807,2026-07-14T17:19:02.807000Z,0.0
4073.47,4072.95,1030,0.0,XAUUSD,1784049544873,2026-07-14T17:19:04.873000Z,0.0
4072.68,4072.16,1028,0.0,XAUUSD,1784049546991,2026-07-14T17:19:06.991000Z,0.0
4073.39,4072.87,1030,0.0,XAUUSD,1784049549048,2026-07-14T17:19:09.048000Z,0.0
4073.83,4073.31,1026,0.0,XAUUSD,1784049551093,2026-07-14T17:19:11.093000Z,0.0
4073.48,4072.95,1030,0.0,XAUUSD,1784049553253,2026-07-14T17:19:13.253000Z,0.0
4073.38,4072.86,1030,0.0,XAUUSD,1784049555342,2026-07-14T17:19:15.342000Z,0.0
4073.09,4072.58,1028,0.0,XAUUSD,1784049557434,2026-07-14T17:19:17.434000Z,0.0
4073.22,4072.71,1028,0.0,XAUUSD,1784049559534,2026-07-14T17:19:19.534000Z,0.0
4073.38,4072.87,1026,0.0,XAUUSD,1784049561620,2026-07-14T17:19:21.620000Z,0.0
4073.62,4073.11,1030,0.0,XAUUSD,1784049563704,2026-07-14T17:19:23.704000Z,0.0
4072.96,4072.43,1030,0.0,XAUUSD,1784049565723,2026-07-14T17:19:25.723000Z,0.0
4073.13,4072.62,1026,0.0,XAUUSD,1784049567894,2026-07-14T17:19:27.894000Z,0.0
4072.99,4072.48,1030,0.0,XAUUSD,1784049569789,2026-07-14T17:19:29.789000Z,0.0
4073.97,4073.45,1026,0.0,XAUUSD,1784049572082,2026-07-14T17:19:32.082000Z,0.0
4073.53,4073.0,1028,0.0,XAUUSD,1784049574130,2026-07-14T17:19:34.130000Z,0.0
4074.43,4073.89,1030,0.0,XAUUSD,1784049576245,2026-07-14T17:19:36.245000Z,0.0
4074.61,4074.08,1030,0.0,XAUUSD,1784049578351,2026-07-14T17:19:38.351000Z,0.0
4074.43,4073.92,1030,0.0,XAUUSD,1784049580350,2026-07-14T17:19:40.350000Z,0.0
4073.86,4073.28,1026,0.0,XAUUSD,1784049582460,2026-07-14T17:19:42.460000Z,0.0
4074.33,4073.77,1028,0.0,XAUUSD,1784049584631,2026-07-14T17:19:44.631000Z,0.0
4074.14,4073.58,1026,0.0,XAUUSD,1784049586680,2026-07-14T17:19:46.680000Z,0.0
4074.11,4073.54,1030,0.0,XAUUSD,1784049588749,2026-07-14T17:19:48.749000Z,0.0
4074.51,4073.95,1026,0.0,XAUUSD,1784049590912,2026-07-14T17:19:50.912000Z,0.0
4074.94,4074.42,1030,0.0,XAUUSD,1784049592840,2026-07-14T17:19:52.840000Z,0.0
4074.49,4073.97,1026,0.0,XAUUSD,1784049594709,2026-07-14T17:19:54.709000Z,0.0
4074.18,4073.66,1026,0.0,XAUUSD,1784049596879,2026-07-14T17:19:56.879000Z,0.0
4073.84,4073.31,1030,0.0,XAUUSD,1784049598897,2026-07-14T17:19:58.897000Z,0.0
4073.84,4073.33,1030,0.0,XAUUSD,1784049601392,2026-07-14T17:20:01.392000Z,0.0
4073.47,4072.95,1026,0.0,XAUUSD,1784049603467,2026-07-14T17:20:03.467000Z,0.0
4074.82,4074.31,1030,0.0,XAUUSD,1784049605574,2026-07-14T17:20:05.574000Z,0.0
4074.51,4074.0,1030,0.0,XAUUSD,1784049607640,2026-07-14T17:20:07.640000Z,0.0
4074.28,4073.76,1030,0.0,XAUUSD,1784049609752,2026-07-14T17:20:09.752000Z,0.0
4074.45,4073.93,1026,0.0,XAUUSD,1784049611834,2026-07-14T17:20:11.834000Z,0.0
4074.01,4073.5,1030,0.0,XAUUSD,1784049613919,2026-07-14T17:20:13.919000Z,0.0
4073.81,4073.29,1030,0.0,XAUUSD,1784049615899,2026-07-14T17:20:15.899000Z,0.0
4074.23,4073.71,1026,0.0,XAUUSD,1784049618122,2026-07-14T17:20:18.122000Z,0.0
4073.69,4073.17,1030,0.0,XAUUSD,1784049620190,2026-07-14T17:20:20.190000Z,0.0
4073.92,4073.41,1026,0.0,XAUUSD,1784049622271,2026-07-14T17:20:22.271000Z,0.0
4074.0,4073.49,1026,0.0,XAUUSD,1784049624381,2026-07-14T17:20:24.381000Z,0.0
4073.47,4072.96,1030,0.0,XAUUSD,1784049626481,2026-07-14T17:20:26.481000Z,0.0
4073.97,4073.46,1030,0.0,XAUUSD,1784049628563,2026-07-14T17:20:28.563000Z,0.0
4073.86,4073.33,1030,0.0,XAUUSD,1784049630679,2026-07-14T17:20:30.679000Z,0.0
4073.75,4073.23,1030,0.0,XAUUSD,1784049632294,2026-07-14T17:20:32.294000Z,0.0
4073.88,4073.35,1028,0.0,XAUUSD,1784049634485,2026-07-14T17:20:34.485000Z,0.0
4073.68,4073.16,1026,0.0,XAUUSD,1784049636899,2026-07-14T17:20:36.899000Z,0.0
4074.17,4073.65,1030,0.0,XAUUSD,1784049639028,2026-07-14T17:20:39.028000Z,0.0
4074.17,4073.65,1026,0.0,XAUUSD,1784049641079,2026-07-14T17:20:41.079000Z,0.0
4075.0,4074.48,1028,0.0,XAUUSD,1784049643105,2026-07-14T17:20:43.105000Z,0.0
4074.55,4074.01,1026,0.0,XAUUSD,1784049645276,2026-07-14T17:20:45.276000Z,0.0
4074.64,4074.11,1028,0.0,XAUUSD,1784049647396,2026-07-14T17:20:47.396000Z,0.0
4074.23,4073.71,1026,0.0,XAUUSD,1784049649112,2026-07-14T17:20:49.112000Z,0.0
4074.45,4073.93,1026,0.0,XAUUSD,1784049651201,2026-07-14T17:20:51.201000Z,0.0
4074.42,4073.89,1028,0.0,XAUUSD,1784049653699,2026-07-14T17:20:53.699000Z,0.0
4074.36,4073.84,1028,0.0,XAUUSD,1784049655812,2026-07-14T17:20:55.812000Z,0.0
4075.07,4074.54,1030,0.0,XAUUSD,1784049657689,2026-07-14T17:20:57.689000Z,0.0
4074.71,4074.14,1030,0.0,XAUUSD,1784049659837,2026-07-14T17:20:59.837000Z,0.0
4075.48,4074.94,1030,0.0,XAUUSD,1784049662061,2026-07-14T17:21:02.061000Z,0.0
4073.99,4073.45,1030,0.0,XAUUSD,1784049664144,2026-07-14T17:21:04.144000Z,0.0
4074.28,4073.77,1026,0.0,XAUUSD,1784049666264,2026-07-14T17:21:06.264000Z,0.0
4073.5,4072.95,1028,0.0,XAUUSD,1784049668353,2026-07-14T17:21:08.353000Z,0.0
4073.99,4073.47,1030,0.0,XAUUSD,1784049670439,2026-07-14T17:21:10.439000Z,0.0
4074.32,4073.81,1030,0.0,XAUUSD,1784049672490,2026-07-14T17:21:12.490000Z,0.0
4074.86,4074.32,1026,0.0,XAUUSD,1784049674637,2026-07-14T17:21:14.637000Z,0.0
4075.04,4074.49,1026,0.0,XAUUSD,1784049676714,2026-07-14T17:21:16.714000Z,0.0
4075.42,4074.91,1026,0.0,XAUUSD,1784049678820,2026-07-14T17:21:18.820000Z,0.0
4075.17,4074.65,1030,0.0,XAUUSD,1784049680891,2026-07-14T17:21:20.891000Z,0.0
4075.5,4074.97,1026,0.0,XAUUSD,1784049683030,2026-07-14T17:21:23.030000Z,0.0
4075.06,4074.54,1030,0.0,XAUUSD,1784049685118,2026-07-14T17:21:25.118000Z,0.0
4076.12,4075.6,1028,0.0,XAUUSD,1784049687191,2026-07-14T17:21:27.191000Z,0.0
4076.83,4076.3,1026,0.0,XAUUSD,1784049689324,2026-07-14T17:21:29.324000Z,0.0
4076.31,4075.79,1028,0.0,XAUUSD,1784049691391,2026-07-14T17:21:31.391000Z,0.0
