request_id,event_time_utc,start_utc,end_utc,coverage_kind,record_count,direct_record_count,unclassified_record_count,buy_volume,sell_volume,signed_flow,dominance,source_bytes,source_sha256
EVT0001,2019-01-03T15:00:00.000Z,2019-01-03T15:00:00.000Z,2019-01-03T15:00:15.000Z,dbn,526,526,0,769,484,285,BUY,9090,186F843AE99C9202FF70059329303ACE33843C27619B2D84CD7187A801870F50
EVT0002,2019-01-04T13:30:00.000Z,2019-01-04T13:30:00.000Z,2019-01-04T13:30:15.000Z,dbn,1105,1105,0,935,1855,-920,SELL,18089,7070A815269D7E303FE0C57709937F1C58FDDCF3AD57ED4AEE62AE6B23BE3BB6
EVT0003,2019-01-07T15:00:00.000Z,2019-01-07T15:00:00.000Z,2019-01-07T15:00:15.000Z,dbn,330,327,3,435,505,-70,SELL,6179,7E75CFDCC4D2768DB89BB150C92BF1E151B6035AC8E7CE7B4BF41DF84E6A67C3
EVT0004,2019-01-09T19:00:00.000Z,2019-01-09T19:00:00.000Z,2019-01-09T19:00:15.000Z,dbn,470,469,1,875,459,416,BUY,7597,4871A6F27C004A2EA196129CE97D1FDD70ED707619094D603F51587EA2C7710F
EVT0005,2019-01-11T13:30:00.000Z,2019-01-11T13:30:00.000Z,2019-01-11T13:30:15.000Z,dbn,164,164,0,126,200,-74,SELL,2949,594405CD795429FA373AE2A5628BD310C3AF3A041590D1223AA258BEFA1242F6
EVT0006,2019-01-15T13:30:00.000Z,2019-01-15T13:30:00.000Z,2019-01-15T13:30:15.000Z,dbn,170,170,0,223,159,64,BUY,3296,55EE6B83580076429460C44D8DB4C954E7A4AA5FDE6A3F4CC27E4638BB41B4CA
EVT0007,2019-01-24T12:44:00.000Z,2019-01-24T12:44:00.000Z,2019-01-24T12:44:15.000Z,dbn,36,36,0,87,31,56,BUY,810,6AAC68BDC40C7E1DCF85C3CE24EC0D029A4C884E9964AE87AE9DA1AEA118ECAF
EVT0008,2019-01-24T12:45:00.000Z,2019-01-24T12:45:00.000Z,2019-01-24T12:45:15.000Z,dbn,80,80,0,77,126,-49,SELL,1741,862E4E17B93B61D0A58D0D40429855227718BC204FBC9A418179733CC71DB22A
EVT0009,2019-01-29T15:00:00.000Z,2019-01-29T15:00:00.000Z,2019-01-29T15:00:15.000Z,dbn,45,45,0,120,38,82,BUY,1020,1A0108543AB39437069A06723503D73595C33B59C54A9832863508C1CE5E57D3
EVT0010,2019-01-30T19:00:00.000Z,2019-01-30T19:00:00.000Z,2019-01-30T19:00:15.000Z,dbn,774,774,0,1330,1015,315,BUY,12640,F5FE8F6794437FEC1E112E479D698038E87F003CC92693A051673B0C37261EF6
EVT0011,2019-02-01T13:30:00.000Z,2019-02-01T13:30:00.000Z,2019-02-01T13:30:15.000Z,dbn,802,794,8,960,1339,-379,SELL,13537,B8C1945E7CA43BC207AC9B2EEE623DB7417391AAA6C6EE5A8F9CC3E561E8C639
EVT0012,2019-02-01T15:00:00.000Z,2019-02-01T15:00:00.000Z,2019-02-01T15:00:15.000Z,dbn,294,294,0,270,545,-275,SELL,5169,D00583852752AF01394FBD0E2E15319D48B5C2F631BE557D7971DBC8B6EDEF8F
EVT0013,2019-02-05T15:00:00.000Z,2019-02-05T15:00:00.000Z,2019-02-05T15:00:15.000Z,dbn,118,118,0,159,256,-97,SELL,2218,FC722C6135D4566B1159E41A96CA8E2B77ABE2CE45B433D04275EA2BD0A3D54B
EVT0014,2019-02-13T13:30:00.000Z,2019-02-13T13:30:00.000Z,2019-02-13T13:30:15.000Z,dbn,606,606,0,763,1230,-467,SELL,9935,EE15802916D85A1D6BF3F9BAAB0429813A6F0B0CB4F2AACAEC7E37F2B595BFFA
EVT0015,2019-02-14T13:30:00.000Z,2019-02-14T13:30:00.000Z,2019-02-14T13:30:15.000Z,dbn,757,756,1,1334,920,414,BUY,12783,BA3A8600521092A1E327B9BACFA4A23977D0ED84D9F1C213A690B42C121463A0
EVT0016,2019-02-20T19:00:00.000Z,2019-02-20T19:00:00.000Z,2019-02-20T19:00:15.000Z,dbn,30,30,0,26,34,-8,SELL,786,7B12DC89BF8561AD115684F9D9FA2C8F5873CE6AC172B7B40157A45A2EC97276
EVT0017,2019-02-21T08:15:00.000Z,2019-02-21T08:15:00.000Z,2019-02-21T08:15:15.000Z,dbn,1018,1017,1,2129,1509,620,BUY,17365,46382A47127D36B2453FE68211201B685996D950BF37DEE71C7D40F0C35451CA
EVT0018,2019-02-21T08:30:00.000Z,2019-02-21T08:30:00.000Z,2019-02-21T08:30:15.000Z,dbn,927,927,0,1231,1505,-274,SELL,15993,CB8F594D9B1C3BC8F1509D53399A67FC33FF00DB737FDA2FA5EFBACFF076E630
EVT0019,2019-02-21T13:30:00.000Z,2019-02-21T13:30:00.000Z,2019-02-21T13:30:15.000Z,dbn,73,73,0,105,75,30,BUY,1502,A97308DA46202F4CA6A9E1006C88CE81EB0E7EB60A8FE56B87A3CE8EA89C3745
EVT0020,2019-02-26T15:00:00.000Z,2019-02-26T15:00:00.000Z,2019-02-26T15:00:15.000Z,dbn,227,227,0,384,335,49,BUY,4150,060F6DF7E186ED602BDEFE7B7D8441DD81BC2ED6A16ABA3B2E6CCB4BFB1706D1
EVT0021,2019-02-28T13:30:00.000Z,2019-02-28T13:30:00.000Z,2019-02-28T13:30:15.000Z,dbn,756,754,2,884,1289,-405,SELL,13102,E878E79C5BAB17D9746BFB5A6A8D54E6932F03F053948EBF4C9B5AC22D141038
EVT0022,2019-03-01T15:00:00.000Z,2019-03-01T15:00:00.000Z,2019-03-01T15:00:15.000Z,dbn,414,414,0,679,417,262,BUY,7404,E2E985FB409EADEE332545D5CA96E191061E60B8D4C47F768427874AB5F38EDF
EVT0023,2019-03-07T12:45:00.000Z,2019-03-07T12:45:00.000Z,2019-03-07T12:45:15.000Z,dbn,560,556,4,529,1004,-475,SELL,9243,CB04286DF13E00EC53506A45694B40F6DF3D03DAB72C53E9A368C5B004661CE7
EVT0024,2019-03-08T13:30:00.000Z,2019-03-08T13:30:00.000Z,2019-03-08T13:30:15.000Z,dbn,812,797,15,1261,943,318,BUY,13664,AA3043CB4A401F9EE0C173A18590C44111AFB669548E8B09D7A3215F8582D3AE
EVT0025,2019-03-11T12:30:00.000Z,2019-03-11T12:30:00.000Z,2019-03-11T12:30:15.000Z,dbn,529,525,4,528,979,-451,SELL,9025,A8BE5E679599908CCB45EDA66A98C39C4AF0149C4C29CAF6221DC11D54D73746
EVT0026,2019-03-12T12:30:00.000Z,2019-03-12T12:30:00.000Z,2019-03-12T12:30:15.000Z,dbn,372,359,13,573,610,-37,SELL,6327,C32EBED08BE508E60FED062877DF374F22CCFCE4B5E0F3906A15054CB3C939EC
EVT0027,2019-03-13T12:30:00.000Z,2019-03-13T12:30:00.000Z,2019-03-13T12:30:15.000Z,dbn,51,51,0,68,71,-3,SELL,1125,645BEB2337CA72209A83C28064B4C77137F8647D8858A192D552D0F14FCA0640
EVT0028,2019-03-20T18:00:00.000Z,2019-03-20T18:00:00.000Z,2019-03-20T18:00:15.000Z,dbn,965,965,0,2092,1145,947,BUY,15252,FE55A70C3856D5054EF67F1361CF926F1E5954B8018B2F4A461F7D4C65188CD4
EVT0029,2019-03-22T08:15:00.000Z,2019-03-22T08:15:00.000Z,2019-03-22T08:15:15.000Z,dbn,1343,1339,4,2351,3245,-894,SELL,22323,42C55B8079445E1E5048D52B43690FE9FF92F1B6180C482A12A7765D1455131A
EVT0030,2019-03-22T08:30:00.000Z,2019-03-22T08:30:00.000Z,2019-03-22T08:30:15.000Z,dbn,1242,1242,0,1647,2096,-449,SELL,20774,BF2F10D628F7D2362686B49E4703FD77D2692214D86AD95B62E0967EC6CA6ED3
EVT0031,2019-03-26T14:00:00.000Z,2019-03-26T14:00:00.000Z,2019-03-26T14:00:15.000Z,dbn,267,267,0,516,315,201,BUY,4664,AC2C3306A87EFE1A06D8B7293DDB44E6A1A4A5DC67F6635227537D7E5B0A7D25
EVT0032,2019-03-28T12:30:00.000Z,2019-03-28T12:30:00.000Z,2019-03-28T12:30:15.000Z,dbn,167,167,0,203,192,11,BUY,3149,DBB83C41853330C732B70B344541873D608F79A361CA958D4D5F31878D0C0B24
EVT0033,2019-04-01T12:30:00.000Z,2019-04-01T12:30:00.000Z,2019-04-01T12:30:15.000Z,dbn,432,431,1,555,463,92,BUY,7553,F024CDB3D8FBAEFCEA067C72314BC63ACC5745ACA34CEC85330547F965168A0B
EVT0034,2019-04-01T14:00:00.000Z,2019-04-01T14:00:00.000Z,2019-04-01T14:00:15.000Z,dbn,302,302,0,312,420,-108,SELL,5632,F80765F2C8FAE7261E68E64B4ECEF5480E3D2C66FDB3FB669ADCF2B44312DD0C
EVT0035,2019-04-02T12:30:00.000Z,2019-04-02T12:30:00.000Z,2019-04-02T12:30:15.000Z,dbn,79,79,0,106,118,-12,SELL,1651,822C77513ADB6D003CA932A7DF4C818C9573E72C0806976B23F5674A718C7752
EVT0036,2019-04-05T12:30:00.000Z,2019-04-05T12:30:00.000Z,2019-04-05T12:30:15.000Z,dbn,799,798,1,985,1221,-236,SELL,12471,810186BE3D58C63984C918ADB8DA3A9C78C62FBAA65B555F9E32970D2FD53DA5
EVT0037,2019-04-10T11:45:00.000Z,2019-04-10T11:45:00.000Z,2019-04-10T11:45:15.000Z,dbn,28,26,2,23,42,-19,SELL,724,015A5C97A0AEFDF31744EE216BD65EC3195D55F1308E023D7631C56A8B8E7A78
EVT0038,2019-04-10T12:30:00.000Z,2019-04-10T12:30:00.000Z,2019-04-10T12:30:15.000Z,dbn,686,686,0,1091,1150,-59,SELL,11037,ADE556FB0A94EF8AAC93F0E5513F0BB850D4B3B26609EC61A6D8C7DCEE717B2C
EVT0039,2019-04-10T18:00:00.000Z,2019-04-10T18:00:00.000Z,2019-04-10T18:00:15.000Z,dbn,165,165,0,200,288,-88,SELL,3109,031F783DA016377EB4E74DE000DDBB80082967E8AC2F1F9FA95F5533EF0A38C2
EVT0040,2019-04-11T12:30:00.000Z,2019-04-11T12:30:00.000Z,2019-04-11T12:30:15.000Z,dbn,99,99,0,81,220,-139,SELL,2033,020AA34AC3F524E6238658691588B777B8025A7893469B64A7E942FAB419EBD6
EVT0041,2019-04-18T07:15:00.000Z,2019-04-18T07:15:00.000Z,2019-04-18T07:15:15.000Z,dbn,485,485,0,998,759,239,BUY,8629,3E9CE86DBB989DFDBF812FEDACD021F1A50757EE4E67B549BF5911022F429FD6
EVT0042,2019-04-18T07:30:00.000Z,2019-04-18T07:30:00.000Z,2019-04-18T07:30:15.000Z,dbn,812,811,1,1052,1375,-323,SELL,14256,6A156F00698787C159B8D2230842AEFA2ECDEF65C93B64D26B336DCFAA56CC06
EVT0043,2019-04-18T12:30:00.000Z,2019-04-18T12:30:00.000Z,2019-04-18T12:30:15.000Z,dbn,492,492,0,646,789,-143,SELL,8372,C3BEDEE3BBCECC63BCE36030D7B5DB4F6916B3EF9E0EFCA3875B497703607722
EVT0044,2019-04-25T12:30:00.000Z,2019-04-25T12:30:00.000Z,2019-04-25T12:30:15.000Z,dbn,319,318,1,412,537,-125,SELL,5759,66CDA77DE07136F4E0C04641A40C1ABB13212D9552426472163CDB1FDCAC8B29
EVT0045,2019-04-26T12:30:00.000Z,2019-04-26T12:30:00.000Z,2019-04-26T12:30:15.000Z,dbn,1047,1043,4,1125,2016,-891,SELL,17472,6936BA31EB8358971766BC6D8710D5B49BEA69035282A6A8BD2706CDC0A122FF
EVT0046,2019-04-30T14:00:00.000Z,2019-04-30T14:00:00.000Z,2019-04-30T14:00:15.000Z,dbn,83,83,0,61,195,-134,SELL,1653,52F011BBC5704B44618D3E7EB43630459B5D499B022AF3671B0324FE0636112D
EVT0047,2019-05-01T14:00:00.000Z,2019-05-01T14:00:00.000Z,2019-05-01T14:00:15.000Z,dbn,608,608,0,865,749,116,BUY,10471,FBBDDA7A0C7BD1EE2D25CE9337C5E6C9F292F4801F214D12C6F17749484716B4
EVT0048,2019-05-01T18:00:00.000Z,2019-05-01T18:00:00.000Z,2019-05-01T18:00:15.000Z,dbn,563,563,0,1058,623,435,BUY,9517,0388997FE89E2608D734C6ED9FFC1162BD7113241D8270846A3958D7DE0EBA14
EVT0049,2019-05-03T12:30:00.000Z,2019-05-03T12:30:00.000Z,2019-05-03T12:30:15.000Z,dbn,648,638,10,745,873,-128,SELL,10998,A32C5A592AF456BF0514DBA4BAC5A2C55F3257FEFDF77980D8937F5D30C28726
EVT0050,2019-05-03T14:00:00.000Z,2019-05-03T14:00:00.000Z,2019-05-03T14:00:15.000Z,dbn,441,440,1,528,523,5,BUY,7918,9BBC1758428C0578CF6F7D6B385EF28F8CE744CDBABBC0054C1D3D771EF0CF4B
EVT0051,2019-05-09T12:30:00.000Z,2019-05-09T12:30:00.000Z,2019-05-09T12:30:15.000Z,dbn,172,172,0,220,264,-44,SELL,3032,4A35AD85223677A34A8D23D304968115D7FFC2E9523E7FCEE315D72707895BFF
EVT0052,2019-05-10T12:30:00.000Z,2019-05-10T12:30:00.000Z,2019-05-10T12:30:15.000Z,dbn,391,391,0,603,605,-2,SELL,6691,38E35853537BE8F5E188648509B42A8509B9282DF152B41734971ACC734E5D6A
EVT0053,2019-05-15T06:00:00.000Z,2019-05-15T06:00:00.000Z,2019-05-15T06:00:15.000Z,dbn,22,22,0,18,16,2,BUY,611,FB4AD84CB5290DC45AD38B44FEAB462080040F147332029EDC72887E4941CFB7
EVT0054,2019-05-15T12:30:00.000Z,2019-05-15T12:30:00.000Z,2019-05-15T12:30:15.000Z,dbn,265,265,0,614,303,311,BUY,4797,F0A89E6D52F6BC4016352E41AB87F4867D50FA6E2E9614269AAA44B5BE54F197
EVT0055,2019-05-22T18:00:00.000Z,2019-05-22T18:00:00.000Z,2019-05-22T18:00:15.000Z,dbn,48,48,0,32,99,-67,SELL,994,250C0A5B11B0DF569F2BDDD2BCB845194A07FEF18BE453809F821EEBFD0F29FE
EVT0056,2019-05-23T07:15:00.000Z,2019-05-23T07:15:00.000Z,2019-05-23T07:15:15.000Z,dbn,823,822,1,1719,1130,589,BUY,14229,A458892CD09A036213EC00871D289B8CAB4E212BB5A35716FB2ED83CDBDB59B5
EVT0057,2019-05-23T07:30:00.000Z,2019-05-23T07:30:00.000Z,2019-05-23T07:30:15.000Z,dbn,672,671,1,726,1075,-349,SELL,11387,E72650E6F328B63DD651FFF0BF4A916B1E606F2255E62BCEB6450F1AF4300C5E
EVT0058,2019-05-24T12:30:00.000Z,2019-05-24T12:30:00.000Z,2019-05-24T12:30:15.000Z,dbn,164,164,0,334,220,114,BUY,3025,767B84479EA5E49EB0DA8FC73D3C13774BA4C55B956A2220C3C29B604D253F6B
EVT0059,2019-05-30T12:30:00.000Z,2019-05-30T12:30:00.000Z,2019-05-30T12:30:15.000Z,dbn,44,44,0,98,75,23,BUY,938,E885AAB2052F26FBFC530DF49C6665B3A999B26DF55588E1770EC6E2399ED520
EVT0060,2019-06-03T14:00:00.000Z,2019-06-03T14:00:00.000Z,2019-06-03T14:00:15.000Z,dbn,431,431,0,628,519,109,BUY,7589,8491FDC942EB0730A013D4828D7E5067D6BA0711B43CE4B7B7607CFCA11DBDE8
EVT0061,2019-06-05T14:00:00.000Z,2019-06-05T14:00:00.000Z,2019-06-05T14:00:15.000Z,dbn,685,684,1,779,1229,-450,SELL,11849,CF15AF09EBE4BE0F0DA261D8340CCCB8B1F0389F6A6C4FAF1E5A14A846B744BD
EVT0062,2019-06-06T11:45:00.000Z,2019-06-06T11:45:00.000Z,2019-06-06T11:45:15.000Z,dbn,1134,1119,15,1771,2276,-505,SELL,17767,EF6929C139E5656A28FC402D50723B3E3DC04075BB9504B674B6D42464C3B05D
EVT0063,2019-06-07T12:30:00.000Z,2019-06-07T12:30:00.000Z,2019-06-07T12:30:15.000Z,dbn,806,783,23,1655,939,716,BUY,13409,D8D8AFF711ECD1EE541F5EFABFA1E5CDE78AE54B381BB981EFF1B571932A255A
EVT0064,2019-06-12T12:30:00.000Z,2019-06-12T12:30:00.000Z,2019-06-12T12:30:15.000Z,dbn,620,601,19,933,824,109,BUY,10444,392851F2CB0F3C1AC6613EDFCB5F3200CFD0A4C08D6392DD55A7486C834F349D
EVT0065,2019-06-14T12:30:00.000Z,2019-06-14T12:30:00.000Z,2019-06-14T12:30:15.000Z,dbn,56,30,26,9,113,-104,SELL,1325,84BD671C0F93069FA32999AEC36870AE769832AA8D8E268231CCEFDC529F454D
EVT0066,2019-06-19T18:00:00.000Z,2019-06-19T18:00:00.000Z,2019-06-19T18:00:15.000Z,dbn,660,657,3,1047,851,196,BUY,10770,077EB7265D33B94974F8E065C4307D20E37E64831625D80EC6CEE53ACD75D3A2
EVT0067,2019-06-21T07:15:00.000Z,2019-06-21T07:15:00.000Z,2019-06-21T07:15:15.000Z,dbn,920,919,1,1744,1269,475,BUY,16079,965615B8F5B933AE4A7D25F625377917E0F3B3F02E29D2CF04799506F1A55211
EVT0068,2019-06-21T07:30:00.000Z,2019-06-21T07:30:00.000Z,2019-06-21T07:30:15.000Z,dbn,642,641,1,962,809,153,BUY,11192,845C07FD18B6F311F13286EADB85D7C545C5584C2D83DAB5FBAE69D9AF1A9B8F
EVT0069,2019-06-25T14:00:00.000Z,2019-06-25T14:00:00.000Z,2019-06-25T14:00:15.000Z,dbn,292,292,0,494,448,46,BUY,5194,504EC012002498B167EEE6525BFDDCD43E58B2080CFCF49D5476935A8DB934FA
EVT0070,2019-06-26T12:30:00.000Z,2019-06-26T12:30:00.000Z,2019-06-26T12:30:15.000Z,dbn,157,157,0,225,179,46,BUY,2840,B574F12FD10D7AA734370BED7F1026E8FC3BA11D243DEB3B5AB72BB19A428C2A
EVT0071,2019-06-27T12:30:00.000Z,2019-06-27T12:30:00.000Z,2019-06-27T12:30:15.000Z,dbn,38,38,0,55,34,21,BUY,938,EF4D3E7AEFB74CABF1AAF332DCC8B388BD7586F0FA66A417453B54599DE45150
EVT0072,2019-07-01T14:00:00.000Z,2019-07-01T14:00:00.000Z,2019-07-01T14:00:15.000Z,dbn,638,637,1,863,1096,-233,SELL,10866,04ADD00D51BB614A66CAC89E617E18D9AA7E8CF9D43F43D750A0E0081CB7C409
EVT0073,2019-07-03T12:15:00.000Z,2019-07-03T12:15:00.000Z,2019-07-03T12:15:15.000Z,dbn,347,347,0,374,358,16,BUY,6410,5C1E8F505D7E87A38040C6C56933A10B33FF60184967AECD5A27E4ED2550C6C9
EVT0074,2019-07-03T14:00:00.000Z,2019-07-03T14:00:00.000Z,2019-07-03T14:00:15.000Z,dbn,145,145,0,150,277,-127,SELL,2711,E81A625E19011246476CBE0F8CB45E2C910EDA48EE95B3316FDEF615A01A5CAB
EVT0075,2019-07-05T12:30:00.000Z,2019-07-05T12:30:00.000Z,2019-07-05T12:30:15.000Z,dbn,930,929,1,922,1337,-415,SELL,15108,B737CD0E6DEEE7A656965EB43C976B43330CF6B922C84789B3EB871C15F58AE8
EVT0076,2019-07-10T18:00:00.000Z,2019-07-10T18:00:00.000Z,2019-07-10T18:00:15.000Z,dbn,45,45,0,56,31,25,BUY,1118,44C86E689FC06B1CBC1A40ED984169C9840AD8AB2070D5AD058530C4D857CE8E
EVT0077,2019-07-11T12:30:00.000Z,2019-07-11T12:30:00.000Z,2019-07-11T12:30:15.000Z,dbn,654,651,3,776,1106,-330,SELL,11199,70D2AD06D1289C91AEFEC8A34BE1027169CE2AF1CD682889599FAFC653DDD9E9
EVT0078,2019-07-12T12:30:00.000Z,2019-07-12T12:30:00.000Z,2019-07-12T12:30:15.000Z,dbn,178,178,0,243,225,18,BUY,3321,B2315BABA0A362FB908DF342535AA0DE8B5DA7316E994B6768B0A80A780C104F
EVT0079,2019-07-16T12:30:00.000Z,2019-07-16T12:30:00.000Z,2019-07-16T12:30:15.000Z,dbn,730,730,0,763,1189,-426,SELL,12198,D12851CB97DAC04DB46C0DC870F76E93B63AC5790BD1A85424C0A4025E118E8D
EVT0080,2019-07-24T07:15:00.000Z,2019-07-24T07:15:00.000Z,2019-07-24T07:15:15.000Z,dbn,910,909,1,1044,1636,-592,SELL,15676,61E928EFBDB0C28420B32D4FEE90F02ADE4A1A0BF58B5489D9960E3BE03FEB3F
EVT0081,2019-07-24T07:30:00.000Z,2019-07-24T07:30:00.000Z,2019-07-24T07:30:15.000Z,dbn,888,886,2,1042,1659,-617,SELL,14773,643769D1BFFBCAAF40D288BBA71E862B8FAF368046D3A074DD4C157DFECABA67
EVT0082,2019-07-25T11:45:00.000Z,2019-07-25T11:45:00.000Z,2019-07-25T11:45:15.000Z,dbn,949,949,0,1782,856,926,BUY,15162,4B2AED1ABB48C2CC0159759910F427114DDF1C5CEB1DA8C8EB3A6AF4279F55E2
EVT0083,2019-07-25T12:30:00.000Z,2019-07-25T12:30:00.000Z,2019-07-25T12:30:15.000Z,dbn,138,138,0,172,251,-79,SELL,2685,2767A452CD84C75E76D1FA97427C818FAD14F450F8F8122066229E81AEA5212B
EVT0084,2019-07-26T12:30:00.000Z,2019-07-26T12:30:00.000Z,2019-07-26T12:30:15.000Z,dbn,523,521,2,704,750,-46,SELL,9150,4E6AB796E86680FC9F80384CCED8F24EAB932A051E6C0E758F42A654094401FA
EVT0085,2019-07-30T14:00:00.000Z,2019-07-30T14:00:00.000Z,2019-07-30T14:00:15.000Z,dbn,207,207,0,389,535,-146,SELL,3835,4A3C8E60589EB4609E1D2B8E3166A696FA5795757BCB57373B6D407662FED380
EVT0086,2019-07-31T12:15:00.000Z,2019-07-31T12:15:00.000Z,2019-07-31T12:15:15.000Z,dbn,50,50,0,37,49,-12,SELL,1086,8EE6B42340263663BE5280144C6D567C2EA07B90CC1636797E4A8E4D8C7E5E18
EVT0087,2019-07-31T18:00:00.000Z,2019-07-31T18:00:00.000Z,2019-07-31T18:00:15.000Z,dbn,388,388,0,534,734,-200,SELL,6864,708526AB3CD7FC80B283C57F0F6D3CC7206EBB998E8B3CA39A8A2F9E58C7292A
EVT0088,2019-08-01T14:00:00.000Z,2019-08-01T14:00:00.000Z,2019-08-01T14:00:15.000Z,dbn,382,381,1,677,394,283,BUY,6765,B8B55662AEE68C9137B14941F77BEA62E42522B1E1336F8C3C66903E633017D1
EVT0089,2019-08-02T12:30:00.000Z,2019-08-02T12:30:00.000Z,2019-08-02T12:30:15.000Z,dbn,242,242,0,285,249,36,BUY,4513,F0D353CDF50343CCD02DA34E162093776922C6E754AC13528A8AF6099FE80C48
EVT0090,2019-08-05T14:00:00.000Z,2019-08-05T14:00:00.000Z,2019-08-05T14:00:15.000Z,dbn,224,224,0,285,289,-4,SELL,4089,012BB0E14DC64CDE2A5C92557251474A60D6C1DCA22E41573A532760CACCC170
EVT0091,2019-08-13T12:30:00.000Z,2019-08-13T12:30:00.000Z,2019-08-13T12:30:15.000Z,dbn,414,414,0,451,487,-36,SELL,7115,5D7CE2C12F46B8F81298744D5FBA4DE57D70A9F2B39E5766542CA0AA9304B02B
EVT0092,2019-08-15T12:30:00.000Z,2019-08-15T12:30:00.000Z,2019-08-15T12:30:15.000Z,dbn,369,369,0,317,825,-508,SELL,6337,28F9AF6002E7816E0F8B2386E1377D8E3BB1C17CED06849C477615CD97C3212E
EVT0093,2019-08-21T18:00:00.000Z,2019-08-21T18:00:00.000Z,2019-08-21T18:00:15.000Z,dbn,625,625,0,612,1019,-407,SELL,10336,424842BFFB5FC3A433B31D564AC8A63648D57F967CB7ADA435B32A75A93CCF4A
EVT0094,2019-08-22T07:15:00.000Z,2019-08-22T07:15:00.000Z,2019-08-22T07:15:15.000Z,dbn,938,938,0,1453,1171,282,BUY,15510,EE7662D78BE3948E90045C9ED3DFA277ED0116E8E49A425306F1B7C346A541BA
EVT0095,2019-08-22T07:30:00.000Z,2019-08-22T07:30:00.000Z,2019-08-22T07:30:15.000Z,dbn,436,436,0,668,442,226,BUY,7470,52097B75B0B68BF6A19F0006A6982C4D9542CEF3B3CD2F4D5CF7A274A32ADA72
EVT0096,2019-08-26T12:30:00.000Z,2019-08-26T12:30:00.000Z,2019-08-26T12:30:15.000Z,dbn,61,61,0,113,66,47,BUY,1165,B03FD07F7A8F4C03C0D421675C0C1E8BB8BAC37CDD142983D07BDDEBBEE30E56
EVT0097,2019-08-27T14:00:00.000Z,2019-08-27T14:00:00.000Z,2019-08-27T14:00:15.000Z,dbn,67,67,0,71,90,-19,SELL,1354,FACE07370E0139F5C5E38BABAD8B3D509F6F31F03B9E8E269422FB0F9E73CE03
EVT0098,2019-08-28T14:30:00.000Z,2019-08-28T14:30:00.000Z,2019-08-28T14:30:15.000Z,dbn,15,15,0,11,34,-23,SELL,457,087061D7F9DA4EB8B73214D53C7DDFE7AE0BBEB690C0B9BDBF3B7EEEAE44E58D
EVT0099,2019-08-29T12:30:00.000Z,2019-08-29T12:30:00.000Z,2019-08-29T12:30:15.000Z,dbn,35,35,0,58,53,5,BUY,837,365D6835624422E4A0D8C4D978D49CA39D2EC71E19DF1F193D205E4053374C07
EVT0100,2019-08-30T12:30:00.000Z,2019-08-30T12:30:00.000Z,2019-08-30T12:30:15.000Z,dbn,99,99,0,87,127,-40,SELL,2016,AE84ECA98F3B7D6BB137F670AF5C95F37A8AC1F4C1CEBFD5D2FA5CEF3D3D4B57
EVT0101,2019-09-03T14:00:00.000Z,2019-09-03T14:00:00.000Z,2019-09-03T14:00:15.000Z,dbn,452,452,0,754,933,-179,SELL,7921,59334C9A4586E3BB75C8078277B38A750C17BB45409D555AFE33C2942CC5063F
EVT0102,2019-09-05T12:15:00.000Z,2019-09-05T12:15:00.000Z,2019-09-05T12:15:15.000Z,dbn,284,284,0,448,424,24,BUY,5282,D432551599470568215A147325FA7D5CBA3CAD61B5D24A4DDE77B17D472EDB4A
EVT0103,2019-09-05T15:00:00.000Z,2019-09-05T15:00:00.000Z,2019-09-05T15:00:15.000Z,dbn,70,70,0,76,125,-49,SELL,1496,32CD46DF1C1E64DB439EB613BE46FC210E6BC43E4E3ED47B3227D8096013A932
EVT0104,2019-09-06T12:30:00.000Z,2019-09-06T12:30:00.000Z,2019-09-06T12:30:15.000Z,dbn,654,654,0,1113,968,145,BUY,10828,93717808064052E0AE6CBE0FB05C5C9BB788B0A5E3315C1F03F28D6D51F67D10
EVT0105,2019-09-11T14:30:00.000Z,2019-09-11T14:30:00.000Z,2019-09-11T14:30:15.000Z,dbn,23,23,0,38,53,-15,SELL,614,C1E4DD00739A62EB0D0C2BBC878898D894143AE47DD29F90F64A653ED418A0F3
EVT0106,2019-09-12T11:45:00.000Z,2019-09-12T11:45:00.000Z,2019-09-12T11:45:15.000Z,dbn,870,870,0,1636,809,827,BUY,13514,43DCD25FEC4F264379ECE024D4C5DF9FB8963D33646CFDFA7EF8EC8C49C1E932
EVT0107,2019-09-12T12:30:00.000Z,2019-09-12T12:30:00.000Z,2019-09-12T12:30:15.000Z,dbn,81,81,0,94,165,-71,SELL,1747,2BE2840CD489714D79810EEEC7CFA66B54455B0B49866465CDFB902BB3A5EE46
EVT0108,2019-09-13T12:30:00.000Z,2019-09-13T12:30:00.000Z,2019-09-13T12:30:15.000Z,dbn,12,12,0,4,15,-11,SELL,425,8F986C99B61FB67F37BCB8DE0DE92A980F129F3F4EF2E3433120F19C3863972E
EVT0109,2019-09-18T14:30:00.000Z,2019-09-18T14:30:00.000Z,2019-09-18T14:30:15.000Z,dbn,18,18,0,21,26,-5,SELL,528,831D37BC0813FF2022A490D4AA01E1BE93C5B46EB4062E570212E9415820AAD7
EVT0110,2019-09-18T18:00:00.000Z,2019-09-18T18:00:00.000Z,2019-09-18T18:00:15.000Z,dbn,469,469,0,506,675,-169,SELL,8254,B729014A0A47BF6914A9CB8B261BD659FFF23D47299AE401E73A4187DEF8BF1E
EVT0111,2019-09-19T12:30:00.000Z,2019-09-19T12:30:00.000Z,2019-09-19T12:30:15.000Z,dbn,40,40,0,67,60,7,BUY,958,77CD49119F4766167B8632017C4A7B8F5693E13B947180CBC9C03751C7C80CB3
EVT0112,2019-09-23T07:15:00.000Z,2019-09-23T07:15:00.000Z,2019-09-23T07:15:15.000Z,dbn,260,260,0,355,502,-147,SELL,4624,EAAEE9E73F766888BE704B1DFFFE4FCA44EA6241DDCC0E0F46A1069CD29EEC38
EVT0113,2019-09-23T07:30:00.000Z,2019-09-23T07:30:00.000Z,2019-09-23T07:30:15.000Z,dbn,615,615,0,728,967,-239,SELL,9842,6DF96EE9F10B2E3BEF3005E157FB12C20E7107F9B7A5D45850CDA7AF20B669C3
EVT0114,2019-09-24T14:00:00.000Z,2019-09-24T14:00:00.000Z,2019-09-24T14:00:15.000Z,dbn,222,222,0,436,268,168,BUY,4149,9C3249F631D29DF465561E9D338BBA3EC9055C82889577E31A0D005140C9FB14
EVT0115,2019-09-25T14:30:00.000Z,2019-09-25T14:30:00.000Z,2019-09-25T14:30:15.000Z,dbn,40,40,0,75,56,19,BUY,918,621238289339C1466D01BB5E8356D6B3BD13E32986D96C2013B0EF268EE4FE13
EVT0116,2019-09-27T12:30:00.000Z,2019-09-27T12:30:00.000Z,2019-09-27T12:30:15.000Z,dbn,87,87,0,174,127,47,BUY,1742,740A5F6AF8F0EB76ABBD4C8A6FF3BDF270D514C185206C2E2C8E70EB8436E4F3
EVT0117,2019-10-01T14:00:00.000Z,2019-10-01T14:00:00.000Z,2019-10-01T14:00:15.000Z,dbn,608,608,0,917,824,93,BUY,10462,8C0A9836DAE8CBDC214D1A26499AFC9E3774892F99C2A249FF5060AABF75CDB2
EVT0118,2019-10-02T12:15:00.000Z,2019-10-02T12:15:00.000Z,2019-10-02T12:15:15.000Z,dbn,88,88,0,111,131,-20,SELL,1792,956F7A3D246939CC1B3993114098909534D72EFF35233553B001709B2220BB1C
EVT0119,2019-10-02T14:30:00.000Z,2019-10-02T14:30:00.000Z,2019-10-02T14:30:15.000Z,dbn,38,38,0,82,58,24,BUY,936,CD0F63941A8E10E8F292637936FE8CF7D9C592123281A1E515CCE0076EAB9FDA
EVT0120,2019-10-03T14:00:00.000Z,2019-10-03T14:00:00.000Z,2019-10-03T14:00:15.000Z,dbn,786,786,0,1728,1287,441,BUY,13789,47355570B360D3CFBC17B5790FF8EA343173765830A8B9FB061BDAB9C272FB81
EVT0121,2019-10-04T12:30:00.000Z,2019-10-04T12:30:00.000Z,2019-10-04T12:30:15.000Z,dbn,851,851,0,1312,1448,-136,SELL,14354,7CD9EE48C82B09244FF97C6F626DFDAF3E4D8DC90281D73E8CD4AA8F5787D9CF
EVT0122,2019-10-09T14:30:00.000Z,2019-10-09T14:30:00.000Z,2019-10-09T14:30:15.000Z,dbn,23,23,0,41,23,18,BUY,617,6B4BF3C4F80ABBD37DCBFAD7BC13DC2D17F11A231E6E843D08479245665B3C85
EVT0123,2019-10-09T18:00:00.000Z,2019-10-09T18:00:00.000Z,2019-10-09T18:00:15.000Z,dbn,28,28,0,16,79,-63,SELL,689,C4DF315F6B5A85A5CBD47EACBBD7441100279523254600C5F1BE2DC78DA3B618
EVT0124,2019-10-10T11:30:00.000Z,2019-10-10T11:30:00.000Z,2019-10-10T11:30:15.000Z,dbn,25,25,0,39,59,-20,SELL,622,CEBBEAD0139184F7E365C0D219B8B80EDEF35D26F3A38A3AD02F27CF18000DF1
EVT0125,2019-10-10T12:30:00.000Z,2019-10-10T12:30:00.000Z,2019-10-10T12:30:15.000Z,dbn,453,453,0,621,882,-261,SELL,7253,401C089A6D2D47B7A113C33D9B5533540AC5DCFAAA0218B202883474790FE6B4
EVT0126,2019-10-16T12:30:00.000Z,2019-10-16T12:30:00.000Z,2019-10-16T12:30:15.000Z,dbn,458,458,0,841,920,-79,SELL,8054,16ABEC8B3BC3C5B706B11522CDD3E4A341E7038AC72414D1366B1013FBB123D4
EVT0127,2019-10-17T12:30:00.000Z,2019-10-17T12:30:00.000Z,2019-10-17T12:30:15.000Z,dbn,36,36,0,30,60,-30,SELL,905,0929AEE47A73DC4AF7732A7A0DC51D353C8DD17A624B6F51307A0A6E5B5991A2
EVT0128,2019-10-17T15:00:00.000Z,2019-10-17T15:00:00.000Z,2019-10-17T15:00:15.000Z,dbn,73,73,0,193,96,97,BUY,1585,AB4E5FE718508B3C6D856E1CD34D04729B7ACB26518092B7C2500AE8035C4A64
EVT0129,2019-10-24T07:15:00.000Z,2019-10-24T07:15:00.000Z,2019-10-24T07:15:15.000Z,dbn,741,741,0,1445,928,517,BUY,12677,1ED3B7D0C2011AE122B44AFA1CF06473CD4E5194EC3925E6D962B9F3E36AAC67
EVT0130,2019-10-24T07:30:00.000Z,2019-10-24T07:30:00.000Z,2019-10-24T07:30:15.000Z,dbn,576,576,0,655,1028,-373,SELL,10169,B31772F038E6E031A5FC14620BD34E3772AE442024C362DC0CE9A620FE631F5E
EVT0131,2019-10-24T11:45:00.000Z,2019-10-24T11:45:00.000Z,2019-10-24T11:45:15.000Z,dbn,74,74,0,84,86,-2,SELL,1382,7F6EC8D37CABE95C79802DE0EC6DD985918C4B40CC6C0D4DD22F5E1234F9D047
EVT0132,2019-10-29T14:00:00.000Z,2019-10-29T14:00:00.000Z,2019-10-29T14:00:15.000Z,dbn,32,32,0,38,50,-12,SELL,747,A2BC85DF4824F4BE7D58D9C60857CD41FB4F8D740B1B466975D9E92FA2A11127
EVT0133,2019-10-30T12:15:00.000Z,2019-10-30T12:15:00.000Z,2019-10-30T12:15:15.000Z,dbn,64,64,0,61,45,16,BUY,1274,B8746850F2E185AD0D1BA9B7B6BF5200B44A150379D1D145D6E4FA56C0103C27
EVT0134,2019-10-30T12:30:00.000Z,2019-10-30T12:30:00.000Z,2019-10-30T12:30:15.000Z,dbn,422,422,0,416,678,-262,SELL,6903,92D460EF4A5711D518CA03429F97752F63DE14E7C72DE0D388FC2D16CB512342
EVT0135,2019-10-30T18:00:00.000Z,2019-10-30T18:00:00.000Z,2019-10-30T18:00:15.000Z,dbn,518,518,0,640,984,-344,SELL,8861,FF05D0D10B424D0F3DBE37C4A3600597EF9EE4B316FEF4EEEEEF645CA146939C
EVT0136,2019-11-01T12:30:00.000Z,2019-11-01T12:30:00.000Z,2019-11-01T12:30:15.000Z,dbn,595,595,0,866,676,190,BUY,10116,10DD18C4F613F5E5534CCA265314DCE37A311DDEC83D74E737E6E5C6267D30AD
EVT0137,2019-11-01T14:00:00.000Z,2019-11-01T14:00:00.000Z,2019-11-01T14:00:15.000Z,dbn,556,556,0,995,999,-4,SELL,9348,609F615A404D25DBA775B96FE2EB11EA5D704538A64E5372030C5BE3ABB1FBB3
EVT0138,2019-11-05T15:00:00.000Z,2019-11-05T15:00:00.000Z,2019-11-05T15:00:15.000Z,dbn,610,610,0,1278,1167,111,BUY,9914,955510E67C6F8B443C0C8ADFE7DF8EB821391FF3E2AB2A3CD727A3A9E4BF426F
EVT0139,2019-11-07T10:00:00.000Z,2019-11-07T10:00:00.000Z,2019-11-07T10:00:15.000Z,dbn,42,42,0,88,147,-59,SELL,948,D25A04B4AB815DE8684813CFED1CC733E1243597B53D8C83E11B00024B7116F6
EVT0140,2019-11-13T13:30:00.000Z,2019-11-13T13:30:00.000Z,2019-11-13T13:30:15.000Z,dbn,241,241,0,225,403,-178,SELL,4168,495A85833FA4E3EACE220E1214FE73ED56E404FF2A15C750FB49710085144A62
EVT0141,2019-11-14T07:00:00.000Z,2019-11-14T07:00:00.000Z,2019-11-14T07:00:15.000Z,dbn,195,195,0,453,256,197,BUY,3578,9EF5B05F2217ECAD282CCA17002D16BA851F751A65C8CAF03869333D85190136
EVT0142,2019-11-14T13:30:00.000Z,2019-11-14T13:30:00.000Z,2019-11-14T13:30:15.000Z,dbn,29,29,0,50,54,-4,SELL,716,A196BBA5C2257DA3CBF21C1F41395E33BA4602992EABA3D6CB39EE09DD1EF4DC
EVT0143,2019-11-15T13:30:00.000Z,2019-11-15T13:30:00.000Z,2019-11-15T13:30:15.000Z,dbn,159,159,0,388,459,-71,SELL,2727,8603989FB5E16ED1FD091024A878D81EC69B551629B3CE0758B25C5940FCFF5F
EVT0144,2019-11-20T19:00:00.000Z,2019-11-20T19:00:00.000Z,2019-11-20T19:00:15.000Z,dbn,24,24,0,28,24,4,BUY,599,53E64A4876A98B50F21D8C7468AAB828A6E61B2194B704BCA463AFDA5FA4371C
EVT0145,2019-11-21T12:30:00.000Z,2019-11-21T12:30:00.000Z,2019-11-21T12:30:15.000Z,dbn,2,2,0,4,3,1,BUY,199,5FD27EE8526A6D0CA8A057EDD0A1485D0E5E7E59838152F17D29BF0E6A3A27CC
EVT0146,2019-11-22T08:15:00.000Z,2019-11-22T08:15:00.000Z,2019-11-22T08:15:15.000Z,dbn,483,483,0,859,563,296,BUY,7821,851933DD9ED8644947443D9504CBA915FB14FA64E67F5CD566378F39A4B76C5F
EVT0147,2019-11-22T08:30:00.000Z,2019-11-22T08:30:00.000Z,2019-11-22T08:30:15.000Z,dbn,846,846,0,1402,861,541,BUY,13207,E85AB2160125CFCB5A1BA973D3A15B8F384208C5B5BBBC08992A899372B44A15
EVT0148,2019-11-22T09:00:00.000Z,2019-11-22T09:00:00.000Z,2019-11-22T09:00:15.000Z,dbn,250,250,0,266,408,-142,SELL,4111,243E46B6D1F3130F41E4F6B6BCB33703D2CC90194536D86A6833EF3DFA0487F6
EVT0149,2019-11-22T14:45:00.000Z,2019-11-22T14:45:00.000Z,2019-11-22T14:45:15.000Z,dbn,342,342,0,462,652,-190,SELL,5729,9E84504AD54B816E9F1A9CDA008A6F29EABDD35777B998572CE98CED580F3407
EVT0150,2019-11-26T15:00:00.000Z,2019-11-26T15:00:00.000Z,2019-11-26T15:00:15.000Z,dbn,26,26,0,32,18,14,BUY,657,AF38975FC5FE828C3FB76B1138279F3999A16C0F792C7CB5F2D9BE05E0FB6D3F
EVT0151,2019-11-27T14:45:00.000Z,2019-11-27T14:45:00.000Z,2019-11-27T14:45:15.000Z,dbn,60,60,0,168,92,76,BUY,1304,C6298746515D1C71A059736E71B53B0AE7E97215D44D658DBB63D4D2810BCB2E
EVT0152,2019-12-02T15:00:00.000Z,2019-12-02T15:00:00.000Z,2019-12-02T15:00:15.000Z,dbn,600,600,0,1393,747,646,BUY,10259,7D5DD8750CD4A772A76B5293C573443BEDE260444CA6D3F56A819B0C7EF16637
EVT0153,2019-12-04T13:15:00.000Z,2019-12-04T13:15:00.000Z,2019-12-04T13:15:15.000Z,dbn,403,403,0,657,550,107,BUY,6909,9829861EC8283D4AFF6D4FB8F48D1B8231A69A6D4D76F14005F7CCC52EE452AB
EVT0154,2019-12-04T15:00:00.000Z,2019-12-04T15:00:00.000Z,2019-12-04T15:00:15.000Z,dbn,315,315,0,563,461,102,BUY,5838,8CDF7860C8A5E3F9557C9A2D31D7F331CB6DBB5D84A9708AC8EBAE14D2E61BFE
EVT0155,2019-12-06T13:30:00.000Z,2019-12-06T13:30:00.000Z,2019-12-06T13:30:15.000Z,dbn,1198,1198,0,2003,1946,57,BUY,19858,3248B727FC53E7C8E293D605363324DD51B80D20C75287C063E0677FF89B1387
EVT0156,2019-12-10T10:00:00.000Z,2019-12-10T10:00:00.000Z,2019-12-10T10:00:15.000Z,dbn,120,120,0,274,191,83,BUY,2143,D17832C3DDFAA70ADAF8245F0B26830956E5C327D472185B00F7BDEDD7952724
EVT0157,2019-12-11T13:30:00.000Z,2019-12-11T13:30:00.000Z,2019-12-11T13:30:15.000Z,dbn,104,104,0,175,133,42,BUY,2112,D289FF5A6D45BD1B37705E0A10C7F6118124C21D201F71543392271231354535
EVT0158,2019-12-11T19:00:00.000Z,2019-12-11T19:00:00.000Z,2019-12-11T19:00:15.000Z,dbn,231,231,0,235,569,-334,SELL,3907,D6FFB7AA6009C14CCA0254B6E607B64E7B68E33079AA00A459D23E1F1A4A7854
EVT0159,2019-12-12T12:45:00.000Z,2019-12-12T12:45:00.000Z,2019-12-12T12:45:15.000Z,dbn,14,14,0,6,24,-18,SELL,478,1D325E611BA6F12D83454FFDFD25D490ED282483D4A5D86C4C9DAA10D2FA6B36
EVT0160,2019-12-13T13:30:00.000Z,2019-12-13T13:30:00.000Z,2019-12-13T13:30:15.000Z,dbn,39,39,0,30,42,-12,SELL,864,C53798E473ABD9BDFF10757AF31E00EAAC3C96086C6A869A5ADB655494E3AA17
EVT0161,2019-12-16T08:15:00.000Z,2019-12-16T08:15:00.000Z,2019-12-16T08:15:15.000Z,dbn,458,458,0,890,859,31,BUY,7544,AFB29271B0F52F702027ADAAC0BA142460C4A32515EC57116E324703484C05A9
EVT0162,2019-12-16T08:30:00.000Z,2019-12-16T08:30:00.000Z,2019-12-16T08:30:15.000Z,dbn,378,378,0,519,660,-141,SELL,6434,5AC3565C2CA2C972A4697D531673A2A767A3A5AE725188DD94C7521027CC9308
EVT0163,2019-12-16T14:45:00.000Z,2019-12-16T14:45:00.000Z,2019-12-16T14:45:15.000Z,dbn,29,29,0,45,47,-2,SELL,695,E629A07B5F4FC28FA8572C573F6D5F507DAD708A08C88F9963F3704D8CD99921
EVT0164,2019-12-30T14:45:00.000Z,2019-12-30T14:45:00.000Z,2019-12-30T14:45:15.000Z,dbn,28,28,0,56,42,14,BUY,723,8B4CD96F653DE4B6E0D2441195C389C74D055D84F0280EE14FAC0510935BFB04
EVT0165,2019-12-31T15:00:00.000Z,2019-12-31T15:00:00.000Z,2019-12-31T15:00:15.000Z,dbn,49,49,0,93,48,45,BUY,1123,E17BC34822081284D4C794F9B2B91A57A30D625ABE818D783813F2A3887949D6
EVT0166,2020-01-03T15:00:00.000Z,2020-01-03T15:00:00.000Z,2020-01-03T15:00:15.000Z,dbn,574,574,0,1043,768,275,BUY,10077,DFEF8B755421A732E5A4786C81015081944C402A3152129E4CC7D2DCAB28CFF7
EVT0167,2020-01-03T19:00:00.000Z,2020-01-03T19:00:00.000Z,2020-01-03T19:00:15.000Z,dbn,28,28,0,43,26,17,BUY,724,6E1C5432EED7201CFD5492198D637923B434422A35C7525D0A1E2ADC04C7E70D
EVT0168,2020-01-07T15:00:00.000Z,2020-01-07T15:00:00.000Z,2020-01-07T15:00:15.000Z,dbn,422,422,0,862,681,181,BUY,7190,9BB4608CCE096A586F5652E68810CFB86B836BD9AE8AE7630681CF8E5A8DBDDC
EVT0169,2020-01-08T13:15:00.000Z,2020-01-08T13:15:00.000Z,2020-01-08T13:15:15.000Z,dbn,161,161,0,173,243,-70,SELL,3074,EAEF91D260BA5DCCEBBD229D0F1540C34550B395506B1C0EAAAFFE57358D28DE
EVT0170,2020-01-10T13:30:00.000Z,2020-01-10T13:30:00.000Z,2020-01-10T13:30:15.000Z,dbn,509,509,0,939,842,97,BUY,8537,5CC70AAE64DAC64E6EF0CA421DC4903124F5512AF9838920324C411D7E7D0879
EVT0171,2020-01-14T13:30:00.000Z,2020-01-14T13:30:00.000Z,2020-01-14T13:30:15.000Z,dbn,292,292,0,516,405,111,BUY,5157,6AB1FDA14090CD2E8864775A04A950D69E1CAFD5B75372C8FD881144BA03143B
EVT0172,2020-01-16T12:30:00.000Z,2020-01-16T12:30:00.000Z,2020-01-16T12:30:15.000Z,dbn,30,30,0,43,33,10,BUY,762,D55C620F86B87FCC3C369E904398E24C6C4CE7176EA8C04CC479F6F782ACC632
EVT0173,2020-01-16T13:30:00.000Z,2020-01-16T13:30:00.000Z,2020-01-16T13:30:15.000Z,dbn,87,87,0,155,236,-81,SELL,1693,D917D456C63B1B6E17AA57AD310F01ABED3ADF66A421C02C6C1C37AE83F0640A
EVT0174,2020-01-23T12:45:00.000Z,2020-01-23T12:45:00.000Z,2020-01-23T12:45:15.000Z,dbn,12,12,0,11,26,-15,SELL,413,C6125C55603CD710C72A7D115494FA730E0DFDEAED30F8B813432F7A37035F3E
EVT0175,2020-01-23T16:00:00.000Z,2020-01-23T16:00:00.000Z,2020-01-23T16:00:15.000Z,dbn,72,72,0,124,155,-31,SELL,1602,882D70C40C85CF12A9DBF6CAC79D8785D64B6620F2BF3224E8D6CA05292A2624
EVT0176,2020-01-24T08:15:00.000Z,2020-01-24T08:15:00.000Z,2020-01-24T08:15:15.000Z,dbn,284,284,0,295,594,-299,SELL,4807,441558EFA46E35FE55849D42FC7A658B10A68941F6636383A1EC514339039B42
EVT0177,2020-01-24T08:30:00.000Z,2020-01-24T08:30:00.000Z,2020-01-24T08:30:15.000Z,dbn,671,671,0,1599,725,874,BUY,10904,A815B0171FC5EF1C7EB89C302B2AB14F32D4195ACFA372E4DB03441CDDEABBF5
EVT0178,2020-01-27T09:00:00.000Z,2020-01-27T09:00:00.000Z,2020-01-27T09:00:15.000Z,dbn,150,150,0,214,388,-174,SELL,2858,FAB7A45A1BD20986285C654C39289350EEEBF04520DD82D3C6CCB4ADF049F503
EVT0179,2020-01-28T15:00:00.000Z,2020-01-28T15:00:00.000Z,2020-01-28T15:00:15.000Z,dbn,27,27,0,21,46,-25,SELL,676,C18163875BAAB122EF702A3ED9B4090787426AEB7E7ED87F60A2EC67AD35D2BB
EVT0180,2020-01-29T19:00:00.000Z,2020-01-29T19:00:00.000Z,2020-01-29T19:00:15.000Z,dbn,47,47,0,65,28,37,BUY,996,2EE7318FDCA777D379E70E462C8B8F0D0CEB6949B8382957E900CCBF0F8CEA14
EVT0181,2020-01-30T13:30:00.000Z,2020-01-30T13:30:00.000Z,2020-01-30T13:30:15.000Z,dbn,174,174,0,324,174,150,BUY,3102,6565A39A819E66EB3D23D60893A5120A49C6E04AE639ADD84E538B2B2FC46EFA
EVT0182,2020-02-03T15:00:00.000Z,2020-02-03T15:00:00.000Z,2020-02-03T15:00:15.000Z,dbn,817,817,0,1769,1798,-29,SELL,13689,0524D9691E11A9754D912242470C6A07E7D12266EC55EA5E58411F1A7A5DEF3F
EVT0183,2020-02-05T13:15:00.000Z,2020-02-05T13:15:00.000Z,2020-02-05T13:15:15.000Z,dbn,332,332,0,458,591,-133,SELL,5985,6B2C9DB4612818E9849A95E739E0E649DFBA8529F0AFFC25205BC30134B8102E
EVT0184,2020-02-05T15:00:00.000Z,2020-02-05T15:00:00.000Z,2020-02-05T15:00:15.000Z,dbn,52,52,0,57,91,-34,SELL,1163,D22462B53AC4B7FE6810397723C9012210CD57681FB6EC05993587073C1CA832
EVT0185,2020-02-07T13:30:00.000Z,2020-02-07T13:30:00.000Z,2020-02-07T13:30:15.000Z,dbn,713,713,0,711,1176,-465,SELL,11856,4AD595ADC610E0B371A42EA42E512EE2E83C1FD99103812534253EF282A46DBA
EVT0186,2020-02-13T13:30:00.000Z,2020-02-13T13:30:00.000Z,2020-02-13T13:30:15.000Z,dbn,47,47,0,69,143,-74,SELL,980,C29294C6BF17012CD4D97B26926EB080C4403A4B89933649FABEB8DA8E3EF010
EVT0187,2020-02-13T14:00:00.000Z,2020-02-13T14:00:00.000Z,2020-02-13T14:00:15.000Z,dbn,20,20,0,57,12,45,BUY,555,B7FBFF08384FFDFD8EBB9D4A3508F146251CF655676E0145FC521561DD858BF9
EVT0188,2020-02-14T07:00:00.000Z,2020-02-14T07:00:00.000Z,2020-02-14T07:00:15.000Z,dbn,30,30,0,46,50,-4,SELL,760,8F04D851C66EDBA600B950CA6C443C2D969FF4702316F41A850E5F7F741B3E2F
EVT0189,2020-02-14T13:30:00.000Z,2020-02-14T13:30:00.000Z,2020-02-14T13:30:15.000Z,dbn,140,140,0,289,202,87,BUY,2694,C26F3708BFAF362055B19519334A53B3EADA2CE66EF42E4CDD73E0DDC2597BF2
EVT0190,2020-02-18T10:00:00.000Z,2020-02-18T10:00:00.000Z,2020-02-18T10:00:15.000Z,dbn,416,416,0,522,1088,-566,SELL,7090,EA9442D0D5C5CBBE1D25AC16E0ECCD9A5E3CB7017DA5A18FD0C8B4250EC73E25
EVT0191,2020-02-19T19:00:00.000Z,2020-02-19T19:00:00.000Z,2020-02-19T19:00:15.000Z,dbn,28,28,0,40,46,-6,SELL,669,D72CC9AFB4F92AF95523B270471838A0FA30FFAEB05A07034FC9EB38F745CFD7
EVT0192,2020-02-20T12:30:00.000Z,2020-02-20T12:30:00.000Z,2020-02-20T12:30:15.000Z,dbn,14,14,0,14,27,-13,SELL,412,AF9385FF46744FF01BA10F1E8A1746870A1F780F3332F5F1200C043F2FD6AB29
EVT0193,2020-02-21T08:15:00.000Z,2020-02-21T08:15:00.000Z,2020-02-21T08:15:15.000Z,dbn,527,527,0,979,707,272,BUY,8771,D13A454F35A6C1ACDE343D5A42CE7FB71FAB762659727DE5D5AED55B5BFE7432
EVT0194,2020-02-21T08:30:00.000Z,2020-02-21T08:30:00.000Z,2020-02-21T08:30:15.000Z,dbn,683,683,0,1632,1011,621,BUY,11348,CD9F47404597B8AB0BE35482D929D3D1CFA1617C4FA7732879F0315106ED5403
EVT0195,2020-02-21T14:45:00.000Z,2020-02-21T14:45:00.000Z,2020-02-21T14:45:15.000Z,dbn,757,757,0,1799,1256,543,BUY,12531,6D5DEA9EBEBD5A1D0174B1BD452BD335087CFFD42E6DBADB6AE5FAFCBB640B50
EVT0196,2020-02-24T09:00:00.000Z,2020-02-24T09:00:00.000Z,2020-02-24T09:00:15.000Z,dbn,184,184,0,349,300,49,BUY,3314,618523C8D84A9D2B0DC1E5B609AA8131B547C94331358B2AD1539B83211D4BA2
EVT0197,2020-02-25T15:00:00.000Z,2020-02-25T15:00:00.000Z,2020-02-25T15:00:15.000Z,dbn,54,54,0,102,106,-4,SELL,1182,522A4756AB5E521771393138FFC1F3C8BBA99FE9232D0F81F6838F87D25A29F1
EVT0198,2020-02-28T19:30:00.000Z,2020-02-28T19:30:00.000Z,2020-02-28T19:30:15.000Z,dbn,408,408,0,629,605,24,BUY,7197,A327310124EF6DE99888B890FBE0A1322A66236509F0D552411E8F379B8AC6F4
EVT0199,2020-03-02T15:00:00.000Z,2020-03-02T15:00:00.000Z,2020-03-02T15:00:15.000Z,dbn,200,200,0,269,307,-38,SELL,3891,323300353AE50258D6649D9854378682DB73ACF6884F7F1B144BCFA3AF3796DB
EVT0200,2020-03-03T15:00:00.000Z,2020-03-03T15:00:00.000Z,2020-03-03T15:00:15.000Z,dbn,1784,1784,0,3255,2261,994,BUY,30045,02FEDC05D6C916739E76C93AD29EAD11550C3249DAA95CFFFA189FF172B11B6B
EVT0201,2020-03-04T13:15:00.000Z,2020-03-04T13:15:00.000Z,2020-03-04T13:15:15.000Z,dbn,172,172,0,217,260,-43,SELL,3326,23B6C30834A2C98DEE1D5E43CA70B9C3508BA8AA655A61A8D3778AFBDA93DB13
EVT0202,2020-03-04T15:00:00.000Z,2020-03-04T15:00:00.000Z,2020-03-04T15:00:15.000Z,dbn,274,274,0,360,325,35,BUY,5000,1C7997ED00E65555BB58D835639D3CA74833773D0B1DDCED13EF575B0B12C980
EVT0203,2020-03-06T13:30:00.000Z,2020-03-06T13:30:00.000Z,2020-03-06T13:30:15.000Z,dbn,356,356,0,518,489,29,BUY,6360,9CC7EC8E07B7D79BDDB25C681314F5CEE3B8BCD3E92652E030BF488A6ABF4F74
EVT0204,2020-03-11T12:30:00.000Z,2020-03-11T12:30:00.000Z,2020-03-11T12:30:15.000Z,dbn,50,50,0,67,74,-7,SELL,1081,38D52AAF7E30F3C2D3DB8151C69FC18D7BE8552BC153CE395FC0CC80C7F4D2B6
EVT0205,2020-03-12T12:45:00.000Z,2020-03-12T12:45:00.000Z,2020-03-12T12:45:15.000Z,dbn,34,34,0,16,42,-26,SELL,800,684B4BE268E0BFAB7589A88BF43D9FD526A51491901577AEE215FA76D52F5A1D
EVT0206,2020-03-15T21:00:00.000Z,2020-03-15T21:00:00.000Z,2020-03-15T21:00:15.000Z,live_zero_byte,0,0,0,0,0,0,NO_SOURCE,0,
EVT0207,2020-03-17T10:00:00.000Z,2020-03-17T10:00:00.000Z,2020-03-17T10:00:15.000Z,dbn,35,35,0,29,44,-15,SELL,833,12209274FCA9EFAEB269DB5CFEA684E340E99B9F5BF4B26635290A7CFE9581BE
EVT0208,2020-03-17T12:30:00.000Z,2020-03-17T12:30:00.000Z,2020-03-17T12:30:15.000Z,dbn,99,99,0,80,132,-52,SELL,2000,64F87246E8483DB3FAD55468626B2D8FAED831158ED494E703E13A248C3D76A0
EVT0209,2020-03-17T14:45:00.000Z,2020-03-17T14:45:00.000Z,2020-03-17T14:45:15.000Z,dbn,146,146,0,116,127,-11,SELL,2892,50ACA1E900CC7824997EEC5090CB361A3A66162D7831D8FE611081915E8BC8A0
EVT0210,2020-03-17T22:00:00.000Z,2020-03-17T22:00:00.000Z,2020-03-17T22:00:15.000Z,dbn,7,6,1,2,7,-5,SELL,328,9D8E3D3884F8A0D59025EC59E63499F1A2BE5D2C5E8EA1DA32BFA5113E7ADB3C
EVT0211,2020-03-19T09:00:00.000Z,2020-03-19T09:00:00.000Z,2020-03-19T09:00:15.000Z,dbn,49,49,0,58,44,14,BUY,1168,B442947BBDB247E55E185FE8EC142C944F5579606B49E80A15EC6AC101D5572A
EVT0212,2020-03-19T13:00:00.000Z,2020-03-19T13:00:00.000Z,2020-03-19T13:00:15.000Z,dbn,381,381,0,508,332,176,BUY,6625,DAF2090D309F4B94AE0AFB7454D9D5CB4BD06B2F6C8E5CAB1FF45E720F16035B
EVT0213,2020-03-20T14:00:00.000Z,2020-03-20T14:00:00.000Z,2020-03-20T14:00:15.000Z,dbn,142,142,0,247,274,-27,SELL,2450,58B21334DBF612858E8BA7DEC75C9CEBEAAAC78D6476D1D9E1119F671750794E
EVT0214,2020-03-20T15:00:00.000Z,2020-03-20T15:00:00.000Z,2020-03-20T15:00:15.000Z,dbn,63,63,0,104,50,54,BUY,1477,0BE85E483477B2A2387E6F6D7124D6B774D29C71E6B45EFF972335E2067F9480
EVT0215,2020-03-23T12:00:00.000Z,2020-03-23T12:00:00.000Z,2020-03-23T12:00:15.000Z,dbn,119,119,0,109,84,25,BUY,2442,1212388FFF40771B32F21B3E898AB106F53F9E216E0C0ED310155E2D63DC7DD9
EVT0216,2020-03-24T08:15:00.000Z,2020-03-24T08:15:00.000Z,2020-03-24T08:15:15.000Z,dbn,30,30,0,46,25,21,BUY,753,AA9A0FBAF7804CCD5C39686D0F34D49D2492272EB05F82F0129C5D7C2D7488AD
EVT0217,2020-03-24T08:30:00.000Z,2020-03-24T08:30:00.000Z,2020-03-24T08:30:15.000Z,dbn,61,61,0,68,56,12,BUY,1108,FA14A74D430E56C6EF58ED5B53B43681AF85E02CC7A8E1E0786FE418509B446B
EVT0218,2020-03-24T13:45:00.000Z,2020-03-24T13:45:00.000Z,2020-03-24T13:45:15.000Z,dbn,72,72,0,111,104,7,BUY,1519,6ECFA904FB1F0594493014B26B4FCA06A73B5434A11F69F4076FD07E26E6DA32
EVT0219,2020-03-26T12:30:00.000Z,2020-03-26T12:30:00.000Z,2020-03-26T12:30:15.000Z,dbn,123,123,0,164,166,-2,SELL,2324,A69ECADDE0F9B250F7A677A7ED5A3AC2941BF79C17B7661AF2EB32AA8B671F5A
EVT0220,2020-03-31T12:30:00.000Z,2020-03-31T12:30:00.000Z,2020-03-31T12:30:15.000Z,dbn,417,417,0,1039,382,657,BUY,7157,DCEEACD2D7F5F87EBBC75B8ED4F57A71376BF16D83A0CC1BB88F263A752F1B18
EVT0221,2020-03-31T14:00:00.000Z,2020-03-31T14:00:00.000Z,2020-03-31T14:00:15.000Z,dbn,57,57,0,81,46,35,BUY,1263,E8EE81DD70948A609B3625C89EA86C42B3D9E8DD92388AF59FB005BE25987796
EVT0222,2020-04-01T12:15:00.000Z,2020-04-01T12:15:00.000Z,2020-04-01T12:15:15.000Z,dbn,19,19,0,17,20,-3,SELL,599,510CC8D36B3D6094E32BC6EBB89A16593ED9F0ABABE665230420218C8FB9E93C
EVT0223,2020-04-01T14:00:00.000Z,2020-04-01T14:00:00.000Z,2020-04-01T14:00:15.000Z,dbn,68,68,0,73,110,-37,SELL,1499,8227291B9C5F257C289F6EF73D7D3C1B7A76B1DECD7CD5669BDAFDB258873F92
EVT0224,2020-04-02T12:30:00.000Z,2020-04-02T12:30:00.000Z,2020-04-02T12:30:15.000Z,dbn,104,104,0,116,144,-28,SELL,2111,DA419BEB87821A029614C99BE7AB9A20ED0B52E7BF3694892612823089D14ADC
EVT0225,2020-04-03T12:30:00.000Z,2020-04-03T12:30:00.000Z,2020-04-03T12:30:15.000Z,dbn,124,124,0,145,107,38,BUY,2571,16180B93179220B64FCC184CF9ABCA3AB05F8DB9BE50E06673D54CC6BE11EDB2
EVT0226,2020-04-09T11:30:00.000Z,2020-04-09T11:30:00.000Z,2020-04-09T11:30:15.000Z,dbn,33,33,0,38,18,20,BUY,839,C6B178926C930CA9E3BA9057619C78F00B8065E7A724710571B53EC2D3653821
EVT0227,2020-04-09T12:30:00.000Z,2020-04-09T12:30:00.000Z,2020-04-09T12:30:15.000Z,dbn,122,122,0,222,101,121,BUY,2447,E4BB62C26C02181FAED1C4DC8FF2942453664AD607C06C1F49CEBF145B59498F
EVT0228,2020-04-10T12:30:00.000Z,2020-04-10T12:30:00.000Z,2020-04-10T12:30:15.000Z,live_zero_byte,0,0,0,0,0,0,NO_SOURCE,0,
EVT0229,2020-04-15T12:30:00.000Z,2020-04-15T12:30:00.000Z,2020-04-15T12:30:15.000Z,dbn,32,32,0,41,30,11,BUY,840,E1700E67FAE938B34EA0A626EBD7FE1E3181A5FD3C5AE9B9D54B038056FE7925
EVT0230,2020-04-16T12:30:00.000Z,2020-04-16T12:30:00.000Z,2020-04-16T12:30:15.000Z,dbn,19,19,0,22,24,-2,SELL,556,696ADC3033213194215B06BA20865CCF716983FA62239EFE84BA2EAAB14BB2F8
EVT0231,2020-04-23T07:15:00.000Z,2020-04-23T07:15:00.000Z,2020-04-23T07:15:15.000Z,dbn,132,132,0,115,194,-79,SELL,2428,FFDCA40DD7EFA397980903D7CB23789FD3D12E241F295C0E063B15585591F3E7
EVT0232,2020-04-23T07:30:00.000Z,2020-04-23T07:30:00.000Z,2020-04-23T07:30:15.000Z,dbn,252,252,0,315,297,18,BUY,4599,F30EAE778B0202536942679DE15655DAC72339C12B6B71F787CA4797A3083A39
EVT0233,2020-04-23T12:30:00.000Z,2020-04-23T12:30:00.000Z,2020-04-23T12:30:15.000Z,dbn,48,48,0,80,39,41,BUY,1096,4269C4A75EFCF70650FE3C2E183E26F4A8C094E55DF405DD8F1CB64A21538A83
EVT0234,2020-04-23T13:45:00.000Z,2020-04-23T13:45:00.000Z,2020-04-23T13:45:15.000Z,dbn,62,62,0,79,87,-8,SELL,1318,F722AC0F1B7D7849DFC9DF0FFB165BFAC5F068ADC111966216C244F704F24DF7
EVT0235,2020-04-24T08:00:00.000Z,2020-04-24T08:00:00.000Z,2020-04-24T08:00:15.000Z,dbn,40,40,0,33,41,-8,SELL,996,EBB3C0BD43BB2A7EBA2FC06A2458ADEC720F61CD342A85186FC392DD6CCEAE24
EVT0236,2020-04-24T12:30:00.000Z,2020-04-24T12:30:00.000Z,2020-04-24T12:30:15.000Z,dbn,104,104,0,112,134,-22,SELL,2218,3419EC699C1A94CF80B63C15B9C2D6A2783E3CB69D775AE5D14783405D3F3D5E
EVT0237,2020-04-28T14:00:00.000Z,2020-04-28T14:00:00.000Z,2020-04-28T14:00:15.000Z,dbn,38,38,0,46,39,7,BUY,938,2D7DC1655139E0BA68895C1DF3481C98DEEE661E5B93AAF1839021C6DBC6C312
EVT0238,2020-04-29T12:32:00.000Z,2020-04-29T12:32:00.000Z,2020-04-29T12:32:15.000Z,dbn,26,26,0,17,35,-18,SELL,709,C0484AA761C98E761429767A2617798F9FDD7061C4240FDF16825924A14E4E27
EVT0239,2020-04-29T18:00:00.000Z,2020-04-29T18:00:00.000Z,2020-04-29T18:00:15.000Z,dbn,54,54,0,64,62,2,BUY,1201,762F5DB88E6AABAC22FDFB1C30E700271E913334BA398231A72160201070D4B8
EVT0240,2020-04-30T11:45:00.000Z,2020-04-30T11:45:00.000Z,2020-04-30T11:45:15.000Z,dbn,19,19,0,22,10,12,BUY,552,EB2D9C6EF597B4A7966EE052A88402F54755FFA9D255A8B5EE917E5CA8F49338
EVT0241,2020-04-30T12:30:00.000Z,2020-04-30T12:30:00.000Z,2020-04-30T12:30:15.000Z,dbn,21,21,0,16,17,-1,SELL,547,600E5AD49AF628D231BEEA36CA5D1BB2F617CC35EC9253CC74B6BA5E0A74E642
EVT0242,2020-04-30T14:00:00.000Z,2020-04-30T14:00:00.000Z,2020-04-30T14:00:15.000Z,dbn,49,49,0,65,31,34,BUY,1110,AB348F184CB82E35B4643FB6611E9D1AFA1D3761DC40DBDA2BE23D1107EC21A5
EVT0243,2020-05-01T14:00:00.000Z,2020-05-01T14:00:00.000Z,2020-05-01T14:00:15.000Z,dbn,78,78,0,86,70,16,BUY,1608,5A78A373F1755AEA2DC87E489311E7A434874737411A981710D8FB5D38B5A792
EVT0244,2020-05-05T08:11:00.000Z,2020-05-05T08:11:00.000Z,2020-05-05T08:11:15.000Z,dbn,10,10,0,22,20,2,BUY,369,239B09E66162175CE0E737A55A7941B97E20B46282FC4311C4425A7F43BB33A3
EVT0245,2020-05-05T14:00:00.000Z,2020-05-05T14:00:00.000Z,2020-05-05T14:00:15.000Z,dbn,90,90,0,91,133,-42,SELL,1851,E26C1E3E8C591D0549978749BD1B888AD4A4C5AE421AD063EA7AD17227145E62
EVT0246,2020-05-06T09:00:00.000Z,2020-05-06T09:00:00.000Z,2020-05-06T09:00:15.000Z,dbn,73,73,0,101,110,-9,SELL,1554,8B398281C13CAC18AD5626CA80045EAC49E35C3890CD99D5A560628CF340EC09
EVT0247,2020-05-06T12:15:00.000Z,2020-05-06T12:15:00.000Z,2020-05-06T12:15:15.000Z,dbn,45,45,0,26,48,-22,SELL,1057,7F65DF6F9D65F08151E1E6F36FC09A59F10E44BF0D371F39D5BF3F75FD4BD2BB
EVT0248,2020-05-07T12:30:00.000Z,2020-05-07T12:30:00.000Z,2020-05-07T12:30:15.000Z,dbn,18,18,0,14,18,-4,SELL,525,BCD2A7AFF420BB5638966D8269AE926F8DD303413DE3A4FB0D36B529440A7FAF
EVT0249,2020-05-08T12:30:00.000Z,2020-05-08T12:30:00.000Z,2020-05-08T12:30:15.000Z,dbn,126,126,0,119,181,-62,SELL,2489,6FFD5727C368C838C3561EAE37C8E2296FF9F4494642D6DE50D81B8796D6C16D
EVT0250,2020-05-12T12:30:00.000Z,2020-05-12T12:30:00.000Z,2020-05-12T12:30:15.000Z,dbn,92,92,0,113,113,0,TIE,1932,36C583BDCDA371A3EDCFD36357E84B7616D950D2E63155A5B72CD3B801106368
EVT0251,2020-05-15T08:00:00.000Z,2020-05-15T08:00:00.000Z,2020-05-15T08:00:15.000Z,dbn,28,28,0,42,29,13,BUY,695,B5015DBD72232FF6B61D216A1C4107D11E3147CC1030239AE003158BDB0CD0E3
EVT0252,2020-05-15T12:30:00.000Z,2020-05-15T12:30:00.000Z,2020-05-15T12:30:15.000Z,dbn,54,54,0,58,61,-3,SELL,1251,87C79BA0CB9FBAFDB06E3B8F9DBE6C0AFFECE314E8D35C323B6F33348EFA92A9
EVT0253,2020-05-21T07:15:00.000Z,2020-05-21T07:15:00.000Z,2020-05-21T07:15:15.000Z,dbn,116,116,0,145,127,18,BUY,1999,D50251E1AAE41178968BD95DC3EED8ACD8D0791B3327728BCB5D756B51501C02
EVT0254,2020-05-21T07:30:00.000Z,2020-05-21T07:30:00.000Z,2020-05-21T07:30:15.000Z,dbn,94,94,0,83,166,-83,SELL,1831,3215D83B49AC038A29CB28C1871E22421386D1E7B7B5FD7C4300F17818DACB0D
EVT0255,2020-05-21T13:45:00.000Z,2020-05-21T13:45:00.000Z,2020-05-21T13:45:15.000Z,dbn,18,18,0,11,18,-7,SELL,530,FFFC00FED71B0B604AF9B91D5E3E30338BDF02073E050C0E6A13E4EE6FE4E6F8
EVT0256,2020-05-22T11:30:00.000Z,2020-05-22T11:30:00.000Z,2020-05-22T11:30:15.000Z,dbn,14,14,0,5,15,-10,SELL,450,C2DCE378FBA41371C97F74D01BE591815571971041F63B09FD4B7CFFC366D614
EVT0257,2020-05-28T12:30:00.000Z,2020-05-28T12:30:00.000Z,2020-05-28T12:30:15.000Z,dbn,25,25,0,19,42,-23,SELL,686,275AE3DA26B2BCFE1DE906EA76508FF78C132CAAC84AB88388C2084BF5B1F009
EVT0258,2020-06-01T14:00:00.000Z,2020-06-01T14:00:00.000Z,2020-06-01T14:00:15.000Z,dbn,25,25,0,25,19,6,BUY,634,37DDC7033442FA3DF2C463AA8C8276D3988F5CE1C9FD6DEFFBF2A3C92C5329E2
EVT0259,2020-06-03T12:15:00.000Z,2020-06-03T12:15:00.000Z,2020-06-03T12:15:15.000Z,dbn,52,52,0,60,57,3,BUY,1224,1C7A585ECD1B6B74D5DA277133F1F58F36B4AB391D6FFD18B1FABE37D69A5375
EVT0260,2020-06-03T14:00:00.000Z,2020-06-03T14:00:00.000Z,2020-06-03T14:00:15.000Z,dbn,59,59,0,56,58,-2,SELL,1414,1250ABE47A3B3034F55C735F653194995B625F104624C956179F622374444B08
EVT0261,2020-06-04T11:45:00.000Z,2020-06-04T11:45:00.000Z,2020-06-04T11:45:15.000Z,dbn,231,231,0,427,180,247,BUY,4029,2F377E2DD08887831AA7D63E8BF2E086BA8B682691EEEF52195F2BFE6D9EB604
EVT0262,2020-06-05T12:30:00.000Z,2020-06-05T12:30:00.000Z,2020-06-05T12:30:15.000Z,dbn,385,385,0,320,459,-139,SELL,7043,DC430BA5284275A723D2579D82DBDB4D9E01B50FDD512CBF063386A8B1E86186
EVT0263,2020-06-10T12:30:00.000Z,2020-06-10T12:30:00.000Z,2020-06-10T12:30:15.000Z,dbn,107,107,0,126,166,-40,SELL,2070,3C446E97AC0285A643B7E51864C0475AD26831FF12DCE1B564973DB9BE59B572
EVT0264,2020-06-10T18:00:00.000Z,2020-06-10T18:00:00.000Z,2020-06-10T18:00:15.000Z,dbn,419,419,0,774,451,323,BUY,7098,820FFD6025956993C912593915C83971BFB500FA91C6CEF95DD3281B98A456F9
EVT0265,2020-06-12T14:00:00.000Z,2020-06-12T14:00:00.000Z,2020-06-12T14:00:15.000Z,dbn,3,3,0,2,14,-12,SELL,211,49012B48A66B3475DF71637B000DBC7AA53D25698CD0547D41ABBCA532398367
EVT0266,2020-06-15T18:00:00.000Z,2020-06-15T18:00:00.000Z,2020-06-15T18:00:15.000Z,dbn,103,103,0,117,71,46,BUY,2093,0F913F4690A2CF885EA6DD256F0E59BB393D78711071CA73E8FE2A59490C4156
EVT0267,2020-06-16T12:30:00.000Z,2020-06-16T12:30:00.000Z,2020-06-16T12:30:15.000Z,dbn,51,51,0,37,51,-14,SELL,1143,4AC82EBFBA27769453611768C0EC05B8D2DA515AD5B58BC7530D9748711D79EF
EVT0268,2020-06-23T07:15:00.000Z,2020-06-23T07:15:00.000Z,2020-06-23T07:15:15.000Z,dbn,546,546,0,876,584,292,BUY,9835,374E786970A85642ACCB364F73E313D48C552C57CAFDD278C895C64ADB44128C
EVT0269,2020-06-23T07:30:00.000Z,2020-06-23T07:30:00.000Z,2020-06-23T07:30:15.000Z,dbn,292,292,0,394,410,-16,SELL,5232,D6BBEB7788EDEA10A2C6D6168F47201B05EB9E2D78EFCA49E635CC1AA7182E01
EVT0270,2020-07-01T12:15:00.000Z,2020-07-01T12:15:00.000Z,2020-07-01T12:15:15.000Z,dbn,82,82,0,158,77,81,BUY,1716,FC5C15E5FA3AD4C3BA9968A852BEA8BF6BF7A24D9C935C0745A68D86CBD9AA6F
EVT0271,2020-07-02T12:30:00.000Z,2020-07-02T12:30:00.000Z,2020-07-02T12:30:15.000Z,dbn,243,243,0,405,257,148,BUY,4533,1EAFDA9139ABF71034F6FB1490CF79A7C5C5C95F9599D9200E305A782E7FE560
EVT0272,2020-07-06T14:00:00.000Z,2020-07-06T14:00:00.000Z,2020-07-06T14:00:15.000Z,dbn,90,90,0,146,122,24,BUY,1900,00F0E28C1C30165168B5DDE48C46F3EB59D7D5DFD8F5319634465412FE0528B7
EVT0273,2020-07-14T12:30:00.000Z,2020-07-14T12:30:00.000Z,2020-07-14T12:30:15.000Z,dbn,61,61,0,62,132,-70,SELL,1374,ECFB54F15408FC01196C08A6B78822EF2E850850AFAFEAC968A0B719C64FCA62
EVT0274,2020-07-16T11:45:00.000Z,2020-07-16T11:45:00.000Z,2020-07-16T11:45:15.000Z,dbn,72,72,0,96,66,30,BUY,1512,0DA55C58277FD3E14CD4A3D5D20B902794F298641A98C26E0ED12208568372EA
EVT0275,2020-07-16T12:30:00.000Z,2020-07-16T12:30:00.000Z,2020-07-16T12:30:15.000Z,dbn,64,64,0,53,97,-44,SELL,1261,E09F8DB4E35CE1ABB34B2B7D8C99223D749538745CDD0D6C0B12FED2F5809086
EVT0276,2020-07-24T07:15:00.000Z,2020-07-24T07:15:00.000Z,2020-07-24T07:15:15.000Z,dbn,616,616,0,865,770,95,BUY,11036,07C4BEBBA73DDEB3B34B975CAEB56CAB580C37DED2AE378F6542052112E94A7C
EVT0277,2020-07-24T07:30:00.000Z,2020-07-24T07:30:00.000Z,2020-07-24T07:30:15.000Z,dbn,517,517,0,703,626,77,BUY,9557,69242CEA559674167A973585D4866D321C6EF85FCA68538420FDEBF6E2BC11DC
EVT0278,2020-07-28T13:30:00.000Z,2020-07-28T13:30:00.000Z,2020-07-28T13:30:15.000Z,dbn,303,303,0,537,341,196,BUY,5751,3B69E640DA0AD6EF3E2B6C69F238E2D21DCB007EE79929B0F000EBBEBF058A48
EVT0279,2020-07-29T14:00:00.000Z,2020-07-29T14:00:00.000Z,2020-07-29T14:00:15.000Z,dbn,51,51,0,74,86,-12,SELL,1155,FC99049CEE75715C6E827A709B23C38528D15337BD7AFDCA33D2E49C86E831FA
EVT0280,2020-07-29T18:00:00.000Z,2020-07-29T18:00:00.000Z,2020-07-29T18:00:15.000Z,dbn,273,273,0,388,446,-58,SELL,4665,57BC9C404347E81CA9FCA219BF7542ADD756998C39841DAD68AB88AC76B1DBEC
EVT0281,2020-07-30T08:00:00.000Z,2020-07-30T08:00:00.000Z,2020-07-30T08:00:15.000Z,dbn,69,69,0,60,86,-26,SELL,1527,D1C8ACE643B22770654095015300CF0D9B500F91A1BA312B34A158EEDD4FC2B5
EVT0282,2020-07-30T12:30:00.000Z,2020-07-30T12:30:00.000Z,2020-07-30T12:30:15.000Z,dbn,49,49,0,47,85,-38,SELL,1030,CCD267B8E1D66EEF307171FD3B334FEC0D8AEB6A3C85C7E8896CD1726B64C046
EVT0283,2020-08-03T14:00:00.000Z,2020-08-03T14:00:00.000Z,2020-08-03T14:00:15.000Z,dbn,199,199,0,284,252,32,BUY,3714,E50FE156CAD428EC09BDCA6302512F555C0565657970D41C3EF13F40A22E29A6
EVT0284,2020-08-05T14:00:00.000Z,2020-08-05T14:00:00.000Z,2020-08-05T14:00:15.000Z,dbn,73,73,0,92,139,-47,SELL,1512,C5665FDF624D4B38C1B9C96BE7640078A939F611ACB90AE9C30B2C3369B83321
EVT0285,2020-08-07T12:30:00.000Z,2020-08-07T12:30:00.000Z,2020-08-07T12:30:15.000Z,dbn,148,148,0,146,183,-37,SELL,2921,D3DD30F65DAAE0CD54693AC0BA751389F3FC227FCC673E4F5A78841A6717C6BC
EVT0286,2020-08-12T12:30:00.000Z,2020-08-12T12:30:00.000Z,2020-08-12T12:30:15.000Z,dbn,245,245,0,474,508,-34,SELL,4403,BBACD1995F961BBB2ADEEEDA4D653308D3D5BF64F26D18844936F213D6A5C78A
EVT0287,2020-08-14T12:30:00.000Z,2020-08-14T12:30:00.000Z,2020-08-14T12:30:15.000Z,dbn,15,15,0,17,14,3,BUY,482,8DA29968A3EDFD23F4E9099412C895B14534B82137AE8941FC27D7B0BD0D2660
EVT0288,2020-08-21T07:15:00.000Z,2020-08-21T07:15:00.000Z,2020-08-21T07:15:15.000Z,dbn,398,398,0,484,906,-422,SELL,7111,11B235ADE673AED57A30EA7670829E654DE5A7A634FF319732B0A6DFA64F5A08
EVT0289,2020-08-21T07:30:00.000Z,2020-08-21T07:30:00.000Z,2020-08-21T07:30:15.000Z,dbn,408,408,0,689,600,89,BUY,7510,A067B5DB3C195611A9EFEA3DA447224A6B37B3A8000679CDFD12D64FF63F3BD9
EVT0290,2020-09-01T14:00:00.000Z,2020-09-01T14:00:00.000Z,2020-09-01T14:00:15.000Z,dbn,127,127,0,109,151,-42,SELL,2570,0AF7ACE18B7D8F4DE0E44C4DD2DA78A58869183D942CA8E2E6CBA4D89EE81A32
EVT0291,2020-09-02T12:15:00.000Z,2020-09-02T12:15:00.000Z,2020-09-02T12:15:15.000Z,dbn,173,173,0,252,180,72,BUY,3404,2D0440ECD0DBC36D54894B067AC61489CC377687530C999C63E49371FDC4B402
EVT0292,2020-09-03T14:00:00.000Z,2020-09-03T14:00:00.000Z,2020-09-03T14:00:15.000Z,dbn,74,74,0,131,82,49,BUY,1599,7CDA91C42F86607C9971B4292485BD4DE7A0CBA5CA061E73DA8A2B8F4D44CFEA
EVT0293,2020-09-04T12:30:00.000Z,2020-09-04T12:30:00.000Z,2020-09-04T12:30:15.000Z,dbn,456,456,0,628,638,-10,SELL,7759,B718665F44D3DC632D34FAF1FA2F3CB7456067144461DD2B96B161DC04A4B13F
EVT0294,2020-09-10T11:45:00.000Z,2020-09-10T11:45:00.000Z,2020-09-10T11:45:15.000Z,dbn,21,21,0,15,28,-13,SELL,554,54CDC261482252A07789D78731FD911F9AC29E705EC3458EC111DDB7406F298C
EVT0295,2020-09-11T12:30:00.000Z,2020-09-11T12:30:00.000Z,2020-09-11T12:30:15.000Z,dbn,19,19,0,9,32,-23,SELL,513,31D91D3C92CB484E0176514C4E301B9E016C74A5956845DE07FB309BC9AB3F0D
EVT0296,2020-09-16T12:30:00.000Z,2020-09-16T12:30:00.000Z,2020-09-16T12:30:15.000Z,dbn,19,19,0,23,29,-6,SELL,578,2BB07B87D027C70ADEF1E0D00B888BE377730080DAC0FDDC3E9E2564A3148547
EVT0297,2020-09-16T18:00:00.000Z,2020-09-16T18:00:00.000Z,2020-09-16T18:00:15.000Z,dbn,102,102,0,197,131,66,BUY,1952,C60DCE0109ED9C7B97FBC5B5B7DDC87F4CED58A7FD21633BAC1A0DEDF3FACF3D
EVT0298,2020-09-23T07:15:00.000Z,2020-09-23T07:15:00.000Z,2020-09-23T07:15:15.000Z,dbn,701,701,0,1123,1372,-249,SELL,12662,5919B1786BF71105CC8A5C9CC9AC5547C7E675079972C8A4123EBACB68FE88EB
EVT0299,2020-09-23T07:30:00.000Z,2020-09-23T07:30:00.000Z,2020-09-23T07:30:15.000Z,dbn,812,812,0,1323,976,347,BUY,13943,18AE079F574CE0070EC44BCB33EF45F01D0D6358793C20CD400A7B96ACF58C9E
EVT0300,2020-09-23T13:45:00.000Z,2020-09-23T13:45:00.000Z,2020-09-23T13:45:15.000Z,dbn,38,38,0,61,33,28,BUY,944,DB6F1C5A08510283C9B9A67F8710E6052060371F9C090DFAED443CDABA03861E
EVT0301,2020-10-01T14:00:00.000Z,2020-10-01T14:00:00.000Z,2020-10-01T14:00:15.000Z,dbn,180,180,0,286,258,28,BUY,3428,F97221E5747EA679CEA27FAC6063A36D13780051DBDFD2F6ED325ED110A57772
EVT0302,2020-10-02T12:30:00.000Z,2020-10-02T12:30:00.000Z,2020-10-02T12:30:15.000Z,dbn,89,89,0,90,108,-18,SELL,1903,4C9DEB2BF77BFFEADC112C40E90EAE259EAE2337DC8F5BBCB4290F91C148C86F
EVT0303,2020-10-05T14:00:00.000Z,2020-10-05T14:00:00.000Z,2020-10-05T14:00:15.000Z,dbn,97,97,0,183,182,1,BUY,1901,5EFAEC38D0A9B732A5DCAFCD58E770F14E7C0ADCF466D8A6EEBFA7D873409C0C
EVT0304,2020-10-07T18:00:00.000Z,2020-10-07T18:00:00.000Z,2020-10-07T18:00:15.000Z,dbn,37,37,0,49,62,-13,SELL,857,DE1C0810A5628F8ECF46FD4D7345ECB86B38235168062DE3A8A88B7AAF1386E4
EVT0305,2020-10-13T12:30:00.000Z,2020-10-13T12:30:00.000Z,2020-10-13T12:30:15.000Z,dbn,48,48,0,59,56,3,BUY,1120,C5B81B08C5B0D85155F1F80AB8B8375C0C8D3A08883330918044D44700271C8A
EVT0306,2020-10-16T12:30:00.000Z,2020-10-16T12:30:00.000Z,2020-10-16T12:30:15.000Z,dbn,40,40,0,62,109,-47,SELL,973,53DB34AD883FEE4ADE0851C3315C0969B01C6A158C8DCF804D7E58585E91B6DD
EVT0307,2020-10-23T07:15:00.000Z,2020-10-23T07:15:00.000Z,2020-10-23T07:15:15.000Z,dbn,53,53,0,102,72,30,BUY,1178,EEFA3E577C9715977A92C4708CF82DF8DAC4154CC3CEDAA76603A34329CDCEFA
EVT0308,2020-10-23T07:30:00.000Z,2020-10-23T07:30:00.000Z,2020-10-23T07:30:15.000Z,dbn,437,437,0,844,505,339,BUY,8057,679C5F8910E251A92AB2F88F7E122CFE66968BEB9C61E5C0EF126BAB3079B774
EVT0309,2020-10-29T12:30:00.000Z,2020-10-29T12:30:00.000Z,2020-10-29T12:30:15.000Z,dbn,41,41,0,78,63,15,BUY,956,DF11F20AB0C9F1274C23A23A924FE500FA15DA76E27DC8A146A7676C797D23B3
EVT0310,2020-10-29T12:45:00.000Z,2020-10-29T12:45:00.000Z,2020-10-29T12:45:15.000Z,dbn,101,101,0,136,139,-3,SELL,2151,6D9DFAE070ECC8176B0E80AFDB145607835008F3F8CA2B55C5ED6BD29B2BA65E
EVT0311,2020-10-30T15:00:00.000Z,2020-10-30T15:00:00.000Z,2020-10-30T15:00:15.000Z,dbn,87,87,0,134,93,41,BUY,1841,21882975212BA04CAA81EE81B755307E47F665CDE90590F7E6C2EAE5B438BC58
EVT0312,2020-11-02T15:00:00.000Z,2020-11-02T15:00:00.000Z,2020-11-02T15:00:15.000Z,dbn,164,164,0,205,230,-25,SELL,2981,06AFE9861B17D17E7A5496750B2AD7A8360AE29B5C2D10F78074050C6A3CE2B0
EVT0313,2020-11-04T15:00:00.000Z,2020-11-04T15:00:00.000Z,2020-11-04T15:00:15.000Z,dbn,52,52,0,59,64,-5,SELL,1177,6582E05BA7422BA6B747D08E1E5A30FAB757EDC3BB86FBE4803BBA211D3FBF70
EVT0314,2020-11-05T19:00:00.000Z,2020-11-05T19:00:00.000Z,2020-11-05T19:00:15.000Z,dbn,31,31,0,30,50,-20,SELL,807,C18A95271C81DE95F390C8AEAA26258666ECA673FB195336F175940893C32A76
EVT0315,2020-11-06T13:30:00.000Z,2020-11-06T13:30:00.000Z,2020-11-06T13:30:15.000Z,dbn,138,138,0,163,211,-48,SELL,2665,E58E0C9740EE4E494158C73726F67C91E7F9AFC4CF2C8BA6C56A7EBA5EA22F8E
EVT0316,2020-11-12T13:30:00.000Z,2020-11-12T13:30:00.000Z,2020-11-12T13:30:15.000Z,dbn,71,71,0,99,104,-5,SELL,1461,9F4FD2922C35B372F97F9DBFC230A695CBC0F43CA552887A1AB25A25AEBF6E68
EVT0317,2020-11-17T13:30:00.000Z,2020-11-17T13:30:00.000Z,2020-11-17T13:30:15.000Z,dbn,13,13,0,29,11,18,BUY,461,6BE9BEE49E097A862C22417A1A6E60CDBCC55062ACA8E5064A3403A51E2AD912
EVT0318,2020-11-23T08:15:00.000Z,2020-11-23T08:15:00.000Z,2020-11-23T08:15:15.000Z,dbn,60,60,0,121,89,32,BUY,1331,AC1E138EFFDBF3F9C857713D1C6C0E957DF7F3C46ED52783E3C8963095922654
EVT0319,2020-11-23T08:30:00.000Z,2020-11-23T08:30:00.000Z,2020-11-23T08:30:15.000Z,dbn,83,83,0,197,109,88,BUY,1673,7B27C8CF5E5D81F552C5ED92A462AEA7A01A8C15B90F285CACF7CF1AEAF85B91
EVT0320,2020-11-25T19:00:00.000Z,2020-11-25T19:00:00.000Z,2020-11-25T19:00:15.000Z,dbn,11,11,0,23,14,9,BUY,410,832EEEB3DBD88B38743210E8982D90D4CC5C74CDE7AFFEC7E860C3F3966701E1
EVT0321,2020-12-01T15:00:00.000Z,2020-12-01T15:00:00.000Z,2020-12-01T15:00:15.000Z,dbn,100,100,0,154,93,61,BUY,2004,F247CA2EDFD3D4CFB1AC2A393EF5F1090F396BE5DA16538CE32642BA31D83FD7
EVT0322,2020-12-04T13:30:00.000Z,2020-12-04T13:30:00.000Z,2020-12-04T13:30:15.000Z,dbn,295,295,0,367,422,-55,SELL,5677,C1C30084F3760498F2519593010AC955648E4EA48C9C831321E16D6C07866393
EVT0323,2020-12-10T12:45:00.000Z,2020-12-10T12:45:00.000Z,2020-12-10T12:45:15.000Z,dbn,49,49,0,39,123,-84,SELL,1006,B1CBFAB7A19707C34BFCF8A94F452BC0F22F188E0E8C1B74387F181BF2EB2E30
EVT0324,2020-12-10T13:30:00.000Z,2020-12-10T13:30:00.000Z,2020-12-10T13:30:15.000Z,dbn,36,36,0,39,35,4,BUY,802,BD7729C8F27B3641D180C11EA7054E169E0204FD4CCF3B12CBED96BF3ED924EA
EVT0325,2020-12-16T08:15:00.000Z,2020-12-16T08:15:00.000Z,2020-12-16T08:15:15.000Z,dbn,629,629,0,1168,863,305,BUY,10707,387260E1C9A1AEA05DF2A134519FEAC91A58D976AE7749187FDBB275C83CA94A
EVT0326,2020-12-16T08:30:00.000Z,2020-12-16T08:30:00.000Z,2020-12-16T08:30:15.000Z,dbn,873,873,0,1442,875,567,BUY,14363,8BF0646D2D3DC87A9F99E5E8BB27A762D2A2703325989AAAF100DAF7B8642F6B
EVT0327,2020-12-16T13:30:00.000Z,2020-12-16T13:30:00.000Z,2020-12-16T13:30:15.000Z,dbn,309,309,0,468,377,91,BUY,5761,266A2B9F627D7C71F25FBD8F1B0C8A98E5AE5DD81299617C71BE40C2DFD3E4B2
EVT0328,2020-12-16T14:45:00.000Z,2020-12-16T14:45:00.000Z,2020-12-16T14:45:15.000Z,dbn,15,15,0,28,16,12,BUY,481,183D6AC9EB30AE1836042A3A95C2DD3E5C8650BD4C382A91DC5C1A17081AB03A
EVT0329,2020-12-16T19:00:00.000Z,2020-12-16T19:00:00.000Z,2020-12-16T19:00:15.000Z,dbn,617,617,0,968,989,-21,SELL,10408,E47FE4B4A5DB6CCB2250E338F1CE2CA84C6E618C8683274637DF3145FB3147BF
