"CubeId";"zimoma"
"PublishingDate";"2026-07-01 14:30"

"Date";"D0";"Value"
"2018-01";"SARON";"-0.740278"
"2018-01";"1TGT";"-1"
"2018-01";"EG3M";"-0.884"
"2018-01";"SOFR";
"2018-01";"TONA";"-0.05"
"2018-01";"SONIA";"0.4668"
"2018-01";"ESTR";
"2018-01";"EURIBOR";"-0.328"
"2018-02";"SARON";"-0.759249"
"2018-02";"1TGT";"-0.95"
"2018-02";"EG3M";"-0.892"
"2018-02";"SOFR";
"2018-02";"TONA";"-0.053"
"2018-02";"SONIA";"0.4612"
"2018-02";"ESTR";
"2018-02";"EURIBOR";"-0.327"
"2018-03";"SARON";"-0.73834"
"2018-03";"1TGT";"-1"
"2018-03";"EG3M";"-0.92"
"2018-03";"SOFR";
"2018-03";"TONA";"-0.068"
"2018-03";"SONIA";"0.4435"
"2018-03";"ESTR";
"2018-03";"EURIBOR";"-0.328"
"2018-04";"SARON";"-0.729806"
"2018-04";"1TGT";"-0.98"
"2018-04";"EG3M";"-0.849"
"2018-04";"SOFR";"1.77"
"2018-04";"TONA";"-0.067"
"2018-04";"SONIA";"0.4507"
"2018-04";"ESTR";
"2018-04";"EURIBOR";"-0.329"
"2018-05";"SARON";"-0.728226"
"2018-05";"1TGT";"-0.95"
"2018-05";"EG3M";"-0.853"
"2018-05";"SOFR";"1.81"
"2018-05";"TONA";"-0.065"
"2018-05";"SONIA";"0.4503"
"2018-05";"ESTR";
"2018-05";"EURIBOR";"-0.321"
"2018-06";"SARON";"-0.730086"
"2018-06";"1TGT";"-0.9"
"2018-06";"EG3M";"-0.864"
"2018-06";"SOFR";"2.12"
"2018-06";"TONA";"-0.069"
"2018-06";"SONIA";"0.4399"
"2018-06";"ESTR";
"2018-06";"EURIBOR";"-0.321"
"2018-07";"SARON";"-0.730823"
"2018-07";"1TGT";"-0.95"
"2018-07";"EG3M";"-0.854"
"2018-07";"SOFR";"1.93"
"2018-07";"TONA";"-0.065"
"2018-07";"SONIA";"0.4503"
"2018-07";"ESTR";
"2018-07";"EURIBOR";"-0.319"
"2018-08";"SARON";"-0.731997"
"2018-08";"1TGT";"-0.9"
"2018-08";"EG3M";"-0.849"
"2018-08";"SOFR";"1.97"
"2018-08";"TONA";"-0.055"
"2018-08";"SONIA";"0.7042"
"2018-08";"ESTR";
"2018-08";"EURIBOR";"-0.319"
"2018-09";"SARON";"-0.785767"
"2018-09";"1TGT";"-0.9"
"2018-09";"EG3M";"-0.841"
"2018-09";"SOFR";"2.25"
"2018-09";"TONA";"-0.064"
"2018-09";"SONIA";"0.6964"
"2018-09";"ESTR";
"2018-09";"EURIBOR";"-0.318"
"2018-10";"SARON";"-0.73731"
"2018-10";"1TGT";"-0.9"
"2018-10";"EG3M";"-0.951"
"2018-10";"SOFR";"2.22"
"2018-10";"TONA";"-0.068"
"2018-10";"SONIA";"0.7002"
"2018-10";"ESTR";
"2018-10";"EURIBOR";"-0.318"
"2018-11";"SARON";"-0.732697"
"2018-11";"1TGT";"-0.9"
"2018-11";"EG3M";"-0.987"
"2018-11";"SOFR";"2.28"
"2018-11";"TONA";"-0.062"
"2018-11";"SONIA";"0.7002"
"2018-11";"ESTR";
"2018-11";"EURIBOR";"-0.316"
"2018-12";"SARON";"-0.730971"
"2018-12";"1TGT";"-0.95"
"2018-12";"EG3M";"-0.979"
"2018-12";"SOFR";"3"
"2018-12";"TONA";"-0.055"
"2018-12";"SONIA";"0.6998"
"2018-12";"ESTR";
"2018-12";"EURIBOR";"-0.309"
"2019-01";"SARON";"-0.731819"
"2019-01";"1TGT";"-0.9"
"2019-01";"EG3M";"-0.766"
"2019-01";"SOFR";"2.58"
"2019-01";"TONA";"-0.06"
"2019-01";"SONIA";"0.7034"
"2019-01";"ESTR";
"2019-01";"EURIBOR";"-0.308"
"2019-02";"SARON";"-0.738785"
"2019-02";"1TGT";"-0.97"
"2019-02";"EG3M";"-0.781"
"2019-02";"SOFR";"2.58"
"2019-02";"TONA";"-0.054"
"2019-02";"SONIA";"0.705"
"2019-02";"ESTR";
"2019-02";"EURIBOR";"-0.309"
"2019-03";"SARON";"-0.737656"
"2019-03";"1TGT";"-1.51"
"2019-03";"EG3M";"-0.778"
"2019-03";"SOFR";"2.65"
"2019-03";"TONA";"-0.06"
"2019-03";"SONIA";"0.7036"
"2019-03";"ESTR";
"2019-03";"EURIBOR";"-0.311"
"2019-04";"SARON";"-0.73173"
"2019-04";"1TGT";"-0.85"
"2019-04";"EG3M";"-0.801"
"2019-04";"SOFR";"2.76"
"2019-04";"TONA";"-0.073"
"2019-04";"SONIA";"0.7109"
"2019-04";"ESTR";
"2019-04";"EURIBOR";"-0.31"
"2019-05";"SARON";"-0.73687"
"2019-05";"1TGT";"-0.9"
"2019-05";"EG3M";"-0.806"
"2019-05";"SOFR";"2.49"
"2019-05";"TONA";"-0.059"
"2019-05";"SONIA";"0.7078"
"2019-05";"ESTR";
"2019-05";"EURIBOR";"-0.322"
"2019-06";"SARON";"-0.74023"
"2019-06";"1TGT";"-0.95"
"2019-06";"EG3M";"-0.801"
"2019-06";"SOFR";"2.5"
"2019-06";"TONA";"-0.076"
"2019-06";"SONIA";"0.706"
"2019-06";"ESTR";
"2019-06";"EURIBOR";"-0.345"
"2019-07";"SARON";"-0.74512"
"2019-07";"1TGT";"-0.7"
"2019-07";"EG3M";"-0.918"
"2019-07";"SOFR";"2.55"
"2019-07";"TONA";"-0.071"
"2019-07";"SONIA";"0.7081"
"2019-07";"ESTR";
"2019-07";"EURIBOR";"-0.375"
"2019-08";"SARON";"-0.74726"
"2019-08";"1TGT";"-1.05"
"2019-08";"EG3M";"-0.951"
"2019-08";"SOFR";"2.16"
"2019-08";"TONA";"-0.061"
"2019-08";"SONIA";"0.7103"
"2019-08";"ESTR";
"2019-08";"EURIBOR";"-0.433"
"2019-09";"SARON";"-0.74627"
"2019-09";"1TGT";"-1"
"2019-09";"EG3M";"-0.801"
"2019-09";"SOFR";"2.35"
"2019-09";"TONA";"-0.064"
"2019-09";"SONIA";"0.7101"
"2019-09";"ESTR";
"2019-09";"EURIBOR";"-0.418"
"2019-10";"SARON";"-0.73297"
"2019-10";"1TGT";"-0.91"
"2019-10";"EG3M";"-0.924"
"2019-10";"SOFR";"1.76"
"2019-10";"TONA";"-0.03"
"2019-10";"SONIA";"0.7106"
"2019-10";"ESTR";"-0.543"
"2019-10";"EURIBOR";"-0.394"
"2019-11";"SARON";"-0.7065"
"2019-11";"1TGT";"-0.83"
"2019-11";"EG3M";"-0.829"
"2019-11";"SOFR";"1.65"
"2019-11";"TONA";"-0.034"
"2019-11";"SONIA";"0.7123"
"2019-11";"ESTR";"-0.532"
"2019-11";"EURIBOR";"-0.401"
"2019-12";"SARON";"-0.65925"
"2019-12";"1TGT";"-1"
"2019-12";"EG3M";"-0.751"
"2019-12";"SOFR";"1.55"
"2019-12";"TONA";"-0.068"
"2019-12";"SONIA";"0.7098"
"2019-12";"ESTR";"-0.531"
"2019-12";"EURIBOR";"-0.383"
"2020-01";"SARON";"-0.70191"
"2020-01";"1TGT";"-0.85"
"2020-01";"EG3M";"-0.762"
"2020-01";"SOFR";"1.6"
"2020-01";"TONA";"-0.039"
"2020-01";"SONIA";"0.7117"
"2020-01";"ESTR";"-0.539"
"2020-01";"EURIBOR";"-0.393"
"2020-02";"SARON";"-0.70741"
"2020-02";"1TGT";"-0.8"
"2020-02";"EG3M";"-0.762"
"2020-02";"SOFR";"1.6"
"2020-02";"TONA";"-0.025"
"2020-02";"SONIA";"0.7098"
"2020-02";"ESTR";"-0.54"
"2020-02";"EURIBOR";"-0.424"
"2020-03";"SARON";"-0.66619"
"2020-03";"1TGT";"-1.25"
"2020-03";"EG3M";"-0.75"
"2020-03";"SOFR";"0.01"
"2020-03";"TONA";"-0.07"
"2020-03";"SONIA";"0.0729"
"2020-03";"ESTR";"-0.522"
"2020-03";"EURIBOR";"-0.363"
"2020-04";"SARON";"-0.65946"
"2020-04";"1TGT";"-0.85"
"2020-04";"EG3M";"-0.719"
"2020-04";"SOFR";"0.04"
"2020-04";"TONA";"-0.06"
"2020-04";"SONIA";"0.0666"
"2020-04";"ESTR";"-0.531"
"2020-04";"EURIBOR";"-0.273"
"2020-05";"SARON";"-0.65962"
"2020-05";"1TGT";"-0.85"
"2020-05";"EG3M";"-0.734"
"2020-05";"SOFR";"0.06"
"2020-05";"TONA";"-0.073"
"2020-05";"SONIA";"0.0679"
"2020-05";"ESTR";"-0.54"
"2020-05";"EURIBOR";"-0.307"
"2020-06";"SARON";"-0.66239"
"2020-06";"1TGT";"-0.9"
"2020-06";"EG3M";"-0.734"
"2020-06";"SOFR";"0.1"
"2020-06";"TONA";"-0.068"
"2020-06";"SONIA";"0.0603"
"2020-06";"ESTR";"-0.555"
"2020-06";"EURIBOR";"-0.422"
"2020-07";"SARON";"-0.7037"
"2020-07";"1TGT";"-0.85"
"2020-07";"EG3M";"-0.738"
"2020-07";"SOFR";"0.1"
"2020-07";"TONA";"-0.021"
"2020-07";"SONIA";"0.0603"
"2020-07";"ESTR";"-0.55"
"2020-07";"EURIBOR";"-0.463"
"2020-08";"SARON";"-0.70568"
"2020-08";"1TGT";"-0.83"
"2020-08";"EG3M";"-0.746"
"2020-08";"SOFR";"0.09"
"2020-08";"TONA";"-0.057"
"2020-08";"SONIA";"0.0545"
"2020-08";"ESTR";"-0.557"
"2020-08";"EURIBOR";"-0.477"
"2020-09";"SARON";"-0.71371"
"2020-09";"1TGT";"-0.85"
"2020-09";"EG3M";"-0.746"
"2020-09";"SOFR";"0.08"
"2020-09";"TONA";"-0.061"
"2020-09";"SONIA";"0.0509"
"2020-09";"ESTR";"-0.57"
"2020-09";"EURIBOR";"-0.498"
"2020-10";"SARON";"-0.71804"
"2020-10";"1TGT";"-0.83"
"2020-10";"EG3M";"-0.79"
"2020-10";"SOFR";"0.09"
"2020-10";"TONA";"-0.029"
"2020-10";"SONIA";"0.0547"
"2020-10";"ESTR";"-0.557"
"2020-10";"EURIBOR";"-0.523"
"2020-11";"SARON";"-0.72109"
"2020-11";"1TGT";"-0.83"
"2020-11";"EG3M";"-0.805"
"2020-11";"SOFR";"0.09"
"2020-11";"TONA";"-0.032"
"2020-11";"SONIA";"0.054"
"2020-11";"ESTR";"-0.56"
"2020-11";"EURIBOR";"-0.526"
"2020-12";"SARON";"-0.726264"
"2020-12";"1TGT";"-0.85"
"2020-12";"EG3M";"-0.782"
"2020-12";"SOFR";"0.07"
"2020-12";"TONA";"-0.033"
"2020-12";"SONIA";"0.0394"
"2020-12";"ESTR";"-0.583"
"2020-12";"EURIBOR";"-0.545"
"2021-01";"SARON";"-0.725018"
"2021-01";"1TGT";"-0.85"
"2021-01";"EG3M";"-0.774"
"2021-01";"SOFR";"0.06"
"2021-01";"TONA";"-0.012"
"2021-01";"SONIA";"0.0529"
"2021-01";"ESTR";"-0.564"
"2021-01";"EURIBOR";"-0.548"
"2021-02";"SARON";"-0.725267"
"2021-02";"1TGT";"-0.85"
"2021-02";"EG3M";"-0.758"
"2021-02";"SOFR";"0.01"
"2021-02";"TONA";"-0.022"
"2021-02";"SONIA";"0.0512"
"2021-02";"ESTR";"-0.566"
"2021-02";"EURIBOR";"-0.53"
"2021-03";"SARON";"-0.72334"
"2021-03";"1TGT";"-0.83"
"2021-03";"EG3M";"-0.766"
"2021-03";"SOFR";"0.01"
"2021-03";"TONA";"-0.044"
"2021-03";"SONIA";"0.0466"
"2021-03";"ESTR";"-0.574"
"2021-03";"EURIBOR";"-0.538"
"2021-04";"SARON";"-0.725071"
"2021-04";"1TGT";"-0.85"
"2021-04";"EG3M";"-0.778"
"2021-04";"SOFR";"0.01"
"2021-04";"TONA";"-0.017"
"2021-04";"SONIA";"0.0509"
"2021-04";"ESTR";"-0.569"
"2021-04";"EURIBOR";"-0.535"
"2021-05";"SARON";"-0.725578"
"2021-05";"1TGT";"-0.85"
"2021-05";"EG3M";"-0.774"
"2021-05";"SOFR";"0.01"
"2021-05";"TONA";"-0.034"
"2021-05";"SONIA";"0.0516"
"2021-05";"ESTR";"-0.571"
"2021-05";"EURIBOR";"-0.544"
"2021-06";"SARON";"-0.722566"
"2021-06";"1TGT";"-0.9"
"2021-06";"EG3M";"-0.77"
"2021-06";"SOFR";"0.05"
"2021-06";"TONA";"-0.05"
"2021-06";"SONIA";"0.0466"
"2021-06";"ESTR";"-0.581"
"2021-06";"EURIBOR";"-0.542"
"2021-07";"SARON";"-0.721564"
"2021-07";"1TGT";"-0.85"
"2021-07";"EG3M";"-0.782"
"2021-07";"SOFR";"0.05"
"2021-07";"TONA";"-0.044"
"2021-07";"SONIA";"0.0506"
"2021-07";"ESTR";"-0.571"
"2021-07";"EURIBOR";"-0.544"
"2021-08";"SARON";"-0.72305"
"2021-08";"1TGT";"-0.8"
"2021-08";"EG3M";"-0.77"
"2021-08";"SOFR";"0.05"
"2021-08";"TONA";"-0.036"
"2021-08";"SONIA";"0.0502"
"2021-08";"ESTR";"-0.57"
"2021-08";"EURIBOR";"-0.548"
"2021-09";"SARON";"-0.672877"
"2021-09";"1TGT";"-0.8"
"2021-09";"EG3M";"-0.75"
"2021-09";"SOFR";"0.05"
"2021-09";"TONA";"-0.049"
"2021-09";"SONIA";"0.0479"
"2021-09";"ESTR";"-0.58"
"2021-09";"EURIBOR";"-0.545"
"2021-10";"SARON";"-0.693678"
"2021-10";"1TGT";"-0.8"
"2021-10";"EG3M";"-0.801"
"2021-10";"SOFR";"0.05"
"2021-10";"TONA";"-0.027"
"2021-10";"SONIA";"0.0503"
"2021-10";"ESTR";"-0.578"
"2021-10";"EURIBOR";"-0.553"
"2021-11";"SARON";"-0.680889"
"2021-11";"1TGT";"-0.8"
"2021-11";"EG3M";"-0.849"
"2021-11";"SOFR";"0.05"
"2021-11";"TONA";"-0.048"
"2021-11";"SONIA";"0.0455"
"2021-11";"ESTR";"-0.575"
"2021-11";"EURIBOR";"-0.573"
"2021-12";"SARON";"-0.68483"
"2021-12";"1TGT";"-0.9"
"2021-12";"EG3M";"-0.813"
"2021-12";"SOFR";"0.05"
"2021-12";"TONA";"-0.018"
"2021-12";"SONIA";"0.1906"
"2021-12";"ESTR";"-0.59"
"2021-12";"EURIBOR";"-0.572"
"2022-01";"SARON";"-0.696923"
"2022-01";"1TGT";"-0.8"
"2022-01";"EG3M";"-0.79"
"2022-01";"SOFR";"0.05"
"2022-01";"TONA";"-0.021"
"2022-01";"SONIA";"0.1989"
"2022-01";"ESTR";"-0.579"
"2022-01";"EURIBOR";"-0.552"
"2022-02";"SARON";"-0.698075"
"2022-02";"1TGT";"-0.86"
"2022-02";"EG3M";"-0.765"
"2022-02";"SOFR";"0.05"
"2022-02";"TONA";"-0.012"
"2022-02";"SONIA";"0.4451"
"2022-02";"ESTR";"-0.58"
"2022-02";"EURIBOR";"-0.533"
"2022-03";"SARON";"-0.701726"
"2022-03";"1TGT";"-0.8"
"2022-03";"EG3M";"-0.782"
"2022-03";"SOFR";"0.29"
"2022-03";"TONA";"-0.02"
"2022-03";"SONIA";"0.6896"
"2022-03";"ESTR";"-0.593"
"2022-03";"EURIBOR";"-0.458"
"2022-04";"SARON";"-0.701592"
"2022-04";"1TGT";"-0.7"
"2022-04";"EG3M";"-0.75"
"2022-04";"SOFR";"0.28"
"2022-04";"TONA";"-0.021"
"2022-04";"SONIA";"0.6907"
"2022-04";"ESTR";"-0.586"
"2022-04";"EURIBOR";"-0.429"
"2022-05";"SARON";"-0.692302"
"2022-05";"1TGT";"-0.8"
"2022-05";"EG3M";"-0.75"
"2022-05";"SOFR";"0.79"
"2022-05";"TONA";"-0.026"
"2022-05";"SONIA";"0.941"
"2022-05";"ESTR";"-0.589"
"2022-05";"EURIBOR";"-0.338"
"2022-06";"SARON";"-0.195447"
"2022-06";"1TGT";"-0.26"
"2022-06";"EG3M";"-0.245"
"2022-06";"SOFR";"1.5"
"2022-06";"TONA";"-0.04"
"2022-06";"SONIA";"1.1874"
"2022-06";"ESTR";"-0.591"
"2022-06";"EURIBOR";"-0.195"
"2022-07";"SARON";"-0.18865"
"2022-07";"1TGT";"-0.26"
"2022-07";"EG3M";"-0.079"
"2022-07";"SOFR";"2.27"
"2022-07";"TONA";"-0.01"
"2022-07";"SONIA";"1.1909"
"2022-07";"ESTR";"-0.091"
"2022-07";"EURIBOR";"0.232"
"2022-08";"SARON";"-0.200623"
"2022-08";"1TGT";"-0.2"
"2022-08";"EG3M";"0"
"2022-08";"SOFR";"2.29"
"2022-08";"TONA";"-0.041"
"2022-08";"SONIA";"1.6896"
"2022-08";"ESTR";"-0.091"
"2022-08";"EURIBOR";"0.654"
"2022-09";"SARON";"0.43653"
"2022-09";"1TGT";"-0.1"
"2022-09";"EG3M";"0.495"
"2022-09";"SOFR";"2.98"
"2022-09";"TONA";"-0.073"
"2022-09";"SONIA";"2.1901"
"2022-09";"ESTR";"0.642"
"2022-09";"EURIBOR";"1.173"
"2022-10";"SARON";"0.470718"
"2022-10";"1TGT";"-0.06"
"2022-10";"EG3M";"0.432"
"2022-10";"SOFR";"3.05"
"2022-10";"TONA";"-0.062"
"2022-10";"SONIA";"2.1838"
"2022-10";"ESTR";"0.648"
"2022-10";"EURIBOR";"1.704"
"2022-11";"SARON";"0.459251"
"2022-11";"1TGT";"-0.05"
"2022-11";"EG3M";"0.491"
"2022-11";"SOFR";"3.82"
"2022-11";"TONA";"-0.079"
"2022-11";"SONIA";"2.9273"
"2022-11";"ESTR";"1.391"
"2022-11";"EURIBOR";"1.973"
"2022-12";"SARON";"0.942118"
"2022-12";"1TGT";"0.24"
"2022-12";"EG3M";"0.868"
"2022-12";"SOFR";"4.3"
"2022-12";"TONA";"-0.022"
"2022-12";"SONIA";"3.4282"
"2022-12";"ESTR";"1.89"
"2022-12";"EURIBOR";"2.132"
"2023-01";"SARON";"0.946142"
"2023-01";"1TGT";"0.45"
"2023-01";"EG3M";"1.131"
"2023-01";"SOFR";"4.31"
"2023-01";"TONA";"-0.014"
"2023-01";"SONIA";"3.4269"
"2023-01";"ESTR";"1.894"
"2023-01";"EURIBOR";"2.512"
"2023-02";"SARON";"0.937929"
"2023-02";"1TGT";"0.45"
"2023-02";"EG3M";"1.186"
"2023-02";"SOFR";"4.55"
"2023-02";"TONA";"-0.011"
"2023-02";"SONIA";"3.927"
"2023-02";"ESTR";"2.388"
"2023-02";"EURIBOR";"2.744"
"2023-03";"SARON";"1.418617"
"2023-03";"1TGT";"0.6"
"2023-03";"EG3M";"1.091"
"2023-03";"SOFR";"4.87"
"2023-03";"TONA";"-0.03"
"2023-03";"SONIA";"4.1777"
"2023-03";"ESTR";"2.884"
"2023-03";"EURIBOR";"3.038"
"2023-04";"SARON";"1.419656"
"2023-04";"1TGT";"0.9"
"2023-04";"EG3M";"1.306"
"2023-04";"SOFR";"4.81"
"2023-04";"TONA";"-0.073"
"2023-04";"SONIA";"4.1792"
"2023-04";"ESTR";"2.894"
"2023-04";"EURIBOR";"3.265"
"2023-05";"SARON";"1.441883"
"2023-05";"1TGT";"0.95"
"2023-05";"EG3M";"1.441"
"2023-05";"SOFR";"5.08"
"2023-05";"TONA";"-0.071"
"2023-05";"SONIA";"4.4278"
"2023-05";"ESTR";"3.144"
"2023-05";"EURIBOR";"3.463"
"2023-06";"SARON";"1.706544"
"2023-06";"1TGT";"1.2"
"2023-06";"EG3M";"1.649"
"2023-06";"SOFR";"5.09"
"2023-06";"TONA";"-0.077"
"2023-06";"SONIA";"4.9286"
"2023-06";"ESTR";"3.4"
"2023-06";"EURIBOR";"3.577"
"2023-07";"SARON";"1.702332"
"2023-07";"1TGT";"1.2"
"2023-07";"EG3M";"1.696"
"2023-07";"SOFR";"5.31"
"2023-07";"TONA";"-0.061"
"2023-07";"SONIA";"4.9304"
"2023-07";"ESTR";"3.392"
"2023-07";"EURIBOR";"3.715"
"2023-08";"SARON";"1.705343"
"2023-08";"1TGT";"1.2"
"2023-08";"EG3M";"1.728"
"2023-08";"SOFR";"5.31"
"2023-08";"TONA";"-0.056"
"2023-08";"SONIA";"5.1852"
"2023-08";"ESTR";"3.646"
"2023-08";"EURIBOR";"3.795"
"2023-09";"SARON";"1.714893"
"2023-09";"1TGT";"1.2"
"2023-09";"EG3M";"1.792"
"2023-09";"SOFR";"5.31"
"2023-09";"TONA";"-0.062"
"2023-09";"SONIA";"5.1867"
"2023-09";"ESTR";"3.88"
"2023-09";"EURIBOR";"3.952"
"2023-10";"SARON";"1.704967"
"2023-10";"1TGT";"1.2"
"2023-10";"EG3M";"1.569"
"2023-10";"SOFR";"5.35"
"2023-10";"TONA";"-0.02"
"2023-10";"SONIA";"5.1861"
"2023-10";"ESTR";"3.882"
"2023-10";"EURIBOR";"3.972"
"2023-11";"SARON";"1.701526"
"2023-11";"1TGT";"1.63"
"2023-11";"EG3M";"1.609"
"2023-11";"SOFR";"5.33"
"2023-11";"TONA";"-0.022"
"2023-11";"SONIA";"5.1881"
"2023-11";"ESTR";"3.891"
"2023-11";"EURIBOR";"3.964"
"2023-12";"SARON";"1.695237"
"2023-12";"1TGT";"1.6"
"2023-12";"EG3M";"1.677"
"2023-12";"SOFR";"5.38"
"2023-12";"TONA";"-0.039"
"2023-12";"SONIA";"5.1869"
"2023-12";"ESTR";"3.882"
"2023-12";"EURIBOR";"3.909"
"2024-01";"SARON";"1.698236"
"2024-01";"1TGT";"1.45"
"2024-01";"EG3M";"1.625"
"2024-01";"SOFR";"5.32"
"2024-01";"TONA";"-0.011"
"2024-01";"SONIA";"5.1881"
"2024-01";"ESTR";"3.894"
"2024-01";"EURIBOR";"3.905"
"2024-02";"SARON";"1.697838"
"2024-02";"1TGT";"1.5"
"2024-02";"EG3M";"1.573"
"2024-02";"SOFR";"5.32"
"2024-02";"TONA";"-0.005"
"2024-02";"SONIA";"5.1885"
"2024-02";"ESTR";"3.887"
"2024-02";"EURIBOR";"3.937"
"2024-03";"SARON";"1.464207"
"2024-03";"1TGT";"1.34"
"2024-03";"EG3M";"1.589"
"2024-03";"SOFR";"5.34"
"2024-03";"TONA";"0.074"
"2024-03";"SONIA";"5.1911"
"2024-03";"ESTR";"3.899"
"2024-03";"EURIBOR";"3.892"
"2024-04";"SARON";"1.444518"
"2024-04";"1TGT";"1.3"
"2024-04";"EG3M";"1.307"
"2024-04";"SOFR";"5.34"
"2024-04";"TONA";"0.076"
"2024-04";"SONIA";"5.1998"
"2024-04";"ESTR";"3.889"
"2024-04";"EURIBOR";"3.825"
"2024-05";"SARON";"1.450122"
"2024-05";"1TGT";"1.27"
"2024-05";"EG3M";"1.298"
"2024-05";"SOFR";"5.34"
"2024-05";"TONA";"0.077"
"2024-05";"SONIA";"5.2"
"2024-05";"ESTR";"3.892"
"2024-05";"EURIBOR";"3.785"
"2024-06";"SARON";"1.215794"
"2024-06";"1TGT";"0.92"
"2024-06";"EG3M";"1.234"
"2024-06";"SOFR";"5.33"
"2024-06";"TONA";"0.076"
"2024-06";"SONIA";"5.2"
"2024-06";"ESTR";"3.656"
"2024-06";"EURIBOR";"3.711"
"2024-07";"SARON";"1.21096"
"2024-07";"1TGT";"0.93"
"2024-07";"EG3M";"1.079"
"2024-07";"SOFR";"5.38"
"2024-07";"TONA";"0.079"
"2024-07";"SONIA";"5.2"
"2024-07";"ESTR";"3.653"
"2024-07";"EURIBOR";"3.647"
"2024-08";"SARON";"1.217226"
"2024-08";"1TGT";"1.08"
"2024-08";"EG3M";"0.888"
"2024-08";"SOFR";"5.32"
"2024-08";"TONA";"0.227"
"2024-08";"SONIA";"4.95"
"2024-08";"ESTR";"3.654"
"2024-08";"EURIBOR";"3.49"
"2024-09";"SARON";"0.957401"
"2024-09";"1TGT";"0.64"
"2024-09";"EG3M";"0.84"
"2024-09";"SOFR";"4.96"
"2024-09";"TONA";"0.225"
"2024-09";"SONIA";"4.95"
"2024-09";"ESTR";"3.41"
"2024-09";"EURIBOR";"3.279"
"2024-10";"SARON";"0.949059"
"2024-10";"1TGT";"0.85"
"2024-10";"EG3M";"0.678"
"2024-10";"SOFR";"4.9"
"2024-10";"TONA";"0.227"
"2024-10";"SONIA";"4.95"
"2024-10";"ESTR";"3.155"
"2024-10";"EURIBOR";"3.062"
"2024-11";"SARON";"0.942743"
"2024-11";"1TGT";"0.73"
"2024-11";"EG3M";"0.559"
"2024-11";"SOFR";"4.59"
"2024-11";"TONA";"0.227"
"2024-11";"SONIA";"4.7"
"2024-11";"ESTR";"3.163"
"2024-11";"EURIBOR";"2.934"
"2024-12";"SARON";"0.451195"
"2024-12";"1TGT";"0.16"
"2024-12";"EG3M";"0.352"
"2024-12";"SOFR";"4.49"
"2024-12";"TONA";"0.227"
"2024-12";"SONIA";"4.7003"
"2024-12";"ESTR";"2.905"
"2024-12";"EURIBOR";"2.714"
"2025-01";"SARON";"0.430306"
"2025-01";"1TGT";"0.23"
"2025-01";"EG3M";"0.157"
"2025-01";"SOFR";"4.38"
"2025-01";"TONA";"0.477"
"2025-01";"SONIA";"4.7037"
"2025-01";"ESTR";"2.912"
"2025-01";"EURIBOR";"2.589"
"2025-02";"SARON";"0.428856"
"2025-02";"1TGT";"0.2"
"2025-02";"EG3M";"0.2"
"2025-02";"SOFR";"4.39"
"2025-02";"TONA";"0.477"
"2025-02";"SONIA";"4.4552"
"2025-02";"ESTR";"2.658"
"2025-02";"EURIBOR";"2.464"
"2025-03";"SARON";"0.206315"
"2025-03";"1TGT";"0.15"
"2025-03";"EG3M";"0.178"
"2025-03";"SOFR";"4.41"
"2025-03";"TONA";"0.476"
"2025-03";"SONIA";"4.4554"
"2025-03";"ESTR";"2.415"
"2025-03";"EURIBOR";"2.336"
"2025-04";"SARON";"0.197924"
"2025-04";"1TGT";"0.06"
"2025-04";"EG3M";"-0.008"
"2025-04";"SOFR";"4.41"
"2025-04";"TONA";"0.476"
"2025-04";"SONIA";"4.4592"
"2025-04";"ESTR";"2.156"
"2025-04";"EURIBOR";"2.156"
"2025-05";"SARON";"0.207065"
"2025-05";"1TGT";"0.03"
"2025-05";"EG3M";"-0.092"
"2025-05";"SOFR";"4.35"
"2025-05";"TONA";"0.476"
"2025-05";"SONIA";"4.2111"
"2025-05";"ESTR";"2.161"
"2025-05";"EURIBOR";"1.995"
"2025-06";"SARON";"-0.031727"
"2025-06";"1TGT";"-0.2"
"2025-06";"EG3M";"-0.138"
"2025-06";"SOFR";"4.45"
"2025-06";"TONA";"0.477"
"2025-06";"SONIA";"4.2171"
"2025-06";"ESTR";"1.921"
"2025-06";"EURIBOR";"1.944"
"2025-07";"SARON";"-0.0327"
"2025-07";"1TGT";"-0.2"
"2025-07";"EG3M";"-0.249"
"2025-07";"SOFR";"4.39"
"2025-07";"TONA";"0.478"
"2025-07";"SONIA";"4.217"
"2025-07";"ESTR";"1.919"
"2025-07";"EURIBOR";"2.008"
"2025-08";"SARON";"-0.06214"
"2025-08";"1TGT";"-0.2"
"2025-08";"EG3M";"-0.083"
"2025-08";"SOFR";"4.34"
"2025-08";"TONA";"0.477"
"2025-08";"SONIA";"3.9665"
"2025-08";"ESTR";"1.92"
"2025-08";"EURIBOR";"2.061"
"2025-09";"SARON";"-0.045082"
"2025-09";"1TGT";"-0.24"
"2025-09";"EG3M";"-0.091"
"2025-09";"SOFR";"4.24"
"2025-09";"TONA";"0.477"
"2025-09";"SONIA";"3.9671"
"2025-09";"ESTR";"1.916"
"2025-09";"EURIBOR";"2.032"
"2025-10";"SARON";"-0.049317"
"2025-10";"1TGT";"-0.2"
"2025-10";"EG3M";"-0.115"
"2025-10";"SOFR";"4.22"
"2025-10";"TONA";"0.477"
"2025-10";"SONIA";"3.9689"
"2025-10";"ESTR";"1.921"
"2025-10";"EURIBOR";"2.04"
"2025-11";"SARON";"-0.053351"
"2025-11";"1TGT";"-0.2"
"2025-11";"EG3M";"-0.059"
"2025-11";"SOFR";"4.12"
"2025-11";"TONA";"0.477"
"2025-11";"SONIA";"3.9693"
"2025-11";"ESTR";"1.925"
"2025-11";"EURIBOR";"2.06"
"2025-12";"SARON";"-0.079228"
"2025-12";"1TGT";"-0.3"
"2025-12";"EG3M";"-0.041"
"2025-12";"SOFR";"3.87"
"2025-12";"TONA";"0.727"
"2025-12";"SONIA";"3.7257"
"2025-12";"ESTR";"1.921"
"2025-12";"EURIBOR";"2.026"
"2026-01";"SARON";"-0.074428"
"2026-01";"1TGT";"-0.2"
"2026-01";"EG3M";"-0.047"
"2026-01";"SOFR";"3.68"
"2026-01";"TONA";"0.727"
"2026-01";"SONIA";"3.7254"
"2026-01";"ESTR";"1.926"
"2026-01";"EURIBOR";"2.031"
"2026-02";"SARON";"-0.076166"
"2026-02";"1TGT";"-0.16"
"2026-02";"EG3M";"-0.075"
"2026-02";"SOFR";"3.68"
"2026-02";"TONA";"0.727"
"2026-02";"SONIA";"3.7267"
"2026-02";"ESTR";"1.93"
"2026-02";"EURIBOR";"2.013"
"2026-03";"SARON";"-0.066425"
"2026-03";"1TGT";"-0.35"
"2026-03";"EG3M";"-0.051"
"2026-03";"SOFR";"3.68"
"2026-03";"TONA";"0.727"
"2026-03";"SONIA";"3.7296"
"2026-03";"ESTR";"1.929"
"2026-03";"EURIBOR";"2.079"
"2026-04";"SARON";"-0.046989"
"2026-04";"1TGT";"-0.3"
"2026-04";"EG3M";"-0.055"
"2026-04";"SOFR";"3.66"
"2026-04";"TONA";"0.727"
"2026-04";"SONIA";"3.7299"
"2026-04";"ESTR";"1.93"
"2026-04";"EURIBOR";"2.199"
"2026-05";"SARON";"-0.055974"
"2026-05";"1TGT";"-0.25"
"2026-05";"EG3M";"-0.087"
"2026-05";"SOFR";"3.63"
"2026-05";"TONA";"0.727"
"2026-05";"SONIA";"3.7302"
"2026-05";"ESTR";"1.93"
"2026-05";"EURIBOR";"2.268"
"2026-06";"SARON";"-0.043903"
"2026-06";"1TGT";"-0.37"
"2026-06";"EG3M";"-0.075"
"2026-06";"SOFR";
"2026-06";"TONA";"0.976"
"2026-06";"SONIA";"3.7292"
"2026-06";"ESTR";"2.182"
"2026-06";"EURIBOR";"2.324"
