case_id,case_kind,hypothesis_id,run_id,side,direction,stratum,anomaly_tag,image,image_sha256,position_id,entry_time_server,entry,sl,tp,exit_time_server,exit,net_usd,net_R,hold_minutes,decision_bar_server,decision_bar_utc,failed_gates,active_gates,normalized_distance,near_miss_rank,offline_full_signal_unexecuted,trade_fields_forbidden,telemetry_planned_stop,telemetry_planned_target
009-E001-P8,EXECUTED,HYP-MZMS-XAU-M5-009,20260722_023841,SELL,-1,LOSER,,009-E001-P8_forensics.png,5354FAA9B7F2AA6F818689C7642D5A6212751C8A6FE6A846755CCC924A65C20A,8,2018.02.08 17:20:00,1312.82,1316.78,1306.484,2018.02.08 18:18:30,1316.78,-7.98,-0.7980274521443538,58.5,2018.02.08 17:20:00,2018.02.08 15:20:00,,,,,,False,1316.78,1306.48
009-E002-P22,EXECUTED,HYP-MZMS-XAU-M5-009,20260722_023841,SELL,-1,WINNER,TIME_EXIT_LIKE,009-E002-P22_forensics.png,D6462F26EAAA005DE37D820A136F1C91B3728B4B557E3FED25332ECF9710F880,22,2018.03.21 12:40:00,1315.84,1317.51,1313.168,2018.03.21 13:55:00,1315.59,1.1099999999999999,0.11101718546030924,75.0,2018.03.21 12:40:00,2018.03.21 10:40:00,,,,,,False,1317.51,1313.17
009-E003-P34,EXECUTED,HYP-MZMS-XAU-M5-009,20260722_023841,BUY,1,LOSER,QUICK_ADVERSE,009-E003-P34_forensics.png,FC96559CCF3684CBA1D1C4A8F5F542A9B397FDD7F20C92A458C26C3B5638FDD6,34,2018.04.04 13:20:00,1344.63,1342.3400000000001,1348.294,2018.04.04 13:25:41,1342.32,-9.34,-0.934213374334698,5.683333333333334,2018.04.04 13:20:00,2018.04.04 10:20:00,,,,,,False,1342.34,1348.29
009-E004-P50,EXECUTED,HYP-MZMS-XAU-M5-009,20260722_023841,SELL,-1,WINNER,TIME_EXIT_LIKE,009-E004-P50_forensics.png,0624F097966C3094D014E6A1C90F48E4B79EC2DCDD2D5D3F142EDBF42D1FF357,50,2018.04.25 13:10:00,1324.16,1325.49,1322.0320000000002,2018.04.25 14:25:00,1323.9,1.64,0.16406359104789014,75.0,2018.04.25 13:10:00,2018.04.25 10:10:00,,,,,,False,1325.49,1322.03
009-E005-P56,EXECUTED,HYP-MZMS-XAU-M5-009,20260722_023841,BUY,1,ANOMALY:TIME_EXIT_LIKE,TIME_EXIT_LIKE,009-E005-P56_forensics.png,EBE1AFA03EF33BE037F626A9826AEB5A7E9A81F8160C29AF7944F4FD38401D16,56,2018.05.07 11:45:00,1313.91,1311.68,1317.478,2018.05.07 13:00:00,1313.65,-1.1400000000000001,-0.11403707345257945,75.0,2018.05.07 11:45:00,2018.05.07 08:45:00,,,,,,False,1311.68,1317.48
009-E006-P92,EXECUTED,HYP-MZMS-XAU-M5-009,20260722_023841,SELL,-1,FILL:LOSER,TIME_EXIT_LIKE,009-E006-P92_forensics.png,353241C8C10B65FC5E182EAC5FDAF04FE8308D16F513633E402D30156786215A,92,2018.06.08 18:10:00,1297.95,1299.3700000000001,1295.678,2018.06.08 19:25:00,1298.93,-7.04,-0.704529524390532,75.0,2018.06.08 18:10:00,2018.06.08 15:10:00,,,,,,False,1299.37,1295.68
009-E007-P94,EXECUTED,HYP-MZMS-XAU-M5-009,20260722_023841,SELL,-1,LOSER,TIME_EXIT_LIKE,009-E007-P94_forensics.png,A8F374CCAC5EE2352FEACAAC059AEDC2E50750C2C3716C02BDA88C40BFAA9187,94,2018.06.11 12:35:00,1294.98,1296.7,1292.228,2018.06.11 13:50:00,1295.26,-1.52,-0.15212504678846012,75.0,2018.06.11 12:35:00,2018.06.11 09:35:00,,,,,,False,1296.7,1292.23
009-E008-P114,EXECUTED,HYP-MZMS-XAU-M5-009,20260722_023841,BUY,1,FILL:WINNER,TIME_EXIT_LIKE,009-E008-P114_forensics.png,250ECE9E5F3FE6C85DD176BD418D94A393B8AF43FBB91677F733A08D50A8C847,114,2018.07.02 13:45:00,1249.02,1247.8799999999999,1250.844,2018.07.02 15:00:00,1249.14,0.76,0.07608397388197354,75.0,2018.07.02 13:45:00,2018.07.02 10:45:00,,,,,,False,1247.88,1250.84
009-E009-P138,EXECUTED,HYP-MZMS-XAU-M5-009,20260722_023841,SELL,-1,FILL:LOSER,,009-E009-P138_forensics.png,A394676DE89AB00C6C03365D365D3583BFA40194D5B3E7736FFD0973F2CC41CC,138,2018.07.26 14:40:00,1227.58,1228.6799999999998,1225.82,2018.07.26 15:03:26,1228.69,-10.209999999999999,-1.0220025845354292,23.433333333333334,2018.07.26 14:40:00,2018.07.26 11:40:00,,,,,,False,1228.68,1225.82
009-E010-P188,EXECUTED,HYP-MZMS-XAU-M5-009,20260722_023841,SELL,-1,ANOMALY:TIME_EXIT_LIKE,TIME_EXIT_LIKE,009-E010-P188_forensics.png,BFE3C71E58E979E55B2A57B4E76509ABC52813088F277B744B92C3EBDC7E9482,188,2018.09.13 13:15:00,1205.29,1206.81,1202.858,2018.09.13 14:30:00,1205.81,-3.26,-0.32652541204051433,75.0,2018.09.13 13:15:00,2018.09.13 10:15:00,,,,,,False,1206.81,1202.86
009-E011-P202,EXECUTED,HYP-MZMS-XAU-M5-009,20260722_023841,BUY,1,LOSER,,009-E011-P202_forensics.png,F38FFAFA56039651DC060812AB566BE9C8678699CC45625DD82CC4C40B5C2637,202,2018.10.01 19:35:00,1190.17,1188.42,1192.97,2018.10.01 20:24:25,1188.42,-8.870000000000001,-0.8887647312503709,49.416666666666664,2018.10.01 19:35:00,2018.10.01 16:35:00,,,,,,False,1188.42,1192.97
009-E012-P218,EXECUTED,HYP-MZMS-XAU-M5-009,20260722_023841,BUY,1,WINNER,TIME_EXIT_LIKE,009-E012-P218_forensics.png,4579B312B753AC6DF68669B4EF36A5A580FB3499D51CA1D59BFA981258A18067,218,2018.10.19 12:05:00,1227.27,1225.6399999999999,1229.878,2018.10.19 13:20:00,1228.47,7.06,0.7074672871535564,75.0,2018.10.19 12:05:00,2018.10.19 09:05:00,,,,,,False,1225.64,1229.88
009-E013-P246,EXECUTED,HYP-MZMS-XAU-M5-009,20260722_023841,BUY,1,ANOMALY:TIME_EXIT_LIKE,TIME_EXIT_LIKE,009-E013-P246_forensics.png,B03779ABE80FCBA43A3358DD1E472FF6AB129F1DED0EAB1A084134C3D6C85F06,246,2018.11.14 14:30:00,1201.08,1198.83,1204.6799999999998,2018.11.14 15:45:00,1200.6,-2.02,-0.2023672560963637,75.0,2018.11.14 14:30:00,2018.11.14 12:30:00,,,,,,False,1198.83,1204.68
009-E014-P250,EXECUTED,HYP-MZMS-XAU-M5-009,20260722_023841,SELL,-1,ANOMALY:TIME_EXIT_LIKE,TIME_EXIT_LIKE,009-E014-P250_forensics.png,8079DF0E958A60EC1061C453A5F6263BE4D6270D0CC7021F2088B112B17BD764,250,2018.11.15 14:05:00,1209.68,1211.5,1206.768,2018.11.15 15:20:00,1209.7,-0.22,-0.022040978587389674,75.0,2018.11.15 14:05:00,2018.11.15 12:05:00,,,,,,False,1211.5,1206.77
009-E015-P268,EXECUTED,HYP-MZMS-XAU-M5-009,20260722_023841,BUY,1,WINNER,TIME_EXIT_LIKE,009-E015-P268_forensics.png,94BC383920C1B70BCB495B22E24873F3C5DED09249DAF9C44411CBC3CBAE3DD3,268,2018.12.06 10:55:00,1236.87,1234.9199999999998,1239.9899999999998,2018.12.06 12:10:00,1237.41,2.58,0.2585929277239783,75.0,2018.12.06 10:55:00,2018.12.06 08:55:00,,,,,,False,1234.92,1239.99
009-E016-P284,EXECUTED,HYP-MZMS-XAU-M5-009,20260722_023841,BUY,1,FILL:LOSER,TIME_EXIT_LIKE,009-E016-P284_forensics.png,708A63468B788A88FA365D006CBF2517DB3C7F85995FCB72421ED0B4DAED151F,284,2018.12.26 12:55:00,1273.56,1271.69,1276.552,2018.12.26 14:10:00,1272.19,-6.97,-0.6987363598542378,75.0,2018.12.26 12:55:00,2018.12.26 10:55:00,,,,,,False,1271.69,1276.55
009-E017-P302,EXECUTED,HYP-MZMS-XAU-M5-009,20260722_023841,SELL,-1,LOSER,TIME_EXIT_LIKE,009-E017-P302_forensics.png,5BB8136A54D1B4EBC9658EC480FC99825F9F4F74EA85099B8EEAA337B53778E7,302,2019.01.30 12:25:00,1312.91,1314.64,1310.142,2019.01.30 13:40:00,1313.9,-5.09,-0.5103940392393744,75.0,2019.01.30 12:25:00,2019.01.30 10:25:00,,,,,,False,1314.64,1310.14
009-E018-P304,EXECUTED,HYP-MZMS-XAU-M5-009,20260722_023841,SELL,-1,WINNER,TIME_EXIT_LIKE,009-E018-P304_forensics.png,E70B503E9C40EE24BEE4B61BF6E93DFD3B7994BCE9175620CD246B299EE500DE,304,2019.01.30 14:55:00,1312.66,1314.27,1310.084,2019.01.30 16:09:33,1310.07,15.38,1.542290961914238,74.55,2019.01.30 14:55:00,2019.01.30 12:55:00,,,,,,False,1314.27,1310.08
009-E019-P332,EXECUTED,HYP-MZMS-XAU-M5-009,20260722_023841,BUY,1,LOSER,TIME_EXIT_LIKE,009-E019-P332_forensics.png,67686E3363CB78938B88213B7B8AE0AF55CD0D261715669E804E1187AD250809,332,2019.02.28 13:30:00,1326.94,1324.0,1331.644,2019.02.28 14:45:00,1324.99,-5.93,-0.5947922279412325,75.0,2019.02.28 13:30:00,2019.02.28 11:30:00,,,,,,False,1324.0,1331.64
009-E020-P350,EXECUTED,HYP-MZMS-XAU-M5-009,20260722_023841,SELL,-1,LOSER,TIME_EXIT_LIKE,009-E020-P350_forensics.png,DA666E0D2935451445A0EC732D61201FCF86016D494952113222129C2EC0ED58,350,2019.03.21 18:20:00,1306.54,1311.37,1298.812,2019.03.21 19:35:00,1307.57,-2.1199999999999997,-0.21265126576653656,75.0,2019.03.21 18:20:00,2019.03.21 16:20:00,,,,,,False,1311.37,1298.81
009-E021-P370,EXECUTED,HYP-MZMS-XAU-M5-009,20260722_023841,BUY,1,WINNER,TIME_EXIT_LIKE,009-E021-P370_forensics.png,0C58D69EC989868B45D29567D0847278BA5126F7CBA8D7B5901E35BD559DB3EC,370,2019.04.10 18:15:00,1308.15,1305.5,1312.39,2019.04.10 19:30:00,1308.95,2.32,0.23271560047144968,75.0,2019.04.10 18:15:00,2019.04.10 15:15:00,,,,,,False,1305.5,1312.39
009-E022-P404,EXECUTED,HYP-MZMS-XAU-M5-009,20260722_023841,SELL,-1,WINNER,TIME_EXIT_LIKE,009-E022-P404_forensics.png,F72C5E946730BAB2A783B7ADC7F1E630C328EDAB8C6549414707AA8146BEB88D,404,2019.06.04 11:40:00,1326.13,1329.4,1320.8980000000001,2019.06.04 12:55:00,1325.04,3.19,0.3199980739927835,75.0,2019.06.04 11:40:00,2019.06.04 08:40:00,,,,,,False,1329.4,1320.9
009-E023-P418,EXECUTED,HYP-MZMS-XAU-M5-009,20260722_023841,BUY,1,WINNER,TIME_EXIT_LIKE,009-E023-P418_forensics.png,15FBD870DA0A7D3254FD859FC5FABA8C729C74554423000C0779E45A303037CE,418,2019.06.12 17:45:00,1334.56,1331.77,1339.024,2019.06.12 19:00:00,1335.37,2.35,0.23568724042435338,75.0,2019.06.12 17:45:00,2019.06.12 14:45:00,,,,,,False,1331.77,1339.02
009-E024-P454,EXECUTED,HYP-MZMS-XAU-M5-009,20260722_023841,SELL,-1,ANOMALY:TIME_EXIT_LIKE,TIME_EXIT_LIKE,009-E024-P454_forensics.png,DF370CAD20199B7D54128DF7B8CCA1B57AF45A02FB4E3C55DA76317B7BB8718B,454,2019.07.22 11:55:00,1426.11,1428.1299999999999,1422.878,2019.07.22 13:10:00,1425.79,1.16,0.11635357524445283,75.0,2019.07.22 11:55:00,2019.07.22 08:55:00,,,,,,False,1428.13,1422.88
009-E025-P486,EXECUTED,HYP-MZMS-XAU-M5-009,20260722_023841,BUY,1,ANOMALY:TIME_EXIT_LIKE,TIME_EXIT_LIKE,009-E025-P486_forensics.png,F2895846DAB19EE55A629B0A97150C41C8B7F8E77AC7B59CC91C1A16A028DF77,486,2019.08.26 12:55:00,1531.91,1525.2,1542.6460000000002,2019.08.26 14:10:00,1531.48,-0.47000000000000003,-0.04712940320237276,75.0,2019.08.26 12:55:00,2019.08.26 09:55:00,,,,,,False,1525.2,1542.65
009-E026-P494,EXECUTED,HYP-MZMS-XAU-M5-009,20260722_023841,BUY,1,FILL:LOSER,,009-E026-P494_forensics.png,E26BD2A07AEB226504E8DE17CAE0AEC6EAEE2C3BE8891E1C1B26CF368011B723,494,2019.09.02 18:50:00,1527.95,1523.9,1534.43,2019.09.03 01:05:00,1526.91,-5.11,-0.5125013213708237,375.0,2019.09.02 18:50:00,2019.09.02 15:50:00,,,,,,False,1523.9,1534.43
009-E027-P522,EXECUTED,HYP-MZMS-XAU-M5-009,20260722_023841,SELL,-1,FILL:WINNER,TIME_EXIT_LIKE,009-E027-P522_forensics.png,38648B376A6CA4F3523A1A178F6229493C7BF4E6D3F097382D3DAE0F416DFD1C,522,2019.09.20 14:35:00,1502.05,1504.1499999999999,1498.69,2019.09.20 15:50:00,1500.67,5.4,0.5417965431574558,75.0,2019.09.20 14:35:00,2019.09.20 11:35:00,,,,,,False,1504.15,1498.69
009-E028-P564,EXECUTED,HYP-MZMS-XAU-M5-009,20260722_023841,BUY,1,LOSER,,009-E028-P564_forensics.png,4D49DBDA1DCC79D745A52067BAC8A0FD9925CFAD5E12508C6CE1448B23FA5D54,564,2019.11.21 14:05:00,1470.15,1468.13,1473.382,2019.11.21 15:07:30,1468.09,-8.360000000000001,-0.8388961210788005,62.5,2019.11.21 14:05:00,2019.11.21 12:05:00,,,,,,False,1468.13,1473.38
009-E029-P584,EXECUTED,HYP-MZMS-XAU-M5-009,20260722_023841,SELL,-1,WINNER,,009-E029-P584_forensics.png,0A17A914A170939EF0C4A209CDD7ADCC0EAAF7BD8BBA7FC5497CA4880B5A4251,584,2020.01.08 18:10:00,1568.78,1574.82,1559.116,2020.01.08 18:38:41,1559.11,9.63,0.9664476085539947,28.683333333333334,2020.01.08 18:10:00,2020.01.08 16:10:00,,,,,,False,1574.82,1559.12
009-E030-P600,EXECUTED,HYP-MZMS-XAU-M5-009,20260722_023841,BUY,1,LOSER,,009-E030-P600_forensics.png,43CF06D08AC76D61A2A0F2332484D7505948470C33076F0C336E62D4B780BB5B,600,2020.02.03 13:00:00,1580.92,1578.19,1585.288,2020.02.03 13:49:52,1578.19,-8.290000000000001,-0.8320049522861721,49.86666666666667,2020.02.03 13:00:00,2020.02.03 11:00:00,,,,,,False,1578.19,1585.29
009-E031-P608,EXECUTED,HYP-MZMS-XAU-M5-009,20260722_023841,BUY,1,FILL:LOSER,TIME_EXIT_LIKE,009-E031-P608_forensics.png,47E4B7E7323037130C9D493DBF3FFDAC3B0A51F4C5E10BAD16319B7620B4DD10,608,2020.02.14 11:35:00,1576.68,1574.8400000000001,1579.624,2020.02.14 12:50:00,1575.4,-6.5600000000000005,-0.6583833477187419,75.0,2020.02.14 11:35:00,2020.02.14 09:35:00,,,,,,False,1574.84,1579.62
009-E032-P634,EXECUTED,HYP-MZMS-XAU-M5-009,20260722_023841,BUY,1,WINNER,,009-E032-P634_forensics.png,E22B22672593D8217CD021A94CFC5C6F1579CD20526BB2E33FD49B463C559A9F,634,2020.04.06 14:00:00,1637.09,1633.57,1642.722,2020.04.06 14:55:35,1642.75,11.26,1.1302281836349783,55.583333333333336,2020.04.06 14:00:00,2020.04.06 11:00:00,,,,,,False,1633.57,1642.72
009-E033-P658,EXECUTED,HYP-MZMS-XAU-M5-009,20260722_023841,BUY,1,ANOMALY:TIME_EXIT_LIKE,TIME_EXIT_LIKE,009-E033-P658_forensics.png,16BC4BF67BA8ED1EFB339C0E2ECC3F722E7963D7583E43025F80EDD0C0334012,658,2020.05.01 13:30:00,1678.05,1673.0,1686.1299999999999,2020.05.01 14:45:00,1679.59,1.5,0.15060569090712117,75.0,2020.05.01 13:30:00,2020.05.01 10:30:00,,,,,,False,1673.0,1686.13
009-E034-P678,EXECUTED,HYP-MZMS-XAU-M5-009,20260722_023841,SELL,-1,LOSER,TIME_EXIT_LIKE,009-E034-P678_forensics.png,E56E5886624A7663F5248AE101D948B5B694CDC99BEA83ECF6FA225F28854270,678,2020.06.18 17:05:00,1720.45,1726.93,1710.082,2020.06.18 18:20:00,1723.64,-3.23,-0.3243417694661043,75.0,2020.06.18 17:05:00,2020.06.18 14:05:00,,,,,,False,1726.93,1710.08
009-E035-P684,EXECUTED,HYP-MZMS-XAU-M5-009,20260722_023841,BUY,1,LOSER,,009-E035-P684_forensics.png,403D7374D1B10A35B7793B32EA1486D57CE444226F19E52EF43EC4D1E22E0F37,684,2020.06.29 11:55:00,1771.31,1768.82,1775.2939999999999,2020.06.29 12:10:35,1768.76,-7.75,-0.7782832657850407,15.583333333333334,2020.06.29 11:55:00,2020.06.29 08:55:00,,,,,,False,1768.82,1775.29
009-E036-P716,EXECUTED,HYP-MZMS-XAU-M5-009,20260722_023841,SELL,-1,LOSER,,009-E036-P716_forensics.png,62C21FE3E7AFDB73388BFC1702B724C40A64C6E7AF39C33C069B6919FDD16DA8,716,2020.08.19 14:30:00,1985.01,1988.72,1979.074,2020.08.19 15:03:39,1988.76,-7.58,-0.7614095921536641,33.65,2020.08.19 14:30:00,2020.08.19 11:30:00,,,,,,False,1988.72,1979.07
009-E037-P730,EXECUTED,HYP-MZMS-XAU-M5-009,20260722_023841,SELL,-1,WINNER,TIME_EXIT_LIKE,009-E037-P730_forensics.png,3EF78544118F9F8B79D284B43E78280D067369F52921369BD43A2D9C4D06CAB7,730,2020.09.14 12:30:00,1943.73,1947.34,1937.954,2020.09.14 13:45:00,1943.57,0.24000000000000002,0.024100866948352246,75.0,2020.09.14 12:30:00,2020.09.14 09:30:00,,,,,,False,1947.34,1937.95
009-E038-P748,EXECUTED,HYP-MZMS-XAU-M5-009,20260722_023841,BUY,1,WINNER,,009-E038-P748_forensics.png,961672CEA007710364CDFFFC022E9CA51DDC4AF981E677FA576D9EE7531C4FAE,748,2020.09.28 14:45:00,1861.99,1856.31,1871.078,2020.09.28 15:34:31,1871.11,9.08,0.9118406729143151,49.516666666666666,2020.09.28 14:45:00,2020.09.28 11:45:00,,,,,,False,1856.31,1871.08
009-E039-P752,EXECUTED,HYP-MZMS-XAU-M5-009,20260722_023841,SELL,-1,FILL:LOSER,,009-E039-P752_forensics.png,471A37064DF70E40E68F6CEC21D40DCA2E2B918BE02E0EB99A509F0995BBDD25,752,2020.09.29 13:50:00,1881.89,1885.6200000000001,1875.922,2020.09.29 13:57:53,1885.63,-7.56,-0.7591285204585135,7.883333333333334,2020.09.29 13:50:00,2020.09.29 10:50:00,,,,,,False,1885.62,1875.92
009-E040-P800,EXECUTED,HYP-MZMS-XAU-M5-009,20260722_023841,SELL,-1,ANOMALY:TIME_EXIT_LIKE,TIME_EXIT_LIKE,009-E040-P800_forensics.png,7DDF03D3EB4B0FA8F56613BB88D7E9DF178B35A2C12031DBA608F6407F2D2CB6,800,2020.12.03 11:30:00,1837.12,1842.08,1829.184,2020.12.03 12:45:00,1838.4,-2.64,-0.26513136857598746,75.0,2020.12.03 11:30:00,2020.12.03 09:30:00,,,,,,False,1842.08,1829.18
009-E041-P866,EXECUTED,HYP-MZMS-XAU-M5-009,20260722_023841,SELL,-1,LOSER,TIME_EXIT_LIKE,009-E041-P866_forensics.png,4BC6CB593F9825502A30E9605CDF5258D655F32E3F7BA1A05F2E812D102AD69D,866,2021.02.26 13:15:00,1760.9,1766.1100000000001,1752.564,2021.02.26 14:30:00,1761.75,-0.89,-0.08939413875778307,75.0,2021.02.26 13:15:00,2021.02.26 11:15:00,,,,,,False,1766.11,1752.56
009-E042-P902,EXECUTED,HYP-MZMS-XAU-M5-009,20260722_023841,SELL,-1,WINNER,TIME_EXIT_LIKE,009-E042-P902_forensics.png,097C6D202A4CB4B1231B6052FA1A9D503D6FED078311AC6E42DFF1BA67A69F75,902,2021.04.22 11:20:00,1790.21,1793.21,1785.41,2021.04.22 12:35:00,1786.36,11.45,1.1502413045524542,75.0,2021.04.22 11:20:00,2021.04.22 08:20:00,,,,,,False,1793.21,1785.41
009-E043-P904,EXECUTED,HYP-MZMS-XAU-M5-009,20260722_023841,BUY,1,LOSER,,009-E043-P904_forensics.png,116DAB5E8EE708ACA43197DCA8E166D63D2F02042C081DC563DE7E605721E248,904,2021.05.04 14:45:00,1785.04,1781.47,1790.752,2021.05.04 14:51:30,1781.47,-7.22,-0.7252215792995645,6.5,2021.05.04 14:45:00,2021.05.04 11:45:00,,,,,,False,1781.47,1790.75
009-E044-P924,EXECUTED,HYP-MZMS-XAU-M5-009,20260722_023841,SELL,-1,LOSER,TIME_EXIT_LIKE,009-E044-P924_forensics.png,F69619CA343209E713748FE442D8977A2EA1688EE1C8972E2D504ECEF2C60318,924,2021.05.28 17:50:00,1893.61,1899.0,1884.9859999999999,2021.05.28 19:05:00,1897.21,-3.64,-0.3657299759321543,75.0,2021.05.28 17:50:00,2021.05.28 14:50:00,,,,,,False,1899.0,1884.99
009-E045-P932,EXECUTED,HYP-MZMS-XAU-M5-009,20260722_023841,SELL,-1,ANOMALY:TIME_EXIT_LIKE,TIME_EXIT_LIKE,009-E045-P932_forensics.png,515A08A9907D34FFC4A5C6E3C911C6AF232B6264654A647360C1A9D27A2DA55B,932,2021.06.04 11:25:00,1868.38,1871.9,1862.748,2021.06.04 12:40:00,1869.35,-2.02,-0.2029923075964545,75.0,2021.06.04 11:25:00,2021.06.04 08:25:00,,,,,,False,1871.9,1862.75
009-E046-P938,EXECUTED,HYP-MZMS-XAU-M5-009,20260722_023841,SELL,-1,WINNER,TIME_EXIT_LIKE,009-E046-P938_forensics.png,CAB2989DEE2EB1B3FD63BAB30E686AF6D84CBAF2DE8A3466A5E054099B91CC2B,938,2021.06.11 14:05:00,1890.37,1894.4399999999998,1883.858,2021.06.11 15:20:00,1888.74,3.18,0.31953000552545757,75.0,2021.06.11 14:05:00,2021.06.11 11:05:00,,,,,,False,1894.44,1883.86
009-E047-P994,EXECUTED,HYP-MZMS-XAU-M5-009,20260722_023841,BUY,1,ANOMALY:TIME_EXIT_LIKE,TIME_EXIT_LIKE,009-E047-P994_forensics.png,A7DE99778A722A683E80DF1E97FA4D6E093F8F7C54869CB2B23507ED18E21155,994,2021.09.01 12:35:00,1813.81,1810.36,1819.33,2021.09.01 13:50:00,1813.28,-1.1400000000000001,-0.11453833015171307,75.0,2021.09.01 12:35:00,2021.09.01 09:35:00,,,,,,False,1810.36,1819.33
009-E048-P1030,EXECUTED,HYP-MZMS-XAU-M5-009,20260722_023841,BUY,1,FILL:WINNER,TIME_EXIT_LIKE,009-E048-P1030_forensics.png,B7E88712826C34207902C39F9F61CE2F189FDBB977887BC8F496B709CD350CEE,1030,2021.10.20 14:00:00,1780.24,1777.6200000000001,1784.432,2021.10.20 15:12:05,1784.43,12.469999999999999,1.2519142642528982,72.08333333333333,2021.10.20 14:00:00,2021.10.20 11:00:00,,,,,,False,1777.62,1784.43
009-E049-P1054,EXECUTED,HYP-MZMS-XAU-M5-009,20260722_023841,BUY,1,WINNER,NEAR_FULL_TARGET,009-E049-P1054_forensics.png,6EDA7109B05EC1336597D19FE1882E1313F880BEDE0DDCB0A1F4EFF82EA6FF22,1054,2021.11.24 17:55:00,1785.26,1782.16,1790.22,2021.11.24 18:33:30,1790.25,14.87,1.4924734973040126,38.5,2021.11.24 17:55:00,2021.11.24 15:55:00,,,,,,False,1782.16,1790.22
009-E050-P1066,EXECUTED,HYP-MZMS-XAU-M5-009,20260722_023841,BUY,1,LOSER,,009-E050-P1066_forensics.png,95560E6196209D9DC763E5B8714F4C2241175E6B057DE13621C0DEDC223D70CC,1066,2021.12.20 14:25:00,1799.1,1794.54,1806.396,2021.12.20 15:29:42,1794.51,-9.26,-0.9293421933298722,64.7,2021.12.20 14:25:00,2021.12.20 12:25:00,,,,,,False,1794.54,1806.4
009-E051-P1068,EXECUTED,HYP-MZMS-XAU-M5-009,20260722_023841,SELL,-1,FILL:WINNER,TIME_EXIT_LIKE,009-E051-P1068_forensics.png,2B4C0BADA4CF585AEFCECABCA1DFA32B9CD0ABC97821F82A95A6899B697EE16B,1068,2021.12.23 12:30:00,1805.43,1807.77,1801.6860000000001,2021.12.23 13:45:00,1805.23,0.6599999999999999,0.0662443688522591,75.0,2021.12.23 12:30:00,2021.12.23 10:30:00,,,,,,False,1807.77,1801.69
009-E052-P1074,EXECUTED,HYP-MZMS-XAU-M5-009,20260722_023841,BUY,1,WINNER,TIME_EXIT_LIKE,009-E052-P1074_forensics.png,A47286DC5B11469BE500C0FB819633D81C2313B1E3722080229D3E8BC24EF271,1074,2021.12.30 18:15:00,1810.04,1805.78,1816.856,2021.12.30 19:30:00,1813.32,6.4799999999999995,0.6502977621126488,75.0,2021.12.30 18:15:00,2021.12.30 16:15:00,,,,,,False,1805.78,1816.86
009-E053-P1116,EXECUTED,HYP-MZMS-XAU-M5-009,20260722_023841,SELL,-1,LOSER,,009-E053-P1116_forensics.png,096449223BB360A93C131E5768F79C3A01BB73389F28D71A05CC2822DDD388C9,1116,2022.03.14 13:25:00,1954.78,1964.35,1939.468,2022.03.14 13:47:40,1964.36,-9.62,-0.9653866729875074,22.666666666666668,2022.03.14 13:25:00,2022.03.14 11:25:00,,,,,,False,1964.35,1939.47
009-E054-P1130,EXECUTED,HYP-MZMS-XAU-M5-009,20260722_023841,SELL,-1,LOSER,QUICK_ADVERSE,009-E054-P1130_forensics.png,0F08E9C9C2D8C705AA30AF8530111481E863AD6F3C0BABE66B7686E7DD7ADB90,1130,2022.03.28 14:00:00,1927.88,1932.63,1920.2800000000002,2022.03.28 14:13:28,1932.64,-9.6,-0.9634499214788314,13.466666666666667,2022.03.28 14:00:00,2022.03.28 11:00:00,,,,,,False,1932.63,1920.28
009-E055-P1138,EXECUTED,HYP-MZMS-XAU-M5-009,20260722_023841,BUY,1,ANOMALY:TIME_EXIT_LIKE,TIME_EXIT_LIKE,009-E055-P1138_forensics.png,2879A0200373626CD6BDD178F853E7B9A39B26991F27C955335E70D248EF6AA8,1138,2022.03.31 13:25:00,1927.7,1924.26,1933.204,2022.03.31 14:40:00,1930.11,4.74,0.47565661686521815,75.0,2022.03.31 13:25:00,2022.03.31 10:25:00,,,,,,False,1924.26,1933.2
009-E056-P1152,EXECUTED,HYP-MZMS-XAU-M5-009,20260722_023841,BUY,1,WINNER,TIME_EXIT_LIKE,009-E056-P1152_forensics.png,B460C9444AA04EBC3DA6A1629937653180656BCDD8ADCECFF00802B0DF3FD7D3,1152,2022.04.12 13:05:00,1954.81,1951.04,1960.8419999999999,2022.04.12 14:20:00,1956.71,3.7199999999999998,0.37327862861445593,75.0,2022.04.12 13:05:00,2022.04.12 10:05:00,,,,,,False,1951.04,1960.84
009-E057-P1186,EXECUTED,HYP-MZMS-XAU-M5-009,20260722_023841,BUY,1,LOSER,TIME_EXIT_LIKE,009-E057-P1186_forensics.png,6DB6AB096E5E92FBB317419BE986BC9C025D6E8D04CCBBEE48ED9A821691AA9B,1186,2022.05.18 12:35:00,1818.77,1813.55,1827.122,2022.05.18 13:50:00,1816.98,-1.83,-0.18358324396608025,75.0,2022.05.18 12:35:00,2022.05.18 09:35:00,,,,,,False,1813.55,1827.12
009-E058-P1212,EXECUTED,HYP-MZMS-XAU-M5-009,20260722_023841,BUY,1,FILL:LOSER,,009-E058-P1212_forensics.png,E686FC523E5D4CB59F09F5114DF29C501C9707337E52486B1929C42A44E4F260,1212,2022.06.17 18:40:00,1844.85,1839.2099999999998,1853.8739999999998,2022.06.17 19:35:48,1839.2,-5.6899999999999995,-0.5707582206988628,55.8,2022.06.17 18:40:00,2022.06.17 15:40:00,,,,,,False,1839.21,1853.87
009-E059-P1246,EXECUTED,HYP-MZMS-XAU-M5-009,20260722_023841,SELL,-1,FILL:LOSER,QUICK_ADVERSE,009-E059-P1246_forensics.png,0B180E066764EA7F54E1F68A5AC75B9F8BC1D5A62DB61559A9B6DB2EBDC6CD2A,1246,2022.08.01 15:10:00,1770.32,1773.61,1765.056,2022.08.01 15:18:39,1773.62,-10.0,-1.0039736272191708,8.65,2022.08.01 15:10:00,2022.08.01 12:10:00,,,,,,False,1773.61,1765.06
009-E060-P1248,EXECUTED,HYP-MZMS-XAU-M5-009,20260722_023841,BUY,1,WINNER,TIME_EXIT_LIKE,009-E060-P1248_forensics.png,4C9676D8BD718847D6913C1DD2946F3900C080EC3A15670326316ED6AFFAB5B1,1248,2022.08.04 11:55:00,1775.71,1772.3500000000001,1781.086,2022.08.04 13:10:00,1779.34,7.18,0.7209254433565967,75.0,2022.08.04 11:55:00,2022.08.04 08:55:00,,,,,,False,1772.35,1781.09
009-E061-P1298,EXECUTED,HYP-MZMS-XAU-M5-009,20260722_023841,SELL,-1,WINNER,NEAR_FULL_TARGET,009-E061-P1298_forensics.png,3BE409F9D6AF2156403C05F0C2ADD0E9EEFD36995E820155A6CC502485FE1E49,1298,2022.09.30 18:55:00,1670.98,1674.1200000000001,1665.9560000000001,2022.09.30 19:22:39,1665.95,14.989999999999998,1.5047534247194145,27.65,2022.09.30 18:55:00,2022.09.30 15:55:00,,,,,,False,1674.12,1665.96
009-E062-P1330,EXECUTED,HYP-MZMS-XAU-M5-009,20260722_023841,SELL,-1,WINNER,TIME_EXIT_LIKE,009-E062-P1330_forensics.png,4DB9D1C68AFE921D88BE6E2FB28FFEC8E8FD54B8D3EDDE0A326F6C7A13CADFA5,1330,2022.11.18 13:35:00,1762.2,1765.56,1756.824,2022.11.18 14:50:00,1760.55,3.2199999999999998,0.3231624800733197,75.0,2022.11.18 13:35:00,2022.11.18 11:35:00,,,,,,False,1765.56,1756.82
009-E063-P1338,EXECUTED,HYP-MZMS-XAU-M5-009,20260722_023841,BUY,1,LOSER,TIME_EXIT_LIKE,009-E063-P1338_forensics.png,45D062684BCBBD9812E67F2267D9A4B54B5654D33E4E72B599F1F119E54CBD64,1338,2022.11.30 14:00:00,1762.34,1759.6699999999998,1766.6119999999999,2022.11.30 15:15:00,1761.13,-3.73,-0.3742580684972535,75.0,2022.11.30 14:00:00,2022.11.30 12:00:00,,,,,,False,1759.67,1766.61
009-E064-P1350,EXECUTED,HYP-MZMS-XAU-M5-009,20260722_023841,SELL,-1,ANOMALY:TIME_EXIT_LIKE,TIME_EXIT_LIKE,009-E064-P1350_forensics.png,E0B304C0E97D68A6661136D2790AE36AB54BD3307F6D2EEB27F2E712E901F44C,1350,2022.12.21 11:45:00,1813.02,1815.8799999999999,1808.444,2022.12.21 13:00:00,1813.14,-0.45999999999999996,-0.04615861484820288,75.0,2022.12.21 11:45:00,2022.12.21 09:45:00,,,,,,False,1815.88,1808.44
009-E065-P1370,EXECUTED,HYP-MZMS-XAU-M5-009,20260722_023841,SELL,-1,FILL:LOSER,TIME_EXIT_LIKE,009-E065-P1370_forensics.png,1B0B4C257BE7112AE95478290FD050B1867A2C6A551C25D4C27A061B51D183DF,1370,2023.02.06 13:10:00,1871.33,1874.11,1866.8819999999998,2023.02.06 14:25:00,1873.04,-5.25,-0.5268177847663362,75.0,2023.02.06 13:10:00,2023.02.06 11:10:00,,,,,,False,1874.11,1866.88
009-E066-P1372,EXECUTED,HYP-MZMS-XAU-M5-009,20260722_023841,SELL,-1,LOSER,TIME_EXIT_LIKE,009-E066-P1372_forensics.png,7F6BA9F8DB6FF46190162DB62CC3E8CE07C11CB0F7BE8DBD354BECEF588DC0DE,1372,2023.02.08 12:20:00,1880.85,1886.4299999999998,1871.9219999999998,2023.02.08 13:35:00,1882.02,-1.21,-0.12142535301159964,75.0,2023.02.08 12:20:00,2023.02.08 10:20:00,,,,,,False,1886.43,1871.92
009-E067-P1382,EXECUTED,HYP-MZMS-XAU-M5-009,20260722_023841,BUY,1,LOSER,QUICK_ADVERSE,009-E067-P1382_forensics.png,9A4F57FC9E28E5C160F3170714BBD8B0B7F28BB2B0C89EA5BFA67990B9831582,1382,2023.02.23 13:10:00,1827.73,1825.39,1831.474,2023.02.23 13:16:39,1825.38,-9.540000000000001,-0.9576452767459335,6.65,2023.02.23 13:10:00,2023.02.23 11:10:00,,,,,,False,1825.39,1831.47
009-E068-P1402,EXECUTED,HYP-MZMS-XAU-M5-009,20260722_023841,BUY,1,WINNER,TIME_EXIT_LIKE,009-E068-P1402_forensics.png,C34329C19ED89240F600DAE1779A4A66EDE631DED10DD95C148467F135FE3CE5,1402,2023.03.17 13:20:00,1934.0,1928.88,1942.192,2023.03.17 14:30:29,1942.19,8.15,0.8180342526499291,70.48333333333333,2023.03.17 13:20:00,2023.03.17 11:20:00,,,,,,False,1928.88,1942.19
009-E069-P1422,EXECUTED,HYP-MZMS-XAU-M5-009,20260722_023841,SELL,-1,ANOMALY:TIME_EXIT_LIKE,TIME_EXIT_LIKE,009-E069-P1422_forensics.png,ED9AAE16E3BB7AE0B6AE816372838047F8AA3258D7CD067B1CBDDA8E41D9E927,1422,2023.04.13 13:25:00,2025.88,2028.3700000000001,2021.8960000000002,2023.04.13 14:40:00,2027.24,-5.6,-0.5621255654004487,75.0,2023.04.13 13:25:00,2023.04.13 10:25:00,,,,,,False,2028.37,2021.9
009-E070-P1438,EXECUTED,HYP-MZMS-XAU-M5-009,20260722_023841,BUY,1,WINNER,TIME_EXIT_LIKE,009-E070-P1438_forensics.png,6594AC650B9B5DD4A11D5B8B1135CE0525CAEE2FC0037C2A526B58100C80326C,1438,2023.05.12 19:55:00,2012.88,2009.72,2017.9360000000001,2023.05.12 21:10:00,2014.82,5.7,0.5721565725532678,75.0,2023.05.12 19:55:00,2023.05.12 16:55:00,,,,,,False,2009.72,2017.94
009-E071-P1442,EXECUTED,HYP-MZMS-XAU-M5-009,20260722_023841,BUY,1,ANOMALY:TIME_EXIT_LIKE,TIME_EXIT_LIKE,009-E071-P1442_forensics.png,58917D7687F28DDAA8B807A96978638B77FAB98120764E93DFA31EF3DA8A4BE6,1442,2023.05.22 11:40:00,1977.98,1974.78,1983.1,2023.05.22 12:55:00,1979.66,4.920000000000001,0.4938121919821361,75.0,2023.05.22 11:40:00,2023.05.22 08:40:00,,,,,,False,1974.78,1983.1
009-E072-P1444,EXECUTED,HYP-MZMS-XAU-M5-009,20260722_023841,SELL,-1,LOSER,TIME_EXIT_LIKE,009-E072-P1444_forensics.png,438A910210190E3DE5102E95ACE4C3157D15C85F678B2C38C6E3D4ECDB984A28,1444,2023.05.23 13:00:00,1957.07,1960.27,1951.95,2023.05.23 14:15:00,1957.58,-1.6500000000000001,-0.16559956980242668,75.0,2023.05.23 13:00:00,2023.05.23 10:00:00,,,,,,False,1960.27,1951.95
009-E073-P1488,EXECUTED,HYP-MZMS-XAU-M5-009,20260722_023841,BUY,1,LOSER,TIME_EXIT_LIKE,009-E073-P1488_forensics.png,CFDE717C33BFFDC30D6556326F110F62C274ABFC5D0E8DC8F375A80A4D1A5BF4,1488,2023.07.21 14:40:00,1964.55,1962.1399999999999,1968.406,2023.07.21 15:55:00,1963.25,-5.36,-0.5378562494882337,75.0,2023.07.21 14:40:00,2023.07.21 11:40:00,,,,,,False,1962.14,1968.41
009-E074-P1546,EXECUTED,HYP-MZMS-XAU-M5-009,20260722_023841,SELL,-1,WINNER,,009-E074-P1546_forensics.png,ABEBADC4E50DFCA57E6AE0980294AF7B2CEC4AAC0D8548B81C5FD06CEC5F29DD,1546,2023.10.20 14:45:00,1981.4,1984.3200000000002,1976.728,2023.10.20 14:49:40,1976.71,13.95,1.399484367759612,4.666666666666667,2023.10.20 14:45:00,2023.10.20 11:45:00,,,,,,False,1984.32,1976.73
009-E075-P1574,EXECUTED,HYP-MZMS-XAU-M5-009,20260722_023841,SELL,-1,WINNER,TIME_EXIT_LIKE,009-E075-P1574_forensics.png,C64A3DF68DD188B47C963B7B0F48E782A4F2ACB1DC665F7B656C1E4305018155,1574,2023.11.17 13:10:00,1989.55,1992.45,1984.9099999999999,2023.11.17 14:25:00,1988.9,1.8299999999999998,0.1835186052265096,75.0,2023.11.17 13:10:00,2023.11.17 11:10:00,,,,,,False,1992.45,1984.91
009-E076-P1590,EXECUTED,HYP-MZMS-XAU-M5-009,20260722_023841,BUY,1,FILL:LOSER,TIME_EXIT_LIKE,009-E076-P1590_forensics.png,3E16725D711E6EB1D8C93E0F6001DE1F90648017A46919D5BD8D6BDDB016225B,1590,2023.12.13 12:00:00,1982.63,1980.3500000000001,1986.278,2023.12.13 13:15:00,1982.36,-1.24,-0.12437923227921935,75.0,2023.12.13 12:00:00,2023.12.13 10:00:00,,,,,,False,1980.35,1986.28
009-E077-P1610,EXECUTED,HYP-MZMS-XAU-M5-009,20260722_023841,SELL,-1,ANOMALY:NEAR_FULL_TARGET,NEAR_FULL_TARGET,009-E077-P1610_forensics.png,15D1FBB0808A8F9DF847C2C45E9ED35E534DA007344E98AE163F86A3F54C5E39,1610,2024.01.05 11:45:00,2041.26,2043.49,2037.692,2024.01.05 12:06:36,2037.69,14.12,1.416613058764561,21.6,2024.01.05 11:45:00,2024.01.05 09:45:00,,,,,,False,2043.49,2037.69
009-E078-P1646,EXECUTED,HYP-MZMS-XAU-M5-009,20260722_023841,SELL,-1,LOSER,,009-E078-P1646_forensics.png,C885E7BDCA1D388B1E7DF64A808F456A3EC217DFF69C0BF9E21966CBEA15E10C,1646,2024.04.05 14:55:00,2291.33,2294.5099999999998,2286.2419999999997,2024.04.05 15:26:23,2294.51,-9.68,-0.9709947419832247,31.383333333333333,2024.04.05 14:55:00,2024.04.05 11:55:00,,,,,,False,2294.51,2286.24
009-E079-P1650,EXECUTED,HYP-MZMS-XAU-M5-009,20260722_023841,BUY,1,WINNER,TIME_EXIT_LIKE,009-E079-P1650_forensics.png,FF1E970125D22FC444C923515864FBC5273CC58663147675AD429E6A258C7566,1650,2024.04.08 13:25:00,2338.76,2334.7700000000004,2345.1440000000002,2024.04.08 14:40:00,2338.97,0.32,0.032105298959527455,75.0,2024.04.08 13:25:00,2024.04.08 10:25:00,,,,,,False,2334.77,2345.14
009-E080-P1674,EXECUTED,HYP-MZMS-XAU-M5-009,20260722_023841,SELL,-1,WINNER,NEAR_FULL_TARGET,009-E080-P1674_forensics.png,C87D311512C83B9E2B874A3854A82113D504F963DFAA7C1542780E2B466AF88B,1674,2024.04.29 14:45:00,2338.49,2343.37,2330.682,2024.04.29 15:36:38,2330.68,15.52,1.557389189551524,51.63333333333333,2024.04.29 14:45:00,2024.04.29 11:45:00,,,,,,False,2343.37,2330.68
009-E081-P1702,EXECUTED,HYP-MZMS-XAU-M5-009,20260722_023841,BUY,1,ANOMALY:TIME_EXIT_LIKE,TIME_EXIT_LIKE,009-E081-P1702_forensics.png,E40A405DEB5A79EC624BF18BFA546AD38AF0E3D9424AF65544DD429FECCFC117,1702,2024.06.06 18:15:00,2370.47,2362.89,2382.598,2024.06.06 19:30:00,2374.52,4.010000000000001,0.40228501903630776,75.0,2024.06.06 18:15:00,2024.06.06 15:15:00,,,,,,False,2362.89,2382.6
009-E082-P1716,EXECUTED,HYP-MZMS-XAU-M5-009,20260722_023841,BUY,1,FILL:LOSER,,009-E082-P1716_forensics.png,D938627BC65F8BE1F1F05BDE650EDFD75027B380D8D0F6E8E11A1FD7BBA90473,1716,2024.06.24 14:35:00,2327.16,2323.73,2332.6479999999997,2024.06.24 15:26:31,2323.73,-6.96,-0.6980071194720419,51.516666666666666,2024.06.24 14:35:00,2024.06.24 11:35:00,,,,,,False,2323.73,2332.65
009-E083-P1760,EXECUTED,HYP-MZMS-XAU-M5-009,20260722_023841,BUY,1,LOSER,,009-E083-P1760_forensics.png,DD22F50852288129282ABB22FCF015294B1F74CFF503C4601D2DE491B672C689,1760,2024.08.27 14:25:00,2511.79,2508.23,2517.486,2024.08.27 15:32:01,2508.22,-7.24,-0.7263281723235661,67.01666666666667,2024.08.27 14:25:00,2024.08.27 11:25:00,,,,,,False,2508.23,2517.49
009-E084-P1768,EXECUTED,HYP-MZMS-XAU-M5-009,20260722_023841,BUY,1,LOSER,TIME_EXIT_LIKE,009-E084-P1768_forensics.png,F77E1B68FF12CDB5937901F6159CA23A682C033C768214976DE0577F427087CD,1768,2024.09.02 15:25:00,2501.63,2498.44,2506.734,2024.09.02 16:40:00,2501.45,-0.7,-0.07021082907755408,75.0,2024.09.02 15:25:00,2024.09.02 12:25:00,,,,,,False,2498.44,2506.73
009-E085-P1788,EXECUTED,HYP-MZMS-XAU-M5-009,20260722_023841,BUY,1,WINNER,TIME_EXIT_LIKE,009-E085-P1788_forensics.png,760A10A1C09226ED778CC258E75FA275BAF8D0A9E8E870B4D304E488883D3472,1788,2024.09.23 12:40:00,2619.9,2615.86,2626.364,2024.09.23 13:55:00,2621.89,3.8800000000000003,0.3890860559078556,75.0,2024.09.23 12:40:00,2024.09.23 09:40:00,,,,,,False,2615.86,2626.36
009-E086-P1814,EXECUTED,HYP-MZMS-XAU-M5-009,20260722_023841,SELL,-1,FILL:LOSER,,009-E086-P1814_forensics.png,C72EFBA072DBBA13918DB548D2671C58CA7F52D56B1DDDDF0C3DAA4A9E6B6027,1814,2024.11.19 14:00:00,2629.63,2635.05,2620.958,2024.11.19 14:20:40,2635.05,-5.48,-0.54945181653483,20.666666666666668,2024.11.19 14:00:00,2024.11.19 12:00:00,,,,,,False,2635.05,2620.96
009-E087-P1874,EXECUTED,HYP-MZMS-XAU-M5-009,20260722_023841,SELL,-1,FILL:LOSER,,009-E087-P1874_forensics.png,AFE559CDE1C48D3C2569D2E2250297DA155E52D1738D5046779C77000E551945,1874,2025.02.20 11:40:00,2950.7,2955.1299999999997,2943.6119999999996,2025.02.20 12:24:43,2955.14,-9.0,-0.9018344213965628,44.71666666666667,2025.02.20 11:40:00,2025.02.20 09:40:00,,,,,,False,2955.13,2943.61
009-E088-P1892,EXECUTED,HYP-MZMS-XAU-M5-009,20260722_023841,BUY,1,FILL:LOSER,TIME_EXIT_LIKE,009-E088-P1892_forensics.png,78A75738C82C673E4F0BE827CC95B1C59CA28CAD17C396A7A03274DDA7CBF374,1892,2025.04.01 13:15:00,3135.53,3129.86,3144.6020000000003,2025.04.01 14:25:41,3129.85,-5.74,-0.5753305093358901,70.68333333333334,2025.04.01 13:15:00,2025.04.01 10:15:00,,,,,,False,3129.86,3144.6
009-E089-P1902,EXECUTED,HYP-MZMS-XAU-M5-009,20260722_023841,SELL,-1,ANOMALY:TIME_EXIT_LIKE,TIME_EXIT_LIKE,009-E089-P1902_forensics.png,36DA7F66602559E26E73045FB02FD96C167800A1D7C2A1AB40FF1B9BD669ECE7,1902,2025.04.15 12:45:00,3223.59,3230.17,3213.0620000000004,2025.04.15 14:00:00,3220.53,3.0,0.30064825777341103,75.0,2025.04.15 12:45:00,2025.04.15 09:45:00,,,,,,False,3230.17,3213.06
009-E090-P1920,EXECUTED,HYP-MZMS-XAU-M5-009,20260722_023841,SELL,-1,LOSER,,009-E090-P1920_forensics.png,C979704801B52228A596C098835BD295842F9770FDD2CE8B633D8965C2331729,1920,2025.05.07 19:20:00,3380.4,3387.28,3369.3920000000003,2025.05.07 19:46:30,3387.28,-6.94,-0.6958778263143092,26.5,2025.05.07 19:20:00,2025.05.07 16:20:00,,,,,,False,3387.28,3369.39
009-E091-P1960,EXECUTED,HYP-MZMS-XAU-M5-009,20260722_023841,BUY,1,WINNER,TIME_EXIT_LIKE,009-E091-P1960_forensics.png,339AA22556A1670A9E9591434D858DC144F59AB9BC0B6ECBBC8CFEAD2715E8D8,1960,2025.06.19 12:25:00,3372.96,3363.16,3388.64,2025.06.19 13:40:00,3376.51,3.49,0.3497873363153121,75.0,2025.06.19 12:25:00,2025.06.19 09:25:00,,,,,,False,3363.16,3388.64
009-E092-P1988,EXECUTED,HYP-MZMS-XAU-M5-009,20260722_023841,BUY,1,ANOMALY:TIME_EXIT_LIKE,TIME_EXIT_LIKE,009-E092-P1988_forensics.png,C5E54B0DA2135535C3B9045D860D4C97B8DF7AB436ACB1F021FD4F70EF76B85C,1988,2025.07.18 12:10:00,3352.2,3346.47,3361.368,2025.07.18 13:25:00,3351.11,-1.1500000000000001,-0.115226466096466,75.0,2025.07.18 12:10:00,2025.07.18 09:10:00,,,,,,False,3346.47,3361.37
009-E093-P2008,EXECUTED,HYP-MZMS-XAU-M5-009,20260722_023841,SELL,-1,WINNER,TIME_EXIT_LIKE,009-E093-P2008_forensics.png,C09744D119E5637A925A6C956EB7E58858AF1FA3D98B5F5AAE4BBFA5426DE367,2008,2025.08.22 14:20:00,3328.46,3331.7,3323.276,2025.08.22 15:32:38,3323.28,15.34,1.5367952769292064,72.63333333333334,2025.08.22 14:20:00,2025.08.22 11:20:00,,,,,,False,3331.7,3323.28
009-E094-P2050,EXECUTED,HYP-MZMS-XAU-M5-009,20260722_023841,BUY,1,LOSER,,009-E094-P2050_forensics.png,6D01666C1123F14B9DE1375F8A043BA9396B4140D6FB488F7C4009C1138EC2FE,2050,2025.11.12 14:25:00,4133.77,4124.3,4148.9220000000005,2025.11.12 15:10:02,4124.3,-9.549999999999999,-0.9571052487050515,45.03333333333333,2025.11.12 14:25:00,2025.11.12 12:25:00,,,,,,False,4124.3,4148.92
009-E095-P2072,EXECUTED,HYP-MZMS-XAU-M5-009,20260722_023841,SELL,-1,ANOMALY:TIME_EXIT_LIKE,TIME_EXIT_LIKE,009-E095-P2072_forensics.png,99AD415BC116FBCC5E7C9A1D28A9D17994F77634B9FAC892B02A05B198A0521E,2072,2026.01.12 13:30:00,4585.1,4594.370000000001,4570.268,2026.01.12 14:45:00,4586.58,-1.58,-0.15841688988742775,75.0,2026.01.12 13:30:00,2026.01.12 11:30:00,,,,,,False,4594.37,4570.27
009-E096-P2074,EXECUTED,HYP-MZMS-XAU-M5-009,20260722_023841,BUY,1,LOSER,,009-E096-P2074_forensics.png,AEA758AB7C2A8E3D8A677C874A7686D032F0FCC424BF19E4ADDB53927A5DB4F1,2074,2026.01.13 13:45:00,4589.88,4583.76,4599.6720000000005,2026.01.13 14:11:41,4583.76,-6.22,-0.6236510537998297,26.683333333333334,2026.01.13 13:45:00,2026.01.13 11:45:00,,,,,,False,4583.76,4599.67
009-E097-P2076,EXECUTED,HYP-MZMS-XAU-M5-009,20260722_023841,BUY,1,ANOMALY:TIME_EXIT_LIKE,TIME_EXIT_LIKE,009-E097-P2076_forensics.png,E704CB03C0C36166C88C2105FE7D89E3E9F5B0421AB5B8F8EFC9C6837399448D,2076,2026.01.15 11:40:00,4609.13,4601.4800000000005,4621.37,2026.01.15 12:55:00,4619.64,10.41,1.0438283573169862,75.0,2026.01.15 11:40:00,2026.01.15 09:40:00,,,,,,False,4601.48,4621.37
009-E098-P2078,EXECUTED,HYP-MZMS-XAU-M5-009,20260722_023841,SELL,-1,FILL:WINNER,,009-E098-P2078_forensics.png,A9403C1FF5E76C4C8F73879BB552843A3BD5AA332BF2AA18770A1CF26AAF82F0,2078,2026.01.15 14:15:00,4615.02,4621.2300000000005,4605.084000000001,2026.01.15 15:19:41,4605.08,9.84,0.9865705094624042,64.68333333333334,2026.01.15 14:15:00,2026.01.15 12:15:00,,,,,,False,4621.23,4605.08
009-E099-P2080,EXECUTED,HYP-MZMS-XAU-M5-009,20260722_023841,SELL,-1,WINNER,TIME_EXIT_LIKE,009-E099-P2080_forensics.png,E72B502CF82887826C834377A094AF4A32304DE1B6D9BF06B1C61DCD404C4A42,2080,2026.01.16 10:45:00,4602.26,4611.2300000000005,4587.908,2026.01.16 12:00:00,4600.55,1.6099999999999999,0.16140465761711187,75.0,2026.01.16 10:45:00,2026.01.16 08:45:00,,,,,,False,4611.23,4587.91
009-E100-P2082,EXECUTED,HYP-MZMS-XAU-M5-009,20260722_023841,BUY,1,FILL:LOSER,TIME_EXIT_LIKE,009-E100-P2082_forensics.png,1488472515B49EC4D627BE20EF0766E98A79553BDB1E23ED6E4FC7B6E3206AE1,2082,2026.01.19 17:55:00,4675.07,4665.349999999999,4690.621999999999,2026.01.19 19:10:00,4671.59,-3.5799999999999996,-0.3588940049663712,75.0,2026.01.19 17:55:00,2026.01.19 15:55:00,,,,,,False,4665.35,4690.62
