case_id,batch_id,accepted_run_dir,sample_rank,position_id,direction,entry_time_utc,exit_time_utc,net_account,net_R,outcome,exit_class,hold_minutes,risk_points,mechanism,evidence_class,data_quality_note
R100_001_PID000000268,batch01,run,1,268,BUY,2020-12-23T02:05:00,2020-12-23T02:21:37,-11.27,-1.1395348837,LOSS,SL_LIKE,16.6167,43.0,TIGHT_STOP_MICROSTRUCTURE_FAILURE,OBSERVED,Clear SL_LIKE hit after 16.6 min; stop is only ~4.3 pips under entry so small adverse drift exits the trade.
R100_002_PID000000140,batch01,run,2,140,SELL,2020-03-10T01:15:00,2020-03-10T01:41:37,-10.1,-1.0412371134,LOSS,SL_LIKE,26.6167,97.0,TIGHT_STOP_MICROSTRUCTURE_FAILURE,OBSERVED,SL is only ~9.7 pips above entry; adverse bounce after short entry hits SL within ~27 minutes.
R100_003_PID000000010,batch01,run,3,10,BUY,2019-02-01T00:30:00,2019-02-01T01:06:40,-11.88,-1.2,LOSS,SL_LIKE,36.6667,30.0,TIGHT_STOP_MICROSTRUCTURE_FAILURE,OBSERVED,Very tight stop (~3.0 pips); modest post-entry mean-reversion from local high hits SL_LIKE.
R100_004_PID000000304,batch01,run,4,304,SELL,2021-03-11T01:30:00,2021-03-11T02:05:33,-10.62,-1.0727272727,LOSS,SL_LIKE,35.55,55.0,IMMEDIATE_CONTINUATION_EXPANSION,OBSERVED,Short into a high H1 range location (0.869) then price continues higher into SL; mechanism is adverse continuation rather than pure noise-only.
R100_005_PID000000476,batch01,run,5,476,SELL,2022-07-01T00:55:00,2022-07-01T02:55:00,9.12,0.95,WIN,TIMEOUT_OR_OTHER,120.0,60.0,NO_FOLLOWTHROUGH_TIMEOUT,OBSERVED,Timeout after full 120 min hold with net positive short; favorable path but incomplete follow-through to TP.
R100_006_PID000000258,batch02,run2,6,258,BUY,2020-12-09T01:10:00,2020-12-09T01:15:36,-12.4,-1.25,LOSS,SL_LIKE,5.6,16.0,TIGHT_STOP_MICROSTRUCTURE_FAILURE,OBSERVED,"V2 clock-aligned pair; labels, prices, SL_LIKE exit, hold 5.6 min, and H1 range 0.393 all readable from pixels. Stop distance is only ~1.6 pips vs M5 wick noise."
R100_007_PID000000086,batch02,run2,7,86,SELL,2019-09-08T23:30:00,2019-09-09T00:48:25,17.6,1.7777777778,WIN,TP_LIKE,78.4167,18.0,IMMEDIATE_CONTINUATION_EXPANSION,OBSERVED,V2 pair clear. SHORT @ 1.10230 to TP 1.10194 is explicitly labeled TP_LIKE / WIN_NET_POSITIVE. H1 range position 0.076 transcribed from box.
R100_008_PID000000066,batch02,run2,8,66,BUY,2019-08-11T22:15:00,2019-08-12T00:15:00,4.2,0.4444444444,WIN,TIMEOUT_OR_OTHER,120.0,63.0,NO_FOLLOWTHROUGH_TIMEOUT,OBSERVED,"V2 labels explicit: TIMEOUT_OR_OTHER, hold 120.0 min, exit 1.12063, WIN_NET_POSITIVE. H1 range position 0.500 from box. Mechanism is timeout with partial favorable drift, not SL microstructure failure."
R100_009_PID000000032,batch02,run2,9,32,SELL,2019-04-26T00:15:00,2019-04-26T00:47:03,18.56,1.8823529412,WIN,TP_LIKE,32.05,34.0,IMMEDIATE_CONTINUATION_EXPANSION,OBSERVED,V2 pair clear. SHORT @ 1.11332 exits TP_LIKE @ 1.11264 after 32.0 min. H1 range 0.356 transcribed. Strong post-entry downside expansion is visible on both M5 and H1 anatomy.
R100_010_PID000000480,batch02,run2,10,480,SELL,2022-07-11T02:25:00,2022-07-11T02:30:04,-13.0,-1.3157894737,LOSS,SL_LIKE,5.0667,19.0,TIGHT_STOP_MICROSTRUCTURE_FAILURE,OBSERVED,V2 pair clear. SHORT @ 1.01456 stops SL_LIKE @ 1.01477 after 5.1 min hold. H1 range 0.622 from box. Stop distance ~2 pips vs ongoing bounce microstructure.
R100_011_PID000000160,batch03,run,11,160,SELL,2020-03-29T22:35:00,2020-03-29T23:22:46,-9.36,-1.04,LOSS,SL_LIKE,47.7667,100.0,TIGHT_STOP_MICROSTRUCTURE_FAILURE,OBSERVED,V2 clock-corrected panels readable; SL only 10 pips above entry; stop hit after ~48 min grind higher.
R100_012_PID000000500,batch03,run,12,500,SELL,2022-09-13T01:45:00,2022-09-13T01:54:54,-10.58,-1.0952380952,LOSS,SL_LIKE,9.9,42.0,TIGHT_STOP_MICROSTRUCTURE_FAILURE,OBSERVED,Very short hold (~10 min) and tight SL geometry; classic micro-structure stop-out against short.
R100_013_PID000000506,batch03,run,13,506,SELL,2022-09-29T00:25:00,2022-09-29T00:31:38,-11.22,-1.1379310345,LOSS,SL_LIKE,6.6333,29.0,TIGHT_STOP_MICROSTRUCTURE_FAILURE,OBSERVED,Fastest stop in batch (~6.6 min); SL extremely tight relative to M5 noise; subsequent M5 continuation lower is post-exit only.
R100_014_PID000000350,batch03,run,14,350,BUY,2021-06-20T21:50:00,2021-06-20T22:07:59,18.9,1.914893617,WIN,TP_LIKE,17.9833,47.0,IMMEDIATE_CONTINUATION_EXPANSION,OBSERVED,Only WIN in this batch; TP hit in 18 min; entry near H1 range low (0.140) with post-entry continuation.
R100_015_PID000000286,batch03,run,15,286,SELL,2021-01-31T23:35:00,2021-02-01T01:00:36,-10.56,-1.064516129,LOSS,SL_LIKE,85.6,62.0,TIGHT_STOP_MICROSTRUCTURE_FAILURE,OBSERVED,Longer hold than other shorts (~86 min) but still SL_LIKE; mid-range H1 entry (0.515) with eventual stop hit after temporary favorable move.
R100_016_PID000000100,batch04,run,16,100,BUY,2019-11-05T00:30:00,2019-11-05T01:08:35,-12.54,-1.2666666667,LOSS,SL_LIKE,38.5833,15.0,TIGHT_STOP_MICROSTRUCTURE_FAILURE,OBSERVED,Clock-corrected V2 images readable; M5/H1 only; SL/TP/entry/exit labels legible; range position 0.142 transcribed from H1 box.
R100_017_PID000000290,batch04,run,17,290,BUY,2021-02-04T00:25:00,2021-02-04T00:36:08,-11.04,-1.1162790698,LOSS,SL_LIKE,11.1333,43.0,TIGHT_STOP_MICROSTRUCTURE_FAILURE,OBSERVED,V2 images clear; entry near top of H1 20-bar range (0.913); short hold SL_LIKE stop-out observed.
R100_018_PID000000242,batch04,run,18,242,SELL,2020-11-12T00:40:00,2020-11-12T00:48:50,-12.25,-1.25,LOSS,SL_LIKE,8.8333,20.0,TIGHT_STOP_MICROSTRUCTURE_FAILURE,OBSERVED,V2 SHORT case; SL_LIKE after 8.8 min; decision M5 left-axis scale appears relative/offset but entry/SL/TP absolute labels on boxes remain legible.
R100_019_PID000000114,batch04,run,19,114,SELL,2019-12-05T00:45:00,2019-12-05T01:47:35,-10.58,-1.0952380952,LOSS,SL_LIKE,62.5833,42.0,TIGHT_STOP_MICROSTRUCTURE_FAILURE,STRONG_INFERENCE,Hold 62.6 min is longer than micro-spike stops; still labeled SL_LIKE on chart. Mechanism class is stop-side failure; longer adverse path noted in observations.
R100_020_PID000000198,batch04,run,20,198,BUY,2020-07-12T23:00:00,2020-07-12T23:10:39,-10.8,-1.1111111111,LOSS,SL_LIKE,10.65,36.0,TIGHT_STOP_MICROSTRUCTURE_FAILURE,OBSERVED,V2 images clear; entry at 0.877 of H1 20-bar range (near high); fast SL_LIKE after ~10.7 min observed.
R100_021_PID000000036,batch05,run,21,36,SELL,2019-05-20T00:25:00,2019-05-20T01:01:59,-11.0,-1.1111111111,LOSS,SL_LIKE,36.9833,45.0,TIGHT_STOP_MICROSTRUCTURE_FAILURE,OBSERVED,"Clock-corrected V2 images are legible; SL distance is only ~4.5 pips above entry while TP is much farther, and exit price 1.11656 matches SL_LIKE on the chart."
R100_022_PID000000380,batch05,run,22,380,BUY,2021-09-23T02:10:00,2021-09-23T02:42:25,18.88,1.9032258065,WIN,TP_LIKE,32.4167,31.0,IMMEDIATE_CONTINUATION_EXPANSION,OBSERVED,TP label 1.16971 and exit 1.16972 are consistent with TP_LIKE fill; images clear and complete.
R100_023_PID000000138,batch05,run,23,138,SELL,2020-02-26T00:20:00,2020-02-26T00:22:34,18.0,1.8181818182,WIN,TP_LIKE,2.5667,22.0,IMMEDIATE_CONTINUATION_EXPANSION,OBSERVED,Exit price equals stated TP 1.08713; hold of 2.6 minutes is clearly visible as an immediate downside spike.
R100_024_PID000000516,batch05,run,24,516,BUY,2022-11-06T23:30:00,2022-11-07T01:18:38,-10.12,-1.0454545455,LOSS,SL_LIKE,108.6333,88.0,NO_FOLLOWTHROUGH_TIMEOUT,STRONG_INFERENCE,"Hold 108.6 min ends at SL after failed follow-through rather than an instantaneous micro-stop scrape; exit class is still SL_LIKE. Mechanism coded as no-followthrough style failure with longer hold, evidence class STRONG_INFERENCE because timeout vs pure adverse trend is interpretive."
R100_025_PID000000438,batch05,run,25,438,SELL,2022-04-03T21:25:00,2022-04-03T21:25:30,-13.33,-1.347826087,LOSS,SL_LIKE,0.5,23.0,TIGHT_STOP_MICROSTRUCTURE_FAILURE,OBSERVED,Hold 0.5 min and exit 1.10405 just above SL 1.10401 are unambiguous on the anatomy chart; classic micro-stop failure.
R100_026_PID000000338,batch06,run,26,338,BUY,2021-05-25T00:30:00,2021-05-25T00:59:32,18.0,1.8518518519,WIN,TP_LIKE,29.5333,27.0,IMMEDIATE_CONTINUATION_EXPANSION,OBSERVED,Both decision and anatomy images legible; SL/TP/entry/exit prices and H1 range position 0.752 transcribed from on-chart labels; TP_LIKE and 29.5 min hold explicit on anatomy box.
R100_027_PID000000420,batch06,run,27,420,SELL,2022-02-01T00:35:00,2022-02-01T02:33:59,-11.0,-1.1224489796,LOSS,SL_LIKE,118.9833,49.0,TIGHT_STOP_MICROSTRUCTURE_FAILURE,OBSERVED,Labels clear; initial favorable move then reverse through tight SL (~4.9 pips above entry) after ~2h; SL_LIKE and hold time explicit.
R100_028_PID000000324,batch06,run,28,324,BUY,2021-04-23T00:25:00,2021-04-23T00:45:24,-11.31,-1.16,LOSS,SL_LIKE,20.4,25.0,TIGHT_STOP_MICROSTRUCTURE_FAILURE,OBSERVED,Clear SL_LIKE after 20.4 min; stop only ~2.5 pips under entry; entry range position 0.312 transcribed from H1 box.
R100_029_PID000000326,batch06,run,29,326,SELL,2021-04-27T00:45:00,2021-04-27T01:01:42,-11.34,-1.1666666667,LOSS,SL_LIKE,16.7,36.0,TIGHT_STOP_MICROSTRUCTURE_FAILURE,OBSERVED,Fast SL_LIKE in 16.7 min on tight stop; exit price 1.20809 vs SL 1.20807 visible; H1 range position 0.292 clear.
R100_030_PID000000132,batch06,run,30,132,SELL,2020-02-05T00:15:00,2020-02-05T01:43:32,18.46,1.8571428571,WIN,TP_LIKE,88.5333,14.0,MIXED_OR_OTHER,OBSERVED,"Decision M5 left y-scale looks like relative/offset rendering in places, but trade box prices (entry 1.10437, SL 1.10451, TP 1.10409) and anatomy exit 1.10407/TP_LIKE are explicit and consistent; H1 prices absolute and clear."
R100_031_PID000000222,batch07,run,31,222,SELL,2020-09-02T00:40:00,2020-09-02T00:54:29,18.9,1.914893617,WIN,TP_LIKE,14.4833,47.0,IMMEDIATE_CONTINUATION_EXPANSION,OBSERVED,V2 clock-corrected charts; M5/H1 only; H1 EMA NOT_REQUESTED; labels legible.
R100_032_PID000000166,batch07,run,32,166,SELL,2020-04-19T22:25:30,2020-04-20T00:04:36,18.7,1.8965517241,WIN,TP_LIKE,99.1,29.0,MIXED_OR_OTHER,OBSERVED,TP label shows 1.08626 on decision box vs exit 1.08625 — 1-pip rounding/fill difference only; charts otherwise clean.
R100_033_PID000000444,batch07,run,33,444,SELL,2022-04-11T00:30:00,2022-04-11T00:55:04,-10.27,-1.0675675676,LOSS,SL_LIKE,25.0667,74.0,TIGHT_STOP_MICROSTRUCTURE_FAILURE,OBSERVED,Exit 1.08921 vs SL label 1.08920 — 1-pip fill beyond stop typical; V2 panels clear.
R100_034_PID000000390,batch07,run,34,390,SELL,2021-10-26T00:20:00,2021-10-26T01:16:35,-10.56,-1.064516129,LOSS,SL_LIKE,56.5833,62.0,TIGHT_STOP_MICROSTRUCTURE_FAILURE,OBSERVED,Tight SL distance (~6 pips) visible; no extra indicator panels claimed.
R100_035_PID000000002,batch07,run,35,2,BUY,2019-01-03T00:30:00,2019-01-03T02:30:00,12.3,1.23,WIN,TIMEOUT_OR_OTHER,120.0,100.0,NO_FOLLOWTHROUGH_TIMEOUT,OBSERVED,Clear timeout win; TP not reached; only M5/H1 rendered.
R100_036_PID000000374,batch08,run2,36,374,SELL,2021-08-22T21:30:00,2021-08-22T22:00:34,-11.96,-1.2105263158,LOSS,SL_LIKE,30.5667,19.0,TIGHT_STOP_MICROSTRUCTURE_FAILURE,OBSERVED,V2 clock-corrected charts; SL only ~1.9 pips above entry; no unsupported indicator panels; TP never approached.
R100_037_PID000000424,batch08,run2,37,424,SELL,2022-02-04T00:15:00,2022-02-04T00:25:59,-12.48,-1.28,LOSS,SL_LIKE,10.9833,25.0,TIGHT_STOP_MICROSTRUCTURE_FAILURE,OBSERVED,Entry near top of H1 range (0.906) with ~2.5-pip SL; rapid adverse move; panels are M5/H1 only.
R100_038_PID000000218,batch08,run2,38,218,BUY,2020-08-21T01:05:00,2020-08-21T01:09:32,-11.31,-1.16,LOSS,SL_LIKE,4.5333,25.0,TIGHT_STOP_MICROSTRUCTURE_FAILURE,OBSERVED,Shortest hold in batch (~4.5 min); H1 range position 0.946; TP far above and never reached.
R100_039_PID000000508,batch08,run2,39,508,SELL,2022-10-02T21:30:00,2022-10-02T23:30:00,-0.77,-0.0839694656,LOSS,TIMEOUT_OR_OTHER,120.0,131.0,NO_FOLLOWTHROUGH_TIMEOUT,OBSERVED,Clean timeout path; exit class TIMEOUT_OR_OTHER at 120 min; mid H1 range 0.524; small net adverse drift only.
R100_040_PID000000144,batch08,run2,40,144,BUY,2020-03-17T01:30:00,2020-03-17T02:35:26,18.81,1.9655172414,WIN,TP_LIKE,65.4333,87.0,IMMEDIATE_CONTINUATION_EXPANSION,OBSERVED,Only net winner in batch; TP_LIKE at 1.11854 (label TP 1.11853 vs exit 1.11854 minor tick); mid H1 range 0.519.
R100_041_PID000000004,batch09,run,41,4,SELL,2019-01-23T01:20:00,2019-01-23T01:23:00,-11.96,-1.2105263158,LOSS,SL_LIKE,3.0,19.0,TIGHT_STOP_MICROSTRUCTURE_FAILURE,OBSERVED,Clean V2 dual-panel render; SL only ~1.9 pips above entry; 3-minute hold fully visible.
R100_042_PID000000448,batch09,run,42,448,BUY,2022-04-20T01:15:00,2022-04-20T01:18:35,-10.56,-1.1,LOSS,SL_LIKE,3.5833,40.0,TIGHT_STOP_MICROSTRUCTURE_FAILURE,OBSERVED,Clear SL_LIKE failure after ~3.6 min; stop ~4 pips below entry; no extra indicator panels.
R100_043_PID000000344,batch09,run,43,344,SELL,2021-06-01T00:40:00,2021-06-01T01:18:24,-10.72,-1.0806451613,LOSS,SL_LIKE,38.4,62.0,IMMEDIATE_CONTINUATION_EXPANSION,OBSERVED,SL_LIKE after 38.4 min with clear adverse expansion through stop; H1 range position 0.889 is high in the closed 20-bar range for a short.
R100_044_PID000000328,batch09,run,44,328,SELL,2021-05-06T01:20:00,2021-05-06T01:22:23,-12.4,-1.25,LOSS,SL_LIKE,2.3833,16.0,TIGHT_STOP_MICROSTRUCTURE_FAILURE,OBSERVED,Tightest geometry in batch (~1.6 pips SL); 2.4-minute microstructure stop-out fully visible.
R100_045_PID000000212,batch09,run,45,212,SELL,2020-08-12T00:55:00,2020-08-12T02:04:36,18.7,1.9540229885,WIN,TP_LIKE,69.6,87.0,IMMEDIATE_CONTINUATION_EXPANSION,OBSERVED,Only TP_LIKE / WIN in this batch; hold 69.6 min to TP 1.17168; H1 range position 0.138 supports short bias in lower closed range.
R100_046_PID000000352,batch10,run,46,352,SELL,2021-06-28T00:20:00,2021-06-28T01:38:04,18.7,1.9298245614,WIN,TP_LIKE,78.0667,57.0,IMMEDIATE_CONTINUATION_EXPANSION,OBSERVED,"Clock-corrected V2 charts; labels, SL/TP lines, and FUTURE HIDDEN / POST-ENTRY OUTCOME regions are legible. Exit matches TP line exactly."
R100_047_PID000000260,batch10,run,47,260,BUY,2020-12-11T00:20:00,2020-12-11T00:33:37,-11.96,-1.2105263158,LOSS,SL_LIKE,13.6167,19.0,TIGHT_STOP_MICROSTRUCTURE_FAILURE,OBSERVED,SL and exit prices match at 1.21422. Very tight stop geometry is unambiguous on both panels.
R100_048_PID000000150,batch10,run,48,150,BUY,2020-03-20T00:40:00,2020-03-20T01:19:54,19.05,1.9538461538,WIN,TP_LIKE,39.9,65.0,IMMEDIATE_CONTINUATION_EXPANSION,OBSERVED,Decision TP printed 1.06802 vs anatomy exit 1.06803; treated as TP_LIKE hit with 1-point display difference. Charts otherwise clean.
R100_049_PID000000068,batch10,run,49,68,BUY,2019-08-12T01:20:00,2019-08-12T03:20:00,3.41,0.34375,WIN,TIMEOUT_OR_OTHER,120.0,32.0,NO_FOLLOWTHROUGH_TIMEOUT,OBSERVED,Timeout exit class and 120.0 min hold are explicit on anatomy labels; small WIN_NET_POSITIVE despite no TP.
R100_050_PID000000044,batch10,run,50,44,BUY,2019-06-25T00:55:00,2019-06-25T02:55:00,-1.87,-0.1964285714,LOSS,TIMEOUT_OR_OTHER,120.0,56.0,NO_FOLLOWTHROUGH_TIMEOUT,OBSERVED,Timeout at 120.0 min explicit; loss is small (7 points) without SL touch. H1 range position 0.952 clearly transcribed.
R100_051_PID000000522,batch11,run,51,522,BUY,2022-12-29T01:15:00,2022-12-29T03:10:13,-10.01,-1.0547945205,LOSS,SL_LIKE,115.2167,73.0,NO_FOLLOWTHROUGH_TIMEOUT,OBSERVED,Clock-corrected V2 pair; M5/H1 only; exit is delayed SL hit after ~115 min of failed continuation rather than an instant micro stop-out.
R100_052_PID000000074,batch11,run,52,74,SELL,2019-08-19T00:55:00,2019-08-19T01:18:59,17.04,1.7142857143,WIN,TP_LIKE,23.9833,14.0,IMMEDIATE_CONTINUATION_EXPANSION,OBSERVED,Tight SL above entry (about 1.4 pips); favorable continuation into TP within ~24 minutes on M5.
R100_053_PID000000228,batch11,run,53,228,SELL,2020-09-28T00:25:00,2020-09-28T00:28:12,-11.7,-1.1818181818,LOSS,SL_LIKE,3.2,22.0,TIGHT_STOP_MICROSTRUCTURE_FAILURE,OBSERVED,Stop distance very tight (~2.2 pips); adverse micro spike stops the short in 3.2 minutes before any sustained continuation.
R100_054_PID000000454,batch11,run,54,454,SELL,2022-04-27T00:35:00,2022-04-27T00:43:30,17.64,1.8,WIN,TP_LIKE,8.5,20.0,IMMEDIATE_CONTINUATION_EXPANSION,OBSERVED,Entry sits at extreme low of H1 20-bar range (0.047); short follow-through hits TP quickly with tight geometry.
R100_055_PID000000076,batch11,run,55,76,SELL,2019-08-23T00:45:00,2019-08-23T00:55:02,-12.25,-1.25,LOSS,SL_LIKE,10.0333,20.0,TIGHT_STOP_MICROSTRUCTURE_FAILURE,OBSERVED,Tight SL (~2 pips); adverse rebound stops the short in 10 minutes without reaching TP.
R100_056_PID000000128,batch12,run,56,128,BUY,2020-01-17T01:00:00,2020-01-17T01:23:59,-13.23,-1.35,LOSS,SL_LIKE,23.9833,20.0,TIGHT_STOP_MICROSTRUCTURE_FAILURE,OBSERVED,V2 clock-aligned; M5+H1 only; H1 EMA NOT_REQUESTED; Future Hidden and Post-Entry Outcome both visible.
R100_057_PID000000408,batch12,run,57,408,BUY,2021-12-15T00:20:00,2021-12-15T00:48:16,18.24,1.8461538462,WIN,TP_LIKE,28.2667,26.0,IMMEDIATE_CONTINUATION_EXPANSION,OBSERVED,V2 clock-aligned; only winner in this batch; TP hit with clear expansion; H1 range position 0.091 low.
R100_058_PID000000370,batch12,run,58,370,SELL,2021-08-13T00:30:00,2021-08-13T00:59:06,-13.02,-1.3125,LOSS,SL_LIKE,29.1,16.0,TIGHT_STOP_MICROSTRUCTURE_FAILURE,OBSERVED,V2; SHORT with ~16-pip SL distance visually tiny; SL_LIKE loss after brief adverse spike.
R100_059_PID000000428,batch12,run,59,428,SELL,2022-02-20T23:40:00,2022-02-21T00:51:25,-10.64,-1.0769230769,LOSS,SL_LIKE,71.4167,52.0,TIGHT_STOP_MICROSTRUCTURE_FAILURE,STRONG_INFERENCE,V2; H1 range pos 0.024 extreme low; longer hold 71.4 min before SL; squeeze more than pure micro-tick fail—class still SL_LIKE stop-out.
R100_060_PID000000090,batch12,run,60,90,BUY,2019-09-11T00:30:00,2019-09-11T00:37:07,-10.2,-1.0625,LOSS,SL_LIKE,7.1167,64.0,TIGHT_STOP_MICROSTRUCTURE_FAILURE,OBSERVED,V2; shortest hold in batch (7.1 min); long at H1 range 0.862 upper extreme; clean SL_LIKE.
R100_061_PID000000316,batch13,run3,61,316,BUY,2021-03-24T02:00:00,2021-03-24T02:23:26,-11.04,-1.1162790698,LOSS,SL_LIKE,23.4333,43.0,TIGHT_STOP_MICROSTRUCTURE_FAILURE,OBSERVED,V2 clock-corrected M5/H1 only; labels SL/TP/entry/exit legible; H1 EMA NOT_REQUESTED.
R100_062_PID000000422,batch13,run3,62,422,SELL,2022-02-03T00:50:00,2022-02-03T01:06:22,-11.96,-1.2105263158,LOSS,SL_LIKE,16.3667,19.0,TIGHT_STOP_MICROSTRUCTURE_FAILURE,OBSERVED,V2 panels M5/H1 only; anatomy shows SL_LIKE X and post-entry H1 full candle outcome.
R100_063_PID000000446,batch13,run3,63,446,SELL,2022-04-19T00:55:00,2022-04-19T01:01:35,-10.36,-1.0571428571,LOSS,SL_LIKE,6.5833,70.0,TIGHT_STOP_MICROSTRUCTURE_FAILURE,OBSERVED,Clean label transcription; very short hold; H1 EMA NOT_REQUESTED.
R100_064_PID000000022,batch13,run3,64,22,SELL,2019-04-16T01:35:00,2019-04-16T03:35:00,-8.1,-0.8181818182,LOSS,TIMEOUT_OR_OTHER,120.0,55.0,NO_FOLLOWTHROUGH_TIMEOUT,OBSERVED,Anatomy box explicitly reason=TIMEOUT_OR_OTHER Hold 120.0 min; LOSS_NET_NONPOSITIVE.
R100_065_PID000000220,batch13,run3,65,220,SELL,2020-08-26T00:50:00,2020-08-26T01:49:59,-11.5,-1.1904761905,LOSS,SL_LIKE,59.9833,42.0,TIGHT_STOP_MICROSTRUCTURE_FAILURE,OBSERVED,M5/H1 only; SL label ~1.18336 vs exit 1.18340 SL_LIKE consistent with spread/fill.
R100_066_PID000000356,batch14,run3,66,356,SELL,2021-07-08T01:05:00,2021-07-08T01:26:15,-10.5,-1.0869565217,LOSS,SL_LIKE,21.25,46.0,TIGHT_STOP_MICROSTRUCTURE_FAILURE,OBSERVED,M5+H1 only; H1 EMA NOT_REQUESTED; labels and SL/TP lines readable.
R100_067_PID000000280,batch14,run3,67,280,BUY,2021-01-15T00:40:00,2021-01-15T00:41:24,-12.4,-1.25,LOSS,SL_LIKE,1.4,16.0,TIGHT_STOP_MICROSTRUCTURE_FAILURE,OBSERVED,Hold 1.4 min; M5+H1 panels only; no unsupported indicator panels claimed.
R100_068_PID000000372,batch14,run3,68,372,BUY,2021-08-20T00:20:00,2021-08-20T02:20:00,-2.76,-0.2857142857,LOSS,TIMEOUT_OR_OTHER,120.0,42.0,NO_FOLLOWTHROUGH_TIMEOUT,OBSERVED,Full 120 min hold; exit class TIMEOUT_OR_OTHER clearly labeled; M5+H1 only.
R100_069_PID000000238,batch14,run3,69,238,SELL,2020-11-03T00:20:00,2020-11-03T00:23:18,-11.4,-1.1538461538,LOSS,SL_LIKE,3.3,26.0,TIGHT_STOP_MICROSTRUCTURE_FAILURE,OBSERVED,Very short hold; SL/TP geometry and labels clear on M5 anatomy.
R100_070_PID000000266,batch14,run3,70,266,SELL,2020-12-22T01:05:00,2020-12-22T01:29:37,-10.6,-1.1041666667,LOSS,SL_LIKE,24.6167,48.0,TIGHT_STOP_MICROSTRUCTURE_FAILURE,OBSERVED,Exit price 1.22375 vs SL 1.22374 consistent with SL_LIKE; M5+H1 only.
R100_071_PID000000482,batch15,run,71,482,BUY,2022-07-24T21:55:00,2022-07-24T22:00:21,-11.78,-1.1875,LOSS,SL_LIKE,5.35,32.0,TIGHT_STOP_MICROSTRUCTURE_FAILURE,OBSERVED,Clear SL_LIKE exit within 5.3 minutes; entry-to-SL distance is only ~3.2 pips; spike tags stop then price recovers.
R100_072_PID000000118,batch15,run,72,118,SELL,2019-12-13T00:20:00,2019-12-13T01:33:04,-10.27,-1.0821917808,LOSS,SL_LIKE,73.0667,73.0,MIXED_OR_OTHER,OBSERVED,SL hit after 73.1 min with interim favorable drift then adverse rally; not pure immediate microstructure failure nor pure timeout.
R100_073_PID000000016,batch15,run,73,16,BUY,2019-03-12T01:50:00,2019-03-12T02:00:32,-11.7,-1.2,LOSS,SL_LIKE,10.5333,25.0,TIGHT_STOP_MICROSTRUCTURE_FAILURE,OBSERVED,10.5-minute SL_LIKE after breakout-spike entry; SL only ~2.5 pips under entry.
R100_074_PID000000322,batch15,run,74,322,SELL,2021-04-18T23:10:00,2021-04-19T00:50:25,-11.7,-1.2,LOSS,SL_LIKE,100.4167,25.0,TIGHT_STOP_MICROSTRUCTURE_FAILURE,STRONG_INFERENCE,"SL hit after ~100 min on tight stop (~2.5 pips); post-exit cascade favors original SHORT, supporting stop-microstructure interpretation though hold was not seconds-scale."
R100_075_PID000000272,batch15,run,75,272,BUY,2021-01-04T01:25:00,2021-01-04T03:25:00,11.25,1.1538461538,WIN,TIMEOUT_OR_OTHER,120.0,65.0,NO_FOLLOWTHROUGH_TIMEOUT,OBSERVED,Explicit TIMEOUT_OR_OTHER after 120.0 min with WIN_NET_POSITIVE; price advanced but did not reach TP before timeout.
R100_076_PID000000078,batch16,run,76,78,BUY,2019-08-27T00:20:00,2019-08-27T01:01:15,-12.6,-1.2727272727,LOSS,SL_LIKE,41.25,22.0,TIGHT_STOP_MICROSTRUCTURE_FAILURE,OBSERVED,"Labels, SL/TP lines, entry/exit markers, FUTURE HIDDEN and POST-ENTRY OUTCOME regions all legible. No unsupported indicator panels."
R100_077_PID000000226,batch16,run,77,226,BUY,2020-09-24T00:15:00,2020-09-24T02:15:00,-5.12,-0.5663716814,LOSS,TIMEOUT_OR_OTHER,120.0,113.0,NO_FOLLOWTHROUGH_TIMEOUT,OBSERVED,Clear timeout exit label and full path visible. No TP/SL hit. Chart quality good.
R100_078_PID000000488,batch16,run,78,488,BUY,2022-08-01T00:40:00,2022-08-01T01:06:39,18.9,1.9444444444,WIN,TP_LIKE,26.65,36.0,IMMEDIATE_CONTINUATION_EXPANSION,OBSERVED,TP_LIKE exit and hold time clearly labeled. Path from entry to TP is continuous and legible.
R100_079_PID000000510,batch16,run,79,510,SELL,2022-10-04T00:20:00,2022-10-04T01:59:42,19.14,1.9550561798,WIN,TP_LIKE,99.7,89.0,IMMEDIATE_CONTINUATION_EXPANSION,OBSERVED,"SHORT direction, TP_LIKE exact fill at 0.98122 clearly marked. No indicator panels beyond price."
R100_080_PID000000470,batch16,run,80,470,BUY,2022-06-21T00:20:00,2022-06-21T00:29:15,19.14,1.9411764706,WIN,TP_LIKE,9.25,34.0,IMMEDIATE_CONTINUATION_EXPANSION,OBSERVED,Fast TP_LIKE win with clear entry/exit markers. H1 range position 0.444 transcribed from box.
R100_081_PID000000164,batch17,run,81,164,SELL,2020-04-15T00:15:00,2020-04-15T00:55:05,-11.22,-1.1379310345,LOSS,SL_LIKE,40.0833,29.0,TIGHT_STOP_MICROSTRUCTURE_FAILURE,OBSERVED,V2 labels clear; SL only ~2.9 pips above entry; H1 range 0.872 transcribed from decision box.
R100_082_PID000000264,batch17,run,82,264,SELL,2020-12-21T00:20:00,2020-12-21T00:33:27,-9.68,-1.0476190476,LOSS,SL_LIKE,13.45,84.0,TIGHT_STOP_MICROSTRUCTURE_FAILURE,OBSERVED,Short hold ~13 min to SL; H1 range -0.087 transcribed; FUTURE HIDDEN and POST-ENTRY OUTCOME both confirmed.
R100_083_PID000000312,batch17,run,83,312,BUY,2021-03-21T23:15:00,2021-03-21T23:54:26,-10.65,-1.0757575758,LOSS,SL_LIKE,39.4333,66.0,NO_FOLLOWTHROUGH_TIMEOUT,OBSERVED,Exit is SL_LIKE after ~39 min failed long continuation (no TP path); not an instant micro-stop. H1 range 0.256 from decision box.
R100_084_PID000000348,batch17,run,84,348,BUY,2021-06-16T00:50:00,2021-06-16T00:51:25,-12.92,-1.3076923077,LOSS,SL_LIKE,1.4167,13.0,TIGHT_STOP_MICROSTRUCTURE_FAILURE,OBSERVED,Clearest tight-stop case in batch: 1.4 min hold; entry 1.21260 / exit 1.21247 SL_LIKE.
R100_085_PID000000458,batch17,run,85,458,SELL,2022-05-09T00:25:00,2022-05-09T00:59:02,18.43,1.94,WIN,TP_LIKE,34.0333,50.0,IMMEDIATE_CONTINUATION_EXPANSION,OBSERVED,Only winner in batch17; TP_LIKE and WIN_NET_POSITIVE labels clear on anatomy title/box.
R100_086_PID000000102,batch18,run2,86,102,BUY,2019-11-14T00:25:00,2019-11-14T00:30:14,-12.4,-1.25,LOSS,SL_LIKE,5.2333,16.0,TIGHT_STOP_MICROSTRUCTURE_FAILURE,OBSERVED,Clean V2 M5/H1 pair; labels legible; H1 EMA NOT_REQUESTED.
R100_087_PID000000148,batch18,run2,87,148,SELL,2020-03-19T00:45:00,2020-03-19T01:10:15,17.22,1.9793103448,WIN,TP_LIKE,25.25,145.0,IMMEDIATE_CONTINUATION_EXPANSION,OBSERVED,Clean V2 M5/H1 pair; only WIN in this batch; TP path clear.
R100_088_PID000000040,batch18,run2,88,40,BUY,2019-06-13T00:30:00,2019-06-13T00:51:30,-11.47,-1.1481481481,LOSS,SL_LIKE,21.5,27.0,NO_FOLLOWTHROUGH_TIMEOUT,OBSERVED,Clean V2 labels; SL very tight vs entry; hold medium duration before stop.
R100_089_PID000000440,batch18,run2,89,440,BUY,2022-04-05T00:15:00,2022-04-05T00:16:39,-11.31,-1.1470588235,LOSS,SL_LIKE,1.65,34.0,TIGHT_STOP_MICROSTRUCTURE_FAILURE,OBSERVED,Clean V2 pair; ultra-short hold; spike-reversal path clear.
R100_090_PID000000042,batch18,run2,90,42,BUY,2019-06-16T21:50:00,2019-06-16T21:59:36,-11.48,-1.1714285714,LOSS,SL_LIKE,9.6,35.0,TIGHT_STOP_MICROSTRUCTURE_FAILURE,OBSERVED,Clean V2 M5/H1 pair; sharp single-bar stop-out after short hold.
R100_091_PID000000254,batch19,run,91,254,BUY,2020-12-04T01:15:00,2020-12-04T01:33:36,-11.2,-1.1428571429,LOSS,SL_LIKE,18.6,35.0,TIGHT_STOP_MICROSTRUCTURE_FAILURE,OBSERVED,Clear SL_LIKE labels on anatomy; SL-to-entry distance ~3.5 pips is tight relative to recent M5 swing noise; no unsupported indicator panels claimed.
R100_092_PID000000460,batch19,run,92,460,BUY,2022-05-16T01:40:00,2022-05-16T01:48:33,-11.0,-1.1111111111,LOSS,SL_LIKE,8.55,45.0,TIGHT_STOP_MICROSTRUCTURE_FAILURE,OBSERVED,Very short hold (~8.6 min) into SL after long entry into a failed post-spike pullback; range position 0.803 visible on H1 box.
R100_093_PID000000096,batch19,run,93,96,SELL,2019-10-09T01:00:00,2019-10-09T01:13:16,-12.18,-1.2352941176,LOSS,SL_LIKE,13.2667,17.0,TIGHT_STOP_MICROSTRUCTURE_FAILURE,OBSERVED,SL only ~1.7 pips above short entry; microstructure bounce through stop is explicit on M5 anatomy. No extra indicator panels.
R100_094_PID000000176,batch19,run,94,176,BUY,2020-06-02T00:25:00,2020-06-02T01:52:28,-9.96,-1.0506329114,LOSS,SL_LIKE,87.4667,79.0,MIXED_OR_OTHER,STRONG_INFERENCE,Not an immediate micro-stop: ~87.5 min hold with brief upside then failed follow-through into SL. Not a pure timeout. Classed MIXED_OR_OTHER rather than pure TIGHT_STOP_MICROSTRUCTURE_FAILURE.
R100_095_PID000000034,batch19,run,95,34,BUY,2019-05-19T21:41:00,2019-05-19T23:41:00,-5.04,-0.5294117647,LOSS,TIMEOUT_OR_OTHER,120.0,68.0,NO_FOLLOWTHROUGH_TIMEOUT,OBSERVED,Explicit TIMEOUT_OR_OTHER label and 120.0 min hold; exit price 1.11627 is not at SL 1.11591. Only TIMEOUT case in this batch.
R100_096_PID000000502,batch20,run2,96,502,SELL,2022-09-21T00:40:00,2022-09-21T02:11:28,-10.1,-1.0412371134,LOSS,SL_LIKE,91.4667,97.0,TIGHT_STOP_MICROSTRUCTURE_FAILURE,OBSERVED,M5+H1 only; H1 EMA NOT_REQUESTED; labels readable; SL distance tight vs post-entry upward grind.
R100_097_PID000000332,batch20,run2,97,332,SELL,2021-05-13T00:20:00,2021-05-13T00:44:49,-10.26,-1.0754716981,LOSS,SL_LIKE,24.8167,53.0,TIGHT_STOP_MICROSTRUCTURE_FAILURE,OBSERVED,M5+H1 only; hold ~25 min; SL ~5.3 pips; no unsupported indicator panels.
R100_098_PID000000298,batch20,run2,98,298,SELL,2021-02-15T01:25:00,2021-02-15T01:28:28,-11.96,-1.2105263158,LOSS,SL_LIKE,3.4667,19.0,TIGHT_STOP_MICROSTRUCTURE_FAILURE,OBSERVED,Ultra-tight SL (~1.9 pips) and 3.5 min hold; M5+H1 panels only; labels clear.
R100_099_PID000000490,batch20,run2,99,490,BUY,2022-08-04T00:45:00,2022-08-04T01:33:28,19.04,1.9310344828,WIN,TP_LIKE,48.4667,58.0,IMMEDIATE_CONTINUATION_EXPANSION,OBSERVED,M5+H1 only; clean TP path; H1 EMA NOT_REQUESTED; outcome region labeled POST-ENTRY OUTCOME.
R100_100_PID000000484,batch20,run2,100,484,SELL,2022-07-25T00:45:00,2022-07-25T00:59:25,18.86,1.9069767442,WIN,TP_LIKE,14.4167,43.0,IMMEDIATE_CONTINUATION_EXPANSION,OBSERVED,M5+H1 only; fast TP; no indicator confluence panels; labels fully readable.
