case_id,sample_rank,position_id,entry_time_utc,decision_time_utc,direction,direction_label,entry,sl,tp,exit_time_utc,exit,reason,label,net_account,net_R,volume,risk_points,initial_risk_account,hold_minutes,entry_year
R100_001_PID000000268,1,268,2020-12-23T04:05:00,2020-12-23T04:00:00,1,BUY,1.21768,1.21725,1.21854,2020-12-23T04:21:37,1.21723,SL_LIKE,LOSS_NET_NONPOSITIVE,-11.27000000,-1.1395348837,0.23,43.0,9.89,16.6167,2020
R100_002_PID000000140,2,140,2020-03-10T03:15:00,2020-03-10T03:10:00,-1,SELL,1.13907,1.14004,1.13713,2020-03-10T03:41:37,1.14004,SL_LIKE,LOSS_NET_NONPOSITIVE,-10.10000000,-1.0412371134,0.1,97.0,9.7,26.6167,2020
R100_003_PID000000010,3,10,2019-02-01T02:30:00,2019-02-01T02:25:00,1,BUY,1.14485,1.14455,1.14545,2019-02-01T03:06:40,1.14453,SL_LIKE,LOSS_NET_NONPOSITIVE,-11.88000000,-1.2000000000,0.33,30.0,9.9,36.6667,2019
R100_004_PID000000304,4,304,2021-03-11T03:30:00,2021-03-11T03:25:00,-1,SELL,1.19218,1.19273,1.19108,2021-03-11T04:05:33,1.19273,SL_LIKE,LOSS_NET_NONPOSITIVE,-10.62000000,-1.0727272727,0.18,55.0,9.9,35.5500,2021
R100_005_PID000000476,5,476,2022-07-01T03:55:00,2022-07-01T03:50:00,-1,SELL,1.04725,1.04785,1.04605,2022-07-01T05:55:00,1.04664,TIMEOUT_OR_OTHER,WIN_NET_POSITIVE,9.12000000,0.9500000000,0.16,60.0,9.6,120.0000,2022
R100_006_PID000000258,6,258,2020-12-09T03:10:00,2020-12-09T03:05:00,1,BUY,1.21107,1.21091,1.21139,2020-12-09T03:15:36,1.21091,SL_LIKE,LOSS_NET_NONPOSITIVE,-12.40000000,-1.2500000000,0.62,16.0,9.92,5.6000,2020
R100_007_PID000000086,7,86,2019-09-09T02:30:00,2019-09-09T02:25:00,-1,SELL,1.1023,1.10248,1.10194,2019-09-09T03:48:25,1.10194,TP_LIKE,WIN_NET_POSITIVE,17.60000000,1.7777777778,0.55,18.0,9.9,78.4167,2019
R100_008_PID000000066,8,66,2019-08-12T01:15:00,2019-08-12T01:10:00,1,BUY,1.12031,1.11968,1.12157,2019-08-12T03:15:00,1.12063,TIMEOUT_OR_OTHER,WIN_NET_POSITIVE,4.20000000,0.4444444444,0.15,63.0,9.45,120.0000,2019
R100_009_PID000000032,9,32,2019-04-26T03:15:00,2019-04-26T03:10:00,-1,SELL,1.11332,1.11366,1.11264,2019-04-26T03:47:03,1.11264,TP_LIKE,WIN_NET_POSITIVE,18.56000000,1.8823529412,0.29,34.0,9.86,32.0500,2019
R100_010_PID000000480,10,480,2022-07-11T05:25:00,2022-07-11T05:20:00,-1,SELL,1.01456,1.01475,1.01418,2022-07-11T05:30:04,1.01477,SL_LIKE,LOSS_NET_NONPOSITIVE,-13.00000000,-1.3157894737,0.52,19.0,9.88,5.0667,2022
R100_011_PID000000160,11,160,2020-03-30T01:35:00,2020-03-30T01:30:00,-1,SELL,1.11106,1.11206,1.10906,2020-03-30T02:22:46,1.11206,SL_LIKE,LOSS_NET_NONPOSITIVE,-9.36000000,-1.0400000000,0.09,100.0,9.0,47.7667,2020
R100_012_PID000000500,12,500,2022-09-13T04:45:00,2022-09-13T04:40:00,-1,SELL,1.01315,1.01357,1.01231,2022-09-13T04:54:54,1.01357,SL_LIKE,LOSS_NET_NONPOSITIVE,-10.58000000,-1.0952380952,0.23,42.0,9.66,9.9000,2022
R100_013_PID000000506,13,506,2022-09-29T03:25:00,2022-09-29T03:20:00,-1,SELL,0.97041,0.9707,0.96983,2022-09-29T03:31:38,0.9707,SL_LIKE,LOSS_NET_NONPOSITIVE,-11.22000000,-1.1379310345,0.34,29.0,9.86,6.6333,2022
R100_014_PID000000350,14,350,2021-06-21T00:50:00,2021-06-21T00:45:00,1,BUY,1.18637,1.1859,1.18731,2021-06-21T01:07:59,1.18731,TP_LIKE,WIN_NET_POSITIVE,18.90000000,1.9148936170,0.21,47.0,9.87,17.9833,2021
R100_015_PID000000286,15,286,2021-02-01T01:35:00,2021-02-01T01:30:00,-1,SELL,1.2126,1.21322,1.21136,2021-02-01T03:00:36,1.21322,SL_LIKE,LOSS_NET_NONPOSITIVE,-10.56000000,-1.0645161290,0.16,62.0,9.92,85.6000,2021
R100_016_PID000000100,16,100,2019-11-05T02:30:00,2019-11-05T02:25:00,1,BUY,1.11292,1.11277,1.11322,2019-11-05T03:08:35,1.11277,SL_LIKE,LOSS_NET_NONPOSITIVE,-12.54000000,-1.2666666667,0.66,15.0,9.9,38.5833,2019
R100_017_PID000000290,17,290,2021-02-04T02:25:00,2021-02-04T02:20:00,1,BUY,1.20421,1.20378,1.20507,2021-02-04T02:36:08,1.20377,SL_LIKE,LOSS_NET_NONPOSITIVE,-11.04000000,-1.1162790698,0.23,43.0,9.89,11.1333,2021
R100_018_PID000000242,18,242,2020-11-12T02:40:00,2020-11-12T02:35:00,-1,SELL,1.17766,1.17786,1.17726,2020-11-12T02:48:50,1.17787,SL_LIKE,LOSS_NET_NONPOSITIVE,-12.25000000,-1.2500000000,0.49,20.0,9.8,8.8333,2020
R100_019_PID000000114,19,114,2019-12-05T02:45:00,2019-12-05T02:40:00,-1,SELL,1.10802,1.10844,1.10718,2019-12-05T03:47:35,1.10844,SL_LIKE,LOSS_NET_NONPOSITIVE,-10.58000000,-1.0952380952,0.23,42.0,9.66,62.5833,2019
R100_020_PID000000198,20,198,2020-07-13T02:00:00,2020-07-13T01:55:00,1,BUY,1.13161,1.13125,1.13233,2020-07-13T02:10:39,1.13125,SL_LIKE,LOSS_NET_NONPOSITIVE,-10.80000000,-1.1111111111,0.27,36.0,9.72,10.6500,2020
R100_021_PID000000036,21,36,2019-05-20T03:25:00,2019-05-20T03:20:00,-1,SELL,1.1161,1.11655,1.1152,2019-05-20T04:01:59,1.11656,SL_LIKE,LOSS_NET_NONPOSITIVE,-11.00000000,-1.1111111111,0.22,45.0,9.9,36.9833,2019
R100_022_PID000000380,22,380,2021-09-23T05:10:00,2021-09-23T05:05:00,1,BUY,1.16909,1.16878,1.16971,2021-09-23T05:42:25,1.16972,TP_LIKE,WIN_NET_POSITIVE,18.88000000,1.9032258065,0.32,31.0,9.92,32.4167,2021
R100_023_PID000000138,23,138,2020-02-26T02:20:00,2020-02-26T02:15:00,-1,SELL,1.08757,1.08779,1.08713,2020-02-26T02:22:34,1.08713,TP_LIKE,WIN_NET_POSITIVE,18.00000000,1.8181818182,0.45,22.0,9.9,2.5667,2020
R100_024_PID000000516,24,516,2022-11-07T01:30:00,2022-11-07T01:25:00,1,BUY,0.99317,0.99229,0.99493,2022-11-07T03:18:38,0.99229,SL_LIKE,LOSS_NET_NONPOSITIVE,-10.12000000,-1.0454545455,0.11,88.0,9.68,108.6333,2022
R100_025_PID000000438,25,438,2022-04-04T00:25:00,2022-04-04T00:20:00,-1,SELL,1.10378,1.10401,1.10332,2022-04-04T00:25:30,1.10405,SL_LIKE,LOSS_NET_NONPOSITIVE,-13.33000000,-1.3478260870,0.43,23.0,9.89,0.5000,2022
R100_026_PID000000338,26,338,2021-05-25T03:30:00,2021-05-25T03:25:00,1,BUY,1.22163,1.22136,1.22217,2021-05-25T03:59:32,1.22217,TP_LIKE,WIN_NET_POSITIVE,18.00000000,1.8518518519,0.36,27.0,9.72,29.5333,2021
R100_027_PID000000420,27,420,2022-02-01T02:35:00,2022-02-01T02:30:00,-1,SELL,1.12245,1.12294,1.12147,2022-02-01T04:33:59,1.12296,SL_LIKE,LOSS_NET_NONPOSITIVE,-11.00000000,-1.1224489796,0.2,49.0,9.8,118.9833,2022
R100_028_PID000000324,28,324,2021-04-23T03:25:00,2021-04-23T03:20:00,1,BUY,1.20172,1.20147,1.20222,2021-04-23T03:45:24,1.20147,SL_LIKE,LOSS_NET_NONPOSITIVE,-11.31000000,-1.1600000000,0.39,25.0,9.75,20.4000,2021
R100_029_PID000000326,29,326,2021-04-27T03:45:00,2021-04-27T03:40:00,-1,SELL,1.20771,1.20807,1.20699,2021-04-27T04:01:42,1.20809,SL_LIKE,LOSS_NET_NONPOSITIVE,-11.34000000,-1.1666666667,0.27,36.0,9.72,16.7000,2021
R100_030_PID000000132,30,132,2020-02-05T02:15:00,2020-02-05T02:10:00,-1,SELL,1.10437,1.10451,1.10409,2020-02-05T03:43:32,1.10407,TP_LIKE,WIN_NET_POSITIVE,18.46000000,1.8571428571,0.71,14.0,9.94,88.5333,2020
R100_031_PID000000222,31,222,2020-09-02T03:40:00,2020-09-02T03:35:00,-1,SELL,1.19169,1.19216,1.19075,2020-09-02T03:54:29,1.19075,TP_LIKE,WIN_NET_POSITIVE,18.90000000,1.9148936170,0.21,47.0,9.87,14.4833,2020
R100_032_PID000000166,32,166,2020-04-20T01:25:30,2020-04-20T01:20:00,-1,SELL,1.08684,1.08713,1.08626,2020-04-20T03:04:36,1.08625,TP_LIKE,WIN_NET_POSITIVE,18.70000000,1.8965517241,0.34,29.0,9.86,99.1000,2020
R100_033_PID000000444,33,444,2022-04-11T03:30:00,2022-04-11T03:25:00,-1,SELL,1.08846,1.0892,1.08698,2022-04-11T03:55:04,1.08921,SL_LIKE,LOSS_NET_NONPOSITIVE,-10.27000000,-1.0675675676,0.13,74.0,9.62,25.0667,2022
R100_034_PID000000390,34,390,2021-10-26T03:20:00,2021-10-26T03:15:00,-1,SELL,1.16022,1.16084,1.15898,2021-10-26T04:16:35,1.16084,SL_LIKE,LOSS_NET_NONPOSITIVE,-10.56000000,-1.0645161290,0.16,62.0,9.92,56.5833,2021
R100_035_PID000000002,35,2,2019-01-03T02:30:00,2019-01-03T02:25:00,1,BUY,1.13421,1.13321,1.13621,2019-01-03T04:30:00,1.13548,TIMEOUT_OR_OTHER,WIN_NET_POSITIVE,12.30000000,1.2300000000,0.1,100.0,10.0,120.0000,2019
R100_036_PID000000374,36,374,2021-08-23T00:30:00,2021-08-23T00:25:00,-1,SELL,1.16957,1.16976,1.16919,2021-08-23T01:00:34,1.16976,SL_LIKE,LOSS_NET_NONPOSITIVE,-11.96000000,-1.2105263158,0.52,19.0,9.88,30.5667,2021
R100_037_PID000000424,37,424,2022-02-04T02:15:00,2022-02-04T02:10:00,-1,SELL,1.14339,1.14364,1.14289,2022-02-04T02:25:59,1.14367,SL_LIKE,LOSS_NET_NONPOSITIVE,-12.48000000,-1.2800000000,0.39,25.0,9.75,10.9833,2022
R100_038_PID000000218,38,218,2020-08-21T04:05:00,2020-08-21T04:00:00,1,BUY,1.18727,1.18702,1.18777,2020-08-21T04:09:32,1.18702,SL_LIKE,LOSS_NET_NONPOSITIVE,-11.31000000,-1.1600000000,0.39,25.0,9.75,4.5333,2020
R100_039_PID000000508,39,508,2022-10-03T00:30:00,2022-10-03T00:25:00,-1,SELL,0.97972,0.98103,0.9771,2022-10-03T02:30:00,0.97979,TIMEOUT_OR_OTHER,LOSS_NET_NONPOSITIVE,-0.77000000,-0.0839694656,0.07,131.0,9.17,120.0000,2022
R100_040_PID000000144,40,144,2020-03-17T03:30:00,2020-03-17T03:25:00,1,BUY,1.11679,1.11592,1.11853,2020-03-17T04:35:26,1.11854,TP_LIKE,WIN_NET_POSITIVE,18.81000000,1.9655172414,0.11,87.0,9.57,65.4333,2020
R100_041_PID000000004,41,4,2019-01-23T03:20:00,2019-01-23T03:15:00,-1,SELL,1.13614,1.13633,1.13576,2019-01-23T03:23:00,1.13633,SL_LIKE,LOSS_NET_NONPOSITIVE,-11.96000000,-1.2105263158,0.52,19.0,9.88,3.0000,2019
R100_042_PID000000448,42,448,2022-04-20T04:15:00,2022-04-20T04:10:00,1,BUY,1.07981,1.07941,1.08061,2022-04-20T04:18:35,1.07941,SL_LIKE,LOSS_NET_NONPOSITIVE,-10.56000000,-1.1000000000,0.24,40.0,9.6,3.5833,2022
R100_043_PID000000344,43,344,2021-06-01T03:40:00,2021-06-01T03:35:00,-1,SELL,1.22288,1.2235,1.22164,2021-06-01T04:18:24,1.22351,SL_LIKE,LOSS_NET_NONPOSITIVE,-10.72000000,-1.0806451613,0.16,62.0,9.92,38.4000,2021
R100_044_PID000000328,44,328,2021-05-06T04:20:00,2021-05-06T04:15:00,-1,SELL,1.20047,1.20063,1.20015,2021-05-06T04:22:23,1.20063,SL_LIKE,LOSS_NET_NONPOSITIVE,-12.40000000,-1.2500000000,0.62,16.0,9.92,2.3833,2021
R100_045_PID000000212,45,212,2020-08-12T03:55:00,2020-08-12T03:50:00,-1,SELL,1.17342,1.17429,1.17168,2020-08-12T05:04:36,1.17168,TP_LIKE,WIN_NET_POSITIVE,18.70000000,1.9540229885,0.11,87.0,9.57,69.6000,2020
R100_046_PID000000352,46,352,2021-06-28T03:20:00,2021-06-28T03:15:00,-1,SELL,1.19365,1.19422,1.19251,2021-06-28T04:38:04,1.19251,TP_LIKE,WIN_NET_POSITIVE,18.70000000,1.9298245614,0.17,57.0,9.69,78.0667,2021
R100_047_PID000000260,47,260,2020-12-11T02:20:00,2020-12-11T02:15:00,1,BUY,1.21441,1.21422,1.21479,2020-12-11T02:33:37,1.21422,SL_LIKE,LOSS_NET_NONPOSITIVE,-11.96000000,-1.2105263158,0.52,19.0,9.88,13.6167,2020
R100_048_PID000000150,48,150,2020-03-20T02:40:00,2020-03-20T02:35:00,1,BUY,1.06672,1.06607,1.06802,2020-03-20T03:19:54,1.06803,TP_LIKE,WIN_NET_POSITIVE,19.05000000,1.9538461538,0.15,65.0,9.75,39.9000,2020
R100_049_PID000000068,49,68,2019-08-12T04:20:00,2019-08-12T04:15:00,1,BUY,1.12055,1.12023,1.12119,2019-08-12T06:20:00,1.1207,TIMEOUT_OR_OTHER,WIN_NET_POSITIVE,3.41000000,0.3437500000,0.31,32.0,9.92,120.0000,2019
R100_050_PID000000044,50,44,2019-06-25T03:55:00,2019-06-25T03:50:00,1,BUY,1.14021,1.13965,1.14133,2019-06-25T05:55:00,1.14014,TIMEOUT_OR_OTHER,LOSS_NET_NONPOSITIVE,-1.87000000,-0.1964285714,0.17,56.0,9.52,120.0000,2019
R100_051_PID000000522,51,522,2022-12-29T03:15:00,2022-12-29T03:10:00,1,BUY,1.06316,1.06243,1.06462,2022-12-29T05:10:13,1.06243,SL_LIKE,LOSS_NET_NONPOSITIVE,-10.01000000,-1.0547945205,0.13,73.0,9.49,115.2167,2022
R100_052_PID000000074,52,74,2019-08-19T03:55:00,2019-08-19T03:50:00,-1,SELL,1.10917,1.10931,1.10889,2019-08-19T04:18:59,1.10889,TP_LIKE,WIN_NET_POSITIVE,17.04000000,1.7142857143,0.71,14.0,9.94,23.9833,2019
R100_053_PID000000228,53,228,2020-09-28T03:25:00,2020-09-28T03:20:00,-1,SELL,1.16317,1.16339,1.16273,2020-09-28T03:28:12,1.16339,SL_LIKE,LOSS_NET_NONPOSITIVE,-11.70000000,-1.1818181818,0.45,22.0,9.9,3.2000,2020
R100_054_PID000000454,54,454,2022-04-27T03:35:00,2022-04-27T03:30:00,-1,SELL,1.06395,1.06415,1.06355,2022-04-27T03:43:30,1.06355,TP_LIKE,WIN_NET_POSITIVE,17.64000000,1.8000000000,0.49,20.0,9.8,8.5000,2022
R100_055_PID000000076,55,76,2019-08-23T03:45:00,2019-08-23T03:40:00,-1,SELL,1.10801,1.10821,1.10761,2019-08-23T03:55:02,1.10822,SL_LIKE,LOSS_NET_NONPOSITIVE,-12.25000000,-1.2500000000,0.49,20.0,9.8,10.0333,2019
R100_056_PID000000128,56,128,2020-01-17T03:00:00,2020-01-17T02:55:00,1,BUY,1.11377,1.11357,1.11417,2020-01-17T03:23:59,1.11354,SL_LIKE,LOSS_NET_NONPOSITIVE,-13.23000000,-1.3500000000,0.49,20.0,9.8,23.9833,2020
R100_057_PID000000408,57,408,2021-12-15T02:20:00,2021-12-15T02:15:00,1,BUY,1.12596,1.1257,1.12648,2021-12-15T02:48:16,1.12648,TP_LIKE,WIN_NET_POSITIVE,18.24000000,1.8461538462,0.38,26.0,9.88,28.2667,2021
R100_058_PID000000370,58,370,2021-08-13T03:30:00,2021-08-13T03:25:00,-1,SELL,1.17345,1.17361,1.17313,2021-08-13T03:59:06,1.17362,SL_LIKE,LOSS_NET_NONPOSITIVE,-13.02000000,-1.3125000000,0.62,16.0,9.92,29.1000,2021
R100_059_PID000000428,59,428,2022-02-21T01:40:00,2022-02-21T01:35:00,-1,SELL,1.13157,1.13209,1.13053,2022-02-21T02:51:25,1.13209,SL_LIKE,LOSS_NET_NONPOSITIVE,-10.64000000,-1.0769230769,0.19,52.0,9.88,71.4167,2022
R100_060_PID000000090,60,90,2019-09-11T03:30:00,2019-09-11T03:25:00,1,BUY,1.10553,1.10489,1.10681,2019-09-11T03:37:07,1.10489,SL_LIKE,LOSS_NET_NONPOSITIVE,-10.20000000,-1.0625000000,0.15,64.0,9.6,7.1167,2019
R100_061_PID000000316,61,316,2021-03-24T04:00:00,2021-03-24T03:55:00,1,BUY,1.18482,1.18439,1.18568,2021-03-24T04:23:26,1.18438,SL_LIKE,LOSS_NET_NONPOSITIVE,-11.04000000,-1.1162790698,0.23,43.0,9.89,23.4333,2021
R100_062_PID000000422,62,422,2022-02-03T02:50:00,2022-02-03T02:45:00,-1,SELL,1.12969,1.12988,1.12931,2022-02-03T03:06:22,1.12988,SL_LIKE,LOSS_NET_NONPOSITIVE,-11.96000000,-1.2105263158,0.52,19.0,9.88,16.3667,2022
R100_063_PID000000446,63,446,2022-04-19T03:55:00,2022-04-19T03:50:00,-1,SELL,1.07748,1.07818,1.07608,2022-04-19T04:01:35,1.07818,SL_LIKE,LOSS_NET_NONPOSITIVE,-10.36000000,-1.0571428571,0.14,70.0,9.8,6.5833,2022
R100_064_PID000000022,64,22,2019-04-16T04:35:00,2019-04-16T04:30:00,-1,SELL,1.12992,1.13047,1.12882,2019-04-16T06:35:00,1.13033,TIMEOUT_OR_OTHER,LOSS_NET_NONPOSITIVE,-8.10000000,-0.8181818182,0.18,55.0,9.9,120.0000,2019
R100_065_PID000000220,65,220,2020-08-26T03:50:00,2020-08-26T03:45:00,-1,SELL,1.18294,1.18336,1.1821,2020-08-26T04:49:59,1.1834,SL_LIKE,LOSS_NET_NONPOSITIVE,-11.50000000,-1.1904761905,0.23,42.0,9.66,59.9833,2020
R100_066_PID000000356,66,356,2021-07-08T04:05:00,2021-07-08T04:00:00,-1,SELL,1.17881,1.17927,1.17789,2021-07-08T04:26:15,1.17927,SL_LIKE,LOSS_NET_NONPOSITIVE,-10.50000000,-1.0869565217,0.21,46.0,9.66,21.2500,2021
R100_067_PID000000280,67,280,2021-01-15T02:40:00,2021-01-15T02:35:00,1,BUY,1.21563,1.21547,1.21595,2021-01-15T02:41:24,1.21547,SL_LIKE,LOSS_NET_NONPOSITIVE,-12.40000000,-1.2500000000,0.62,16.0,9.92,1.4000,2021
R100_068_PID000000372,68,372,2021-08-20T03:20:00,2021-08-20T03:15:00,1,BUY,1.16802,1.1676,1.16886,2021-08-20T05:20:00,1.16794,TIMEOUT_OR_OTHER,LOSS_NET_NONPOSITIVE,-2.76000000,-0.2857142857,0.23,42.0,9.66,120.0000,2021
R100_069_PID000000238,69,238,2020-11-03T02:20:00,2020-11-03T02:15:00,-1,SELL,1.16393,1.16419,1.16341,2020-11-03T02:23:18,1.16419,SL_LIKE,LOSS_NET_NONPOSITIVE,-11.40000000,-1.1538461538,0.38,26.0,9.88,3.3000,2020
R100_070_PID000000266,70,266,2020-12-22T03:05:00,2020-12-22T03:00:00,-1,SELL,1.22326,1.22374,1.2223,2020-12-22T03:29:37,1.22375,SL_LIKE,LOSS_NET_NONPOSITIVE,-10.60000000,-1.1041666667,0.2,48.0,9.6,24.6167,2020
R100_071_PID000000482,71,482,2022-07-25T00:55:00,2022-07-25T00:50:00,1,BUY,1.02173,1.02141,1.02237,2022-07-25T01:00:21,1.02139,SL_LIKE,LOSS_NET_NONPOSITIVE,-11.78000000,-1.1875000000,0.31,32.0,9.92,5.3500,2022
R100_072_PID000000118,72,118,2019-12-13T02:20:00,2019-12-13T02:15:00,-1,SELL,1.11742,1.11815,1.11596,2019-12-13T03:33:04,1.11817,SL_LIKE,LOSS_NET_NONPOSITIVE,-10.27000000,-1.0821917808,0.13,73.0,9.49,73.0667,2019
R100_073_PID000000016,73,16,2019-03-12T03:50:00,2019-03-12T03:45:00,1,BUY,1.12607,1.12582,1.12657,2019-03-12T04:00:32,1.12581,SL_LIKE,LOSS_NET_NONPOSITIVE,-11.70000000,-1.2000000000,0.39,25.0,9.75,10.5333,2019
R100_074_PID000000322,74,322,2021-04-19T02:10:00,2021-04-19T02:05:00,-1,SELL,1.19714,1.19739,1.19664,2021-04-19T03:50:25,1.1974,SL_LIKE,LOSS_NET_NONPOSITIVE,-11.70000000,-1.2000000000,0.39,25.0,9.75,100.4167,2021
R100_075_PID000000272,75,272,2021-01-04T03:25:00,2021-01-04T03:20:00,1,BUY,1.22472,1.22407,1.22602,2021-01-04T05:25:00,1.22551,TIMEOUT_OR_OTHER,WIN_NET_POSITIVE,11.25000000,1.1538461538,0.15,65.0,9.75,120.0000,2021
R100_076_PID000000078,76,78,2019-08-27T03:20:00,2019-08-27T03:15:00,1,BUY,1.11032,1.1101,1.11076,2019-08-27T04:01:15,1.11008,SL_LIKE,LOSS_NET_NONPOSITIVE,-12.60000000,-1.2727272727,0.45,22.0,9.9,41.2500,2019
R100_077_PID000000226,77,226,2020-09-24T03:15:00,2020-09-24T03:10:00,1,BUY,1.16672,1.16559,1.16898,2020-09-24T05:15:00,1.16612,TIMEOUT_OR_OTHER,LOSS_NET_NONPOSITIVE,-5.12000000,-0.5663716814,0.08,113.0,9.04,120.0000,2020
R100_078_PID000000488,78,488,2022-08-01T03:40:00,2022-08-01T03:35:00,1,BUY,1.02186,1.0215,1.02258,2022-08-01T04:06:39,1.0226,TP_LIKE,WIN_NET_POSITIVE,18.90000000,1.9444444444,0.27,36.0,9.72,26.6500,2022
R100_079_PID000000510,79,510,2022-10-04T03:20:00,2022-10-04T03:15:00,-1,SELL,0.983,0.98389,0.98122,2022-10-04T04:59:42,0.98122,TP_LIKE,WIN_NET_POSITIVE,19.14000000,1.9550561798,0.11,89.0,9.79,99.7000,2022
R100_080_PID000000470,80,470,2022-06-21T03:20:00,2022-06-21T03:15:00,1,BUY,1.05192,1.05158,1.0526,2022-06-21T03:29:15,1.05262,TP_LIKE,WIN_NET_POSITIVE,19.14000000,1.9411764706,0.29,34.0,9.86,9.2500,2022
R100_081_PID000000164,81,164,2020-04-15T03:15:00,2020-04-15T03:10:00,-1,SELL,1.0981,1.09839,1.09752,2020-04-15T03:55:05,1.09839,SL_LIKE,LOSS_NET_NONPOSITIVE,-11.22000000,-1.1379310345,0.34,29.0,9.86,40.0833,2020
R100_082_PID000000264,82,264,2020-12-21T02:20:00,2020-12-21T02:15:00,-1,SELL,1.22063,1.22147,1.21895,2020-12-21T02:33:27,1.22147,SL_LIKE,LOSS_NET_NONPOSITIVE,-9.68000000,-1.0476190476,0.11,84.0,9.24,13.4500,2020
R100_083_PID000000312,83,312,2021-03-22T01:15:00,2021-03-22T01:10:00,1,BUY,1.189,1.18834,1.19032,2021-03-22T01:54:26,1.18833,SL_LIKE,LOSS_NET_NONPOSITIVE,-10.65000000,-1.0757575758,0.15,66.0,9.9,39.4333,2021
R100_084_PID000000348,84,348,2021-06-16T03:50:00,2021-06-16T03:45:00,1,BUY,1.2126,1.21247,1.21286,2021-06-16T03:51:25,1.21247,SL_LIKE,LOSS_NET_NONPOSITIVE,-12.92000000,-1.3076923077,0.76,13.0,9.88,1.4167,2021
R100_085_PID000000458,85,458,2022-05-09T03:25:00,2022-05-09T03:20:00,-1,SELL,1.05289,1.05339,1.05189,2022-05-09T03:59:02,1.05188,TP_LIKE,WIN_NET_POSITIVE,18.43000000,1.9400000000,0.19,50.0,9.5,34.0333,2022
R100_086_PID000000102,86,102,2019-11-14T02:25:00,2019-11-14T02:20:00,1,BUY,1.10104,1.10088,1.10136,2019-11-14T02:30:14,1.10088,SL_LIKE,LOSS_NET_NONPOSITIVE,-12.40000000,-1.2500000000,0.62,16.0,9.92,5.2333,2019
R100_087_PID000000148,87,148,2020-03-19T02:45:00,2020-03-19T02:40:00,-1,SELL,1.09234,1.09379,1.08944,2020-03-19T03:10:15,1.08943,TP_LIKE,WIN_NET_POSITIVE,17.22000000,1.9793103448,0.06,145.0,8.7,25.2500,2020
R100_088_PID000000040,88,40,2019-06-13T03:30:00,2019-06-13T03:25:00,1,BUY,1.12951,1.12924,1.13005,2019-06-13T03:51:30,1.12924,SL_LIKE,LOSS_NET_NONPOSITIVE,-11.47000000,-1.1481481481,0.37,27.0,9.99,21.5000,2019
R100_089_PID000000440,89,440,2022-04-05T03:15:00,2022-04-05T03:10:00,1,BUY,1.0976,1.09726,1.09828,2022-04-05T03:16:39,1.09725,SL_LIKE,LOSS_NET_NONPOSITIVE,-11.31000000,-1.1470588235,0.29,34.0,9.86,1.6500,2022
R100_090_PID000000042,90,42,2019-06-17T00:50:00,2019-06-17T00:45:00,1,BUY,1.12138,1.12103,1.12208,2019-06-17T00:59:36,1.12101,SL_LIKE,LOSS_NET_NONPOSITIVE,-11.48000000,-1.1714285714,0.28,35.0,9.8,9.6000,2019
R100_091_PID000000254,91,254,2020-12-04T03:15:00,2020-12-04T03:10:00,1,BUY,1.21479,1.21444,1.21549,2020-12-04T03:33:36,1.21443,SL_LIKE,LOSS_NET_NONPOSITIVE,-11.20000000,-1.1428571429,0.28,35.0,9.8,18.6000,2020
R100_092_PID000000460,92,460,2022-05-16T04:40:00,2022-05-16T04:35:00,1,BUY,1.0406,1.04015,1.0415,2022-05-16T04:48:33,1.04014,SL_LIKE,LOSS_NET_NONPOSITIVE,-11.00000000,-1.1111111111,0.22,45.0,9.9,8.5500,2022
R100_093_PID000000096,93,96,2019-10-09T04:00:00,2019-10-09T03:55:00,-1,SELL,1.09577,1.09594,1.09543,2019-10-09T04:13:16,1.09594,SL_LIKE,LOSS_NET_NONPOSITIVE,-12.18000000,-1.2352941176,0.58,17.0,9.86,13.2667,2019
R100_094_PID000000176,94,176,2020-06-02T03:25:00,2020-06-02T03:20:00,1,BUY,1.11332,1.11253,1.1149,2020-06-02T04:52:28,1.11253,SL_LIKE,LOSS_NET_NONPOSITIVE,-9.96000000,-1.0506329114,0.12,79.0,9.48,87.4667,2020
R100_095_PID000000034,95,34,2019-05-20T00:41:00,2019-05-20T00:35:00,1,BUY,1.11659,1.11591,1.11795,2019-05-20T02:41:00,1.11627,TIMEOUT_OR_OTHER,LOSS_NET_NONPOSITIVE,-5.04000000,-0.5294117647,0.14,68.0,9.52,120.0000,2019
R100_096_PID000000502,96,502,2022-09-21T03:40:00,2022-09-21T03:35:00,-1,SELL,0.99606,0.99703,0.99412,2022-09-21T05:11:28,0.99703,SL_LIKE,LOSS_NET_NONPOSITIVE,-10.10000000,-1.0412371134,0.1,97.0,9.7,91.4667,2022
R100_097_PID000000332,97,332,2021-05-13T03:20:00,2021-05-13T03:15:00,-1,SELL,1.20737,1.2079,1.20631,2021-05-13T03:44:49,1.2079,SL_LIKE,LOSS_NET_NONPOSITIVE,-10.26000000,-1.0754716981,0.18,53.0,9.54,24.8167,2021
R100_098_PID000000298,98,298,2021-02-15T03:25:00,2021-02-15T03:20:00,-1,SELL,1.21204,1.21223,1.21166,2021-02-15T03:28:28,1.21223,SL_LIKE,LOSS_NET_NONPOSITIVE,-11.96000000,-1.2105263158,0.52,19.0,9.88,3.4667,2021
R100_099_PID000000490,99,490,2022-08-04T03:45:00,2022-08-04T03:40:00,1,BUY,1.0163,1.01572,1.01746,2022-08-04T04:33:28,1.01746,TP_LIKE,WIN_NET_POSITIVE,19.04000000,1.9310344828,0.17,58.0,9.86,48.4667,2022
R100_100_PID000000484,100,484,2022-07-25T03:45:00,2022-07-25T03:40:00,-1,SELL,1.01912,1.01955,1.01826,2022-07-25T03:59:25,1.01826,TP_LIKE,WIN_NET_POSITIVE,18.86000000,1.9069767442,0.23,43.0,9.89,14.4167,2022
