event_id,decision_time_utc,direction,label_true_sweep_liquidity,label_true_displacement,label_true_mss_bos_close,label_valid_breaker,label_fvg_fresh_unfilled,label_micro_confirm_present,label_core_setup_accept,objective_core_ex_breaker,entry_readiness,primary_reject_reason,reviewer_id,reviewer_type,outcome_seen
XAUUSD_1704195000_1,2024-01-02T11:30:00Z,long,no,yes,no,ambiguous,yes,no,no,no,reject,SWEEP_FALSE_OR_AMBIGUOUS,CODEX_OBJECTIVE_PRECHECK_V1,AI_EXPLORATORY,False
XAUUSD_1704805800_-1,2024-01-09T13:10:00Z,short,no,yes,no,ambiguous,yes,no,no,no,reject,SWEEP_FALSE_OR_AMBIGUOUS,CODEX_OBJECTIVE_PRECHECK_V1,AI_EXPLORATORY,False
XAUUSD_1704807000_-1,2024-01-09T13:30:00Z,short,yes,yes,yes,ambiguous,yes,no,ambiguous,yes,ambiguous,BREAKER_INVALID_OR_AMBIGUOUS,CODEX_OBJECTIVE_PRECHECK_V1,AI_EXPLORATORY,False
XAUUSD_1704975600_-1,2024-01-11T12:20:00Z,short,yes,no,no,ambiguous,yes,no,no,no,reject,DISPLACEMENT_WEAK,CODEX_OBJECTIVE_PRECHECK_V1,AI_EXPLORATORY,False
XAUUSD_1705567200_-1,2024-01-18T08:40:00Z,short,no,no,yes,no,yes,no,no,no,reject,SWEEP_FALSE_OR_AMBIGUOUS,CODEX_OBJECTIVE_PRECHECK_V1,AI_EXPLORATORY,False
XAUUSD_1706182800_-1,2024-01-25T11:40:00Z,short,yes,yes,yes,ambiguous,yes,no,ambiguous,yes,ambiguous,BREAKER_INVALID_OR_AMBIGUOUS,CODEX_OBJECTIVE_PRECHECK_V1,AI_EXPLORATORY,False
XAUUSD_1706699400_1,2024-01-31T11:10:00Z,long,no,yes,yes,ambiguous,yes,no,no,no,reject,SWEEP_FALSE_OR_AMBIGUOUS,CODEX_OBJECTIVE_PRECHECK_V1,AI_EXPLORATORY,False
XAUUSD_1706703300_1,2024-01-31T12:15:00Z,long,no,no,yes,no,yes,no,no,no,reject,SWEEP_FALSE_OR_AMBIGUOUS,CODEX_OBJECTIVE_PRECHECK_V1,AI_EXPLORATORY,False
XAUUSD_1706707500_1,2024-01-31T13:25:00Z,long,no,no,no,no,yes,no,no,no,reject,SWEEP_FALSE_OR_AMBIGUOUS,CODEX_OBJECTIVE_PRECHECK_V1,AI_EXPLORATORY,False
XAUUSD_1706794800_1,2024-02-01T13:40:00Z,long,no,yes,yes,ambiguous,yes,no,no,no,reject,SWEEP_FALSE_OR_AMBIGUOUS,CODEX_OBJECTIVE_PRECHECK_V1,AI_EXPLORATORY,False
XAUUSD_1706866500_1,2024-02-02T09:35:00Z,long,no,yes,no,ambiguous,yes,no,no,no,reject,SWEEP_FALSE_OR_AMBIGUOUS,CODEX_OBJECTIVE_PRECHECK_V1,AI_EXPLORATORY,False
XAUUSD_1707310200_1,2024-02-07T12:50:00Z,long,no,no,no,ambiguous,yes,no,no,no,reject,SWEEP_FALSE_OR_AMBIGUOUS,CODEX_OBJECTIVE_PRECHECK_V1,AI_EXPLORATORY,False
XAUUSD_1707312600_1,2024-02-07T13:30:00Z,long,no,yes,yes,ambiguous,yes,no,no,no,reject,SWEEP_FALSE_OR_AMBIGUOUS,CODEX_OBJECTIVE_PRECHECK_V1,AI_EXPLORATORY,False
XAUUSD_1707317100_1,2024-02-07T14:45:00Z,long,ambiguous,yes,ambiguous,ambiguous,yes,no,ambiguous,no,ambiguous,SWEEP_FALSE_OR_AMBIGUOUS,CODEX_OBJECTIVE_PRECHECK_V1,AI_EXPLORATORY,False
XAUUSD_1707994800_-1,2024-02-15T11:00:00Z,short,no,yes,no,ambiguous,yes,no,no,no,reject,SWEEP_FALSE_OR_AMBIGUOUS,CODEX_OBJECTIVE_PRECHECK_V1,AI_EXPLORATORY,False
XAUUSD_1707999000_-1,2024-02-15T12:10:00Z,short,no,yes,no,ambiguous,yes,no,no,no,reject,SWEEP_FALSE_OR_AMBIGUOUS,CODEX_OBJECTIVE_PRECHECK_V1,AI_EXPLORATORY,False
XAUUSD_1708954800_1,2024-02-26T13:40:00Z,long,yes,yes,yes,ambiguous,yes,no,ambiguous,yes,ambiguous,BREAKER_INVALID_OR_AMBIGUOUS,CODEX_OBJECTIVE_PRECHECK_V1,AI_EXPLORATORY,False
XAUUSD_1709034300_1,2024-02-27T11:45:00Z,long,yes,yes,yes,ambiguous,yes,no,ambiguous,yes,ambiguous,BREAKER_INVALID_OR_AMBIGUOUS,CODEX_OBJECTIVE_PRECHECK_V1,AI_EXPLORATORY,False
XAUUSD_1709192400_1,2024-02-29T07:40:00Z,long,no,no,no,ambiguous,yes,no,no,no,reject,SWEEP_FALSE_OR_AMBIGUOUS,CODEX_OBJECTIVE_PRECHECK_V1,AI_EXPLORATORY,False
XAUUSD_1709284500_1,2024-03-01T09:15:00Z,long,no,yes,no,ambiguous,yes,no,no,no,reject,SWEEP_FALSE_OR_AMBIGUOUS,CODEX_OBJECTIVE_PRECHECK_V1,AI_EXPLORATORY,False
XAUUSD_1709305500_1,2024-03-01T15:05:00Z,long,ambiguous,yes,ambiguous,ambiguous,yes,no,ambiguous,no,ambiguous,SWEEP_FALSE_OR_AMBIGUOUS,CODEX_OBJECTIVE_PRECHECK_V1,AI_EXPLORATORY,False
XAUUSD_1709626200_1,2024-03-05T08:10:00Z,long,no,yes,yes,ambiguous,yes,no,no,no,reject,SWEEP_FALSE_OR_AMBIGUOUS,CODEX_OBJECTIVE_PRECHECK_V1,AI_EXPLORATORY,False
XAUUSD_1709630400_1,2024-03-05T09:20:00Z,long,no,no,yes,ambiguous,yes,no,no,no,reject,SWEEP_FALSE_OR_AMBIGUOUS,CODEX_OBJECTIVE_PRECHECK_V1,AI_EXPLORATORY,False
XAUUSD_1709645400_1,2024-03-05T13:30:00Z,long,no,yes,yes,ambiguous,yes,no,no,no,reject,SWEEP_FALSE_OR_AMBIGUOUS,CODEX_OBJECTIVE_PRECHECK_V1,AI_EXPLORATORY,False
XAUUSD_1709816400_1,2024-03-07T13:00:00Z,long,yes,yes,yes,ambiguous,yes,no,ambiguous,yes,ambiguous,BREAKER_INVALID_OR_AMBIGUOUS,CODEX_OBJECTIVE_PRECHECK_V1,AI_EXPLORATORY,False
XAUUSD_1709912400_1,2024-03-08T15:40:00Z,long,yes,no,yes,ambiguous,yes,no,no,no,reject,DISPLACEMENT_WEAK,CODEX_OBJECTIVE_PRECHECK_V1,AI_EXPLORATORY,False
XAUUSD_1710231300_1,2024-03-12T08:15:00Z,long,no,no,no,ambiguous,yes,no,no,no,reject,SWEEP_FALSE_OR_AMBIGUOUS,CODEX_OBJECTIVE_PRECHECK_V1,AI_EXPLORATORY,False
XAUUSD_1710257100_1,2024-03-12T15:25:00Z,long,no,no,no,ambiguous,yes,no,no,no,reject,SWEEP_FALSE_OR_AMBIGUOUS,CODEX_OBJECTIVE_PRECHECK_V1,AI_EXPLORATORY,False
XAUUSD_1710412800_1,2024-03-14T10:40:00Z,long,yes,yes,yes,ambiguous,yes,no,ambiguous,yes,ambiguous,BREAKER_INVALID_OR_AMBIGUOUS,CODEX_OBJECTIVE_PRECHECK_V1,AI_EXPLORATORY,False
XAUUSD_1710500400_1,2024-03-15T11:00:00Z,long,yes,yes,yes,ambiguous,yes,no,ambiguous,yes,ambiguous,BREAKER_INVALID_OR_AMBIGUOUS,CODEX_OBJECTIVE_PRECHECK_V1,AI_EXPLORATORY,False
XAUUSD_1711377600_1,2024-03-25T14:40:00Z,long,ambiguous,yes,ambiguous,ambiguous,yes,no,ambiguous,no,ambiguous,SWEEP_FALSE_OR_AMBIGUOUS,CODEX_OBJECTIVE_PRECHECK_V1,AI_EXPLORATORY,False
XAUUSD_1711634700_1,2024-03-28T14:05:00Z,long,yes,yes,no,ambiguous,yes,no,no,no,reject,NO_MSS_CLOSE_OR_AMBIGUOUS,CODEX_OBJECTIVE_PRECHECK_V1,AI_EXPLORATORY,False
XAUUSD_1711978500_1,2024-04-01T13:35:00Z,long,no,no,no,ambiguous,yes,no,no,no,reject,SWEEP_FALSE_OR_AMBIGUOUS,CODEX_OBJECTIVE_PRECHECK_V1,AI_EXPLORATORY,False
XAUUSD_1712220000_1,2024-04-04T08:40:00Z,long,yes,yes,no,ambiguous,yes,no,no,no,reject,NO_MSS_CLOSE_OR_AMBIGUOUS,CODEX_OBJECTIVE_PRECHECK_V1,AI_EXPLORATORY,False
XAUUSD_1712243400_1,2024-04-04T15:10:00Z,long,yes,no,yes,ambiguous,yes,no,no,no,reject,DISPLACEMENT_WEAK,CODEX_OBJECTIVE_PRECHECK_V1,AI_EXPLORATORY,False
XAUUSD_1712921700_1,2024-04-12T11:35:00Z,long,yes,no,yes,ambiguous,yes,no,no,no,reject,DISPLACEMENT_WEAK,CODEX_OBJECTIVE_PRECHECK_V1,AI_EXPLORATORY,False
XAUUSD_1713269400_1,2024-04-16T12:10:00Z,long,ambiguous,no,ambiguous,ambiguous,yes,no,no,no,reject,SWEEP_FALSE_OR_AMBIGUOUS,CODEX_OBJECTIVE_PRECHECK_V1,AI_EXPLORATORY,False
XAUUSD_1713439800_1,2024-04-18T11:30:00Z,long,yes,yes,yes,ambiguous,yes,no,ambiguous,yes,ambiguous,BREAKER_INVALID_OR_AMBIGUOUS,CODEX_OBJECTIVE_PRECHECK_V1,AI_EXPLORATORY,False
XAUUSD_1713445800_1,2024-04-18T13:10:00Z,long,yes,no,yes,ambiguous,yes,no,no,no,reject,DISPLACEMENT_WEAK,CODEX_OBJECTIVE_PRECHECK_V1,AI_EXPLORATORY,False
XAUUSD_1713527700_1,2024-04-19T11:55:00Z,long,yes,no,no,ambiguous,yes,no,no,no,reject,DISPLACEMENT_WEAK,CODEX_OBJECTIVE_PRECHECK_V1,AI_EXPLORATORY,False
XAUUSD_1714731600_-1,2024-05-03T10:20:00Z,short,yes,no,no,ambiguous,yes,no,no,no,reject,DISPLACEMENT_WEAK,CODEX_OBJECTIVE_PRECHECK_V1,AI_EXPLORATORY,False
XAUUSD_1714743000_-1,2024-05-03T13:30:00Z,short,ambiguous,no,ambiguous,ambiguous,yes,no,no,no,reject,SWEEP_FALSE_OR_AMBIGUOUS,CODEX_OBJECTIVE_PRECHECK_V1,AI_EXPLORATORY,False
XAUUSD_1715946000_1,2024-05-17T11:40:00Z,long,yes,no,yes,ambiguous,yes,no,no,no,reject,DISPLACEMENT_WEAK,CODEX_OBJECTIVE_PRECHECK_V1,AI_EXPLORATORY,False
XAUUSD_1715953800_1,2024-05-17T13:50:00Z,long,yes,no,yes,ambiguous,yes,no,no,no,reject,DISPLACEMENT_WEAK,CODEX_OBJECTIVE_PRECHECK_V1,AI_EXPLORATORY,False
XAUUSD_1715958300_1,2024-05-17T15:05:00Z,long,yes,no,yes,ambiguous,yes,no,no,no,reject,DISPLACEMENT_WEAK,CODEX_OBJECTIVE_PRECHECK_V1,AI_EXPLORATORY,False
XAUUSD_1716288900_1,2024-05-21T10:55:00Z,long,no,no,yes,no,yes,no,no,no,reject,SWEEP_FALSE_OR_AMBIGUOUS,CODEX_OBJECTIVE_PRECHECK_V1,AI_EXPLORATORY,False
XAUUSD_1716373500_1,2024-05-22T10:25:00Z,long,yes,no,no,ambiguous,yes,no,no,no,reject,DISPLACEMENT_WEAK,CODEX_OBJECTIVE_PRECHECK_V1,AI_EXPLORATORY,False
XAUUSD_1716384600_1,2024-05-22T13:30:00Z,long,yes,no,yes,ambiguous,yes,no,no,no,reject,DISPLACEMENT_WEAK,CODEX_OBJECTIVE_PRECHECK_V1,AI_EXPLORATORY,False
XAUUSD_1717065600_-1,2024-05-30T10:40:00Z,short,yes,no,yes,ambiguous,yes,no,no,no,reject,DISPLACEMENT_WEAK,CODEX_OBJECTIVE_PRECHECK_V1,AI_EXPLORATORY,False
XAUUSD_1717150200_-1,2024-05-31T10:10:00Z,short,no,no,no,ambiguous,yes,no,no,no,reject,SWEEP_FALSE_OR_AMBIGUOUS,CODEX_OBJECTIVE_PRECHECK_V1,AI_EXPLORATORY,False
XAUUSD_1718030100_-1,2024-06-10T14:35:00Z,short,yes,yes,no,ambiguous,yes,no,no,no,reject,NO_MSS_CLOSE_OR_AMBIGUOUS,CODEX_OBJECTIVE_PRECHECK_V1,AI_EXPLORATORY,False
XAUUSD_1718184900_-1,2024-06-12T09:35:00Z,short,no,no,yes,ambiguous,yes,no,no,no,reject,SWEEP_FALSE_OR_AMBIGUOUS,CODEX_OBJECTIVE_PRECHECK_V1,AI_EXPLORATORY,False
XAUUSD_1718189100_-1,2024-06-12T10:45:00Z,short,no,no,no,ambiguous,yes,no,no,no,reject,SWEEP_FALSE_OR_AMBIGUOUS,CODEX_OBJECTIVE_PRECHECK_V1,AI_EXPLORATORY,False
XAUUSD_1718719200_-1,2024-06-18T14:00:00Z,short,no,no,no,ambiguous,yes,no,no,no,reject,SWEEP_FALSE_OR_AMBIGUOUS,CODEX_OBJECTIVE_PRECHECK_V1,AI_EXPLORATORY,False
XAUUSD_1718959200_1,2024-06-21T08:40:00Z,long,no,no,no,ambiguous,yes,no,no,no,reject,SWEEP_FALSE_OR_AMBIGUOUS,CODEX_OBJECTIVE_PRECHECK_V1,AI_EXPLORATORY,False
XAUUSD_1719927900_1,2024-07-02T13:45:00Z,long,yes,no,yes,ambiguous,yes,no,no,no,reject,DISPLACEMENT_WEAK,CODEX_OBJECTIVE_PRECHECK_V1,AI_EXPLORATORY,False
XAUUSD_1720011600_1,2024-07-03T13:00:00Z,long,yes,no,no,no,yes,no,no,no,reject,DISPLACEMENT_WEAK,CODEX_OBJECTIVE_PRECHECK_V1,AI_EXPLORATORY,False
XAUUSD_1720019400_1,2024-07-03T15:10:00Z,long,ambiguous,no,ambiguous,ambiguous,yes,no,no,no,reject,SWEEP_FALSE_OR_AMBIGUOUS,CODEX_OBJECTIVE_PRECHECK_V1,AI_EXPLORATORY,False
XAUUSD_1720169100_1,2024-07-05T08:45:00Z,long,yes,no,yes,ambiguous,yes,no,no,no,reject,DISPLACEMENT_WEAK,CODEX_OBJECTIVE_PRECHECK_V1,AI_EXPLORATORY,False
XAUUSD_1720426800_1,2024-07-08T08:20:00Z,long,no,yes,no,ambiguous,yes,no,no,no,reject,SWEEP_FALSE_OR_AMBIGUOUS,CODEX_OBJECTIVE_PRECHECK_V1,AI_EXPLORATORY,False
XAUUSD_1720596600_1,2024-07-10T07:30:00Z,long,yes,yes,no,ambiguous,yes,no,no,no,reject,NO_MSS_CLOSE_OR_AMBIGUOUS,CODEX_OBJECTIVE_PRECHECK_V1,AI_EXPLORATORY,False
XAUUSD_1720615200_1,2024-07-10T12:40:00Z,long,ambiguous,no,ambiguous,ambiguous,yes,no,no,no,reject,SWEEP_FALSE_OR_AMBIGUOUS,CODEX_OBJECTIVE_PRECHECK_V1,AI_EXPLORATORY,False
XAUUSD_1720618200_1,2024-07-10T13:30:00Z,long,ambiguous,yes,ambiguous,ambiguous,yes,no,ambiguous,no,ambiguous,SWEEP_FALSE_OR_AMBIGUOUS,CODEX_OBJECTIVE_PRECHECK_V1,AI_EXPLORATORY,False
XAUUSD_1720689300_1,2024-07-11T09:15:00Z,long,no,no,yes,ambiguous,yes,no,no,no,reject,SWEEP_FALSE_OR_AMBIGUOUS,CODEX_OBJECTIVE_PRECHECK_V1,AI_EXPLORATORY,False
XAUUSD_1720786800_1,2024-07-12T12:20:00Z,long,no,no,no,ambiguous,yes,no,no,no,reject,SWEEP_FALSE_OR_AMBIGUOUS,CODEX_OBJECTIVE_PRECHECK_V1,AI_EXPLORATORY,False
XAUUSD_1720792500_1,2024-07-12T13:55:00Z,long,no,yes,no,ambiguous,yes,no,no,no,reject,SWEEP_FALSE_OR_AMBIGUOUS,CODEX_OBJECTIVE_PRECHECK_V1,AI_EXPLORATORY,False
XAUUSD_1720793700_1,2024-07-12T14:15:00Z,long,no,yes,no,ambiguous,yes,no,no,no,reject,SWEEP_FALSE_OR_AMBIGUOUS,CODEX_OBJECTIVE_PRECHECK_V1,AI_EXPLORATORY,False
XAUUSD_1721053500_1,2024-07-15T14:25:00Z,long,ambiguous,no,ambiguous,no,yes,no,no,no,reject,SWEEP_FALSE_OR_AMBIGUOUS,CODEX_OBJECTIVE_PRECHECK_V1,AI_EXPLORATORY,False
XAUUSD_1721133000_1,2024-07-16T12:30:00Z,long,no,yes,no,ambiguous,yes,no,no,no,reject,SWEEP_FALSE_OR_AMBIGUOUS,CODEX_OBJECTIVE_PRECHECK_V1,AI_EXPLORATORY,False
XAUUSD_1721983200_-1,2024-07-26T08:40:00Z,short,yes,no,yes,ambiguous,yes,no,no,no,reject,DISPLACEMENT_WEAK,CODEX_OBJECTIVE_PRECHECK_V1,AI_EXPLORATORY,False
XAUUSD_1722524700_1,2024-08-01T15:05:00Z,long,ambiguous,no,ambiguous,ambiguous,yes,no,no,no,reject,SWEEP_FALSE_OR_AMBIGUOUS,CODEX_OBJECTIVE_PRECHECK_V1,AI_EXPLORATORY,False
XAUUSD_1722606000_1,2024-08-02T13:40:00Z,long,no,yes,yes,ambiguous,yes,no,no,no,reject,SWEEP_FALSE_OR_AMBIGUOUS,CODEX_OBJECTIVE_PRECHECK_V1,AI_EXPLORATORY,False
XAUUSD_1723037700_-1,2024-08-07T13:35:00Z,short,no,no,no,ambiguous,yes,no,no,no,reject,SWEEP_FALSE_OR_AMBIGUOUS,CODEX_OBJECTIVE_PRECHECK_V1,AI_EXPLORATORY,False
XAUUSD_1723124400_-1,2024-08-08T13:40:00Z,short,yes,no,yes,ambiguous,yes,no,no,no,reject,DISPLACEMENT_WEAK,CODEX_OBJECTIVE_PRECHECK_V1,AI_EXPLORATORY,False
XAUUSD_1723810200_1,2024-08-16T12:10:00Z,long,ambiguous,yes,ambiguous,ambiguous,yes,no,ambiguous,no,ambiguous,SWEEP_FALSE_OR_AMBIGUOUS,CODEX_OBJECTIVE_PRECHECK_V1,AI_EXPLORATORY,False
XAUUSD_1723812900_1,2024-08-16T12:55:00Z,long,ambiguous,no,ambiguous,ambiguous,yes,no,no,no,reject,SWEEP_FALSE_OR_AMBIGUOUS,CODEX_OBJECTIVE_PRECHECK_V1,AI_EXPLORATORY,False
XAUUSD_1724079600_1,2024-08-19T15:00:00Z,long,yes,no,ambiguous,ambiguous,yes,no,no,no,reject,DISPLACEMENT_WEAK,CODEX_OBJECTIVE_PRECHECK_V1,AI_EXPLORATORY,False
XAUUSD_1724225400_1,2024-08-21T07:30:00Z,long,no,yes,yes,ambiguous,yes,no,no,no,reject,SWEEP_FALSE_OR_AMBIGUOUS,CODEX_OBJECTIVE_PRECHECK_V1,AI_EXPLORATORY,False
XAUUSD_1724248800_1,2024-08-21T14:00:00Z,long,ambiguous,no,ambiguous,no,yes,no,no,no,reject,SWEEP_FALSE_OR_AMBIGUOUS,CODEX_OBJECTIVE_PRECHECK_V1,AI_EXPLORATORY,False
XAUUSD_1724322300_1,2024-08-22T10:25:00Z,long,no,yes,yes,ambiguous,yes,no,no,no,reject,SWEEP_FALSE_OR_AMBIGUOUS,CODEX_OBJECTIVE_PRECHECK_V1,AI_EXPLORATORY,False
XAUUSD_1724425200_1,2024-08-23T15:00:00Z,long,ambiguous,no,ambiguous,ambiguous,yes,no,no,no,reject,SWEEP_FALSE_OR_AMBIGUOUS,CODEX_OBJECTIVE_PRECHECK_V1,AI_EXPLORATORY,False
XAUUSD_1724753700_1,2024-08-27T10:15:00Z,long,yes,no,no,ambiguous,yes,no,no,no,reject,DISPLACEMENT_WEAK,CODEX_OBJECTIVE_PRECHECK_V1,AI_EXPLORATORY,False
XAUUSD_1724764200_1,2024-08-27T13:10:00Z,long,ambiguous,yes,ambiguous,ambiguous,yes,no,ambiguous,no,ambiguous,SWEEP_FALSE_OR_AMBIGUOUS,CODEX_OBJECTIVE_PRECHECK_V1,AI_EXPLORATORY,False
XAUUSD_1724767200_1,2024-08-27T14:00:00Z,long,no,no,no,ambiguous,yes,no,no,no,reject,SWEEP_FALSE_OR_AMBIGUOUS,CODEX_OBJECTIVE_PRECHECK_V1,AI_EXPLORATORY,False
XAUUSD_1724928000_1,2024-08-29T10:40:00Z,long,no,no,yes,ambiguous,yes,no,no,no,reject,SWEEP_FALSE_OR_AMBIGUOUS,CODEX_OBJECTIVE_PRECHECK_V1,AI_EXPLORATORY,False
XAUUSD_1725023700_1,2024-08-30T13:15:00Z,long,no,no,no,ambiguous,yes,no,no,no,reject,SWEEP_FALSE_OR_AMBIGUOUS,CODEX_OBJECTIVE_PRECHECK_V1,AI_EXPLORATORY,False
XAUUSD_1725623700_1,2024-09-06T11:55:00Z,long,yes,no,no,ambiguous,yes,no,no,no,reject,DISPLACEMENT_WEAK,CODEX_OBJECTIVE_PRECHECK_V1,AI_EXPLORATORY,False
XAUUSD_1726137600_1,2024-09-12T10:40:00Z,long,no,no,no,ambiguous,yes,no,no,no,reject,SWEEP_FALSE_OR_AMBIGUOUS,CODEX_OBJECTIVE_PRECHECK_V1,AI_EXPLORATORY,False
XAUUSD_1726150500_1,2024-09-12T14:15:00Z,long,no,yes,yes,ambiguous,yes,no,no,no,reject,SWEEP_FALSE_OR_AMBIGUOUS,CODEX_OBJECTIVE_PRECHECK_V1,AI_EXPLORATORY,False
XAUUSD_1726217400_1,2024-09-13T08:50:00Z,long,no,no,yes,ambiguous,yes,no,no,no,reject,SWEEP_FALSE_OR_AMBIGUOUS,CODEX_OBJECTIVE_PRECHECK_V1,AI_EXPLORATORY,False
XAUUSD_1726223400_1,2024-09-13T10:30:00Z,long,ambiguous,no,ambiguous,ambiguous,yes,no,no,no,reject,SWEEP_FALSE_OR_AMBIGUOUS,CODEX_OBJECTIVE_PRECHECK_V1,AI_EXPLORATORY,False
XAUUSD_1726232100_1,2024-09-13T12:55:00Z,long,no,yes,no,ambiguous,yes,no,no,no,reject,SWEEP_FALSE_OR_AMBIGUOUS,CODEX_OBJECTIVE_PRECHECK_V1,AI_EXPLORATORY,False
XAUUSD_1726478700_1,2024-09-16T09:25:00Z,long,no,no,no,ambiguous,yes,no,no,no,reject,SWEEP_FALSE_OR_AMBIGUOUS,CODEX_OBJECTIVE_PRECHECK_V1,AI_EXPLORATORY,False
XAUUSD_1726498500_1,2024-09-16T14:55:00Z,long,yes,no,yes,ambiguous,yes,no,no,no,reject,DISPLACEMENT_WEAK,CODEX_OBJECTIVE_PRECHECK_V1,AI_EXPLORATORY,False
XAUUSD_1727095200_1,2024-09-23T12:40:00Z,long,yes,yes,yes,ambiguous,yes,no,ambiguous,yes,ambiguous,BREAKER_INVALID_OR_AMBIGUOUS,CODEX_OBJECTIVE_PRECHECK_V1,AI_EXPLORATORY,False
XAUUSD_1727433900_1,2024-09-27T10:45:00Z,long,no,no,no,ambiguous,yes,no,no,no,reject,SWEEP_FALSE_OR_AMBIGUOUS,CODEX_OBJECTIVE_PRECHECK_V1,AI_EXPLORATORY,False
XAUUSD_1728303000_1,2024-10-07T12:10:00Z,long,no,no,yes,ambiguous,yes,no,no,no,reject,SWEEP_FALSE_OR_AMBIGUOUS,CODEX_OBJECTIVE_PRECHECK_V1,AI_EXPLORATORY,False
XAUUSD_1728551400_-1,2024-10-10T09:10:00Z,short,no,no,no,no,yes,no,no,no,reject,SWEEP_FALSE_OR_AMBIGUOUS,CODEX_OBJECTIVE_PRECHECK_V1,AI_EXPLORATORY,False
XAUUSD_1729596000_1,2024-10-22T11:20:00Z,long,no,no,no,ambiguous,yes,no,no,no,reject,SWEEP_FALSE_OR_AMBIGUOUS,CODEX_OBJECTIVE_PRECHECK_V1,AI_EXPLORATORY,False
XAUUSD_1729773600_1,2024-10-24T12:40:00Z,long,no,no,yes,ambiguous,yes,no,no,no,reject,SWEEP_FALSE_OR_AMBIGUOUS,CODEX_OBJECTIVE_PRECHECK_V1,AI_EXPLORATORY,False
XAUUSD_1729869000_1,2024-10-25T15:10:00Z,long,ambiguous,yes,ambiguous,ambiguous,yes,no,ambiguous,no,ambiguous,SWEEP_FALSE_OR_AMBIGUOUS,CODEX_OBJECTIVE_PRECHECK_V1,AI_EXPLORATORY,False
XAUUSD_1730128500_1,2024-10-28T15:15:00Z,long,yes,yes,yes,ambiguous,yes,no,ambiguous,yes,ambiguous,BREAKER_INVALID_OR_AMBIGUOUS,CODEX_OBJECTIVE_PRECHECK_V1,AI_EXPLORATORY,False
XAUUSD_1730205600_1,2024-10-29T12:40:00Z,long,yes,no,no,ambiguous,yes,no,no,no,reject,DISPLACEMENT_WEAK,CODEX_OBJECTIVE_PRECHECK_V1,AI_EXPLORATORY,False
XAUUSD_1730211300_1,2024-10-29T14:15:00Z,long,yes,no,yes,ambiguous,yes,no,no,no,reject,DISPLACEMENT_WEAK,CODEX_OBJECTIVE_PRECHECK_V1,AI_EXPLORATORY,False
XAUUSD_1731055800_-1,2024-11-08T08:50:00Z,short,no,no,no,ambiguous,yes,no,no,no,reject,SWEEP_FALSE_OR_AMBIGUOUS,CODEX_OBJECTIVE_PRECHECK_V1,AI_EXPLORATORY,False
XAUUSD_1731672000_-1,2024-11-15T12:00:00Z,short,no,no,no,ambiguous,yes,no,no,no,reject,SWEEP_FALSE_OR_AMBIGUOUS,CODEX_OBJECTIVE_PRECHECK_V1,AI_EXPLORATORY,False
XAUUSD_1732194900_1,2024-11-21T13:15:00Z,long,no,no,no,ambiguous,yes,no,no,no,reject,SWEEP_FALSE_OR_AMBIGUOUS,CODEX_OBJECTIVE_PRECHECK_V1,AI_EXPLORATORY,False
XAUUSD_1732268400_1,2024-11-22T09:40:00Z,long,no,yes,yes,ambiguous,yes,no,no,no,reject,SWEEP_FALSE_OR_AMBIGUOUS,CODEX_OBJECTIVE_PRECHECK_V1,AI_EXPLORATORY,False
XAUUSD_1732790400_1,2024-11-28T10:40:00Z,long,yes,no,yes,ambiguous,yes,no,no,no,reject,DISPLACEMENT_WEAK,CODEX_OBJECTIVE_PRECHECK_V1,AI_EXPLORATORY,False
XAUUSD_1732887000_1,2024-11-29T13:30:00Z,long,yes,no,no,ambiguous,yes,no,no,no,reject,DISPLACEMENT_WEAK,CODEX_OBJECTIVE_PRECHECK_V1,AI_EXPLORATORY,False
XAUUSD_1733391900_1,2024-12-05T09:45:00Z,long,yes,yes,no,ambiguous,yes,no,no,no,reject,NO_MSS_CLOSE_OR_AMBIGUOUS,CODEX_OBJECTIVE_PRECHECK_V1,AI_EXPLORATORY,False
XAUUSD_1733494500_-1,2024-12-06T14:15:00Z,short,yes,no,yes,ambiguous,yes,no,no,no,reject,DISPLACEMENT_WEAK,CODEX_OBJECTIVE_PRECHECK_V1,AI_EXPLORATORY,False
XAUUSD_1733918400_1,2024-12-11T12:00:00Z,long,ambiguous,no,ambiguous,no,yes,no,no,no,reject,SWEEP_FALSE_OR_AMBIGUOUS,CODEX_OBJECTIVE_PRECHECK_V1,AI_EXPLORATORY,False
XAUUSD_1733924400_1,2024-12-11T13:40:00Z,long,ambiguous,yes,ambiguous,ambiguous,yes,no,ambiguous,no,ambiguous,SWEEP_FALSE_OR_AMBIGUOUS,CODEX_OBJECTIVE_PRECHECK_V1,AI_EXPLORATORY,False
XAUUSD_1734002700_1,2024-12-12T11:25:00Z,long,no,no,no,no,yes,no,no,no,reject,SWEEP_FALSE_OR_AMBIGUOUS,CODEX_OBJECTIVE_PRECHECK_V1,AI_EXPLORATORY,False
XAUUSD_1734015300_1,2024-12-12T14:55:00Z,long,no,no,no,ambiguous,yes,no,no,no,reject,SWEEP_FALSE_OR_AMBIGUOUS,CODEX_OBJECTIVE_PRECHECK_V1,AI_EXPLORATORY,False
XAUUSD_1735051200_-1,2024-12-24T14:40:00Z,short,ambiguous,no,ambiguous,ambiguous,yes,no,no,no,reject,SWEEP_FALSE_OR_AMBIGUOUS,CODEX_OBJECTIVE_PRECHECK_V1,AI_EXPLORATORY,False
XAUUSD_1735306200_-1,2024-12-27T13:30:00Z,short,no,yes,yes,ambiguous,yes,no,no,no,reject,SWEEP_FALSE_OR_AMBIGUOUS,CODEX_OBJECTIVE_PRECHECK_V1,AI_EXPLORATORY,False
XAUUSD_1735566000_-1,2024-12-30T13:40:00Z,short,yes,yes,no,ambiguous,yes,no,no,no,reject,NO_MSS_CLOSE_OR_AMBIGUOUS,CODEX_OBJECTIVE_PRECHECK_V1,AI_EXPLORATORY,False
XAUUSD_1735569600_-1,2024-12-30T14:40:00Z,short,yes,yes,yes,ambiguous,yes,no,ambiguous,yes,ambiguous,BREAKER_INVALID_OR_AMBIGUOUS,CODEX_OBJECTIVE_PRECHECK_V1,AI_EXPLORATORY,False
XAUUSD_1735571400_-1,2024-12-30T15:10:00Z,short,yes,no,yes,ambiguous,yes,no,no,no,reject,DISPLACEMENT_WEAK,CODEX_OBJECTIVE_PRECHECK_V1,AI_EXPLORATORY,False
XAUUSD_1735650600_-1,2024-12-31T13:10:00Z,short,no,yes,yes,ambiguous,yes,no,no,no,reject,SWEEP_FALSE_OR_AMBIGUOUS,CODEX_OBJECTIVE_PRECHECK_V1,AI_EXPLORATORY,False
XAUUSD_1736242500_1,2025-01-07T09:35:00Z,long,no,yes,no,ambiguous,yes,no,no,no,reject,SWEEP_FALSE_OR_AMBIGUOUS,CODEX_OBJECTIVE_PRECHECK_V1,AI_EXPLORATORY,False
XAUUSD_1736422500_1,2025-01-09T11:35:00Z,long,ambiguous,no,ambiguous,ambiguous,yes,no,no,no,reject,SWEEP_FALSE_OR_AMBIGUOUS,CODEX_OBJECTIVE_PRECHECK_V1,AI_EXPLORATORY,False
XAUUSD_1736423700_1,2025-01-09T11:55:00Z,long,ambiguous,no,ambiguous,ambiguous,yes,no,no,no,reject,SWEEP_FALSE_OR_AMBIGUOUS,CODEX_OBJECTIVE_PRECHECK_V1,AI_EXPLORATORY,False
XAUUSD_1736497800_1,2025-01-10T08:30:00Z,long,yes,no,yes,ambiguous,yes,no,no,no,reject,DISPLACEMENT_WEAK,CODEX_OBJECTIVE_PRECHECK_V1,AI_EXPLORATORY,False
XAUUSD_1736755800_1,2025-01-13T08:10:00Z,long,no,yes,no,ambiguous,yes,no,no,no,reject,SWEEP_FALSE_OR_AMBIGUOUS,CODEX_OBJECTIVE_PRECHECK_V1,AI_EXPLORATORY,False
XAUUSD_1736937600_1,2025-01-15T10:40:00Z,long,yes,yes,yes,ambiguous,yes,no,ambiguous,yes,ambiguous,BREAKER_INVALID_OR_AMBIGUOUS,CODEX_OBJECTIVE_PRECHECK_V1,AI_EXPLORATORY,False
XAUUSD_1737459300_1,2025-01-21T11:35:00Z,long,no,no,no,ambiguous,yes,no,no,no,reject,SWEEP_FALSE_OR_AMBIGUOUS,CODEX_OBJECTIVE_PRECHECK_V1,AI_EXPLORATORY,False
XAUUSD_1737540600_1,2025-01-22T10:10:00Z,long,yes,no,yes,ambiguous,yes,no,no,no,reject,DISPLACEMENT_WEAK,CODEX_OBJECTIVE_PRECHECK_V1,AI_EXPLORATORY,False
XAUUSD_1737632100_1,2025-01-23T11:35:00Z,long,no,yes,yes,ambiguous,yes,no,no,no,reject,SWEEP_FALSE_OR_AMBIGUOUS,CODEX_OBJECTIVE_PRECHECK_V1,AI_EXPLORATORY,False
XAUUSD_1737726600_1,2025-01-24T13:50:00Z,long,ambiguous,yes,ambiguous,ambiguous,yes,no,ambiguous,no,ambiguous,SWEEP_FALSE_OR_AMBIGUOUS,CODEX_OBJECTIVE_PRECHECK_V1,AI_EXPLORATORY,False
XAUUSD_1738249200_1,2025-01-30T15:00:00Z,long,yes,no,yes,ambiguous,yes,no,no,no,reject,DISPLACEMENT_WEAK,CODEX_OBJECTIVE_PRECHECK_V1,AI_EXPLORATORY,False
XAUUSD_1738760400_1,2025-02-05T13:00:00Z,long,yes,no,no,ambiguous,yes,no,no,no,reject,DISPLACEMENT_WEAK,CODEX_OBJECTIVE_PRECHECK_V1,AI_EXPLORATORY,False
XAUUSD_1738767300_1,2025-02-05T14:55:00Z,long,no,no,yes,ambiguous,yes,no,no,no,reject,SWEEP_FALSE_OR_AMBIGUOUS,CODEX_OBJECTIVE_PRECHECK_V1,AI_EXPLORATORY,False
XAUUSD_1738843800_1,2025-02-06T12:10:00Z,long,no,no,yes,ambiguous,yes,no,no,no,reject,SWEEP_FALSE_OR_AMBIGUOUS,CODEX_OBJECTIVE_PRECHECK_V1,AI_EXPLORATORY,False
XAUUSD_1738851900_1,2025-02-06T14:25:00Z,long,no,no,no,ambiguous,yes,no,no,no,reject,SWEEP_FALSE_OR_AMBIGUOUS,CODEX_OBJECTIVE_PRECHECK_V1,AI_EXPLORATORY,False
XAUUSD_1738855200_1,2025-02-06T15:20:00Z,long,no,no,no,ambiguous,yes,no,no,no,reject,SWEEP_FALSE_OR_AMBIGUOUS,CODEX_OBJECTIVE_PRECHECK_V1,AI_EXPLORATORY,False
XAUUSD_1739542800_1,2025-02-14T14:20:00Z,long,no,no,no,ambiguous,yes,no,no,no,reject,SWEEP_FALSE_OR_AMBIGUOUS,CODEX_OBJECTIVE_PRECHECK_V1,AI_EXPLORATORY,False
XAUUSD_1739970600_1,2025-02-19T13:10:00Z,long,no,yes,no,ambiguous,yes,no,no,no,reject,SWEEP_FALSE_OR_AMBIGUOUS,CODEX_OBJECTIVE_PRECHECK_V1,AI_EXPLORATORY,False
XAUUSD_1740149700_1,2025-02-21T14:55:00Z,long,no,yes,yes,ambiguous,yes,no,no,no,reject,SWEEP_FALSE_OR_AMBIGUOUS,CODEX_OBJECTIVE_PRECHECK_V1,AI_EXPLORATORY,False
XAUUSD_1740990600_-1,2025-03-03T08:30:00Z,short,no,no,no,ambiguous,yes,no,no,no,reject,SWEEP_FALSE_OR_AMBIGUOUS,CODEX_OBJECTIVE_PRECHECK_V1,AI_EXPLORATORY,False
XAUUSD_1741354800_1,2025-03-07T13:40:00Z,long,no,yes,no,ambiguous,yes,no,no,no,reject,SWEEP_FALSE_OR_AMBIGUOUS,CODEX_OBJECTIVE_PRECHECK_V1,AI_EXPLORATORY,False
XAUUSD_1741786800_1,2025-03-12T13:40:00Z,long,yes,no,yes,ambiguous,yes,no,no,no,reject,DISPLACEMENT_WEAK,CODEX_OBJECTIVE_PRECHECK_V1,AI_EXPLORATORY,False
XAUUSD_1741965300_1,2025-03-14T15:15:00Z,long,no,no,no,ambiguous,yes,no,no,no,reject,SWEEP_FALSE_OR_AMBIGUOUS,CODEX_OBJECTIVE_PRECHECK_V1,AI_EXPLORATORY,False
XAUUSD_1742218500_1,2025-03-17T13:35:00Z,long,no,no,no,ambiguous,yes,no,no,no,reject,SWEEP_FALSE_OR_AMBIGUOUS,CODEX_OBJECTIVE_PRECHECK_V1,AI_EXPLORATORY,False
XAUUSD_1742309700_1,2025-03-18T14:55:00Z,long,no,yes,no,ambiguous,yes,no,no,no,reject,SWEEP_FALSE_OR_AMBIGUOUS,CODEX_OBJECTIVE_PRECHECK_V1,AI_EXPLORATORY,False
XAUUSD_1742383500_1,2025-03-19T11:25:00Z,long,no,yes,yes,ambiguous,yes,no,no,no,reject,SWEEP_FALSE_OR_AMBIGUOUS,CODEX_OBJECTIVE_PRECHECK_V1,AI_EXPLORATORY,False
XAUUSD_1742471700_1,2025-03-20T11:55:00Z,long,no,no,no,ambiguous,yes,no,no,no,reject,SWEEP_FALSE_OR_AMBIGUOUS,CODEX_OBJECTIVE_PRECHECK_V1,AI_EXPLORATORY,False
XAUUSD_1742481600_1,2025-03-20T14:40:00Z,long,no,no,no,ambiguous,yes,no,no,no,reject,SWEEP_FALSE_OR_AMBIGUOUS,CODEX_OBJECTIVE_PRECHECK_V1,AI_EXPLORATORY,False
XAUUSD_1742988300_1,2025-03-26T11:25:00Z,long,yes,no,yes,ambiguous,yes,no,no,no,reject,DISPLACEMENT_WEAK,CODEX_OBJECTIVE_PRECHECK_V1,AI_EXPLORATORY,False
XAUUSD_1743425100_1,2025-03-31T12:45:00Z,long,yes,no,no,ambiguous,yes,no,no,no,reject,DISPLACEMENT_WEAK,CODEX_OBJECTIVE_PRECHECK_V1,AI_EXPLORATORY,False
XAUUSD_1743433200_1,2025-03-31T15:00:00Z,long,no,no,no,ambiguous,yes,no,no,no,reject,SWEEP_FALSE_OR_AMBIGUOUS,CODEX_OBJECTIVE_PRECHECK_V1,AI_EXPLORATORY,False
XAUUSD_1743600900_1,2025-04-02T13:35:00Z,long,yes,no,yes,ambiguous,yes,no,no,no,reject,DISPLACEMENT_WEAK,CODEX_OBJECTIVE_PRECHECK_V1,AI_EXPLORATORY,False
XAUUSD_1744297800_1,2025-04-10T15:10:00Z,long,yes,yes,yes,ambiguous,yes,no,ambiguous,yes,ambiguous,BREAKER_INVALID_OR_AMBIGUOUS,CODEX_OBJECTIVE_PRECHECK_V1,AI_EXPLORATORY,False
XAUUSD_1744707900_1,2025-04-15T09:05:00Z,long,no,yes,no,ambiguous,yes,no,no,no,reject,SWEEP_FALSE_OR_AMBIGUOUS,CODEX_OBJECTIVE_PRECHECK_V1,AI_EXPLORATORY,False
XAUUSD_1744797300_1,2025-04-16T09:55:00Z,long,yes,no,no,ambiguous,yes,no,no,no,reject,DISPLACEMENT_WEAK,CODEX_OBJECTIVE_PRECHECK_V1,AI_EXPLORATORY,False
XAUUSD_1744901100_1,2025-04-17T14:45:00Z,long,yes,no,no,ambiguous,yes,no,no,no,reject,DISPLACEMENT_WEAK,CODEX_OBJECTIVE_PRECHECK_V1,AI_EXPLORATORY,False
XAUUSD_1745234400_1,2025-04-21T11:20:00Z,long,yes,no,yes,ambiguous,yes,no,no,no,reject,DISPLACEMENT_WEAK,CODEX_OBJECTIVE_PRECHECK_V1,AI_EXPLORATORY,False
XAUUSD_1746538800_1,2025-05-06T13:40:00Z,long,yes,yes,yes,ambiguous,yes,no,ambiguous,yes,ambiguous,BREAKER_INVALID_OR_AMBIGUOUS,CODEX_OBJECTIVE_PRECHECK_V1,AI_EXPLORATORY,False
XAUUSD_1746623700_1,2025-05-07T13:15:00Z,long,yes,no,yes,ambiguous,yes,no,no,no,reject,DISPLACEMENT_WEAK,CODEX_OBJECTIVE_PRECHECK_V1,AI_EXPLORATORY,False
XAUUSD_1747902600_1,2025-05-22T08:30:00Z,long,no,no,no,ambiguous,yes,no,no,no,reject,SWEEP_FALSE_OR_AMBIGUOUS,CODEX_OBJECTIVE_PRECHECK_V1,AI_EXPLORATORY,False
XAUUSD_1747923000_1,2025-05-22T14:10:00Z,long,yes,yes,no,ambiguous,yes,no,no,no,reject,NO_MSS_CLOSE_OR_AMBIGUOUS,CODEX_OBJECTIVE_PRECHECK_V1,AI_EXPLORATORY,False
XAUUSD_1748004600_1,2025-05-23T12:50:00Z,long,yes,yes,yes,ambiguous,yes,no,ambiguous,yes,ambiguous,BREAKER_INVALID_OR_AMBIGUOUS,CODEX_OBJECTIVE_PRECHECK_V1,AI_EXPLORATORY,False
XAUUSD_1748337000_1,2025-05-27T09:10:00Z,long,no,yes,no,ambiguous,yes,no,no,no,reject,SWEEP_FALSE_OR_AMBIGUOUS,CODEX_OBJECTIVE_PRECHECK_V1,AI_EXPLORATORY,False
XAUUSD_1748958300_1,2025-06-03T13:45:00Z,long,yes,yes,yes,ambiguous,yes,no,ambiguous,yes,ambiguous,BREAKER_INVALID_OR_AMBIGUOUS,CODEX_OBJECTIVE_PRECHECK_V1,AI_EXPLORATORY,False
XAUUSD_1749049800_1,2025-06-04T15:10:00Z,long,no,no,yes,ambiguous,yes,no,no,no,reject,SWEEP_FALSE_OR_AMBIGUOUS,CODEX_OBJECTIVE_PRECHECK_V1,AI_EXPLORATORY,False
XAUUSD_1749213600_1,2025-06-06T12:40:00Z,long,yes,no,no,no,yes,no,no,no,reject,DISPLACEMENT_WEAK,CODEX_OBJECTIVE_PRECHECK_V1,AI_EXPLORATORY,False
XAUUSD_1750082400_1,2025-06-16T14:00:00Z,long,yes,no,yes,ambiguous,yes,no,no,no,reject,DISPLACEMENT_WEAK,CODEX_OBJECTIVE_PRECHECK_V1,AI_EXPLORATORY,False
XAUUSD_1750859400_-1,2025-06-25T13:50:00Z,short,yes,no,yes,ambiguous,yes,no,no,no,reject,DISPLACEMENT_WEAK,CODEX_OBJECTIVE_PRECHECK_V1,AI_EXPLORATORY,False
XAUUSD_1750950300_-1,2025-06-26T15:05:00Z,short,ambiguous,no,ambiguous,ambiguous,yes,no,no,no,reject,SWEEP_FALSE_OR_AMBIGUOUS,CODEX_OBJECTIVE_PRECHECK_V1,AI_EXPLORATORY,False
XAUUSD_1751280000_-1,2025-06-30T10:40:00Z,short,yes,no,yes,ambiguous,yes,no,no,no,reject,DISPLACEMENT_WEAK,CODEX_OBJECTIVE_PRECHECK_V1,AI_EXPLORATORY,False
XAUUSD_1751292000_-1,2025-06-30T14:00:00Z,short,no,no,no,ambiguous,yes,no,no,no,reject,SWEEP_FALSE_OR_AMBIGUOUS,CODEX_OBJECTIVE_PRECHECK_V1,AI_EXPLORATORY,False
XAUUSD_1751293200_-1,2025-06-30T14:20:00Z,short,no,no,no,ambiguous,yes,no,no,no,reject,SWEEP_FALSE_OR_AMBIGUOUS,CODEX_OBJECTIVE_PRECHECK_V1,AI_EXPLORATORY,False
XAUUSD_1751630100_1,2025-07-04T11:55:00Z,long,yes,no,yes,ambiguous,yes,no,no,no,reject,DISPLACEMENT_WEAK,CODEX_OBJECTIVE_PRECHECK_V1,AI_EXPLORATORY,False
XAUUSD_1752491100_1,2025-07-14T11:05:00Z,long,yes,yes,yes,ambiguous,yes,no,ambiguous,yes,ambiguous,BREAKER_INVALID_OR_AMBIGUOUS,CODEX_OBJECTIVE_PRECHECK_V1,AI_EXPLORATORY,False
XAUUSD_1752572400_1,2025-07-15T09:40:00Z,long,yes,yes,yes,ambiguous,yes,no,ambiguous,yes,ambiguous,BREAKER_INVALID_OR_AMBIGUOUS,CODEX_OBJECTIVE_PRECHECK_V1,AI_EXPLORATORY,False
XAUUSD_1752738900_1,2025-07-17T07:55:00Z,long,no,no,no,ambiguous,yes,no,no,no,reject,SWEEP_FALSE_OR_AMBIGUOUS,CODEX_OBJECTIVE_PRECHECK_V1,AI_EXPLORATORY,False
XAUUSD_1752844200_1,2025-07-18T13:10:00Z,long,no,yes,yes,ambiguous,yes,no,no,no,reject,SWEEP_FALSE_OR_AMBIGUOUS,CODEX_OBJECTIVE_PRECHECK_V1,AI_EXPLORATORY,False
XAUUSD_1753102200_1,2025-07-21T12:50:00Z,long,no,no,yes,ambiguous,yes,no,no,no,reject,SWEEP_FALSE_OR_AMBIGUOUS,CODEX_OBJECTIVE_PRECHECK_V1,AI_EXPLORATORY,False
XAUUSD_1753776300_-1,2025-07-29T08:05:00Z,short,no,yes,no,ambiguous,yes,no,no,no,reject,SWEEP_FALSE_OR_AMBIGUOUS,CODEX_OBJECTIVE_PRECHECK_V1,AI_EXPLORATORY,False
XAUUSD_1754479200_1,2025-08-06T11:20:00Z,long,no,no,no,ambiguous,yes,no,no,no,reject,SWEEP_FALSE_OR_AMBIGUOUS,CODEX_OBJECTIVE_PRECHECK_V1,AI_EXPLORATORY,False
XAUUSD_1754492400_1,2025-08-06T15:00:00Z,long,yes,yes,yes,ambiguous,yes,no,ambiguous,yes,ambiguous,BREAKER_INVALID_OR_AMBIGUOUS,CODEX_OBJECTIVE_PRECHECK_V1,AI_EXPLORATORY,False
XAUUSD_1754569200_1,2025-08-07T12:20:00Z,long,no,yes,yes,ambiguous,yes,no,no,no,reject,SWEEP_FALSE_OR_AMBIGUOUS,CODEX_OBJECTIVE_PRECHECK_V1,AI_EXPLORATORY,False
XAUUSD_1754656800_1,2025-08-08T12:40:00Z,long,no,yes,no,ambiguous,yes,no,no,no,reject,SWEEP_FALSE_OR_AMBIGUOUS,CODEX_OBJECTIVE_PRECHECK_V1,AI_EXPLORATORY,False
XAUUSD_1756118400_1,2025-08-25T10:40:00Z,long,no,no,no,ambiguous,yes,no,no,no,reject,SWEEP_FALSE_OR_AMBIGUOUS,CODEX_OBJECTIVE_PRECHECK_V1,AI_EXPLORATORY,False
XAUUSD_1756474800_1,2025-08-29T13:40:00Z,long,no,yes,yes,ambiguous,yes,no,no,no,reject,SWEEP_FALSE_OR_AMBIGUOUS,CODEX_OBJECTIVE_PRECHECK_V1,AI_EXPLORATORY,False
XAUUSD_1756811700_1,2025-09-02T11:15:00Z,long,no,yes,yes,ambiguous,yes,no,no,no,reject,SWEEP_FALSE_OR_AMBIGUOUS,CODEX_OBJECTIVE_PRECHECK_V1,AI_EXPLORATORY,False
XAUUSD_1756821600_1,2025-09-02T14:00:00Z,long,no,no,no,ambiguous,yes,no,no,no,reject,SWEEP_FALSE_OR_AMBIGUOUS,CODEX_OBJECTIVE_PRECHECK_V1,AI_EXPLORATORY,False
XAUUSD_1756888800_1,2025-09-03T08:40:00Z,long,no,no,no,ambiguous,yes,no,no,no,reject,SWEEP_FALSE_OR_AMBIGUOUS,CODEX_OBJECTIVE_PRECHECK_V1,AI_EXPLORATORY,False
XAUUSD_1756890600_1,2025-09-03T09:10:00Z,long,no,no,yes,ambiguous,yes,no,no,no,reject,SWEEP_FALSE_OR_AMBIGUOUS,CODEX_OBJECTIVE_PRECHECK_V1,AI_EXPLORATORY,False
XAUUSD_1756900500_1,2025-09-03T11:55:00Z,long,yes,yes,yes,ambiguous,yes,no,ambiguous,yes,ambiguous,BREAKER_INVALID_OR_AMBIGUOUS,CODEX_OBJECTIVE_PRECHECK_V1,AI_EXPLORATORY,False
XAUUSD_1757336400_1,2025-09-08T13:00:00Z,long,yes,no,yes,ambiguous,yes,no,no,no,reject,DISPLACEMENT_WEAK,CODEX_OBJECTIVE_PRECHECK_V1,AI_EXPLORATORY,False
XAUUSD_1757343000_1,2025-09-08T14:50:00Z,long,yes,yes,yes,ambiguous,yes,no,ambiguous,yes,ambiguous,BREAKER_INVALID_OR_AMBIGUOUS,CODEX_OBJECTIVE_PRECHECK_V1,AI_EXPLORATORY,False
XAUUSD_1757574900_1,2025-09-11T07:15:00Z,long,yes,yes,no,ambiguous,yes,no,no,no,reject,NO_MSS_CLOSE_OR_AMBIGUOUS,CODEX_OBJECTIVE_PRECHECK_V1,AI_EXPLORATORY,False
XAUUSD_1757672700_1,2025-09-12T10:25:00Z,long,no,no,no,ambiguous,yes,no,no,no,reject,SWEEP_FALSE_OR_AMBIGUOUS,CODEX_OBJECTIVE_PRECHECK_V1,AI_EXPLORATORY,False
XAUUSD_1757925600_1,2025-09-15T08:40:00Z,long,yes,no,no,ambiguous,yes,no,no,no,reject,DISPLACEMENT_WEAK,CODEX_OBJECTIVE_PRECHECK_V1,AI_EXPLORATORY,False
XAUUSD_1757930700_1,2025-09-15T10:05:00Z,long,yes,yes,yes,ambiguous,yes,no,ambiguous,yes,ambiguous,BREAKER_INVALID_OR_AMBIGUOUS,CODEX_OBJECTIVE_PRECHECK_V1,AI_EXPLORATORY,False
XAUUSD_1758014400_1,2025-09-16T09:20:00Z,long,no,yes,yes,ambiguous,yes,no,no,no,reject,SWEEP_FALSE_OR_AMBIGUOUS,CODEX_OBJECTIVE_PRECHECK_V1,AI_EXPLORATORY,False
XAUUSD_1758033000_1,2025-09-16T14:30:00Z,long,yes,no,yes,ambiguous,yes,no,no,no,reject,DISPLACEMENT_WEAK,CODEX_OBJECTIVE_PRECHECK_V1,AI_EXPLORATORY,False
