position_id,engine_name,outcome,net_r,conservative_mfe_r,conservative_mae_r,reached_0_25r,reached_0_50r,reached_1_00r
2,TREND_LONG,WIN,1.46341463,1.512195121951028,0.8292682926829004,True,True,True
4,TREND_SHORT,LOSS,-1.02564103,0.0,1.0085470085470645,False,False,False
6,TREND_LONG,LOSS,-1.02247191,0.19101123595504776,1.0,False,False,False
8,TREND_LONG,LOSS,-1.01769912,0.13716814159292556,1.0,False,False,False
10,TREND_SHORT,LOSS,-1.01459854,0.021897810218959764,1.0,False,False,False
12,BREAKOUT_LONG,WIN,1.46956522,1.5043478260869851,0.8347826086957261,True,True,True
14,BREAKOUT_LONG,LOSS,-1.04210526,0.0,1.0,False,False,False
16,BREAKOUT_LONG,LOSS,-1.06741573,0.5842696629213959,1.022471910112256,True,True,False
18,BREAKOUT_LONG,LOSS,-1.08,0.36799999999986643,1.0479999999999516,True,False,False
20,TREND_SHORT,WIN,1.48085106,1.4978723404256122,0.10638297872335199,True,True,True
22,TREND_LONG,LOSS,-1.02955665,0.12315270935964848,1.0098522167487238,False,False,False
24,TREND_SHORT,LOSS,-1.04819277,0.5662650602409969,1.0361445783132224,True,True,False
26,TREND_SHORT,WIN,0.07883817,1.0954356846472824,0.20331950207472893,True,True,True
28,TREND_SHORT,WIN,1.55263158,1.5701754385964135,0.030701754385970465,True,True,True
30,TREND_SHORT,LOSS,-1.03174603,0.0,1.0,False,False,False
32,TREND_LONG,LOSS,-1.055,0.09000000000003441,1.0350000000000072,False,False,False
34,TREND_SHORT,WIN,1.26033058,1.4462809917354167,0.32231404958676624,True,True,True
36,TREND_SHORT,LOSS,-1.02409639,0.5903614457831229,1.0,True,True,False
38,BREAKOUT_LONG,LOSS,-1.05405405,0.06756756756771354,1.0,False,False,False
40,TREND_SHORT,LOSS,-0.19161677,0.8443113772454254,0.6826347305389818,True,True,False
42,TREND_LONG,WIN,1.041841,1.1087866108787283,0.2845188284518086,True,True,True
44,RANGE_SHORT,LOSS,-1.05633803,0.4647887323942913,1.0,True,False,False
46,TREND_LONG,LOSS,-1.06617647,1.3455882352940889,1.0367647058824299,True,True,True
48,BREAKOUT_SHORT,LOSS,-1.07272727,0.4727272727270966,1.0,True,False,False
50,RANGE_SHORT,LOSS,-1.09836066,0.3442622950820388,1.0327868852457525,True,False,False
52,TREND_SHORT,LOSS,-1.03738318,0.5981308411215244,1.0,True,True,False
54,TREND_LONG,LOSS,-1.02209945,0.16574585635356473,1.0,False,False,False
56,BREAKOUT_SHORT,WIN,1.45238095,1.5476190476182923,0.3809523809526831,True,True,True
58,TREND_SHORT,LOSS,-1.02962963,0.03703703703711623,1.0,False,False,False
60,TREND_SHORT,LOSS,-1.04166667,0.16203703703707512,1.0231481481481977,False,False,False
62,BREAKOUT_LONG,WIN,1.42307692,1.4999999999997864,0.42307692307664385,True,True,True
64,TREND_LONG,WIN,0.41826923,1.2836538461540155,0.5721153846154349,True,True,True
66,TREND_SHORT,WIN,1.48611111,1.5138888888886703,0.31250000000001926,True,True,True
68,TREND_SHORT,WIN,1.50684932,1.5342465753423096,0.8630136986301536,True,True,True
70,TREND_LONG,LOSS,-1.03738318,1.3925233644858086,1.0,True,True,True
72,TREND_LONG,LOSS,-1.02232143,0.2008928571428828,1.004464285714315,False,False,False
74,BREAKOUT_LONG,WIN,1.45283019,1.5283018867926426,0.9811320754715717,True,True,True
76,TREND_SHORT,LOSS,-1.08588957,0.0,1.0613496932515263,False,False,False
78,TREND_LONG,LOSS,-1.02739726,0.3630136986300776,1.0,True,False,False
80,TREND_LONG,WIN,1.45679012,1.5061728395062135,0.271604938271473,True,True,True
82,TREND_LONG,LOSS,-1.03225806,0.2983870967741473,1.0,True,False,False
84,TREND_SHORT,LOSS,-1.02439024,0.10365853658536255,1.0,False,False,False
86,BREAKOUT_SHORT,LOSS,-1.08510638,0.0,1.0,False,False,False
88,TREND_LONG,WIN,0.43609023,0.6691729323308434,0.6917293233082669,True,True,False
90,TREND_SHORT,LOSS,-1.02352941,0.517647058823514,1.0,True,True,False
92,TREND_SHORT,WIN,1.49404762,1.517857142857261,0.17261904761899885,True,True,True
94,TREND_SHORT,WIN,1.47560976,1.5000000000002032,0.02439024390233005,True,True,True
96,BREAKOUT_LONG,LOSS,-1.06349206,0.6507936507937795,1.0,True,True,False
98,TREND_SHORT,LOSS,-0.14213198,0.6700507614213044,0.3147208121827697,True,True,False
100,TREND_SHORT,WIN,1.47058824,1.504201680672203,0.4369747899160213,True,True,True
102,TREND_SHORT,LOSS,-1.01520913,0.04942965779466461,1.0,False,False,False
104,RANGE_SHORT,WIN,1.45454545,1.49494949494935,0.8585858585858359,True,True,True
106,TREND_SHORT,LOSS,-1.08465608,0.5502645502644639,1.0634920634920038,True,True,False
108,TREND_SHORT,WIN,1.48051948,1.5324675324676036,0.35064935064936936,True,True,True
110,BREAKOUT_LONG,LOSS,-1.07142857,0.5714285714282316,1.0,True,True,False
112,BREAKOUT_LONG,LOSS,-1.05194805,0.31168831168836036,1.0,True,False,False
114,TREND_SHORT,WIN,1.49212598,1.5078740157480395,0.05118110236219061,True,True,True
116,BREAKOUT_SHORT,LOSS,-1.07352941,0.5882352941175703,1.0147058823530373,True,True,False
118,BREAKOUT_LONG,LOSS,-1.05882353,0.867647058823928,1.0,True,True,False
120,TREND_LONG,LOSS,-1.03636364,0.9727272727270966,1.0,True,True,False
122,TREND_SHORT,LOSS,-1.02553191,0.5404255319149209,1.0085106382978333,True,True,False
124,BREAKOUT_SHORT,WIN,1.47916667,1.5624999999999423,0.770833333333237,True,True,True
126,TREND_SHORT,LOSS,-0.22923588,0.3654485049834274,0.6146179401993135,True,False,False
128,TREND_LONG,LOSS,-1.02721088,0.17006802721093162,1.0,False,False,False
130,BREAKOUT_SHORT,LOSS,-1.0625,0.2187500000000542,1.0,False,False,False
132,TREND_SHORT,LOSS,-1.02380952,1.291666666666573,1.0,True,True,True
134,TREND_LONG,WIN,1.47976879,1.5028901734103595,0.30057803468212324,True,True,True
136,BREAKOUT_SHORT,WIN,1.47560976,1.5243902439027395,0.3170731707316875,True,True,True
138,TREND_SHORT,WIN,1.48449612,1.5,0.6782945736434582,True,True,True
140,BREAKOUT_SHORT,WIN,1.41176471,1.4901960784310908,0.0,True,True,True
142,BREAKOUT_SHORT,WIN,1.44827586,1.5172413793102657,0.4310344827587461,True,True,True
144,BREAKOUT_LONG,LOSS,-1.09411765,0.0,1.0470588235294578,False,False,False
146,TREND_SHORT,LOSS,-1.04132231,1.3884297520662963,1.008264462809972,True,True,True
148,TREND_LONG,LOSS,-1.01818182,0.45454545454536277,1.0,True,False,False
150,BREAKOUT_SHORT,LOSS,-1.11111111,0.0,1.0370370370368696,False,False,False
152,TREND_SHORT,LOSS,-1.02272727,0.8579545454546229,1.0,True,True,False
154,TREND_SHORT,LOSS,-1.03517588,0.3316582914573498,1.0150753768844099,True,False,False
156,TREND_LONG,LOSS,-1.03623188,0.39855072463773594,1.007246376811642,True,False,False
158,TREND_SHORT,WIN,1.12891986,1.1707317073171128,0.23693379790941846,True,True,True
160,TREND_LONG,LOSS,-0.52879581,0.8167539267015402,0.7539267015707062,True,True,False
162,BREAKOUT_LONG,WIN,1.42622951,1.491803278688471,0.934426229508131,True,True,True
164,TREND_LONG,LOSS,-1.08496732,0.2222222222222222,1.0588235294117134,False,False,False
166,RANGE_SHORT,WIN,1.48913043,1.5326086956520244,0.28260869565208474,True,True,True
168,TREND_SHORT,LOSS,-1.1865285,0.015544041450764087,1.165803108808342,False,False,False
170,TREND_SHORT,LOSS,-1.0304878,0.469512195121952,1.0060975609756502,True,False,False
172,TREND_LONG,LOSS,-1.02597403,0.09740259740266669,1.0,False,False,False
174,TREND_LONG,LOSS,-1.05128205,1.1709401709403575,1.0170940170941307,True,True,True
176,TREND_LONG,WIN,1.51744186,1.5406976744186789,0.9186046511627712,True,True,True
178,TREND_LONG,LOSS,-1.01904762,0.3095238095238297,1.0,True,False,False
180,TREND_SHORT,WIN,0.34615385,0.451923076923118,0.37179487179481524,True,False,False
182,TREND_SHORT,WIN,1.50406504,1.5365853658535353,0.47154471544715004,True,True,True
184,BREAKOUT_LONG,LOSS,-1.03100775,1.1550387596899039,1.0,True,True,True
186,BREAKOUT_LONG,WIN,1.45614035,1.5263157894736636,0.5087719298248142,True,True,True
188,TREND_SHORT,LOSS,-1.04347826,0.08695652173921438,1.0,False,False,False
190,TREND_SHORT,LOSS,-1.02919708,0.875912408759272,1.0,True,True,False
192,BREAKOUT_SHORT,LOSS,-1.06666667,0.23333333333340736,1.0,False,False,False
194,BREAKOUT_LONG,WIN,1.45588235,1.5147058823530373,0.33823529411757025,True,True,True
196,TREND_LONG,LOSS,-1.02469136,0.2407407407408169,1.0,False,False,False
198,TREND_LONG,WIN,1.47682119,1.503311258278388,0.07284768211909914,True,True,True
200,TREND_LONG,LOSS,-1.02469136,0.0,1.0,False,False,False
202,TREND_SHORT,WIN,0.15286624,0.6433121019107704,0.9108280254776926,True,True,False
204,TREND_SHORT,WIN,1.4806867,1.4978540772532525,0.8197424892703445,True,True,True
206,BREAKOUT_SHORT,LOSS,-1.05376344,0.09677419354855654,1.010752688172115,False,False,False
208,TREND_SHORT,WIN,1.48529412,1.5147058823528738,0.38235294117651863,True,True,True
210,BREAKOUT_LONG,LOSS,-1.10714286,0.0,1.0357142857145265,False,False,False
212,BREAKOUT_LONG,WIN,1.46428571,1.5119047619049728,0.9166666666666446,True,True,True
214,TREND_SHORT,WIN,1.37558685,1.4835680751174194,0.5915492957746757,True,True,True
216,TREND_LONG,LOSS,-1.02941176,0.639705882352874,1.0,True,True,False
218,TREND_SHORT,LOSS,-1.025,0.34999999999992365,1.0,True,False,False
220,TREND_SHORT,WIN,1.48,1.5133333333332721,0.8866666666666686,True,True,True
222,TREND_SHORT,LOSS,-1.04761905,0.2571428571428511,1.0095238095238719,True,False,False
224,BREAKOUT_SHORT,LOSS,-1.08196721,0.01639344262305823,1.0163934426226942,False,False,False
226,TREND_SHORT,LOSS,-1.03821656,0.33121019108288274,1.0127388535032693,True,False,False
228,TREND_SHORT,LOSS,-1.03703704,0.19444444444449013,1.0,False,False,False
230,TREND_SHORT,WIN,1.47530864,1.500000000000137,0.6172839506172332,True,True,True
232,TREND_SHORT,WIN,0.10576923,1.2019230769232392,0.451923076923079,True,True,True
234,BREAKOUT_LONG,LOSS,-1.05714286,1.214285714285873,1.0,True,True,True
236,TREND_LONG,LOSS,-1.02453988,0.0,1.0,False,False,False
238,TREND_SHORT,LOSS,-1.04761905,1.1190476190476129,1.0,True,True,True
240,TREND_SHORT,WIN,1.48701299,1.5129870129872434,0.39610389610392793,True,True,True
242,TREND_LONG,LOSS,-1.03478261,0.33913043478251803,1.0,True,False,False
244,TREND_SHORT,WIN,1.46774194,1.5564516129033312,0.6048387096774872,True,True,True
246,RANGE_SHORT,WIN,1.59259259,1.641975308642087,0.4444444444446272,True,True,True
248,BREAKOUT_LONG,WIN,1.43333333,1.5000000000003701,0.6166666666667037,True,True,True
250,BREAKOUT_SHORT,LOSS,-1.08196721,0.0,1.0163934426230583,False,False,False
252,TREND_SHORT,WIN,1.47619048,1.5034013605441643,0.3197278911564246,True,True,True
254,TREND_SHORT,LOSS,-1.01970443,0.09852216748767503,1.0,False,False,False
256,TREND_LONG,LOSS,-1.02614379,0.0,1.0,False,False,False
258,BREAKOUT_SHORT,LOSS,-1.05333333,0.0,1.0,False,False,False
260,TREND_LONG,LOSS,-0.25185185,0.625925925925932,0.5666666666666941,True,True,False
262,TREND_SHORT,LOSS,-1.03508772,0.32456140350877877,1.0,True,False,False
264,TREND_LONG,WIN,1.45348837,1.499999999999871,0.7209302325581456,True,True,True
266,TREND_LONG,LOSS,-1.02597403,0.5259740259740541,1.0,True,True,False
268,BREAKOUT_LONG,LOSS,-0.325,1.1750000000000393,0.32916666666660843,True,True,True
270,BREAKOUT_SHORT,WIN,1.45714286,1.514285714285968,0.1571428571429523,True,True,True
272,TREND_SHORT,LOSS,-0.14159292,0.8672566371680668,0.8230088495573569,True,True,False
274,BREAKOUT_SHORT,LOSS,-1.05479452,0.1369863013698255,1.0,False,False,False
276,BREAKOUT_SHORT,WIN,1.45918367,1.5204081632649824,0.8163265306122125,True,True,True
278,TREND_LONG,LOSS,-0.08241758,0.10989010989022385,0.6868131868131976,False,False,False
280,TREND_SHORT,LOSS,-0.39269406,0.8219178082192211,0.40182648401827686,True,True,False
282,TREND_LONG,LOSS,-1.06410256,0.6538461538461648,1.0128205128205967,True,True,False
284,BREAKOUT_SHORT,LOSS,-1.05882353,0.23529411764696279,1.0,False,False,False
286,TREND_LONG,LOSS,-1.04123711,0.30927835051568575,1.0,True,False,False
288,TREND_SHORT,LOSS,-1.04310345,1.3275862068963866,1.0086206896550372,True,True,True
290,TREND_SHORT,LOSS,-1.01069519,0.06951871657751915,1.0,False,False,False
292,BREAKOUT_SHORT,LOSS,-1.05714286,0.6285714285712927,1.0,True,True,False
294,BREAKOUT_LONG,LOSS,-1.06666667,0.0,1.0,False,False,False
296,TREND_SHORT,LOSS,-0.22891566,1.0240963855423297,0.867469879518256,True,True,True
298,TREND_SHORT,LOSS,-0.73426573,0.8391608391610075,0.811188811188948,True,True,False
300,TREND_SHORT,WIN,0.79591837,1.0561224489796208,0.5459183673469006,True,True,True
302,BREAKOUT_SHORT,WIN,1.46575342,1.520547945205617,0.17808219178079693,True,True,True
304,TREND_LONG,WIN,0.31468531,1.1818181818181253,0.055944055944110234,True,True,True
306,BREAKOUT_LONG,LOSS,-1.11864407,0.9152542372883142,1.0508474576270868,True,True,False
308,TREND_LONG,LOSS,-1.03960396,0.019801980197930558,1.0,False,False,False
310,RANGE_SHORT,WIN,1.45652174,1.5434782608694866,0.4999999999998793,True,True,True
312,TREND_LONG,LOSS,-1.06666667,0.0,1.0,False,False,False
314,TREND_LONG,WIN,0.47263682,0.7412935323382793,0.4577114427860702,True,True,False
316,TREND_SHORT,LOSS,-0.31967213,0.4590163934425364,0.9016393442623786,True,False,False
318,TREND_LONG,LOSS,-1.04651163,0.6976744186049454,1.0,True,True,False
320,BREAKOUT_SHORT,WIN,1.45833333,1.5138888888888247,0.1388888888888632,True,True,True
322,TREND_LONG,LOSS,-1.03149606,0.8031496062993034,1.0,True,True,False
324,TREND_SHORT,LOSS,-1.03149606,0.3622047244093442,1.0,True,False,False
326,TREND_SHORT,LOSS,-1.05319149,0.08510638297855755,1.010638297872172,False,False,False
328,TREND_SHORT,LOSS,-1.03773585,0.03773584905664725,1.0,False,False,False
330,RANGE_SHORT,WIN,1.44736842,1.4999999999997078,0.644736842105317,True,True,True
332,TREND_LONG,LOSS,-1.03669725,0.0,1.0,False,False,False
334,TREND_LONG,LOSS,-1.04651163,1.255813953488216,1.0,True,True,True
336,RANGE_SHORT,LOSS,-1.08928571,1.4821428571423474,1.017857142857256,True,True,True
338,TREND_SHORT,LOSS,-0.54237288,0.37288135593221294,0.542372881355929,True,False,False
340,TREND_SHORT,LOSS,-0.22941176,0.38235294117648594,0.6,True,False,False
342,BREAKOUT_LONG,LOSS,-1.0877193,0.0,1.017543859649239,False,False,False
344,TREND_LONG,LOSS,-1.04651163,0.0,1.0,False,False,False
346,TREND_LONG,LOSS,-1.01509434,0.8905660377359625,1.0,True,True,False
348,TREND_SHORT,LOSS,-1.07462687,0.32835820895541185,1.0149253731344272,True,False,False
350,TREND_LONG,WIN,1.48,1.5120000000001677,0.5760000000000555,True,True,True
352,TREND_SHORT,WIN,1.47619048,1.523809523809549,0.25000000000006606,True,True,True
354,TREND_LONG,WIN,1.46078431,1.4999999999997824,0.9705882352941433,True,True,True
356,BREAKOUT_LONG,LOSS,-1.13157895,0.026315789473868735,1.0263157894738688,False,False,False
358,RANGE_LONG,LOSS,-1.1,0.0,1.0,False,False,False
360,TREND_SHORT,WIN,1.47008547,1.5042735042736275,0.2051282051282392,True,True,True
362,TREND_LONG,LOSS,-1.04938272,0.4444444444446272,1.0,True,False,False
364,BREAKOUT_SHORT,WIN,1.41860465,1.5116279069770804,0.09302325581406157,True,True,True
366,TREND_SHORT,WIN,1.421875,1.499999999999306,0.45312500000005423,True,True,True
368,TREND_SHORT,WIN,1.44444444,1.507936507936206,0.8571428571426557,True,True,True
370,TREND_SHORT,WIN,1.42857143,1.4920634920630893,0.15873015873010837,True,True,True
372,TREND_SHORT,WIN,0.55244755,0.7342657342657093,0.2377622377622356,True,True,False
374,BREAKOUT_LONG,WIN,1.4,1.5142857142851704,0.25714285714321966,True,True,True
376,RANGE_SHORT,WIN,1.37931034,1.5172413793096848,0.6206896551723874,True,True,True
378,TREND_SHORT,LOSS,-1.07692308,0.5076923076921868,1.0153846153847153,True,True,False
380,BREAKOUT_LONG,LOSS,-1.15625,0.15625000000039033,1.031250000000217,False,False,False
382,TREND_SHORT,LOSS,-1.04166667,0.010416666666736537,1.0,False,False,False
384,TREND_SHORT,WIN,0.33663366,0.7326732673267283,0.6732673267327168,True,True,False
386,TREND_SHORT,LOSS,-1.02816901,0.11971830985915934,1.0,False,False,False
388,TREND_SHORT,LOSS,-1.02919708,0.350364963503652,1.0,True,False,False
390,TREND_LONG,WIN,1.47904192,1.502994011976001,0.4191616766466453,True,True,True
392,BREAKOUT_SHORT,WIN,1.43636364,1.5090909090909679,0.6181818181817741,True,True,True
394,TREND_SHORT,LOSS,-1.032,0.2879999999999389,1.0,True,False,False
396,RANGE_SHORT,LOSS,-1.06451613,0.14516129032244202,1.0,False,False,False
398,TREND_LONG,LOSS,-1.06451613,0.016129032257810354,1.0,False,False,False
400,TREND_LONG,LOSS,-1.03100775,0.22480620155030887,1.0,False,False,False
402,RANGE_SHORT,LOSS,-1.11111111,0.0,1.0,False,False,False
404,BREAKOUT_SHORT,WIN,1.375,1.4999999999996532,0.21874999999997832,True,True,True
406,TREND_SHORT,WIN,1.43939394,1.4999999999998317,0.015151515151612003,True,True,True
408,TREND_SHORT,LOSS,-1.04081633,0.20408163265304272,1.0,False,False,False
410,BREAKOUT_SHORT,WIN,1.49350649,1.5454545454547028,0.2987012987012613,True,True,True
412,TREND_SHORT,LOSS,-1.03076923,0.4230769230767654,1.0,True,False,False
414,BREAKOUT_LONG,WIN,1.38461538,1.5384615384626552,0.0,True,True,True
416,TREND_SHORT,WIN,0.06716418,0.4029850746268187,0.5298507462686011,True,False,False
418,BREAKOUT_SHORT,WIN,1.41025641,1.5128205128211698,0.025641025641200823,True,True,True
420,TREND_SHORT,LOSS,-1.05405405,0.7162162162164433,1.0,True,True,False
422,TREND_LONG,WIN,1.47692308,1.5076923076921869,0.5538461538461618,True,True,True
424,BREAKOUT_LONG,WIN,1.4,1.5000000000005551,0.27500000000016656,True,True,True
426,BREAKOUT_LONG,LOSS,-1.13513514,0.24324324324290264,1.027027027026589,False,False,False
428,BREAKOUT_LONG,LOSS,-1.10810811,0.13513513513482697,1.0,False,False,False
430,TREND_SHORT,WIN,0.2300885,0.8761061946904203,0.3893805309734983,True,True,False
432,TREND_LONG,LOSS,-1.06666667,0.2833333333332655,1.0,True,False,False
434,TREND_LONG,LOSS,-1.02684564,0.16778523489923686,1.0,False,False,False
436,TREND_SHORT,WIN,0.66225166,1.0728476821192463,0.05298013245038761,True,True,True
438,TREND_LONG,WIN,1.46268657,1.4925373134327047,0.4104477611940311,True,True,True
440,TREND_LONG,LOSS,-1.04597701,0.17241379310327226,1.0,False,False,False
442,BREAKOUT_LONG,WIN,1.40625,1.5312500000009108,0.6562499999996965,True,True,True
444,TREND_SHORT,LOSS,-1.04705882,0.0,1.0,False,False,False
446,BREAKOUT_SHORT,WIN,1.36111111,1.472222222221434,0.8333333333329221,True,True,True
448,BREAKOUT_SHORT,LOSS,-1.17857143,0.6071428571432254,1.0357142857145407,True,True,False
450,BREAKOUT_LONG,LOSS,-1.1,0.52499999999932,1.0,True,True,False
452,BREAKOUT_SHORT,LOSS,-1.09803922,0.9215686274509035,1.019607843137383,True,True,False
454,BREAKOUT_SHORT,LOSS,-1.20588235,0.14705882352971908,1.0882352941175701,False,False,False
456,TREND_LONG,LOSS,-1.03030303,0.06818181818192905,1.0,False,False,False
458,BREAKOUT_SHORT,LOSS,-1.10638298,0.6808510638300386,1.0212765957448215,True,True,False
460,TREND_SHORT,LOSS,-1.04098361,0.17213114754083741,1.008196721311529,False,False,False
462,RANGE_SHORT,LOSS,-1.06060606,0.2272727272724979,1.0,False,False,False
464,BREAKOUT_LONG,LOSS,-1.10526316,0.13157894736875936,1.0,False,False,False
466,BREAKOUT_LONG,LOSS,-1.18181818,1.3636363636355378,1.0,True,True,True
468,TREND_SHORT,LOSS,-1.03773585,0.20125786163514459,1.0125786163522839,False,False,False
470,TREND_SHORT,WIN,1.46017699,1.4955752212388111,0.0,True,True,True
472,BREAKOUT_SHORT,LOSS,-1.06896552,1.0689655172410626,1.0,True,True,True
474,TREND_SHORT,LOSS,-1.04705882,0.09411764705894031,1.0,False,False,False
476,BREAKOUT_LONG,WIN,1.4,1.5142857142867656,0.4571428571428753,True,True,True
478,BREAKOUT_LONG,WIN,1.40740741,1.555555555555921,0.0,True,True,True
480,TREND_SHORT,WIN,0.17094017,0.8034188034188261,0.05982905982907767,True,True,False
482,TREND_LONG,WIN,0.69662921,1.2584269662920649,0.6966292134831741,True,True,True
484,BREAKOUT_SHORT,WIN,1.375,1.541666666666474,0.8333333333331792,True,True,True
486,TREND_LONG,LOSS,-1.03773585,0.2358490566038882,1.0,False,False,False
488,TREND_LONG,WIN,1.23364486,1.2710280373830534,0.09345794392521231,True,True,True
490,TREND_LONG,LOSS,-1.07142857,0.0,1.0142857142854877,False,False,False
492,TREND_SHORT,WIN,1.38709677,1.5161290322578103,0.9032258064517054,True,True,True
494,BREAKOUT_SHORT,LOSS,-1.14814815,0.3333333333330592,1.0,True,False,False
496,BREAKOUT_SHORT,WIN,1.375,1.541666666666474,0.0,True,True,True
498,BREAKOUT_LONG,LOSS,-1.2,0.7499999999994449,1.0,True,True,False
500,RANGE_LONG,LOSS,-1.11428571,0.7999999999993656,1.0,True,True,False
502,RANGE_LONG,LOSS,-1.20689655,0.0,1.0689655172418546,False,False,False
504,BREAKOUT_LONG,LOSS,-1.14814815,0.0,1.0,False,False,False
506,BREAKOUT_LONG,LOSS,-1.17857143,1.0357142857145123,1.0357142857137194,True,True,True
508,TREND_SHORT,WIN,1.46268657,1.522388059701641,0.38805970149245816,True,True,True
510,TREND_LONG,WIN,1.4375,1.5208333333330057,0.6458333333333526,True,True,True
512,RANGE_LONG,LOSS,-1.15151515,1.3030303030309962,1.0303030303032341,True,True,True
514,BREAKOUT_LONG,LOSS,-1.15384615,0.0,1.0,False,False,False
516,TREND_LONG,WIN,0.27848101,0.8987341772150974,0.493670886076049,True,True,False
518,TREND_SHORT,LOSS,-1.07142857,0.17142857142844456,1.0142857142858095,False,False,False
520,TREND_LONG,LOSS,-1.06493506,1.1038961038962163,1.012987012987099,True,True,True
522,TREND_SHORT,WIN,1.47058824,1.5098039215686916,0.37254901960766384,True,True,True
524,TREND_SHORT,WIN,0.78571429,1.4375000000000868,0.34821428571418483,True,True,True
526,BREAKOUT_SHORT,WIN,1.39285714,1.5357142857137194,0.6428571428572561,True,True,True
528,TREND_LONG,WIN,1.46153846,1.5128205128204544,0.5384615384616479,True,True,True
530,TREND_SHORT,LOSS,-1.08,1.0599999999999556,1.0,True,True,True
532,BREAKOUT_SHORT,LOSS,-1.13333333,0.13333333333348135,1.0,False,False,False
534,TREND_SHORT,LOSS,-0.48484848,0.340909090908915,0.5,True,False,False
536,BREAKOUT_SHORT,LOSS,-1.05633803,0.47887323943663734,1.0,True,False,False
538,BREAKOUT_LONG,LOSS,-1.11428571,1.3999999999993655,1.0,True,True,True
540,TREND_LONG,LOSS,-1.04494382,0.3370786516853344,1.0,True,False,False
542,TREND_SHORT,WIN,1.56190476,1.5999999999999155,0.6666666666668076,True,True,True
544,BREAKOUT_LONG,LOSS,-1.14814815,0.7037037037033991,1.0,True,True,False
546,TREND_SHORT,WIN,1.46666667,1.5047619047618301,0.580952380952383,True,True,True
548,TREND_SHORT,WIN,0.50505051,0.8484848484849844,0.49494949494935,True,True,False
550,BREAKOUT_SHORT,LOSS,-1.19230769,0.30769230769270184,1.0384615384618012,True,False,False
552,TREND_SHORT,LOSS,-1.07407407,0.22222222222245067,1.0,False,False,False
554,RANGE_SHORT,LOSS,-1.2173913,0.3478260869569415,1.043478260869859,True,False,False
556,BREAKOUT_LONG,WIN,1.35483871,1.4838709677432524,0.3225806451614521,True,True,True
558,TREND_LONG,LOSS,-1.05555556,0.2222222222222222,1.0111111111111852,False,False,False
560,RANGE_LONG,LOSS,-1.11904762,0.8095238095240864,1.0238095238096874,True,True,False
562,BREAKOUT_LONG,LOSS,-1.02919708,0.0,1.0,False,False,False
564,TREND_LONG,WIN,1.47619048,1.5079365079364715,0.5238095238095909,True,True,True
566,BREAKOUT_SHORT,LOSS,-1.0862069,0.0,1.0172413793100743,False,False,False
568,RANGE_SHORT,LOSS,-1.02919708,0.0,1.0,False,False,False
570,TREND_LONG,WIN,1.4911032,1.5053380782916914,0.11032028469751255,True,True,True
572,TREND_LONG,WIN,0.44135802,0.7870370370369526,0.7345679012345531,True,True,False
574,TREND_LONG,LOSS,-1.02392344,0.765550239234499,1.0047846889952468,True,True,False
576,TREND_SHORT,WIN,1.48175182,1.4963503649635201,0.4452554744525601,True,True,True
578,BREAKOUT_SHORT,WIN,1.47881356,1.4957627118643322,0.8432203389829739,True,True,True
580,BREAKOUT_LONG,WIN,1.47826087,1.5,0.41304347826078563,True,True,True
582,BREAKOUT_LONG,WIN,1.48680352,1.4985337243401988,0.13196480938418562,True,True,True
584,TREND_LONG,LOSS,-1.01223242,0.19266055045868133,1.0,False,False,False
586,TREND_LONG,LOSS,-1.01481481,0.5074074074074562,1.0,True,True,False
588,TREND_SHORT,WIN,0.50155763,0.7227414330218526,0.39563862928346044,True,True,False
590,TREND_SHORT,WIN,1.49433962,1.5094339622641288,0.1584905660377662,True,True,True
592,TREND_SHORT,WIN,0.02769231,0.3323076923076856,0.6553846153846097,True,False,False
594,RANGE_LONG,LOSS,-1.04040404,0.0,1.0,False,False,False
596,TREND_LONG,LOSS,-1.02259887,0.011299435028323715,1.0,False,False,False
598,TREND_LONG,LOSS,-1.171875,0.7343750000003307,1.109375000000027,True,True,False
600,TREND_LONG,LOSS,-1.03305785,0.08264462809915384,1.0,False,False,False
602,TREND_SHORT,WIN,1.47953216,1.5029239766082714,0.0,True,True,True
604,TREND_SHORT,LOSS,-1.03141361,0.11518324607336416,1.010471204188551,False,False,False
606,BREAKOUT_SHORT,WIN,1.58333333,1.638888888888709,0.0,True,True,True
608,TREND_LONG,WIN,1.43835616,1.493150684931311,0.041095890410917234,True,True,True
610,RANGE_SHORT,LOSS,-1.04938272,0.0,1.0,False,False,False
612,BREAKOUT_SHORT,LOSS,-1.05797101,0.20289855072465635,1.0,False,False,False
614,TREND_LONG,LOSS,-1.02409639,0.22289156626504977,1.0,False,False,False
616,BREAKOUT_SHORT,LOSS,-1.05633803,0.0,1.0,False,False,False
618,TREND_SHORT,WIN,1.46456693,1.4960629921258715,0.7637795275589258,True,True,True
620,TREND_SHORT,LOSS,-1.03370787,0.2584269662922217,1.011235955056254,True,False,False
622,BREAKOUT_SHORT,LOSS,-1.0625,0.6406250000000596,1.0,True,True,False
624,TREND_LONG,WIN,1.47133758,1.496815286624183,0.03821656050951991,True,True,True
626,TREND_LONG,LOSS,-1.025,1.181250000000236,1.0,True,True,True
628,RANGE_SHORT,WIN,1.47916667,1.520833333333237,0.5833333333334104,True,True,True
630,BREAKOUT_LONG,LOSS,-1.0952381,0.0,1.0,False,False,False
632,TREND_LONG,LOSS,-1.03225806,0.096774193548312,1.0,False,False,False
634,TREND_LONG,LOSS,-1.05263158,0.4421052631579833,1.0105263157893087,True,False,False
636,BREAKOUT_SHORT,WIN,1.43103448,1.4999999999998086,0.2931034482758555,True,True,True
638,TREND_SHORT,LOSS,-1.03076923,1.0230769230767311,1.0,True,True,True
640,TREND_LONG,LOSS,-1.03030303,0.18939393939383617,1.0,False,False,False
642,TREND_LONG,LOSS,-1.03846154,0.5307692307693503,1.007692307692359,True,True,False
644,TREND_LONG,LOSS,-1.01877934,0.45070422535200255,1.0,True,False,False
646,BREAKOUT_SHORT,LOSS,-1.0862069,0.9137931034480976,1.017241379310457,True,True,False
648,TREND_SHORT,LOSS,-0.02409639,1.3493975903612814,0.5662650602408542,True,True,True
650,RANGE_SHORT,LOSS,-1.04166667,0.7083333333332947,1.0,True,True,False
652,BREAKOUT_SHORT,WIN,1.46315789,1.5052631578947713,0.21052631578944908,True,True,True
654,TREND_SHORT,LOSS,-1.01801802,0.8468468468467514,1.0,True,True,False
656,TREND_SHORT,LOSS,-1.01550388,0.16666666666663799,1.0,False,False,False
658,BREAKOUT_LONG,WIN,1.45918367,1.5000000000001132,0.6632653061225021,True,True,True
660,TREND_LONG,LOSS,-1.02985075,0.3955223880598375,1.0,True,False,False
662,TREND_SHORT,LOSS,-1.015625,0.16796875000006642,1.0,False,False,False
664,TREND_LONG,LOSS,-1.03875969,0.6666666666665519,1.0077519379845468,True,True,False
666,TREND_LONG,WIN,1.47651007,1.5033557046980086,0.0067114093960171615,True,True,True
668,TREND_LONG,WIN,0.62280702,1.1271929824560938,0.07456140350877151,True,True,True
670,TREND_LONG,LOSS,-1.03521127,0.23239436619730203,1.0070422535210166,False,False,False
672,TREND_SHORT,LOSS,-1.02325581,0.7093023255813263,1.0,True,True,False
674,TREND_LONG,LOSS,-1.03478261,0.22608695652167868,1.0,False,False,False
676,TREND_LONG,LOSS,-1.02083333,0.0,1.0,False,False,False
678,TREND_SHORT,LOSS,-1.04225352,0.028169014084535673,1.0140845070421896,False,False,False
680,BREAKOUT_SHORT,WIN,1.46052632,1.5131578947366344,0.7763157894737073,True,True,True
682,BREAKOUT_SHORT,LOSS,-1.07272727,0.8181818181818549,1.0,True,True,False
684,TREND_LONG,WIN,1.4537037,1.4907407407406799,0.7870370370370751,True,True,True
686,BREAKOUT_LONG,WIN,1.42857143,1.5102040816322646,0.7142857142857143,True,True,True
688,TREND_LONG,LOSS,-1.01834862,0.10550458715605067,1.0,False,False,False
690,TREND_LONG,LOSS,-1.03875969,0.10077519379859239,1.0077519379843747,False,False,False
692,TREND_LONG,LOSS,-1.03703704,0.3121693121693687,1.0158730158730027,True,False,False
694,BREAKOUT_LONG,LOSS,-1.11864407,1.1186440677962401,1.0508474576270677,True,True,True
696,BREAKOUT_SHORT,LOSS,-1.0617284,1.1481481481483005,1.012345679012427,True,True,True
698,TREND_LONG,LOSS,-1.03968254,0.6746031746031677,1.0079365079365596,True,True,False
700,TREND_LONG,LOSS,-1.03539823,0.39823008849540653,1.0,True,False,False
702,TREND_SHORT,LOSS,-1.02118644,0.5974576271187214,1.0042372881356212,True,True,False
704,BREAKOUT_LONG,WIN,1.40425532,1.4893617021275891,0.5957446808512247,True,True,True
706,TREND_SHORT,WIN,1.48648649,1.5045045045046344,0.03603603603597386,True,True,True
708,TREND_LONG,LOSS,-0.82142857,1.1734693877552222,0.9540816326529861,True,True,True
710,TREND_LONG,WIN,1.47727273,1.495454545454566,0.24545454545454087,True,True,True
712,BREAKOUT_LONG,WIN,1.46153846,1.5128205128204544,0.0,True,True,True
714,TREND_SHORT,LOSS,-1.01932367,0.6956521739130901,1.0,True,True,False
716,BREAKOUT_SHORT,WIN,1.44155844,1.4935064935065947,0.038961038961009,True,True,True
718,TREND_SHORT,LOSS,-1.04545455,1.2045454545454508,1.0151515151514463,True,True,True
720,TREND_LONG,WIN,0.12844037,1.11926605504605,0.3211009174311796,True,True,True
722,BREAKOUT_LONG,WIN,1.45360825,1.4948453608250514,0.9175257731957867,True,True,True
724,TREND_LONG,WIN,0.90816327,1.372448979591905,0.5867346938775545,True,True,True
726,TREND_LONG,LOSS,-1.03875969,0.12403100775188862,1.0077519379845468,False,False,False
728,TREND_LONG,LOSS,-1.02109705,0.3248945147680021,1.0042194092826344,True,False,False
730,BREAKOUT_LONG,WIN,1.44615385,1.5076923076921869,0.47692307692309793,True,True,True
732,TREND_LONG,LOSS,-1.05952381,0.02380952380941052,1.0119047619045731,False,False,False
734,RANGE_SHORT,WIN,1.47142857,1.5285714285717775,0.9285714285715871,True,True,True
736,RANGE_SHORT,WIN,1.43661972,1.4929577464786705,0.859154929577478,True,True,True
738,TREND_LONG,WIN,0.35159817,0.6118721461186983,0.9452054794520992,True,True,False
740,RANGE_SHORT,LOSS,-1.04301075,0.021505376343991033,1.0,False,False,False
742,TREND_LONG,LOSS,-1.02762431,0.2596685082874182,1.0055248618784896,True,False,False
744,RANGE_SHORT,LOSS,-1.02985075,0.3731343283583623,1.0,True,False,False
746,RANGE_LONG,LOSS,-1.04705882,0.9647058823529719,1.0,True,True,False
748,BREAKOUT_LONG,WIN,1.44897959,1.530612244897247,0.4897959183672822,True,True,True
750,TREND_LONG,LOSS,-1.03875969,0.20155038759701263,1.0077519379843747,False,False,False
752,TREND_LONG,WIN,1.49425287,1.5172413793104593,0.23563218390807825,True,True,True
754,BREAKOUT_LONG,WIN,1.45454545,1.52727272727352,0.23636363636364371,True,True,True
756,BREAKOUT_LONG,WIN,1.44642857,1.5178571428574614,0.8749999999999505,True,True,True
758,TREND_LONG,LOSS,-1.0483871,0.6612903225806105,1.0161290322579895,True,True,False
760,BREAKOUT_LONG,LOSS,-1.09302326,1.0000000000005165,1.0,True,True,True
762,TREND_LONG,LOSS,-1.02531646,0.1329113924050793,1.0,False,False,False
764,TREND_LONG,LOSS,-1.01960784,0.09019607843135206,1.0039215686274765,False,False,False
766,BREAKOUT_SHORT,LOSS,-1.06944444,0.0,1.0138888888889788,False,False,False
768,TREND_LONG,LOSS,-1.03521127,0.2535211267604687,1.0070422535210155,True,False,False
770,TREND_SHORT,LOSS,-1.02030457,0.05583756345169083,1.0,False,False,False
772,BREAKOUT_SHORT,LOSS,-1.09090909,0.0545454545458289,1.0181818181819429,False,False,False
774,RANGE_SHORT,WIN,1.44705882,1.4941176470589157,0.6235294117645983,True,True,True
776,TREND_SHORT,LOSS,-0.37748344,0.5761589403974874,0.5960264900661989,True,True,False
778,BREAKOUT_SHORT,LOSS,-1.08163265,1.4489795918375208,1.0,True,True,True
780,TREND_SHORT,WIN,0.92086331,1.143884892086315,0.5467625899281242,True,True,True
782,BREAKOUT_SHORT,LOSS,-1.08,0.6600000000003997,1.0,True,True,False
784,BREAKOUT_SHORT,LOSS,-1.1,0.0,1.0,False,False,False
786,TREND_LONG,WIN,1.46875,1.493750000000236,0.9749999999999722,True,True,True
788,BREAKOUT_SHORT,LOSS,-1.10638298,0.36170212765960463,1.021276595744349,True,False,False
790,TREND_SHORT,WIN,1.47402597,1.500000000000144,0.24675324675329732,True,True,True
792,TREND_SHORT,WIN,1.47826087,1.5072463768117224,0.5072463768115616,True,True,True
794,BREAKOUT_SHORT,LOSS,-1.0754717,0.20754716981145513,1.0,False,False,False
796,BREAKOUT_SHORT,LOSS,-1.09433962,0.6415094339623748,1.0188679245284284,True,True,False
798,BREAKOUT_LONG,WIN,1.41666667,1.5277777777782746,0.36111111111109395,True,True,True
800,TREND_LONG,WIN,1.48341232,1.5023696682463556,0.5450236966824425,True,True,True
802,BREAKOUT_SHORT,WIN,1.47058824,1.529411764705748,0.10294117647060744,True,True,True
804,TREND_SHORT,WIN,1.48167539,1.5026178010470213,0.7329842931937227,True,True,True
806,TREND_SHORT,LOSS,-1.02312139,0.09248554913291163,1.0,False,False,False
808,BREAKOUT_SHORT,WIN,1.47058824,1.5490196078432397,0.2549019607842369,True,True,True
810,BREAKOUT_LONG,WIN,1.44578313,1.4939759036145512,0.16867469879523875,True,True,True
812,TREND_LONG,LOSS,-1.02439024,0.6280487804879097,1.0,True,True,False
814,TREND_LONG,WIN,0.95967742,1.491935483871183,0.7177419354837915,True,True,True
816,BREAKOUT_SHORT,LOSS,-1.08888889,0.24444444444465277,1.0,False,False,False
818,TREND_LONG,LOSS,-1.03623188,0.6521739130435972,1.007246376811642,True,True,False
820,TREND_LONG,LOSS,-0.90625,0.6741071428570924,0.9687499999999938,True,True,False
822,BREAKOUT_SHORT,WIN,1.45945946,1.5135135135136026,0.1621621621620324,True,True,True
824,TREND_SHORT,WIN,0.53554502,1.189573459715739,0.09478672985781691,True,True,True
826,BREAKOUT_SHORT,WIN,1.47457627,1.5423728813556388,0.2542372881357144,True,True,True
828,TREND_LONG,WIN,1.45762712,1.5254237288131574,0.2881355932203007,True,True,True
830,BREAKOUT_SHORT,WIN,1.43636364,1.5090909090915772,0.36363636363643703,True,True,True
832,RANGE_SHORT,LOSS,-1.0625,0.17500000000000693,1.0124999999998023,False,False,False
834,BREAKOUT_LONG,LOSS,-1.05882353,0.02941176470607443,1.0,False,False,False
836,BREAKOUT_SHORT,LOSS,-1.05194805,0.0,1.0,False,False,False
838,TREND_LONG,WIN,1.47560976,1.5000000000002032,0.3841463414633907,True,True,True
840,TREND_LONG,WIN,1.46969697,1.5000000000000842,0.25757575757576523,True,True,True
842,TREND_LONG,WIN,0.31176471,0.7470588235293273,0.41176470588242975,True,True,False
844,BREAKOUT_SHORT,LOSS,-1.07575758,0.7727272727277621,1.015151515151617,True,True,False
846,TREND_LONG,LOSS,-0.48538012,0.7192982456141239,0.7836257309941475,True,True,False
848,TREND_SHORT,WIN,1.47802198,1.499999999999817,0.07692307692308631,True,True,True
850,BREAKOUT_SHORT,WIN,1.45714286,1.4952380952381699,0.26666666666672306,True,True,True
852,BREAKOUT_LONG,LOSS,-1.04761905,0.2380952380952255,1.0,False,False,False
854,BREAKOUT_SHORT,LOSS,-1.05479452,0.356164383561898,1.0,True,False,False
856,TREND_SHORT,WIN,1.48241206,1.5025125628141427,0.7638190954773942,True,True,True
858,TREND_SHORT,WIN,0.51464435,0.7071129707112505,0.24267782426778126,True,True,False
860,BREAKOUT_SHORT,LOSS,-1.05714286,0.014285714285809447,1.0,False,False,False
862,TREND_LONG,LOSS,-1.03448276,0.5603448275860253,1.0,True,True,False
864,TREND_LONG,LOSS,-1.04123711,0.051546391752690594,1.0,False,False,False
866,BREAKOUT_SHORT,LOSS,-1.07692308,0.0,1.0,False,False,False
868,TREND_SHORT,WIN,1.46728972,1.5046728971959804,0.14018691588792223,True,True,True
870,TREND_SHORT,WIN,0.11403509,0.7017543859648167,0.22368421052631451,True,True,False
872,TREND_SHORT,WIN,1.45054945,1.4945054945055802,0.30769230769238276,True,True,True
874,TREND_SHORT,LOSS,-1.04132231,0.19008264462807037,1.008264462809972,False,False,False
876,BREAKOUT_SHORT,LOSS,-1.07017544,0.9649122807019116,1.0,True,True,False
878,TREND_LONG,LOSS,-1.04,1.159999999999698,1.0,True,True,True
880,TREND_LONG,WIN,0.35087719,0.5497076023393157,0.4152046783625959,True,True,False
882,RANGE_SHORT,WIN,1.42,1.4999999999991118,0.12000000000030198,True,True,True
884,BREAKOUT_SHORT,LOSS,-1.10526316,0.6578947368422436,1.0,True,True,False
886,BREAKOUT_SHORT,LOSS,-1.0952381,0.4047619047618292,1.0,True,False,False
888,TREND_SHORT,LOSS,-1.05494505,0.16483516483503077,1.0109890109890833,False,False,False
890,BREAKOUT_SHORT,LOSS,-1.12820513,1.1282051282054348,1.0256410256412007,True,True,True
892,TREND_SHORT,WIN,1.46226415,1.5000000000002094,0.33018867924519213,True,True,True
894,BREAKOUT_LONG,WIN,1.42857143,1.5102040816334021,0.9387755102041186,True,True,True
896,TREND_LONG,WIN,0.84126984,1.2857142857144368,0.8809523809524649,True,True,True
898,BREAKOUT_SHORT,WIN,1.44444444,1.5079365079367373,0.14285714285704215,True,True,True
900,BREAKOUT_SHORT,LOSS,-1.06153846,1.4769230769230979,1.0,True,True,True
902,TREND_SHORT,LOSS,-1.02150538,1.0591397849462667,1.0,True,True,True
904,TREND_LONG,WIN,1.46902655,1.504424778761288,0.08849557522124067,True,True,True
906,TREND_SHORT,WIN,0.6,1.0624999999999913,0.3437500000000217,True,True,True
908,BREAKOUT_LONG,LOSS,-1.14814815,0.7407407407406799,1.0740740740741501,True,True,False
910,TREND_SHORT,LOSS,-1.02836879,0.6241134751773385,1.0,True,True,False
912,TREND_SHORT,LOSS,-1.0209205,0.2050209205020318,1.0041841004183443,False,False,False
914,BREAKOUT_SHORT,WIN,1.44578313,1.4939759036141516,0.25301204819279044,True,True,True
916,TREND_SHORT,WIN,1.475,1.5083333333335738,0.24166666666661116,True,True,True
918,BREAKOUT_SHORT,WIN,1.43478261,1.5217391304354122,0.13043478260861172,True,True,True
920,BREAKOUT_SHORT,LOSS,-1.13953488,0.3255813953482728,1.0465116279067486,True,False,False
922,TREND_SHORT,LOSS,-1.06557377,0.426229508196602,1.0,True,False,False
924,TREND_LONG,LOSS,-1.04123711,0.48453608247412766,1.0,True,False,False
926,RANGE_SHORT,LOSS,-1.06779661,0.4067796610165409,1.0,True,False,False
928,TREND_LONG,LOSS,-1.02836879,0.6879432624112224,1.0,True,True,False
930,BREAKOUT_LONG,WIN,1.48076923,1.5576923076920368,0.5192307692306789,True,True,True
932,TREND_LONG,WIN,1.46551724,1.5,0.5258620689654941,True,True,True
934,TREND_LONG,WIN,0.42763158,1.2697368421052833,0.31578947368424126,True,True,True
936,TREND_LONG,LOSS,-1.02941176,0.05882352941182233,1.0,False,False,False
938,TREND_LONG,LOSS,-1.04395604,0.21978021978020368,1.0,False,False,False
940,TREND_LONG,WIN,0.52777778,1.2916666666669043,0.0763888888887786,True,True,True
942,BREAKOUT_SHORT,WIN,1.39534884,1.4883720930226674,0.5813953488371973,True,True,True
944,BREAKOUT_SHORT,WIN,1.45714286,1.514285714285968,0.2857142857142857,True,True,True
946,TREND_SHORT,LOSS,-1.02739726,0.3630136986300776,1.0,True,False,False
948,TREND_SHORT,LOSS,-1.05263158,0.31578947368419513,1.0,True,False,False
950,BREAKOUT_SHORT,LOSS,-1.12903226,0.935483870967326,1.0,True,True,False
952,TREND_SHORT,WIN,0.15769231,0.39230769230771007,0.7923076923076929,True,False,False
954,BREAKOUT_SHORT,LOSS,-1.06557377,0.5245901639342233,1.0,True,True,False
956,BREAKOUT_LONG,LOSS,-1.08333333,0.6458333333333526,1.0,True,True,False
958,TREND_LONG,LOSS,-1.02688172,0.021505376344107843,1.0053763440860568,False,False,False
960,TREND_SHORT,LOSS,-1.08108108,0.7162162162161432,1.0270270270272055,True,True,False
962,BREAKOUT_SHORT,LOSS,-1.09433962,1.1132075471701512,1.0188679245284284,True,True,True
964,TREND_SHORT,LOSS,-1.04651163,0.25581395348821595,1.0,True,False,False
966,BREAKOUT_LONG,LOSS,-1.08333333,0.16666666666689797,1.0,False,False,False
968,TREND_LONG,WIN,1.47435897,1.5,0.006410256410298381,True,True,True
970,TREND_LONG,WIN,1.47183099,1.5,0.39436619718318666,True,True,True
972,TREND_SHORT,LOSS,-1.04301075,0.1505376344086535,1.0,False,False,False
974,BREAKOUT_LONG,WIN,1.45454545,1.5454545454545914,0.5454545454545914,True,True,True
976,TREND_SHORT,LOSS,-1.05660377,1.0943396226417228,1.0188679245284284,True,True,True
978,RANGE_SHORT,WIN,1.48148148,1.5555555555555098,0.27777777777754936,True,True,True
980,TREND_SHORT,LOSS,-0.09022556,0.684210526315851,0.736842105263237,True,True,False
982,TREND_SHORT,LOSS,-1.08695652,0.4673913043477343,1.0434782608696072,True,False,False
984,TREND_SHORT,LOSS,-1.05681818,0.6704545454546544,1.0113636363637108,True,True,False
986,BREAKOUT_LONG,WIN,1.40909091,1.5000000000002522,0.5454545454545914,True,True,True
988,BREAKOUT_SHORT,LOSS,-1.10810811,0.0,1.0,False,False,False
990,TREND_SHORT,LOSS,-1.03921569,0.48039215686261705,1.0,True,False,False
992,BREAKOUT_SHORT,LOSS,-1.11363636,0.5681818181812218,1.0227272727269057,True,True,False
994,BREAKOUT_LONG,WIN,1.36842105,1.4736842105258545,0.39473684210546306,True,True,True
996,TREND_SHORT,WIN,0.40322581,0.6612903225805802,0.2620967741935603,True,True,False
998,BREAKOUT_SHORT,LOSS,-1.14285714,0.9642857142862524,1.0,True,True,False
1000,RANGE_SHORT,LOSS,-1.10810811,0.08108108108161632,1.0,False,False,False
1002,TREND_SHORT,WIN,0.83516484,1.4395604395606514,0.5934065934065987,True,True,True
1004,RANGE_SHORT,LOSS,-1.16216216,0.8108108108102756,1.0540540540537784,True,True,False
1006,RANGE_LONG,LOSS,-1.06849315,0.9315068493149351,1.0136986301367696,True,True,False
1008,BREAKOUT_SHORT,LOSS,-1.11428571,0.8,1.0,True,True,False
1010,BREAKOUT_LONG,WIN,1.44,1.5200000000003553,0.0,True,True,True
1012,RANGE_SHORT,WIN,1.42222222,1.5111111111109357,0.6444444444446309,True,True,True
1014,RANGE_SHORT,LOSS,-1.08163265,0.0,1.0,False,False,False
1016,TREND_SHORT,LOSS,-1.03305785,0.49586776859519754,1.0,True,False,False
1018,BREAKOUT_LONG,LOSS,-1.10526316,1.0526315789483218,1.0,True,True,True
1020,TREND_LONG,WIN,0.41428571,0.7357142857141532,0.47142857142862354,True,True,False
1022,BREAKOUT_LONG,WIN,1.4,1.5142857142851704,0.5428571428574147,True,True,True
1024,TREND_SHORT,LOSS,-0.11627907,1.441860465116033,0.6744186046511268,True,True,True
1026,TREND_LONG,LOSS,-0.16521739,0.5652173913043897,0.7043478260869465,True,True,False
1028,BREAKOUT_SHORT,LOSS,-1.18181818,0.8787878787871447,1.0606060606057548,True,True,False
1030,TREND_LONG,WIN,0.92356688,1.3312101910826943,0.4904458598725493,True,True,True
1032,TREND_SHORT,WIN,1.45360825,1.4948453608244803,0.7835051546391611,True,True,True
1034,BREAKOUT_SHORT,LOSS,-1.08,0.0,1.0,False,False,False
1036,RANGE_LONG,WIN,1.43939394,1.4999999999994953,0.12121212121222316,True,True,True
1038,BREAKOUT_LONG,WIN,1.42857143,1.5102040816322646,0.7755102040815679,True,True,True
1040,BREAKOUT_SHORT,LOSS,-1.08163265,0.020408163265435594,1.0,False,False,False
1042,BREAKOUT_LONG,WIN,1.44444444,1.5555555555546647,0.2500000000003084,True,True,True
1044,BREAKOUT_LONG,WIN,1.37142857,1.4857142857135606,0.6857142857141951,True,True,True
1046,TREND_LONG,LOSS,-1.03053435,0.06870229007645104,1.0,False,False,False
1048,TREND_SHORT,LOSS,-1.07142857,0.7428571428573332,1.0142857142858095,True,True,False
1050,TREND_LONG,LOSS,-1.04385965,0.46491228070162627,1.0087719298246178,True,False,False
1052,RANGE_LONG,WIN,1.43103448,1.4999999999998086,0.17241379310342186,True,True,True
1054,BREAKOUT_LONG,LOSS,-1.07142857,0.25,1.0,True,False,False
1056,TREND_SHORT,WIN,1.46315789,1.5052631578947713,0.27368421052623704,True,True,True
1058,TREND_SHORT,WIN,1.47674419,1.5000000000000646,0.011627906976691646,True,True,True
1060,BREAKOUT_SHORT,WIN,1.45454545,1.5151515151519535,0.1969696969696766,True,True,True
1062,TREND_SHORT,LOSS,-0.64248705,0.7150259067357233,0.7253886010363094,True,True,False
1064,BREAKOUT_SHORT,LOSS,-1.10344828,0.08620689655151952,1.034482758620914,False,False,False
1066,TREND_SHORT,LOSS,-1.03496503,0.013986013986107368,1.0069930069930537,False,False,False
1068,TREND_SHORT,WIN,1.12077295,1.4299516908212804,0.21256038647342632,True,True,True
1070,TREND_SHORT,LOSS,-1.05150215,0.02145922746776167,1.034334763948533,False,False,False
1072,TREND_LONG,WIN,1.45454545,1.5064935064936937,0.49350649350659465,True,True,True
1074,TREND_LONG,WIN,1.48255814,1.505813953488475,0.2151162790697637,True,True,True
1076,TREND_LONG,WIN,0.36966825,0.6113744075829928,0.8530805687203522,True,True,False
1078,TREND_SHORT,LOSS,-0.45502646,0.4074074074073378,0.497354497354539,True,False,False
1080,TREND_LONG,LOSS,-1.02312139,0.5722543352601394,1.0,True,True,False
1082,BREAKOUT_SHORT,LOSS,-1.10526316,0.5789473684212679,1.0,True,True,False
1084,BREAKOUT_LONG,LOSS,-1.0754717,0.4339622641509197,1.0,True,False,False
1086,TREND_LONG,LOSS,-1.02684564,0.053691275167839246,1.0,False,False,False
1088,TREND_LONG,WIN,1.45454545,1.5,0.5681818181817608,True,True,True
1090,BREAKOUT_LONG,WIN,1.4047619,1.500000000000793,0.5952380952379568,True,True,True
1092,TREND_LONG,LOSS,-0.37931034,0.8689655172411491,0.9655172413792417,True,True,False
1094,TREND_LONG,LOSS,-1.10416667,0.12499999999988436,1.0208333333334683,False,False,False
1096,BREAKOUT_SHORT,WIN,1.43333333,1.4999999999994449,0.1833333333333765,True,True,True
1098,TREND_SHORT,LOSS,-1.048,0.49599999999988487,1.0160000000001053,True,False,False
1100,TREND_LONG,WIN,1.45454545,1.49494949494935,0.4747474747474226,True,True,True
1102,TREND_SHORT,LOSS,-1.04901961,0.0,1.0098039215686916,False,False,False
1104,TREND_SHORT,WIN,1.47916667,1.5000000000000577,0.1979166666666992,True,True,True
1106,TREND_SHORT,LOSS,-1.03649635,0.9051094890509659,1.00729927007304,True,True,False
1108,BREAKOUT_LONG,WIN,1.39583333,1.479166666667216,0.7500000000001157,True,True,True
1110,BREAKOUT_SHORT,WIN,1.44897959,1.5510204081638388,0.5102040816324959,True,True,True
1112,TREND_LONG,LOSS,-1.03846154,0.24999999999994663,1.0,False,False,False
1114,BREAKOUT_LONG,LOSS,-1.09433962,0.16981132075452726,1.0188679245280015,False,False,False
1116,BREAKOUT_LONG,LOSS,-1.07692308,0.6346153846151793,1.0,True,True,False
1118,TREND_LONG,LOSS,-1.03960396,0.8910891089108324,1.0,True,True,False
1120,TREND_SHORT,LOSS,-1.03076923,0.5461538461538041,1.0,True,True,False
1122,TREND_SHORT,LOSS,-1.04878049,0.43902439024377693,1.0,True,False,False
1124,TREND_SHORT,WIN,1.47826087,1.5,0.13586956521743196,True,True,True
1126,TREND_SHORT,WIN,1.4587156,1.495412844036972,0.4770642201834339,True,True,True
1128,TREND_SHORT,WIN,1.47701149,1.4999999999999363,0.04022988505747786,True,True,True
1130,BREAKOUT_SHORT,WIN,1.44,1.5199999999999112,0.3199999999999112,True,True,True
1132,TREND_LONG,WIN,1.14859438,1.1887550200804076,0.34939759036143286,True,True,True
1134,BREAKOUT_LONG,LOSS,-1.09756098,0.024390243902597534,1.0,False,False,False
1136,TREND_LONG,WIN,1.46315789,1.5052631578947713,0.15789473684196995,True,True,True
1138,TREND_SHORT,LOSS,-0.79113924,0.3670886075947802,0.9430379746835976,True,False,False
1140,TREND_LONG,LOSS,-0.33333333,0.6071428571429044,0.571428571428647,True,True,False
1142,BREAKOUT_LONG,LOSS,-1.06849315,0.17808219178079693,1.013698630137078,False,False,False
1144,BREAKOUT_SHORT,WIN,1.45918367,1.4999999999998868,0.04081632653065386,True,True,True
1146,TREND_SHORT,WIN,1.48015873,1.496031746031852,0.2817460317460433,True,True,True
1148,TREND_SHORT,WIN,1.48255814,1.5058139534881514,0.5348837209301995,True,True,True
1150,BREAKOUT_SHORT,WIN,1.47008547,1.5042735042733422,0.09401709401713132,True,True,True
1152,BREAKOUT_SHORT,LOSS,-1.03703704,0.0,1.0074074074072905,False,False,False
1154,TREND_SHORT,WIN,1.48630137,1.5,0.27397260273976876,True,True,True
1156,BREAKOUT_SHORT,WIN,1.45833333,1.500000000000347,0.8645833333333502,True,True,True
1158,TREND_SHORT,WIN,1.48857143,1.4999999999999682,0.34000000000000125,True,True,True
1160,TREND_LONG,WIN,1.47567568,1.4972972972974594,0.5783783783783557,True,True,True
1162,TREND_SHORT,WIN,1.4691358,1.4938271604937865,0.23456790123460344,True,True,True
1164,BREAKOUT_SHORT,LOSS,-1.07042254,0.0,1.014084507042346,False,False,False
1166,TREND_LONG,LOSS,-1.02840909,0.4943181818182707,1.0056818181818554,True,False,False
1168,TREND_LONG,LOSS,-1.01838235,0.7720588235294555,1.0036764705882597,True,True,False
1170,TREND_SHORT,WIN,1.48066298,1.5027624309391832,0.13812154696136528,True,True,True
1172,TREND_SHORT,LOSS,-1.0137741,0.19283746556477704,1.002754820936596,False,False,False
1174,TREND_SHORT,WIN,0.98387097,1.3387096774193106,0.5860215053763717,True,True,True
1176,BREAKOUT_SHORT,WIN,1.43548387,1.5,0.322580645161221,True,True,True
1178,BREAKOUT_SHORT,WIN,1.4742268,1.5154639175254145,0.1340206185568733,True,True,True
1180,BREAKOUT_LONG,WIN,1.46601942,1.5048543689318548,0.4271844660193777,True,True,True
1182,BREAKOUT_SHORT,LOSS,-1.13043478,0.8478260869564588,1.043478260869859,True,True,False
1184,TREND_SHORT,WIN,0.29577465,1.366197183098651,0.31690140845075265,True,True,True
1186,TREND_LONG,WIN,1.4806867,1.4978540772531097,0.21030042918457797,True,True,True
1188,TREND_SHORT,LOSS,-1.0462963,0.2777777777777549,1.0092592592593201,True,False,False
1190,RANGE_SHORT,LOSS,-1.02352941,0.05294117647054214,1.0,False,False,False
1192,BREAKOUT_LONG,WIN,1.41509434,1.4905660377362047,0.11320754716973228,True,True,True
1194,TREND_LONG,LOSS,-1.07407407,0.6296296296296601,1.0,True,True,False
1196,TREND_SHORT,LOSS,-1.0245098,0.7156862745096887,1.0049019607843457,True,True,False
1198,TREND_LONG,LOSS,-1.02857143,0.26857142857142424,1.0057142857143233,True,False,False
1200,TREND_SHORT,LOSS,-1.02617801,0.7696335078532984,1.005235602094275,True,True,False
1202,TREND_LONG,WIN,1.49019608,1.5032679738563395,0.02287581699346998,True,True,True
1204,BREAKOUT_LONG,LOSS,-1.07142857,1.3857142857146347,1.0142857142858095,True,True,True
1206,BREAKOUT_SHORT,LOSS,-1.07462687,0.5074626865672136,1.0149253731344272,True,True,False
1208,TREND_SHORT,WIN,1.47619048,1.495238095238064,0.023809523809468425,True,True,True
1210,BREAKOUT_SHORT,LOSS,-1.05194805,0.3246753246750775,1.0,True,False,False
1212,TREND_SHORT,WIN,1.48275862,1.5103448275863516,0.4689655172414047,True,True,True
1214,TREND_LONG,LOSS,-1.032,0.07200000000011796,1.0,False,False,False
1216,TREND_SHORT,LOSS,-1.03100775,0.0852713178293266,1.0,False,False,False
1218,TREND_SHORT,WIN,1.48905109,1.5182481751822758,0.306569343065736,True,True,True
1220,TREND_SHORT,LOSS,-1.03960396,1.2574257425744164,1.0,True,True,True
1222,BREAKOUT_SHORT,LOSS,-1.22105263,0.0,1.1789473684210552,False,False,False
1224,TREND_SHORT,LOSS,-1.03684211,0.036842105263165274,1.015789473684197,False,False,False
1226,BREAKOUT_LONG,LOSS,-1.04761905,0.083333333333069,1.0,False,False,False
1228,TREND_LONG,LOSS,-1.01612903,0.09677419354839287,1.0,False,False,False
1230,BREAKOUT_SHORT,LOSS,-1.05747126,0.1724137931035715,1.0114942528736395,False,False,False
1232,TREND_LONG,LOSS,-1.02777778,0.5277777777777743,1.005555555555592,True,True,False
1234,TREND_SHORT,LOSS,-1.04017857,0.15178571428571605,1.0223214285714755,False,False,False
1236,TREND_SHORT,LOSS,-1.01805054,0.7725631768953349,1.003610108303273,True,True,False
1238,TREND_LONG,LOSS,-1.03846154,0.07692307692315904,1.0,False,False,False
1240,BREAKOUT_SHORT,LOSS,-1.05405405,0.09459459459461893,1.0,False,False,False
1242,TREND_SHORT,WIN,1.47305389,1.4970059880238662,0.6946107784431186,True,True,True
1244,TREND_SHORT,WIN,0.28838951,0.9662921348314887,0.5617977528090206,True,True,False
1246,TREND_SHORT,LOSS,-1.04444444,0.9851851851852522,1.0148148148149123,True,True,False
1248,TREND_LONG,WIN,1.49261084,1.5123152709360415,0.7487684729063958,True,True,True
1250,BREAKOUT_LONG,WIN,1.44736842,1.4999999999997078,0.01315789473692668,True,True,True
1252,TREND_LONG,LOSS,-1.02272727,0.0,1.0045454545454844,False,False,False
1254,TREND_LONG,WIN,0.19011407,1.182509505703442,0.4600760456273668,True,True,True
1256,TREND_SHORT,LOSS,-1.02836879,0.2624113475176925,1.0,True,False,False
1258,TREND_SHORT,WIN,0.13059701,1.1977611940298196,0.8507462686567338,True,True,True
1260,TREND_LONG,WIN,1.46875,1.5000000000001734,0.523437499999981,True,True,True
1262,TREND_LONG,WIN,1.48469388,1.5051020408161895,0.6530612244898214,True,True,True
1264,TREND_LONG,LOSS,-1.01197605,0.5538922155688145,1.0,True,True,False
1266,TREND_SHORT,WIN,1.46280992,1.4958677685951975,0.735537190082549,True,True,True
1268,BREAKOUT_SHORT,WIN,1.4375,1.5000000000001734,0.0,True,True,True
1270,TREND_SHORT,LOSS,-1.01680672,0.42436974789913223,1.0,True,False,False
1272,BREAKOUT_LONG,LOSS,-1.13559322,0.0,1.0677966101695489,False,False,False
1274,BREAKOUT_SHORT,LOSS,-1.06349206,1.2539682539685448,1.0,True,True,True
1276,TREND_LONG,LOSS,-1.02040816,0.4489795918367139,1.0,True,False,False
1278,TREND_SHORT,WIN,1.49596774,1.5120967741934932,0.0,True,True,True
1280,TREND_LONG,LOSS,-1.02074689,0.5518672199169832,1.004149377593388,True,True,False
1282,TREND_LONG,LOSS,-1.02877698,0.6330935251798492,1.0,True,True,False
1284,TREND_LONG,LOSS,-1.03125,1.256250000000006,1.0062500000000407,True,True,True
1286,BREAKOUT_LONG,LOSS,-1.05970149,0.0,1.0,False,False,False
1288,BREAKOUT_SHORT,LOSS,-1.05,0.0,1.0,False,False,False
1290,TREND_SHORT,WIN,1.48672566,1.5044247787610172,0.26991150442477374,True,True,True
1292,BREAKOUT_LONG,LOSS,-1.0990099,0.44554455445536717,1.059405940594005,True,False,False
1294,TREND_SHORT,WIN,0.02994012,0.5868263473053761,0.47005988023950773,True,True,False
1296,TREND_SHORT,WIN,1.48442907,1.498269896193818,0.34256055363320176,True,True,True
1298,BREAKOUT_SHORT,LOSS,-1.02424242,1.218181818181911,1.0,True,True,True
1300,TREND_LONG,WIN,1.48850575,1.499999999999984,0.2126436781609065,True,True,True
1302,TREND_SHORT,WIN,1.48375451,1.4981949458484036,0.6462093862815875,True,True,True
1304,BREAKOUT_SHORT,LOSS,-1.03603604,0.027027027027002697,1.0,False,False,False
1306,TREND_SHORT,LOSS,-1.01532567,0.06896551724136317,1.0,False,False,False
1308,TREND_LONG,LOSS,-1.03703704,0.18518518518516996,1.0074074074074562,False,False,False
1310,TREND_LONG,LOSS,-1.01454545,0.21090909090909765,1.0,False,False,False
1312,TREND_LONG,LOSS,-1.02312139,0.0982658959537587,1.0,False,False,False
1314,TREND_LONG,WIN,1.50788644,1.5205047318612637,0.47003154574133776,True,True,True
1316,TREND_SHORT,WIN,0.51851852,0.5614035087719199,0.8265107212475549,True,True,False
1318,TREND_LONG,LOSS,-1.01666667,0.9166666666666744,1.0,True,True,False
1320,TREND_SHORT,WIN,1.48230088,1.500000000000049,0.22566371681417102,True,True,True
1322,TREND_SHORT,LOSS,-1.01793722,0.5246636771300315,1.0,True,True,False
1324,TREND_SHORT,WIN,1.48245614,1.4999999999999514,0.04824561403511036,True,True,True
1326,TREND_LONG,WIN,1.50759878,1.5197568389058032,0.030395136778112015,True,True,True
1328,TREND_LONG,LOSS,-1.025,0.12291666666668767,1.0166666666666837,False,False,False
1330,BREAKOUT_LONG,LOSS,-1.07236842,1.1315789473682443,1.0460526315789511,True,True,True
1332,TREND_LONG,LOSS,-0.685,0.9099999999999656,0.8449999999999839,True,True,False
1334,BREAKOUT_LONG,WIN,1.45967742,1.491935483871183,0.5483870967742456,True,True,True
1336,RANGE_SHORT,LOSS,-1.04255319,1.2872340425528974,1.0,True,True,True
1338,TREND_LONG,LOSS,-1.03401361,0.0,1.0068027210883286,False,False,False
1340,TREND_SHORT,LOSS,-0.28125,0.6805555555556209,0.6944444444444466,True,True,False
