event_clock_id,event_time_utc,currencies,event_ids,event_names,source_weeks,source_urls,all_member_clean
EVOCO0001,2019-01-03T15:00:00.000Z,USD,102137,ISM Manufacturing PMI,dec30.2018,"https://www.forexfactory.com/calendar?week=dec30.2018&permalink=true&impacts=3&event_types=1,2,3,4,5,7,8,9,10,11&currencies=5,9",True
EVOCO0002,2019-01-04T13:30:00.000Z,USD,102216|102217|102218,Unemployment Rate|Non-Farm Employment Change|Average Hourly Earnings m/m,dec30.2018,"https://www.forexfactory.com/calendar?week=dec30.2018&permalink=true&impacts=3&event_types=1,2,3,4,5,7,8,9,10,11&currencies=5,9",True
EVOCO0003,2019-01-07T15:00:00.000Z,USD,105753,ISM Services PMI,jan6.2019,"https://www.forexfactory.com/calendar?week=jan6.2019&permalink=true&impacts=3&event_types=1,2,3,4,5,7,8,9,10,11&currencies=5,9",True
EVOCO0004,2019-01-09T19:00:00.000Z,USD,101968,FOMC Meeting Minutes,jan6.2019,"https://www.forexfactory.com/calendar?week=jan6.2019&permalink=true&impacts=3&event_types=1,2,3,4,5,7,8,9,10,11&currencies=5,9",True
EVOCO0005,2019-01-11T13:30:00.000Z,USD,102220|102222|128614|153060,CPI m/m|Core CPI m/m|CPI y/y|Core CPI y/y,jan6.2019,"https://www.forexfactory.com/calendar?week=jan6.2019&permalink=true&impacts=3&event_types=1,2,3,4,5,7,8,9,10,11&currencies=5,9",True
EVOCO0006,2019-01-15T13:30:00.000Z,USD,102225,PPI m/m,jan13.2019,"https://www.forexfactory.com/calendar?week=jan13.2019&permalink=true&impacts=3&event_types=1,2,3,4,5,7,8,9,10,11&currencies=5,9",True
EVOCO0007,2019-01-24T12:44:00.000Z,EUR,103370,Main Refinancing Rate,jan20.2019,"https://www.forexfactory.com/calendar?week=jan20.2019&permalink=true&impacts=3&event_types=1,2,3,4,5,7,8,9,10,11&currencies=5,9",True
EVOCO0008,2019-01-24T12:45:00.000Z,EUR,109187,Monetary Policy Statement,jan20.2019,"https://www.forexfactory.com/calendar?week=jan20.2019&permalink=true&impacts=3&event_types=1,2,3,4,5,7,8,9,10,11&currencies=5,9",True
EVOCO0009,2019-01-29T15:00:00.000Z,USD,101969,CB Consumer Confidence,jan27.2019,"https://www.forexfactory.com/calendar?week=jan27.2019&permalink=true&impacts=3&event_types=1,2,3,4,5,7,8,9,10,11&currencies=5,9",True
EVOCO0010,2019-01-30T19:00:00.000Z,USD,101902|101904,FOMC Statement|Federal Funds Rate,jan27.2019,"https://www.forexfactory.com/calendar?week=jan27.2019&permalink=true&impacts=3&event_types=1,2,3,4,5,7,8,9,10,11&currencies=5,9",True
EVOCO0011,2019-02-01T13:30:00.000Z,USD,102230|102231|102234,Average Hourly Earnings m/m|Non-Farm Employment Change|Unemployment Rate,jan27.2019,"https://www.forexfactory.com/calendar?week=jan27.2019&permalink=true&impacts=3&event_types=1,2,3,4,5,7,8,9,10,11&currencies=5,9",True
EVOCO0012,2019-02-01T15:00:00.000Z,USD,102139,ISM Manufacturing PMI,jan27.2019,"https://www.forexfactory.com/calendar?week=jan27.2019&permalink=true&impacts=3&event_types=1,2,3,4,5,7,8,9,10,11&currencies=5,9",True
EVOCO0013,2019-02-05T15:00:00.000Z,USD,105755,ISM Services PMI,feb3.2019,"https://www.forexfactory.com/calendar?week=feb3.2019&permalink=true&impacts=3&event_types=1,2,3,4,5,7,8,9,10,11&currencies=5,9",True
EVOCO0014,2019-02-13T13:30:00.000Z,USD,102235|102236|128615|153061,CPI m/m|Core CPI m/m|CPI y/y|Core CPI y/y,feb10.2019,"https://www.forexfactory.com/calendar?week=feb10.2019&permalink=true&impacts=3&event_types=1,2,3,4,5,7,8,9,10,11&currencies=5,9",True
EVOCO0015,2019-02-14T13:30:00.000Z,USD,102238|102629|102631,PPI m/m|Retail Sales m/m|Core Retail Sales m/m,feb10.2019,"https://www.forexfactory.com/calendar?week=feb10.2019&permalink=true&impacts=3&event_types=1,2,3,4,5,7,8,9,10,11&currencies=5,9",True
EVOCO0016,2019-02-20T19:00:00.000Z,USD,101954,FOMC Meeting Minutes,feb17.2019,"https://www.forexfactory.com/calendar?week=feb17.2019&permalink=true&impacts=3&event_types=1,2,3,4,5,7,8,9,10,11&currencies=5,9",True
EVOCO0017,2019-02-21T08:15:00.000Z,EUR,101225,French Flash Services PMI,feb17.2019,"https://www.forexfactory.com/calendar?week=feb17.2019&permalink=true&impacts=3&event_types=1,2,3,4,5,7,8,9,10,11&currencies=5,9",True
EVOCO0018,2019-02-21T08:30:00.000Z,EUR,101219|101221,German Flash Manufacturing PMI|German Flash Services PMI,feb17.2019,"https://www.forexfactory.com/calendar?week=feb17.2019&permalink=true&impacts=3&event_types=1,2,3,4,5,7,8,9,10,11&currencies=5,9",True
EVOCO0019,2019-02-21T13:30:00.000Z,USD,102744,Core Durable Goods Orders m/m,feb17.2019,"https://www.forexfactory.com/calendar?week=feb17.2019&permalink=true&impacts=3&event_types=1,2,3,4,5,7,8,9,10,11&currencies=5,9",True
EVOCO0020,2019-02-26T15:00:00.000Z,USD,101970,CB Consumer Confidence,feb24.2019,"https://www.forexfactory.com/calendar?week=feb24.2019&permalink=true&impacts=3&event_types=1,2,3,4,5,7,8,9,10,11&currencies=5,9",True
EVOCO0021,2019-02-28T13:30:00.000Z,USD,102818,Advance GDP q/q,feb24.2019,"https://www.forexfactory.com/calendar?week=feb24.2019&permalink=true&impacts=3&event_types=1,2,3,4,5,7,8,9,10,11&currencies=5,9",True
EVOCO0022,2019-03-01T15:00:00.000Z,USD,102141,ISM Manufacturing PMI,feb24.2019,"https://www.forexfactory.com/calendar?week=feb24.2019&permalink=true&impacts=3&event_types=1,2,3,4,5,7,8,9,10,11&currencies=5,9",True
EVOCO0023,2019-03-07T12:45:00.000Z,EUR,103372|109189,Main Refinancing Rate|Monetary Policy Statement,mar3.2019,"https://www.forexfactory.com/calendar?week=mar3.2019&permalink=true&impacts=3&event_types=1,2,3,4,5,7,8,9,10,11&currencies=5,9",True
EVOCO0024,2019-03-08T13:30:00.000Z,USD,102243|102246|102247,Average Hourly Earnings m/m|Unemployment Rate|Non-Farm Employment Change,mar3.2019,"https://www.forexfactory.com/calendar?week=mar3.2019&permalink=true&impacts=3&event_types=1,2,3,4,5,7,8,9,10,11&currencies=5,9",True
EVOCO0025,2019-03-11T12:30:00.000Z,USD,102633|102634,Retail Sales m/m|Core Retail Sales m/m,mar10.2019,"https://www.forexfactory.com/calendar?week=mar10.2019&permalink=true&impacts=3&event_types=1,2,3,4,5,7,8,9,10,11&currencies=5,9",True
EVOCO0026,2019-03-12T12:30:00.000Z,USD,102248|102251|128616|153062,Core CPI m/m|CPI m/m|CPI y/y|Core CPI y/y,mar10.2019,"https://www.forexfactory.com/calendar?week=mar10.2019&permalink=true&impacts=3&event_types=1,2,3,4,5,7,8,9,10,11&currencies=5,9",True
EVOCO0027,2019-03-13T12:30:00.000Z,USD,102257|102748,PPI m/m|Core Durable Goods Orders m/m,mar10.2019,"https://www.forexfactory.com/calendar?week=mar10.2019&permalink=true&impacts=3&event_types=1,2,3,4,5,7,8,9,10,11&currencies=5,9",True
EVOCO0028,2019-03-20T18:00:00.000Z,USD,101907|101908|101910,Federal Funds Rate|FOMC Statement|FOMC Economic Projections,mar17.2019,"https://www.forexfactory.com/calendar?week=mar17.2019&permalink=true&impacts=3&event_types=1,2,3,4,5,7,8,9,10,11&currencies=5,9",True
EVOCO0029,2019-03-22T08:15:00.000Z,EUR,101365,French Flash Services PMI,mar17.2019,"https://www.forexfactory.com/calendar?week=mar17.2019&permalink=true&impacts=3&event_types=1,2,3,4,5,7,8,9,10,11&currencies=5,9",True
EVOCO0030,2019-03-22T08:30:00.000Z,EUR,101362|101363,German Flash Manufacturing PMI|German Flash Services PMI,mar17.2019,"https://www.forexfactory.com/calendar?week=mar17.2019&permalink=true&impacts=3&event_types=1,2,3,4,5,7,8,9,10,11&currencies=5,9",True
EVOCO0031,2019-03-26T14:00:00.000Z,USD,101972,CB Consumer Confidence,mar24.2019,"https://www.forexfactory.com/calendar?week=mar24.2019&permalink=true&impacts=3&event_types=1,2,3,4,5,7,8,9,10,11&currencies=5,9",True
EVOCO0032,2019-03-28T12:30:00.000Z,USD,102826,Final GDP q/q,mar24.2019,"https://www.forexfactory.com/calendar?week=mar24.2019&permalink=true&impacts=3&event_types=1,2,3,4,5,7,8,9,10,11&currencies=5,9",True
EVOCO0033,2019-04-01T12:30:00.000Z,USD,102636|102639,Retail Sales m/m|Core Retail Sales m/m,mar31.2019,"https://www.forexfactory.com/calendar?week=mar31.2019&permalink=true&impacts=3&event_types=1,2,3,4,5,7,8,9,10,11&currencies=5,9",True
EVOCO0034,2019-04-01T14:00:00.000Z,USD,102144,ISM Manufacturing PMI,mar31.2019,"https://www.forexfactory.com/calendar?week=mar31.2019&permalink=true&impacts=3&event_types=1,2,3,4,5,7,8,9,10,11&currencies=5,9",True
EVOCO0035,2019-04-02T12:30:00.000Z,USD,102750,Core Durable Goods Orders m/m,mar31.2019,"https://www.forexfactory.com/calendar?week=mar31.2019&permalink=true&impacts=3&event_types=1,2,3,4,5,7,8,9,10,11&currencies=5,9",True
EVOCO0036,2019-04-05T12:30:00.000Z,USD,102261|102262|102265,Non-Farm Employment Change|Unemployment Rate|Average Hourly Earnings m/m,mar31.2019,"https://www.forexfactory.com/calendar?week=mar31.2019&permalink=true&impacts=3&event_types=1,2,3,4,5,7,8,9,10,11&currencies=5,9",True
EVOCO0037,2019-04-10T11:45:00.000Z,EUR,103375|109192,Main Refinancing Rate|Monetary Policy Statement,apr7.2019,"https://www.forexfactory.com/calendar?week=apr7.2019&permalink=true&impacts=3&event_types=1,2,3,4,5,7,8,9,10,11&currencies=5,9",True
EVOCO0038,2019-04-10T18:00:00.000Z,USD,101956,FOMC Meeting Minutes,apr7.2019,"https://www.forexfactory.com/calendar?week=apr7.2019&permalink=true&impacts=3&event_types=1,2,3,4,5,7,8,9,10,11&currencies=5,9",True
EVOCO0039,2019-04-11T12:30:00.000Z,USD,102274,PPI m/m,apr7.2019,"https://www.forexfactory.com/calendar?week=apr7.2019&permalink=true&impacts=3&event_types=1,2,3,4,5,7,8,9,10,11&currencies=5,9",True
EVOCO0040,2019-04-18T07:15:00.000Z,EUR,101243,French Flash Services PMI,apr14.2019,"https://www.forexfactory.com/calendar?week=apr14.2019&permalink=true&impacts=3&event_types=1,2,3,4,5,7,8,9,10,11&currencies=5,9",True
EVOCO0041,2019-04-18T07:30:00.000Z,EUR,101237|101240,German Flash Manufacturing PMI|German Flash Services PMI,apr14.2019,"https://www.forexfactory.com/calendar?week=apr14.2019&permalink=true&impacts=3&event_types=1,2,3,4,5,7,8,9,10,11&currencies=5,9",True
EVOCO0042,2019-04-18T12:30:00.000Z,USD,102642|102643,Retail Sales m/m|Core Retail Sales m/m,apr14.2019,"https://www.forexfactory.com/calendar?week=apr14.2019&permalink=true&impacts=3&event_types=1,2,3,4,5,7,8,9,10,11&currencies=5,9",True
EVOCO0043,2019-04-25T12:30:00.000Z,USD,102753,Core Durable Goods Orders m/m,apr21.2019,"https://www.forexfactory.com/calendar?week=apr21.2019&permalink=true&impacts=3&event_types=1,2,3,4,5,7,8,9,10,11&currencies=5,9",True
EVOCO0044,2019-04-26T12:30:00.000Z,USD,102832,Advance GDP q/q,apr21.2019,"https://www.forexfactory.com/calendar?week=apr21.2019&permalink=true&impacts=3&event_types=1,2,3,4,5,7,8,9,10,11&currencies=5,9",True
EVOCO0045,2019-04-30T14:00:00.000Z,USD,101973,CB Consumer Confidence,apr28.2019,"https://www.forexfactory.com/calendar?week=apr28.2019&permalink=true&impacts=3&event_types=1,2,3,4,5,7,8,9,10,11&currencies=5,9",True
EVOCO0046,2019-05-01T14:00:00.000Z,USD,102146,ISM Manufacturing PMI,apr28.2019,"https://www.forexfactory.com/calendar?week=apr28.2019&permalink=true&impacts=3&event_types=1,2,3,4,5,7,8,9,10,11&currencies=5,9",True
EVOCO0047,2019-05-01T18:00:00.000Z,USD,101915|101916,FOMC Statement|Federal Funds Rate,apr28.2019,"https://www.forexfactory.com/calendar?week=apr28.2019&permalink=true&impacts=3&event_types=1,2,3,4,5,7,8,9,10,11&currencies=5,9",True
EVOCO0048,2019-05-03T12:30:00.000Z,USD,102276|102277|102279,Non-Farm Employment Change|Unemployment Rate|Average Hourly Earnings m/m,apr28.2019,"https://www.forexfactory.com/calendar?week=apr28.2019&permalink=true&impacts=3&event_types=1,2,3,4,5,7,8,9,10,11&currencies=5,9",True
EVOCO0049,2019-05-03T14:00:00.000Z,USD,105770,ISM Services PMI,apr28.2019,"https://www.forexfactory.com/calendar?week=apr28.2019&permalink=true&impacts=3&event_types=1,2,3,4,5,7,8,9,10,11&currencies=5,9",True
EVOCO0050,2019-05-10T12:30:00.000Z,USD,102281|102284|128618|153064,Core CPI m/m|CPI m/m|CPI y/y|Core CPI y/y,may5.2019,"https://www.forexfactory.com/calendar?week=may5.2019&permalink=true&impacts=3&event_types=1,2,3,4,5,7,8,9,10,11&currencies=5,9",True
EVOCO0051,2019-05-15T06:00:00.000Z,EUR,106353,German Prelim GDP q/q,may12.2019,"https://www.forexfactory.com/calendar?week=may12.2019&permalink=true&impacts=3&event_types=1,2,3,4,5,7,8,9,10,11&currencies=5,9",True
EVOCO0052,2019-05-15T12:30:00.000Z,USD,102645|102647,Retail Sales m/m|Core Retail Sales m/m,may12.2019,"https://www.forexfactory.com/calendar?week=may12.2019&permalink=true&impacts=3&event_types=1,2,3,4,5,7,8,9,10,11&currencies=5,9",True
EVOCO0053,2019-05-22T18:00:00.000Z,USD,101958,FOMC Meeting Minutes,may19.2019,"https://www.forexfactory.com/calendar?week=may19.2019&permalink=true&impacts=3&event_types=1,2,3,4,5,7,8,9,10,11&currencies=5,9",True
EVOCO0054,2019-05-23T07:15:00.000Z,EUR,101252,French Flash Services PMI,may19.2019,"https://www.forexfactory.com/calendar?week=may19.2019&permalink=true&impacts=3&event_types=1,2,3,4,5,7,8,9,10,11&currencies=5,9",True
EVOCO0055,2019-05-23T07:30:00.000Z,EUR,101254|101255,German Flash Manufacturing PMI|German Flash Services PMI,may19.2019,"https://www.forexfactory.com/calendar?week=may19.2019&permalink=true&impacts=3&event_types=1,2,3,4,5,7,8,9,10,11&currencies=5,9",True
EVOCO0056,2019-05-24T12:30:00.000Z,USD,102762,Core Durable Goods Orders m/m,may19.2019,"https://www.forexfactory.com/calendar?week=may19.2019&permalink=true&impacts=3&event_types=1,2,3,4,5,7,8,9,10,11&currencies=5,9",True
EVOCO0057,2019-05-30T12:30:00.000Z,USD,102834,Prelim GDP q/q,may26.2019,"https://www.forexfactory.com/calendar?week=may26.2019&permalink=true&impacts=3&event_types=1,2,3,4,5,7,8,9,10,11&currencies=5,9",True
EVOCO0058,2019-06-03T14:00:00.000Z,USD,102149,ISM Manufacturing PMI,jun2.2019,"https://www.forexfactory.com/calendar?week=jun2.2019&permalink=true&impacts=3&event_types=1,2,3,4,5,7,8,9,10,11&currencies=5,9",True
EVOCO0059,2019-06-06T11:45:00.000Z,EUR,109194,Monetary Policy Statement,jun2.2019,"https://www.forexfactory.com/calendar?week=jun2.2019&permalink=true&impacts=3&event_types=1,2,3,4,5,7,8,9,10,11&currencies=5,9",True
EVOCO0060,2019-06-07T12:30:00.000Z,USD,102293|102296|102297,Non-Farm Employment Change|Unemployment Rate|Average Hourly Earnings m/m,jun2.2019,"https://www.forexfactory.com/calendar?week=jun2.2019&permalink=true&impacts=3&event_types=1,2,3,4,5,7,8,9,10,11&currencies=5,9",True
EVOCO0061,2019-06-12T12:30:00.000Z,USD,102303|102306|128619|153065,Core CPI m/m|CPI m/m|CPI y/y|Core CPI y/y,jun9.2019,"https://www.forexfactory.com/calendar?week=jun9.2019&permalink=true&impacts=3&event_types=1,2,3,4,5,7,8,9,10,11&currencies=5,9",True
EVOCO0062,2019-06-14T12:30:00.000Z,USD,102649|102652,Retail Sales m/m|Core Retail Sales m/m,jun9.2019,"https://www.forexfactory.com/calendar?week=jun9.2019&permalink=true&impacts=3&event_types=1,2,3,4,5,7,8,9,10,11&currencies=5,9",True
EVOCO0063,2019-06-19T18:00:00.000Z,USD,101917|101919|101921,Federal Funds Rate|FOMC Statement|FOMC Economic Projections,jun16.2019,"https://www.forexfactory.com/calendar?week=jun16.2019&permalink=true&impacts=3&event_types=1,2,3,4,5,7,8,9,10,11&currencies=5,9",True
EVOCO0064,2019-06-21T07:15:00.000Z,EUR,101266,French Flash Services PMI,jun16.2019,"https://www.forexfactory.com/calendar?week=jun16.2019&permalink=true&impacts=3&event_types=1,2,3,4,5,7,8,9,10,11&currencies=5,9",True
EVOCO0065,2019-06-21T07:30:00.000Z,EUR,101269|101272,German Flash Manufacturing PMI|German Flash Services PMI,jun16.2019,"https://www.forexfactory.com/calendar?week=jun16.2019&permalink=true&impacts=3&event_types=1,2,3,4,5,7,8,9,10,11&currencies=5,9",True
EVOCO0066,2019-06-25T14:00:00.000Z,USD,101979,CB Consumer Confidence,jun23.2019,"https://www.forexfactory.com/calendar?week=jun23.2019&permalink=true&impacts=3&event_types=1,2,3,4,5,7,8,9,10,11&currencies=5,9",True
EVOCO0067,2019-06-26T12:30:00.000Z,USD,102766,Core Durable Goods Orders m/m,jun23.2019,"https://www.forexfactory.com/calendar?week=jun23.2019&permalink=true&impacts=3&event_types=1,2,3,4,5,7,8,9,10,11&currencies=5,9",True
EVOCO0068,2019-06-27T12:30:00.000Z,USD,102839,Final GDP q/q,jun23.2019,"https://www.forexfactory.com/calendar?week=jun23.2019&permalink=true&impacts=3&event_types=1,2,3,4,5,7,8,9,10,11&currencies=5,9",True
EVOCO0069,2019-07-01T14:00:00.000Z,USD,102152,ISM Manufacturing PMI,jun30.2019,"https://www.forexfactory.com/calendar?week=jun30.2019&permalink=true&impacts=3&event_types=1,2,3,4,5,7,8,9,10,11&currencies=5,9",True
EVOCO0070,2019-07-03T12:15:00.000Z,USD,102509,ADP Non-Farm Employment Change,jun30.2019,"https://www.forexfactory.com/calendar?week=jun30.2019&permalink=true&impacts=3&event_types=1,2,3,4,5,7,8,9,10,11&currencies=5,9",True
EVOCO0071,2019-07-03T14:00:00.000Z,USD,105759,ISM Services PMI,jun30.2019,"https://www.forexfactory.com/calendar?week=jun30.2019&permalink=true&impacts=3&event_types=1,2,3,4,5,7,8,9,10,11&currencies=5,9",True
EVOCO0072,2019-07-05T12:30:00.000Z,USD,102310|102313|102314,Non-Farm Employment Change|Unemployment Rate|Average Hourly Earnings m/m,jun30.2019,"https://www.forexfactory.com/calendar?week=jun30.2019&permalink=true&impacts=3&event_types=1,2,3,4,5,7,8,9,10,11&currencies=5,9",True
EVOCO0073,2019-07-10T18:00:00.000Z,USD,101961,FOMC Meeting Minutes,jul7.2019,"https://www.forexfactory.com/calendar?week=jul7.2019&permalink=true&impacts=3&event_types=1,2,3,4,5,7,8,9,10,11&currencies=5,9",True
EVOCO0074,2019-07-11T12:30:00.000Z,USD,102316|102324|128620|153066,CPI m/m|Core CPI m/m|CPI y/y|Core CPI y/y,jul7.2019,"https://www.forexfactory.com/calendar?week=jul7.2019&permalink=true&impacts=3&event_types=1,2,3,4,5,7,8,9,10,11&currencies=5,9",True
EVOCO0075,2019-07-12T12:30:00.000Z,USD,102319,PPI m/m,jul7.2019,"https://www.forexfactory.com/calendar?week=jul7.2019&permalink=true&impacts=3&event_types=1,2,3,4,5,7,8,9,10,11&currencies=5,9",True
EVOCO0076,2019-07-16T12:30:00.000Z,USD,102654|102657,Core Retail Sales m/m|Retail Sales m/m,jul14.2019,"https://www.forexfactory.com/calendar?week=jul14.2019&permalink=true&impacts=3&event_types=1,2,3,4,5,7,8,9,10,11&currencies=5,9",True
EVOCO0077,2019-07-24T07:15:00.000Z,EUR,101285,French Flash Services PMI,jul21.2019,"https://www.forexfactory.com/calendar?week=jul21.2019&permalink=true&impacts=3&event_types=1,2,3,4,5,7,8,9,10,11&currencies=5,9",True
EVOCO0078,2019-07-24T07:30:00.000Z,EUR,101278|101279,German Flash Manufacturing PMI|German Flash Services PMI,jul21.2019,"https://www.forexfactory.com/calendar?week=jul21.2019&permalink=true&impacts=3&event_types=1,2,3,4,5,7,8,9,10,11&currencies=5,9",True
EVOCO0079,2019-07-25T11:45:00.000Z,EUR,103382|109195,Main Refinancing Rate|Monetary Policy Statement,jul21.2019,"https://www.forexfactory.com/calendar?week=jul21.2019&permalink=true&impacts=3&event_types=1,2,3,4,5,7,8,9,10,11&currencies=5,9",True
EVOCO0080,2019-07-26T12:30:00.000Z,USD,102840,Advance GDP q/q,jul21.2019,"https://www.forexfactory.com/calendar?week=jul21.2019&permalink=true&impacts=3&event_types=1,2,3,4,5,7,8,9,10,11&currencies=5,9",True
EVOCO0081,2019-07-30T14:00:00.000Z,USD,101981,CB Consumer Confidence,jul28.2019,"https://www.forexfactory.com/calendar?week=jul28.2019&permalink=true&impacts=3&event_types=1,2,3,4,5,7,8,9,10,11&currencies=5,9",True
EVOCO0082,2019-07-31T12:15:00.000Z,USD,102513,ADP Non-Farm Employment Change,jul28.2019,"https://www.forexfactory.com/calendar?week=jul28.2019&permalink=true&impacts=3&event_types=1,2,3,4,5,7,8,9,10,11&currencies=5,9",True
EVOCO0083,2019-07-31T18:00:00.000Z,USD,101927|101930,Federal Funds Rate|FOMC Statement,jul28.2019,"https://www.forexfactory.com/calendar?week=jul28.2019&permalink=true&impacts=3&event_types=1,2,3,4,5,7,8,9,10,11&currencies=5,9",True
EVOCO0084,2019-08-01T14:00:00.000Z,USD,102155,ISM Manufacturing PMI,jul28.2019,"https://www.forexfactory.com/calendar?week=jul28.2019&permalink=true&impacts=3&event_types=1,2,3,4,5,7,8,9,10,11&currencies=5,9",True
EVOCO0085,2019-08-02T12:30:00.000Z,USD,102325|102328|102329,Non-Farm Employment Change|Unemployment Rate|Average Hourly Earnings m/m,jul28.2019,"https://www.forexfactory.com/calendar?week=jul28.2019&permalink=true&impacts=3&event_types=1,2,3,4,5,7,8,9,10,11&currencies=5,9",True
EVOCO0086,2019-08-05T14:00:00.000Z,USD,105760,ISM Services PMI,aug4.2019,"https://www.forexfactory.com/calendar?week=aug4.2019&permalink=true&impacts=3&event_types=1,2,3,4,5,7,8,9,10,11&currencies=5,9",True
EVOCO0087,2019-08-13T12:30:00.000Z,USD,102331|102333|128621|153067,Core CPI m/m|CPI m/m|CPI y/y|Core CPI y/y,aug11.2019,"https://www.forexfactory.com/calendar?week=aug11.2019&permalink=true&impacts=3&event_types=1,2,3,4,5,7,8,9,10,11&currencies=5,9",True
EVOCO0088,2019-08-15T12:30:00.000Z,USD,102660|102661|106577,Retail Sales m/m|Core Retail Sales m/m|Philly Fed Manufacturing Index,aug11.2019,"https://www.forexfactory.com/calendar?week=aug11.2019&permalink=true&impacts=3&event_types=1,2,3,4,5,7,8,9,10,11&currencies=5,9",True
EVOCO0089,2019-08-21T18:00:00.000Z,USD,101964,FOMC Meeting Minutes,aug18.2019,"https://www.forexfactory.com/calendar?week=aug18.2019&permalink=true&impacts=3&event_types=1,2,3,4,5,7,8,9,10,11&currencies=5,9",True
EVOCO0090,2019-08-22T07:15:00.000Z,EUR,101296,French Flash Services PMI,aug18.2019,"https://www.forexfactory.com/calendar?week=aug18.2019&permalink=true&impacts=3&event_types=1,2,3,4,5,7,8,9,10,11&currencies=5,9",True
EVOCO0091,2019-08-22T07:30:00.000Z,EUR,101298|101299,German Flash Manufacturing PMI|German Flash Services PMI,aug18.2019,"https://www.forexfactory.com/calendar?week=aug18.2019&permalink=true&impacts=3&event_types=1,2,3,4,5,7,8,9,10,11&currencies=5,9",True
EVOCO0092,2019-08-26T12:30:00.000Z,USD,102773,Core Durable Goods Orders m/m,aug25.2019,"https://www.forexfactory.com/calendar?week=aug25.2019&permalink=true&impacts=3&event_types=1,2,3,4,5,7,8,9,10,11&currencies=5,9",True
EVOCO0093,2019-08-27T14:00:00.000Z,USD,101982,CB Consumer Confidence,aug25.2019,"https://www.forexfactory.com/calendar?week=aug25.2019&permalink=true&impacts=3&event_types=1,2,3,4,5,7,8,9,10,11&currencies=5,9",True
EVOCO0094,2019-08-28T14:30:00.000Z,USD,100043,Crude Oil Inventories,aug25.2019,"https://www.forexfactory.com/calendar?week=aug25.2019&permalink=true&impacts=3&event_types=1,2,3,4,5,7,8,9,10,11&currencies=5,9",True
EVOCO0095,2019-08-29T12:30:00.000Z,USD,102847,Prelim GDP q/q,aug25.2019,"https://www.forexfactory.com/calendar?week=aug25.2019&permalink=true&impacts=3&event_types=1,2,3,4,5,7,8,9,10,11&currencies=5,9",True
EVOCO0096,2019-08-30T12:30:00.000Z,USD,102589,Personal Spending m/m,aug25.2019,"https://www.forexfactory.com/calendar?week=aug25.2019&permalink=true&impacts=3&event_types=1,2,3,4,5,7,8,9,10,11&currencies=5,9",True
EVOCO0097,2019-09-03T14:00:00.000Z,USD,102157,ISM Manufacturing PMI,sep1.2019,"https://www.forexfactory.com/calendar?week=sep1.2019&permalink=true&impacts=3&event_types=1,2,3,4,5,7,8,9,10,11&currencies=5,9",True
EVOCO0098,2019-09-05T12:15:00.000Z,USD,102510,ADP Non-Farm Employment Change,sep1.2019,"https://www.forexfactory.com/calendar?week=sep1.2019&permalink=true&impacts=3&event_types=1,2,3,4,5,7,8,9,10,11&currencies=5,9",True
EVOCO0099,2019-09-05T15:00:00.000Z,USD,100052,Crude Oil Inventories,sep1.2019,"https://www.forexfactory.com/calendar?week=sep1.2019&permalink=true&impacts=3&event_types=1,2,3,4,5,7,8,9,10,11&currencies=5,9",True
EVOCO0100,2019-09-06T12:30:00.000Z,USD,102341|102342|102343,Unemployment Rate|Non-Farm Employment Change|Average Hourly Earnings m/m,sep1.2019,"https://www.forexfactory.com/calendar?week=sep1.2019&permalink=true&impacts=3&event_types=1,2,3,4,5,7,8,9,10,11&currencies=5,9",True
EVOCO0101,2019-09-11T14:30:00.000Z,USD,100055,Crude Oil Inventories,sep8.2019,"https://www.forexfactory.com/calendar?week=sep8.2019&permalink=true&impacts=3&event_types=1,2,3,4,5,7,8,9,10,11&currencies=5,9",True
EVOCO0102,2019-09-12T11:45:00.000Z,EUR,103387|109197,Main Refinancing Rate|Monetary Policy Statement,sep8.2019,"https://www.forexfactory.com/calendar?week=sep8.2019&permalink=true&impacts=3&event_types=1,2,3,4,5,7,8,9,10,11&currencies=5,9",True
EVOCO0103,2019-09-13T12:30:00.000Z,USD,102664|102666,Retail Sales m/m|Core Retail Sales m/m,sep8.2019,"https://www.forexfactory.com/calendar?week=sep8.2019&permalink=true&impacts=3&event_types=1,2,3,4,5,7,8,9,10,11&currencies=5,9",True
EVOCO0104,2019-09-18T14:30:00.000Z,USD,100057,Crude Oil Inventories,sep15.2019,"https://www.forexfactory.com/calendar?week=sep15.2019&permalink=true&impacts=3&event_types=1,2,3,4,5,7,8,9,10,11&currencies=5,9",True
EVOCO0105,2019-09-18T18:00:00.000Z,USD,101933|101934|101937,Federal Funds Rate|FOMC Statement|FOMC Economic Projections,sep15.2019,"https://www.forexfactory.com/calendar?week=sep15.2019&permalink=true&impacts=3&event_types=1,2,3,4,5,7,8,9,10,11&currencies=5,9",True
EVOCO0106,2019-09-19T12:30:00.000Z,USD,106579,Philly Fed Manufacturing Index,sep15.2019,"https://www.forexfactory.com/calendar?week=sep15.2019&permalink=true&impacts=3&event_types=1,2,3,4,5,7,8,9,10,11&currencies=5,9",True
EVOCO0107,2019-09-23T07:15:00.000Z,EUR,101309,French Flash Services PMI,sep22.2019,"https://www.forexfactory.com/calendar?week=sep22.2019&permalink=true&impacts=3&event_types=1,2,3,4,5,7,8,9,10,11&currencies=5,9",True
EVOCO0108,2019-09-23T07:30:00.000Z,EUR,101312|101313,German Flash Manufacturing PMI|German Flash Services PMI,sep22.2019,"https://www.forexfactory.com/calendar?week=sep22.2019&permalink=true&impacts=3&event_types=1,2,3,4,5,7,8,9,10,11&currencies=5,9",True
EVOCO0109,2019-09-24T14:00:00.000Z,USD,101984,CB Consumer Confidence,sep22.2019,"https://www.forexfactory.com/calendar?week=sep22.2019&permalink=true&impacts=3&event_types=1,2,3,4,5,7,8,9,10,11&currencies=5,9",True
EVOCO0110,2019-09-25T14:30:00.000Z,USD,100060,Crude Oil Inventories,sep22.2019,"https://www.forexfactory.com/calendar?week=sep22.2019&permalink=true&impacts=3&event_types=1,2,3,4,5,7,8,9,10,11&currencies=5,9",True
EVOCO0111,2019-09-27T12:30:00.000Z,USD,102594|102775,Personal Spending m/m|Core Durable Goods Orders m/m,sep22.2019,"https://www.forexfactory.com/calendar?week=sep22.2019&permalink=true&impacts=3&event_types=1,2,3,4,5,7,8,9,10,11&currencies=5,9",True
EVOCO0112,2019-10-01T14:00:00.000Z,USD,102159,ISM Manufacturing PMI,sep29.2019,"https://www.forexfactory.com/calendar?week=sep29.2019&permalink=true&impacts=3&event_types=1,2,3,4,5,7,8,9,10,11&currencies=5,9",True
EVOCO0113,2019-10-02T12:15:00.000Z,USD,102516,ADP Non-Farm Employment Change,sep29.2019,"https://www.forexfactory.com/calendar?week=sep29.2019&permalink=true&impacts=3&event_types=1,2,3,4,5,7,8,9,10,11&currencies=5,9",True
EVOCO0114,2019-10-02T14:30:00.000Z,USD,100061,Crude Oil Inventories,sep29.2019,"https://www.forexfactory.com/calendar?week=sep29.2019&permalink=true&impacts=3&event_types=1,2,3,4,5,7,8,9,10,11&currencies=5,9",True
EVOCO0115,2019-10-03T14:00:00.000Z,USD,105766,ISM Services PMI,sep29.2019,"https://www.forexfactory.com/calendar?week=sep29.2019&permalink=true&impacts=3&event_types=1,2,3,4,5,7,8,9,10,11&currencies=5,9",True
EVOCO0116,2019-10-04T12:30:00.000Z,USD,102356|102358|102360,Average Hourly Earnings m/m|Non-Farm Employment Change|Unemployment Rate,sep29.2019,"https://www.forexfactory.com/calendar?week=sep29.2019&permalink=true&impacts=3&event_types=1,2,3,4,5,7,8,9,10,11&currencies=5,9",True
EVOCO0117,2019-10-09T14:30:00.000Z,USD,100083,Crude Oil Inventories,oct6.2019,"https://www.forexfactory.com/calendar?week=oct6.2019&permalink=true&impacts=3&event_types=1,2,3,4,5,7,8,9,10,11&currencies=5,9",True
EVOCO0118,2019-10-09T18:00:00.000Z,USD,101965,FOMC Meeting Minutes,oct6.2019,"https://www.forexfactory.com/calendar?week=oct6.2019&permalink=true&impacts=3&event_types=1,2,3,4,5,7,8,9,10,11&currencies=5,9",True
EVOCO0119,2019-10-10T11:30:00.000Z,EUR,103424,ECB Monetary Policy Meeting Accounts,oct6.2019,"https://www.forexfactory.com/calendar?week=oct6.2019&permalink=true&impacts=3&event_types=1,2,3,4,5,7,8,9,10,11&currencies=5,9",True
EVOCO0120,2019-10-10T12:30:00.000Z,USD,102361|102363|128623|153069,Core CPI m/m|CPI m/m|CPI y/y|Core CPI y/y,oct6.2019,"https://www.forexfactory.com/calendar?week=oct6.2019&permalink=true&impacts=3&event_types=1,2,3,4,5,7,8,9,10,11&currencies=5,9",True
EVOCO0121,2019-10-16T12:30:00.000Z,USD,102668|102669,Retail Sales m/m|Core Retail Sales m/m,oct13.2019,"https://www.forexfactory.com/calendar?week=oct13.2019&permalink=true&impacts=3&event_types=1,2,3,4,5,7,8,9,10,11&currencies=5,9",True
EVOCO0122,2019-10-17T12:30:00.000Z,USD,106580,Philly Fed Manufacturing Index,oct13.2019,"https://www.forexfactory.com/calendar?week=oct13.2019&permalink=true&impacts=3&event_types=1,2,3,4,5,7,8,9,10,11&currencies=5,9",True
EVOCO0123,2019-10-17T15:00:00.000Z,USD,100085,Crude Oil Inventories,oct13.2019,"https://www.forexfactory.com/calendar?week=oct13.2019&permalink=true&impacts=3&event_types=1,2,3,4,5,7,8,9,10,11&currencies=5,9",True
EVOCO0124,2019-10-24T07:15:00.000Z,EUR,101321,French Flash Services PMI,oct20.2019,"https://www.forexfactory.com/calendar?week=oct20.2019&permalink=true&impacts=3&event_types=1,2,3,4,5,7,8,9,10,11&currencies=5,9",True
EVOCO0125,2019-10-24T07:30:00.000Z,EUR,101324|101325,German Flash Manufacturing PMI|German Flash Services PMI,oct20.2019,"https://www.forexfactory.com/calendar?week=oct20.2019&permalink=true&impacts=3&event_types=1,2,3,4,5,7,8,9,10,11&currencies=5,9",True
EVOCO0126,2019-10-24T11:45:00.000Z,EUR,109198,Monetary Policy Statement,oct20.2019,"https://www.forexfactory.com/calendar?week=oct20.2019&permalink=true&impacts=3&event_types=1,2,3,4,5,7,8,9,10,11&currencies=5,9",True
EVOCO0127,2019-10-29T14:00:00.000Z,USD,101985,CB Consumer Confidence,oct27.2019,"https://www.forexfactory.com/calendar?week=oct27.2019&permalink=true&impacts=3&event_types=1,2,3,4,5,7,8,9,10,11&currencies=5,9",True
EVOCO0128,2019-10-30T12:15:00.000Z,USD,102523,ADP Non-Farm Employment Change,oct27.2019,"https://www.forexfactory.com/calendar?week=oct27.2019&permalink=true&impacts=3&event_types=1,2,3,4,5,7,8,9,10,11&currencies=5,9",True
EVOCO0129,2019-10-30T12:30:00.000Z,USD,102854,Advance GDP q/q,oct27.2019,"https://www.forexfactory.com/calendar?week=oct27.2019&permalink=true&impacts=3&event_types=1,2,3,4,5,7,8,9,10,11&currencies=5,9",True
EVOCO0130,2019-10-30T18:00:00.000Z,USD,101939|101942,Federal Funds Rate|FOMC Statement,oct27.2019,"https://www.forexfactory.com/calendar?week=oct27.2019&permalink=true&impacts=3&event_types=1,2,3,4,5,7,8,9,10,11&currencies=5,9",True
EVOCO0131,2019-11-01T12:30:00.000Z,USD,102371|102374|102377,Non-Farm Employment Change|Unemployment Rate|Average Hourly Earnings m/m,oct27.2019,"https://www.forexfactory.com/calendar?week=oct27.2019&permalink=true&impacts=3&event_types=1,2,3,4,5,7,8,9,10,11&currencies=5,9",True
EVOCO0132,2019-11-01T14:00:00.000Z,USD,102162,ISM Manufacturing PMI,oct27.2019,"https://www.forexfactory.com/calendar?week=oct27.2019&permalink=true&impacts=3&event_types=1,2,3,4,5,7,8,9,10,11&currencies=5,9",True
EVOCO0133,2019-11-05T15:00:00.000Z,USD,105776,ISM Services PMI,nov3.2019,"https://www.forexfactory.com/calendar?week=nov3.2019&permalink=true&impacts=3&event_types=1,2,3,4,5,7,8,9,10,11&currencies=5,9",True
EVOCO0134,2019-11-07T10:00:00.000Z,EUR,103102,EU Economic Forecasts,nov3.2019,"https://www.forexfactory.com/calendar?week=nov3.2019&permalink=true&impacts=3&event_types=1,2,3,4,5,7,8,9,10,11&currencies=5,9",True
EVOCO0135,2019-11-13T13:30:00.000Z,USD,102378|102380|128624|153070,CPI m/m|Core CPI m/m|CPI y/y|Core CPI y/y,nov10.2019,"https://www.forexfactory.com/calendar?week=nov10.2019&permalink=true&impacts=3&event_types=1,2,3,4,5,7,8,9,10,11&currencies=5,9",True
EVOCO0136,2019-11-14T07:00:00.000Z,EUR,106472,German Prelim GDP q/q,nov10.2019,"https://www.forexfactory.com/calendar?week=nov10.2019&permalink=true&impacts=3&event_types=1,2,3,4,5,7,8,9,10,11&currencies=5,9",True
EVOCO0137,2019-11-14T13:30:00.000Z,USD,102384,PPI m/m,nov10.2019,"https://www.forexfactory.com/calendar?week=nov10.2019&permalink=true&impacts=3&event_types=1,2,3,4,5,7,8,9,10,11&currencies=5,9",True
EVOCO0138,2019-11-15T13:30:00.000Z,USD,102671|102673,Retail Sales m/m|Core Retail Sales m/m,nov10.2019,"https://www.forexfactory.com/calendar?week=nov10.2019&permalink=true&impacts=3&event_types=1,2,3,4,5,7,8,9,10,11&currencies=5,9",True
EVOCO0139,2019-11-20T19:00:00.000Z,USD,101966,FOMC Meeting Minutes,nov17.2019,"https://www.forexfactory.com/calendar?week=nov17.2019&permalink=true&impacts=3&event_types=1,2,3,4,5,7,8,9,10,11&currencies=5,9",True
EVOCO0140,2019-11-21T12:30:00.000Z,EUR,103428,ECB Monetary Policy Meeting Accounts,nov17.2019,"https://www.forexfactory.com/calendar?week=nov17.2019&permalink=true&impacts=3&event_types=1,2,3,4,5,7,8,9,10,11&currencies=5,9",True
EVOCO0141,2019-11-22T08:15:00.000Z,EUR,101334,French Flash Services PMI,nov17.2019,"https://www.forexfactory.com/calendar?week=nov17.2019&permalink=true&impacts=3&event_types=1,2,3,4,5,7,8,9,10,11&currencies=5,9",True
EVOCO0142,2019-11-22T08:30:00.000Z,EUR,101335|101338,German Flash Manufacturing PMI|German Flash Services PMI,nov17.2019,"https://www.forexfactory.com/calendar?week=nov17.2019&permalink=true&impacts=3&event_types=1,2,3,4,5,7,8,9,10,11&currencies=5,9",True
EVOCO0143,2019-11-22T09:00:00.000Z,EUR,101328,Flash Manufacturing PMI,nov17.2019,"https://www.forexfactory.com/calendar?week=nov17.2019&permalink=true&impacts=3&event_types=1,2,3,4,5,7,8,9,10,11&currencies=5,9",True
EVOCO0144,2019-11-22T14:45:00.000Z,USD,101392,Flash Manufacturing PMI,nov17.2019,"https://www.forexfactory.com/calendar?week=nov17.2019&permalink=true&impacts=3&event_types=1,2,3,4,5,7,8,9,10,11&currencies=5,9",True
EVOCO0145,2019-11-26T15:00:00.000Z,USD,101986,CB Consumer Confidence,nov24.2019,"https://www.forexfactory.com/calendar?week=nov24.2019&permalink=true&impacts=3&event_types=1,2,3,4,5,7,8,9,10,11&currencies=5,9",True
EVOCO0146,2019-11-27T14:45:00.000Z,USD,106819,Chicago PMI,nov24.2019,"https://www.forexfactory.com/calendar?week=nov24.2019&permalink=true&impacts=3&event_types=1,2,3,4,5,7,8,9,10,11&currencies=5,9",True
EVOCO0147,2019-12-02T15:00:00.000Z,USD,102165,ISM Manufacturing PMI,dec1.2019,"https://www.forexfactory.com/calendar?week=dec1.2019&permalink=true&impacts=3&event_types=1,2,3,4,5,7,8,9,10,11&currencies=5,9",True
EVOCO0148,2019-12-04T13:15:00.000Z,USD,102526,ADP Non-Farm Employment Change,dec1.2019,"https://www.forexfactory.com/calendar?week=dec1.2019&permalink=true&impacts=3&event_types=1,2,3,4,5,7,8,9,10,11&currencies=5,9",True
EVOCO0149,2019-12-04T15:00:00.000Z,USD,105777,ISM Services PMI,dec1.2019,"https://www.forexfactory.com/calendar?week=dec1.2019&permalink=true&impacts=3&event_types=1,2,3,4,5,7,8,9,10,11&currencies=5,9",True
EVOCO0150,2019-12-06T13:30:00.000Z,USD,102389|102390|102392,Non-Farm Employment Change|Unemployment Rate|Average Hourly Earnings m/m,dec1.2019,"https://www.forexfactory.com/calendar?week=dec1.2019&permalink=true&impacts=3&event_types=1,2,3,4,5,7,8,9,10,11&currencies=5,9",True
EVOCO0151,2019-12-10T10:00:00.000Z,EUR,101588,German ZEW Economic Sentiment,dec8.2019,"https://www.forexfactory.com/calendar?week=dec8.2019&permalink=true&impacts=3&event_types=1,2,3,4,5,7,8,9,10,11&currencies=5,9",True
EVOCO0152,2019-12-11T13:30:00.000Z,USD,102394|102395|128625|153071,CPI m/m|Core CPI m/m|CPI y/y|Core CPI y/y,dec8.2019,"https://www.forexfactory.com/calendar?week=dec8.2019&permalink=true&impacts=3&event_types=1,2,3,4,5,7,8,9,10,11&currencies=5,9",True
EVOCO0153,2019-12-11T19:00:00.000Z,USD,101945|101946|101948,Federal Funds Rate|FOMC Economic Projections|FOMC Statement,dec8.2019,"https://www.forexfactory.com/calendar?week=dec8.2019&permalink=true&impacts=3&event_types=1,2,3,4,5,7,8,9,10,11&currencies=5,9",True
EVOCO0154,2019-12-12T12:45:00.000Z,EUR,103397|109200,Main Refinancing Rate|Monetary Policy Statement,dec8.2019,"https://www.forexfactory.com/calendar?week=dec8.2019&permalink=true&impacts=3&event_types=1,2,3,4,5,7,8,9,10,11&currencies=5,9",True
EVOCO0155,2019-12-13T13:30:00.000Z,USD,102674|102675,Retail Sales m/m|Core Retail Sales m/m,dec8.2019,"https://www.forexfactory.com/calendar?week=dec8.2019&permalink=true&impacts=3&event_types=1,2,3,4,5,7,8,9,10,11&currencies=5,9",True
EVOCO0156,2019-12-16T08:15:00.000Z,EUR,101342,French Flash Services PMI,dec15.2019,"https://www.forexfactory.com/calendar?week=dec15.2019&permalink=true&impacts=3&event_types=1,2,3,4,5,7,8,9,10,11&currencies=5,9",True
EVOCO0157,2019-12-16T08:30:00.000Z,EUR,101348|101349,German Flash Manufacturing PMI|German Flash Services PMI,dec15.2019,"https://www.forexfactory.com/calendar?week=dec15.2019&permalink=true&impacts=3&event_types=1,2,3,4,5,7,8,9,10,11&currencies=5,9",True
EVOCO0158,2019-12-16T14:45:00.000Z,USD,101397,Flash Manufacturing PMI,dec15.2019,"https://www.forexfactory.com/calendar?week=dec15.2019&permalink=true&impacts=3&event_types=1,2,3,4,5,7,8,9,10,11&currencies=5,9",True
EVOCO0159,2019-12-30T14:45:00.000Z,USD,106821,Chicago PMI,dec29.2019,"https://www.forexfactory.com/calendar?week=dec29.2019&permalink=true&impacts=3&event_types=1,2,3,4,5,7,8,9,10,11&currencies=5,9",True
EVOCO0160,2019-12-31T15:00:00.000Z,USD,101987,CB Consumer Confidence,dec29.2019,"https://www.forexfactory.com/calendar?week=dec29.2019&permalink=true&impacts=3&event_types=1,2,3,4,5,7,8,9,10,11&currencies=5,9",True
EVOCO0161,2020-01-03T15:00:00.000Z,USD,111377,ISM Manufacturing PMI,dec29.2019,"https://www.forexfactory.com/calendar?week=dec29.2019&permalink=true&impacts=3&event_types=1,2,3,4,5,7,8,9,10,11&currencies=5,9",True
EVOCO0162,2020-01-03T19:00:00.000Z,USD,111365,FOMC Meeting Minutes,dec29.2019,"https://www.forexfactory.com/calendar?week=dec29.2019&permalink=true&impacts=3&event_types=1,2,3,4,5,7,8,9,10,11&currencies=5,9",True
EVOCO0163,2020-01-07T15:00:00.000Z,USD,111492,ISM Services PMI,jan5.2020,"https://www.forexfactory.com/calendar?week=jan5.2020&permalink=true&impacts=3&event_types=1,2,3,4,5,7,8,9,10,11&currencies=5,9",True
EVOCO0164,2020-01-08T13:15:00.000Z,USD,111101,ADP Non-Farm Employment Change,jan5.2020,"https://www.forexfactory.com/calendar?week=jan5.2020&permalink=true&impacts=3&event_types=1,2,3,4,5,7,8,9,10,11&currencies=5,9",True
EVOCO0165,2020-01-10T13:30:00.000Z,USD,111065|111066|111067,Unemployment Rate|Average Hourly Earnings m/m|Non-Farm Employment Change,jan5.2020,"https://www.forexfactory.com/calendar?week=jan5.2020&permalink=true&impacts=3&event_types=1,2,3,4,5,7,8,9,10,11&currencies=5,9",True
EVOCO0166,2020-01-14T13:30:00.000Z,USD,114132|114133|128626|152977,CPI m/m|Core CPI m/m|CPI y/y|Core CPI y/y,jan12.2020,"https://www.forexfactory.com/calendar?week=jan12.2020&permalink=true&impacts=3&event_types=1,2,3,4,5,7,8,9,10,11&currencies=5,9",True
EVOCO0167,2020-01-16T12:30:00.000Z,EUR,112837,ECB Monetary Policy Meeting Accounts,jan12.2020,"https://www.forexfactory.com/calendar?week=jan12.2020&permalink=true&impacts=3&event_types=1,2,3,4,5,7,8,9,10,11&currencies=5,9",True
EVOCO0168,2020-01-16T13:30:00.000Z,USD,114242|114243,Retail Sales m/m|Core Retail Sales m/m,jan12.2020,"https://www.forexfactory.com/calendar?week=jan12.2020&permalink=true&impacts=3&event_types=1,2,3,4,5,7,8,9,10,11&currencies=5,9",True
EVOCO0169,2020-01-23T12:45:00.000Z,EUR,112814|112815,Monetary Policy Statement|Main Refinancing Rate,jan19.2020,"https://www.forexfactory.com/calendar?week=jan19.2020&permalink=true&impacts=3&event_types=1,2,3,4,5,7,8,9,10,11&currencies=5,9",True
EVOCO0170,2020-01-23T16:00:00.000Z,USD,110833,Crude Oil Inventories,jan19.2020,"https://www.forexfactory.com/calendar?week=jan19.2020&permalink=true&impacts=3&event_types=1,2,3,4,5,7,8,9,10,11&currencies=5,9",True
EVOCO0171,2020-01-24T08:15:00.000Z,EUR,111587,French Flash Services PMI,jan19.2020,"https://www.forexfactory.com/calendar?week=jan19.2020&permalink=true&impacts=3&event_types=1,2,3,4,5,7,8,9,10,11&currencies=5,9",True
EVOCO0172,2020-01-24T08:30:00.000Z,EUR,111584|111585,German Flash Manufacturing PMI|German Flash Services PMI,jan19.2020,"https://www.forexfactory.com/calendar?week=jan19.2020&permalink=true&impacts=3&event_types=1,2,3,4,5,7,8,9,10,11&currencies=5,9",True
EVOCO0173,2020-01-27T09:00:00.000Z,EUR,112913,German ifo Business Climate,jan26.2020,"https://www.forexfactory.com/calendar?week=jan26.2020&permalink=true&impacts=3&event_types=1,2,3,4,5,7,8,9,10,11&currencies=5,9",True
EVOCO0174,2020-01-28T15:00:00.000Z,USD,113931,CB Consumer Confidence,jan26.2020,"https://www.forexfactory.com/calendar?week=jan26.2020&permalink=true&impacts=3&event_types=1,2,3,4,5,7,8,9,10,11&currencies=5,9",True
EVOCO0175,2020-01-29T19:00:00.000Z,USD,111337|111338,Federal Funds Rate|FOMC Statement,jan26.2020,"https://www.forexfactory.com/calendar?week=jan26.2020&permalink=true&impacts=3&event_types=1,2,3,4,5,7,8,9,10,11&currencies=5,9",True
EVOCO0176,2020-01-30T13:30:00.000Z,USD,111248,Advance GDP q/q,jan26.2020,"https://www.forexfactory.com/calendar?week=jan26.2020&permalink=true&impacts=3&event_types=1,2,3,4,5,7,8,9,10,11&currencies=5,9",True
EVOCO0177,2020-02-03T15:00:00.000Z,USD,111389,ISM Manufacturing PMI,feb2.2020,"https://www.forexfactory.com/calendar?week=feb2.2020&permalink=true&impacts=3&event_types=1,2,3,4,5,7,8,9,10,11&currencies=5,9",True
EVOCO0178,2020-02-05T13:15:00.000Z,USD,111103,ADP Non-Farm Employment Change,feb2.2020,"https://www.forexfactory.com/calendar?week=feb2.2020&permalink=true&impacts=3&event_types=1,2,3,4,5,7,8,9,10,11&currencies=5,9",True
EVOCO0179,2020-02-05T15:00:00.000Z,USD,111500,ISM Services PMI,feb2.2020,"https://www.forexfactory.com/calendar?week=feb2.2020&permalink=true&impacts=3&event_types=1,2,3,4,5,7,8,9,10,11&currencies=5,9",True
EVOCO0180,2020-02-07T13:30:00.000Z,USD,111068|111069|111070,Average Hourly Earnings m/m|Unemployment Rate|Non-Farm Employment Change,feb2.2020,"https://www.forexfactory.com/calendar?week=feb2.2020&permalink=true&impacts=3&event_types=1,2,3,4,5,7,8,9,10,11&currencies=5,9",True
EVOCO0181,2020-02-13T13:30:00.000Z,USD,114134|114135|128627|152978,Core CPI m/m|CPI m/m|CPI y/y|Core CPI y/y,feb9.2020,"https://www.forexfactory.com/calendar?week=feb9.2020&permalink=true&impacts=3&event_types=1,2,3,4,5,7,8,9,10,11&currencies=5,9",True
EVOCO0182,2020-02-14T07:00:00.000Z,EUR,112973,German Prelim GDP q/q,feb9.2020,"https://www.forexfactory.com/calendar?week=feb9.2020&permalink=true&impacts=3&event_types=1,2,3,4,5,7,8,9,10,11&currencies=5,9",True
EVOCO0183,2020-02-14T13:30:00.000Z,USD,114244|114245,Retail Sales m/m|Core Retail Sales m/m,feb9.2020,"https://www.forexfactory.com/calendar?week=feb9.2020&permalink=true&impacts=3&event_types=1,2,3,4,5,7,8,9,10,11&currencies=5,9",True
EVOCO0184,2020-02-18T10:00:00.000Z,EUR,112886,German ZEW Economic Sentiment,feb16.2020,"https://www.forexfactory.com/calendar?week=feb16.2020&permalink=true&impacts=3&event_types=1,2,3,4,5,7,8,9,10,11&currencies=5,9",True
EVOCO0185,2020-02-19T19:00:00.000Z,USD,111366,FOMC Meeting Minutes,feb16.2020,"https://www.forexfactory.com/calendar?week=feb16.2020&permalink=true&impacts=3&event_types=1,2,3,4,5,7,8,9,10,11&currencies=5,9",True
EVOCO0186,2020-02-20T12:30:00.000Z,EUR,112838,ECB Monetary Policy Meeting Accounts,feb16.2020,"https://www.forexfactory.com/calendar?week=feb16.2020&permalink=true&impacts=3&event_types=1,2,3,4,5,7,8,9,10,11&currencies=5,9",True
EVOCO0187,2020-02-21T08:15:00.000Z,EUR,111593,French Flash Services PMI,feb16.2020,"https://www.forexfactory.com/calendar?week=feb16.2020&permalink=true&impacts=3&event_types=1,2,3,4,5,7,8,9,10,11&currencies=5,9",True
EVOCO0188,2020-02-21T08:30:00.000Z,EUR,111594|111595,German Flash Manufacturing PMI|German Flash Services PMI,feb16.2020,"https://www.forexfactory.com/calendar?week=feb16.2020&permalink=true&impacts=3&event_types=1,2,3,4,5,7,8,9,10,11&currencies=5,9",True
EVOCO0189,2020-02-21T14:45:00.000Z,USD,111597,Flash Manufacturing PMI,feb16.2020,"https://www.forexfactory.com/calendar?week=feb16.2020&permalink=true&impacts=3&event_types=1,2,3,4,5,7,8,9,10,11&currencies=5,9",True
EVOCO0190,2020-02-24T09:00:00.000Z,EUR,112912,German ifo Business Climate,feb23.2020,"https://www.forexfactory.com/calendar?week=feb23.2020&permalink=true&impacts=3&event_types=1,2,3,4,5,7,8,9,10,11&currencies=5,9",True
EVOCO0191,2020-02-25T15:00:00.000Z,USD,113932,CB Consumer Confidence,feb23.2020,"https://www.forexfactory.com/calendar?week=feb23.2020&permalink=true&impacts=3&event_types=1,2,3,4,5,7,8,9,10,11&currencies=5,9",True
EVOCO0192,2020-02-28T19:30:00.000Z,USD,115987,Fed Announcement,feb23.2020,"https://www.forexfactory.com/calendar?week=feb23.2020&permalink=true&impacts=3&event_types=1,2,3,4,5,7,8,9,10,11&currencies=5,9",True
EVOCO0193,2020-03-02T15:00:00.000Z,USD,111394,ISM Manufacturing PMI,mar1.2020,"https://www.forexfactory.com/calendar?week=mar1.2020&permalink=true&impacts=3&event_types=1,2,3,4,5,7,8,9,10,11&currencies=5,9",True
EVOCO0194,2020-03-03T15:00:00.000Z,USD,115984|115986,Federal Funds Rate|FOMC Statement,mar1.2020,"https://www.forexfactory.com/calendar?week=mar1.2020&permalink=true&impacts=3&event_types=1,2,3,4,5,7,8,9,10,11&currencies=5,9",True
EVOCO0195,2020-03-04T13:15:00.000Z,USD,111104,ADP Non-Farm Employment Change,mar1.2020,"https://www.forexfactory.com/calendar?week=mar1.2020&permalink=true&impacts=3&event_types=1,2,3,4,5,7,8,9,10,11&currencies=5,9",True
EVOCO0196,2020-03-04T15:00:00.000Z,USD,111507,ISM Services PMI,mar1.2020,"https://www.forexfactory.com/calendar?week=mar1.2020&permalink=true&impacts=3&event_types=1,2,3,4,5,7,8,9,10,11&currencies=5,9",True
EVOCO0197,2020-03-06T13:30:00.000Z,USD,111071|111072|111073,Non-Farm Employment Change|Unemployment Rate|Average Hourly Earnings m/m,mar1.2020,"https://www.forexfactory.com/calendar?week=mar1.2020&permalink=true&impacts=3&event_types=1,2,3,4,5,7,8,9,10,11&currencies=5,9",True
EVOCO0198,2020-03-11T12:30:00.000Z,USD,114136|114137|128628|152979,Core CPI m/m|CPI m/m|CPI y/y|Core CPI y/y,mar8.2020,"https://www.forexfactory.com/calendar?week=mar8.2020&permalink=true&impacts=3&event_types=1,2,3,4,5,7,8,9,10,11&currencies=5,9",True
EVOCO0199,2020-03-12T12:45:00.000Z,EUR,112816|112817,Main Refinancing Rate|Monetary Policy Statement,mar8.2020,"https://www.forexfactory.com/calendar?week=mar8.2020&permalink=true&impacts=3&event_types=1,2,3,4,5,7,8,9,10,11&currencies=5,9",True
EVOCO0200,2020-03-15T21:00:00.000Z,USD,116015|116016|116024,Federal Funds Rate|FOMC Statement|Fed Announcement,mar15.2020,"https://www.forexfactory.com/calendar?week=mar15.2020&permalink=true&impacts=3&event_types=1,2,3,4,5,7,8,9,10,11&currencies=5,9",True
EVOCO0201,2020-03-17T10:00:00.000Z,EUR,115882,German ZEW Economic Sentiment,mar15.2020,"https://www.forexfactory.com/calendar?week=mar15.2020&permalink=true&impacts=3&event_types=1,2,3,4,5,7,8,9,10,11&currencies=5,9",True
EVOCO0202,2020-03-17T12:30:00.000Z,USD,114246|114247,Retail Sales m/m|Core Retail Sales m/m,mar15.2020,"https://www.forexfactory.com/calendar?week=mar15.2020&permalink=true&impacts=3&event_types=1,2,3,4,5,7,8,9,10,11&currencies=5,9",True
EVOCO0203,2020-03-17T14:45:00.000Z,USD,116031,Fed Announcement,mar15.2020,"https://www.forexfactory.com/calendar?week=mar15.2020&permalink=true&impacts=3&event_types=1,2,3,4,5,7,8,9,10,11&currencies=5,9",True
EVOCO0204,2020-03-17T22:00:00.000Z,USD,116034,Fed Announcement,mar15.2020,"https://www.forexfactory.com/calendar?week=mar15.2020&permalink=true&impacts=3&event_types=1,2,3,4,5,7,8,9,10,11&currencies=5,9",True
EVOCO0205,2020-03-19T09:00:00.000Z,EUR,116052,German ifo Business Climate,mar15.2020,"https://www.forexfactory.com/calendar?week=mar15.2020&permalink=true&impacts=3&event_types=1,2,3,4,5,7,8,9,10,11&currencies=5,9",True
EVOCO0206,2020-03-19T13:00:00.000Z,USD,116053,Fed Announcement,mar15.2020,"https://www.forexfactory.com/calendar?week=mar15.2020&permalink=true&impacts=3&event_types=1,2,3,4,5,7,8,9,10,11&currencies=5,9",True
EVOCO0207,2020-03-20T14:00:00.000Z,USD,116063,Fed Announcement,mar15.2020,"https://www.forexfactory.com/calendar?week=mar15.2020&permalink=true&impacts=3&event_types=1,2,3,4,5,7,8,9,10,11&currencies=5,9",True
EVOCO0208,2020-03-20T15:00:00.000Z,USD,116065,Fed Announcement,mar15.2020,"https://www.forexfactory.com/calendar?week=mar15.2020&permalink=true&impacts=3&event_types=1,2,3,4,5,7,8,9,10,11&currencies=5,9",True
EVOCO0209,2020-03-23T12:00:00.000Z,USD,116076,Fed Announcement,mar22.2020,"https://www.forexfactory.com/calendar?week=mar22.2020&permalink=true&impacts=3&event_types=1,2,3,4,5,7,8,9,10,11&currencies=5,9",True
EVOCO0210,2020-03-24T08:15:00.000Z,EUR,111605,French Flash Services PMI,mar22.2020,"https://www.forexfactory.com/calendar?week=mar22.2020&permalink=true&impacts=3&event_types=1,2,3,4,5,7,8,9,10,11&currencies=5,9",True
EVOCO0211,2020-03-24T08:30:00.000Z,EUR,111602|111603,German Flash Services PMI|German Flash Manufacturing PMI,mar22.2020,"https://www.forexfactory.com/calendar?week=mar22.2020&permalink=true&impacts=3&event_types=1,2,3,4,5,7,8,9,10,11&currencies=5,9",True
EVOCO0212,2020-03-24T13:45:00.000Z,USD,111599,Flash Manufacturing PMI,mar22.2020,"https://www.forexfactory.com/calendar?week=mar22.2020&permalink=true&impacts=3&event_types=1,2,3,4,5,7,8,9,10,11&currencies=5,9",True
EVOCO0213,2020-03-26T12:30:00.000Z,USD,110778,Unemployment Claims,mar22.2020,"https://www.forexfactory.com/calendar?week=mar22.2020&permalink=true&impacts=3&event_types=1,2,3,4,5,7,8,9,10,11&currencies=5,9",True
EVOCO0214,2020-03-31T12:30:00.000Z,USD,116095,Fed Announcement,mar29.2020,"https://www.forexfactory.com/calendar?week=mar29.2020&permalink=true&impacts=3&event_types=1,2,3,4,5,7,8,9,10,11&currencies=5,9",True
EVOCO0215,2020-03-31T14:00:00.000Z,USD,113933,CB Consumer Confidence,mar29.2020,"https://www.forexfactory.com/calendar?week=mar29.2020&permalink=true&impacts=3&event_types=1,2,3,4,5,7,8,9,10,11&currencies=5,9",True
EVOCO0216,2020-04-01T12:15:00.000Z,USD,111105,ADP Non-Farm Employment Change,mar29.2020,"https://www.forexfactory.com/calendar?week=mar29.2020&permalink=true&impacts=3&event_types=1,2,3,4,5,7,8,9,10,11&currencies=5,9",True
EVOCO0217,2020-04-01T14:00:00.000Z,USD,111410,ISM Manufacturing PMI,mar29.2020,"https://www.forexfactory.com/calendar?week=mar29.2020&permalink=true&impacts=3&event_types=1,2,3,4,5,7,8,9,10,11&currencies=5,9",True
EVOCO0218,2020-04-02T12:30:00.000Z,USD,110779,Unemployment Claims,mar29.2020,"https://www.forexfactory.com/calendar?week=mar29.2020&permalink=true&impacts=3&event_types=1,2,3,4,5,7,8,9,10,11&currencies=5,9",True
EVOCO0219,2020-04-03T12:30:00.000Z,USD,111074|111075|111076,Unemployment Rate|Average Hourly Earnings m/m|Non-Farm Employment Change,mar29.2020,"https://www.forexfactory.com/calendar?week=mar29.2020&permalink=true&impacts=3&event_types=1,2,3,4,5,7,8,9,10,11&currencies=5,9",True
EVOCO0220,2020-04-09T11:30:00.000Z,EUR,112839,ECB Monetary Policy Meeting Accounts,apr5.2020,"https://www.forexfactory.com/calendar?week=apr5.2020&permalink=true&impacts=3&event_types=1,2,3,4,5,7,8,9,10,11&currencies=5,9",True
EVOCO0221,2020-04-09T12:30:00.000Z,USD,110780|116122,Unemployment Claims|Fed Announcement,apr5.2020,"https://www.forexfactory.com/calendar?week=apr5.2020&permalink=true&impacts=3&event_types=1,2,3,4,5,7,8,9,10,11&currencies=5,9",True
EVOCO0222,2020-04-10T12:30:00.000Z,USD,114138|114139|128629|152980,Core CPI m/m|CPI m/m|CPI y/y|Core CPI y/y,apr5.2020,"https://www.forexfactory.com/calendar?week=apr5.2020&permalink=true&impacts=3&event_types=1,2,3,4,5,7,8,9,10,11&currencies=5,9",True
EVOCO0223,2020-04-15T12:30:00.000Z,USD,114248|114249,Retail Sales m/m|Core Retail Sales m/m,apr12.2020,"https://www.forexfactory.com/calendar?week=apr12.2020&permalink=true&impacts=3&event_types=1,2,3,4,5,7,8,9,10,11&currencies=5,9",True
EVOCO0224,2020-04-16T12:30:00.000Z,USD,110781,Unemployment Claims,apr12.2020,"https://www.forexfactory.com/calendar?week=apr12.2020&permalink=true&impacts=3&event_types=1,2,3,4,5,7,8,9,10,11&currencies=5,9",True
EVOCO0225,2020-04-23T07:15:00.000Z,EUR,111610,French Flash Services PMI,apr19.2020,"https://www.forexfactory.com/calendar?week=apr19.2020&permalink=true&impacts=3&event_types=1,2,3,4,5,7,8,9,10,11&currencies=5,9",True
EVOCO0226,2020-04-23T07:30:00.000Z,EUR,111608|111609,German Flash Manufacturing PMI|German Flash Services PMI,apr19.2020,"https://www.forexfactory.com/calendar?week=apr19.2020&permalink=true&impacts=3&event_types=1,2,3,4,5,7,8,9,10,11&currencies=5,9",True
EVOCO0227,2020-04-23T12:30:00.000Z,USD,110782,Unemployment Claims,apr19.2020,"https://www.forexfactory.com/calendar?week=apr19.2020&permalink=true&impacts=3&event_types=1,2,3,4,5,7,8,9,10,11&currencies=5,9",True
EVOCO0228,2020-04-23T13:45:00.000Z,USD,111613,Flash Manufacturing PMI,apr19.2020,"https://www.forexfactory.com/calendar?week=apr19.2020&permalink=true&impacts=3&event_types=1,2,3,4,5,7,8,9,10,11&currencies=5,9",True
EVOCO0229,2020-04-24T08:00:00.000Z,EUR,112910,German ifo Business Climate,apr19.2020,"https://www.forexfactory.com/calendar?week=apr19.2020&permalink=true&impacts=3&event_types=1,2,3,4,5,7,8,9,10,11&currencies=5,9",True
EVOCO0230,2020-04-24T12:30:00.000Z,USD,114187,Core Durable Goods Orders m/m,apr19.2020,"https://www.forexfactory.com/calendar?week=apr19.2020&permalink=true&impacts=3&event_types=1,2,3,4,5,7,8,9,10,11&currencies=5,9",True
EVOCO0231,2020-04-28T14:00:00.000Z,USD,113934,CB Consumer Confidence,apr26.2020,"https://www.forexfactory.com/calendar?week=apr26.2020&permalink=true&impacts=3&event_types=1,2,3,4,5,7,8,9,10,11&currencies=5,9",True
EVOCO0232,2020-04-29T12:32:00.000Z,USD,111250,Advance GDP q/q,apr26.2020,"https://www.forexfactory.com/calendar?week=apr26.2020&permalink=true&impacts=3&event_types=1,2,3,4,5,7,8,9,10,11&currencies=5,9",True
EVOCO0233,2020-04-29T18:00:00.000Z,USD,111345,FOMC Statement,apr26.2020,"https://www.forexfactory.com/calendar?week=apr26.2020&permalink=true&impacts=3&event_types=1,2,3,4,5,7,8,9,10,11&currencies=5,9",True
EVOCO0234,2020-04-30T11:45:00.000Z,EUR,112819|112820,Main Refinancing Rate|Monetary Policy Statement,apr26.2020,"https://www.forexfactory.com/calendar?week=apr26.2020&permalink=true&impacts=3&event_types=1,2,3,4,5,7,8,9,10,11&currencies=5,9",True
EVOCO0235,2020-04-30T14:00:00.000Z,USD,116158,Fed Announcement,apr26.2020,"https://www.forexfactory.com/calendar?week=apr26.2020&permalink=true&impacts=3&event_types=1,2,3,4,5,7,8,9,10,11&currencies=5,9",True
EVOCO0236,2020-05-01T14:00:00.000Z,USD,111413,ISM Manufacturing PMI,apr26.2020,"https://www.forexfactory.com/calendar?week=apr26.2020&permalink=true&impacts=3&event_types=1,2,3,4,5,7,8,9,10,11&currencies=5,9",True
EVOCO0237,2020-05-05T08:11:00.000Z,EUR,116161,German Constitutional Court Ruling,may3.2020,"https://www.forexfactory.com/calendar?week=may3.2020&permalink=true&impacts=3&event_types=1,2,3,4,5,7,8,9,10,11&currencies=5,9",True
EVOCO0238,2020-05-05T14:00:00.000Z,USD,111523,ISM Services PMI,may3.2020,"https://www.forexfactory.com/calendar?week=may3.2020&permalink=true&impacts=3&event_types=1,2,3,4,5,7,8,9,10,11&currencies=5,9",True
EVOCO0239,2020-05-06T09:00:00.000Z,EUR,112846,EU Economic Forecasts,may3.2020,"https://www.forexfactory.com/calendar?week=may3.2020&permalink=true&impacts=3&event_types=1,2,3,4,5,7,8,9,10,11&currencies=5,9",True
EVOCO0240,2020-05-06T12:15:00.000Z,USD,111106,ADP Non-Farm Employment Change,may3.2020,"https://www.forexfactory.com/calendar?week=may3.2020&permalink=true&impacts=3&event_types=1,2,3,4,5,7,8,9,10,11&currencies=5,9",True
EVOCO0241,2020-05-07T12:30:00.000Z,USD,110784,Unemployment Claims,may3.2020,"https://www.forexfactory.com/calendar?week=may3.2020&permalink=true&impacts=3&event_types=1,2,3,4,5,7,8,9,10,11&currencies=5,9",True
EVOCO0242,2020-05-08T12:30:00.000Z,USD,111077|111078|111079,Unemployment Rate|Non-Farm Employment Change|Average Hourly Earnings m/m,may3.2020,"https://www.forexfactory.com/calendar?week=may3.2020&permalink=true&impacts=3&event_types=1,2,3,4,5,7,8,9,10,11&currencies=5,9",True
EVOCO0243,2020-05-12T12:30:00.000Z,USD,114140|114141|128630|152981,Core CPI m/m|CPI m/m|CPI y/y|Core CPI y/y,may10.2020,"https://www.forexfactory.com/calendar?week=may10.2020&permalink=true&impacts=3&event_types=1,2,3,4,5,7,8,9,10,11&currencies=5,9",True
EVOCO0244,2020-05-15T08:00:00.000Z,EUR,112998,German Prelim GDP q/q,may10.2020,"https://www.forexfactory.com/calendar?week=may10.2020&permalink=true&impacts=3&event_types=1,2,3,4,5,7,8,9,10,11&currencies=5,9",True
EVOCO0245,2020-05-15T12:30:00.000Z,USD,114250|114251,Retail Sales m/m|Core Retail Sales m/m,may10.2020,"https://www.forexfactory.com/calendar?week=may10.2020&permalink=true&impacts=3&event_types=1,2,3,4,5,7,8,9,10,11&currencies=5,9",True
EVOCO0246,2020-05-21T07:15:00.000Z,EUR,111618,French Flash Services PMI,may17.2020,"https://www.forexfactory.com/calendar?week=may17.2020&permalink=true&impacts=3&event_types=1,2,3,4,5,7,8,9,10,11&currencies=5,9",True
EVOCO0247,2020-05-21T07:30:00.000Z,EUR,111620|111621,German Flash Manufacturing PMI|German Flash Services PMI,may17.2020,"https://www.forexfactory.com/calendar?week=may17.2020&permalink=true&impacts=3&event_types=1,2,3,4,5,7,8,9,10,11&currencies=5,9",True
EVOCO0248,2020-05-21T13:45:00.000Z,USD,111615,Flash Manufacturing PMI,may17.2020,"https://www.forexfactory.com/calendar?week=may17.2020&permalink=true&impacts=3&event_types=1,2,3,4,5,7,8,9,10,11&currencies=5,9",True
EVOCO0249,2020-05-22T11:30:00.000Z,EUR,112840,ECB Monetary Policy Meeting Accounts,may17.2020,"https://www.forexfactory.com/calendar?week=may17.2020&permalink=true&impacts=3&event_types=1,2,3,4,5,7,8,9,10,11&currencies=5,9",True
EVOCO0250,2020-05-28T12:30:00.000Z,USD,111258,Prelim GDP q/q,may24.2020,"https://www.forexfactory.com/calendar?week=may24.2020&permalink=true&impacts=3&event_types=1,2,3,4,5,7,8,9,10,11&currencies=5,9",True
EVOCO0251,2020-06-01T14:00:00.000Z,USD,111428,ISM Manufacturing PMI,may31.2020,"https://www.forexfactory.com/calendar?week=may31.2020&permalink=true&impacts=3&event_types=1,2,3,4,5,7,8,9,10,11&currencies=5,9",True
EVOCO0252,2020-06-03T12:15:00.000Z,USD,111111,ADP Non-Farm Employment Change,may31.2020,"https://www.forexfactory.com/calendar?week=may31.2020&permalink=true&impacts=3&event_types=1,2,3,4,5,7,8,9,10,11&currencies=5,9",True
EVOCO0253,2020-06-03T14:00:00.000Z,USD,111531,ISM Services PMI,may31.2020,"https://www.forexfactory.com/calendar?week=may31.2020&permalink=true&impacts=3&event_types=1,2,3,4,5,7,8,9,10,11&currencies=5,9",True
EVOCO0254,2020-06-04T11:45:00.000Z,EUR,112822|112823,Main Refinancing Rate|Monetary Policy Statement,may31.2020,"https://www.forexfactory.com/calendar?week=may31.2020&permalink=true&impacts=3&event_types=1,2,3,4,5,7,8,9,10,11&currencies=5,9",True
EVOCO0255,2020-06-05T12:30:00.000Z,USD,111080|111081|111082,Average Hourly Earnings m/m|Non-Farm Employment Change|Unemployment Rate,may31.2020,"https://www.forexfactory.com/calendar?week=may31.2020&permalink=true&impacts=3&event_types=1,2,3,4,5,7,8,9,10,11&currencies=5,9",True
EVOCO0256,2020-06-10T12:30:00.000Z,USD,114142|114143|128631|152982,CPI m/m|Core CPI m/m|CPI y/y|Core CPI y/y,jun7.2020,"https://www.forexfactory.com/calendar?week=jun7.2020&permalink=true&impacts=3&event_types=1,2,3,4,5,7,8,9,10,11&currencies=5,9",True
EVOCO0257,2020-06-10T18:00:00.000Z,USD,111347|111348|111349,FOMC Economic Projections|FOMC Statement|Federal Funds Rate,jun7.2020,"https://www.forexfactory.com/calendar?week=jun7.2020&permalink=true&impacts=3&event_types=1,2,3,4,5,7,8,9,10,11&currencies=5,9",True
EVOCO0258,2020-06-12T14:00:00.000Z,USD,111171,Prelim UoM Consumer Sentiment,jun7.2020,"https://www.forexfactory.com/calendar?week=jun7.2020&permalink=true&impacts=3&event_types=1,2,3,4,5,7,8,9,10,11&currencies=5,9",True
EVOCO0259,2020-06-15T18:00:00.000Z,USD,116246,Fed Announcement,jun14.2020,"https://www.forexfactory.com/calendar?week=jun14.2020&permalink=true&impacts=3&event_types=1,2,3,4,5,7,8,9,10,11&currencies=5,9",True
EVOCO0260,2020-06-16T12:30:00.000Z,USD,114252|114253,Retail Sales m/m|Core Retail Sales m/m,jun14.2020,"https://www.forexfactory.com/calendar?week=jun14.2020&permalink=true&impacts=3&event_types=1,2,3,4,5,7,8,9,10,11&currencies=5,9",True
EVOCO0261,2020-06-23T07:15:00.000Z,EUR,111625,French Flash Services PMI,jun21.2020,"https://www.forexfactory.com/calendar?week=jun21.2020&permalink=true&impacts=3&event_types=1,2,3,4,5,7,8,9,10,11&currencies=5,9",True
EVOCO0262,2020-06-23T07:30:00.000Z,EUR,111622|111623,German Flash Manufacturing PMI|German Flash Services PMI,jun21.2020,"https://www.forexfactory.com/calendar?week=jun21.2020&permalink=true&impacts=3&event_types=1,2,3,4,5,7,8,9,10,11&currencies=5,9",True
EVOCO0263,2020-07-01T12:15:00.000Z,USD,111113,ADP Non-Farm Employment Change,jun28.2020,"https://www.forexfactory.com/calendar?week=jun28.2020&permalink=true&impacts=3&event_types=1,2,3,4,5,7,8,9,10,11&currencies=5,9",True
EVOCO0264,2020-07-02T12:30:00.000Z,USD,111083|111084|111085,Unemployment Rate|Average Hourly Earnings m/m|Non-Farm Employment Change,jun28.2020,"https://www.forexfactory.com/calendar?week=jun28.2020&permalink=true&impacts=3&event_types=1,2,3,4,5,7,8,9,10,11&currencies=5,9",True
EVOCO0265,2020-07-06T14:00:00.000Z,USD,111539,ISM Services PMI,jul5.2020,"https://www.forexfactory.com/calendar?week=jul5.2020&permalink=true&impacts=3&event_types=1,2,3,4,5,7,8,9,10,11&currencies=5,9",True
EVOCO0266,2020-07-14T12:30:00.000Z,USD,128632|152983,CPI y/y|Core CPI y/y,jul12.2020,"https://www.forexfactory.com/calendar?week=jul12.2020&permalink=true&impacts=3&event_types=1,2,3,4,5,7,8,9,10,11&currencies=5,9",True
EVOCO0267,2020-07-16T11:45:00.000Z,EUR,112825|112826,Main Refinancing Rate|Monetary Policy Statement,jul12.2020,"https://www.forexfactory.com/calendar?week=jul12.2020&permalink=true&impacts=3&event_types=1,2,3,4,5,7,8,9,10,11&currencies=5,9",True
EVOCO0268,2020-07-24T07:15:00.000Z,EUR,111644,French Flash Services PMI,jul19.2020,"https://www.forexfactory.com/calendar?week=jul19.2020&permalink=true&impacts=3&event_types=1,2,3,4,5,7,8,9,10,11&currencies=5,9",True
EVOCO0269,2020-07-24T07:30:00.000Z,EUR,111630|111631,German Flash Manufacturing PMI|German Flash Services PMI,jul19.2020,"https://www.forexfactory.com/calendar?week=jul19.2020&permalink=true&impacts=3&event_types=1,2,3,4,5,7,8,9,10,11&currencies=5,9",True
EVOCO0270,2020-07-28T13:30:00.000Z,USD,116312,Fed Announcement,jul26.2020,"https://www.forexfactory.com/calendar?week=jul26.2020&permalink=true&impacts=3&event_types=1,2,3,4,5,7,8,9,10,11&currencies=5,9",True
EVOCO0271,2020-07-29T14:00:00.000Z,USD,114005,Pending Home Sales m/m,jul26.2020,"https://www.forexfactory.com/calendar?week=jul26.2020&permalink=true&impacts=3&event_types=1,2,3,4,5,7,8,9,10,11&currencies=5,9",True
EVOCO0272,2020-07-29T18:00:00.000Z,USD,111352,FOMC Statement,jul26.2020,"https://www.forexfactory.com/calendar?week=jul26.2020&permalink=true&impacts=3&event_types=1,2,3,4,5,7,8,9,10,11&currencies=5,9",True
EVOCO0273,2020-07-30T08:00:00.000Z,EUR,116306,German Prelim GDP q/q,jul26.2020,"https://www.forexfactory.com/calendar?week=jul26.2020&permalink=true&impacts=3&event_types=1,2,3,4,5,7,8,9,10,11&currencies=5,9",True
EVOCO0274,2020-07-30T12:30:00.000Z,USD,111252,Advance GDP q/q,jul26.2020,"https://www.forexfactory.com/calendar?week=jul26.2020&permalink=true&impacts=3&event_types=1,2,3,4,5,7,8,9,10,11&currencies=5,9",True
EVOCO0275,2020-08-03T14:00:00.000Z,USD,111445,ISM Manufacturing PMI,aug2.2020,"https://www.forexfactory.com/calendar?week=aug2.2020&permalink=true&impacts=3&event_types=1,2,3,4,5,7,8,9,10,11&currencies=5,9",True
EVOCO0276,2020-08-05T14:00:00.000Z,USD,111547,ISM Services PMI,aug2.2020,"https://www.forexfactory.com/calendar?week=aug2.2020&permalink=true&impacts=3&event_types=1,2,3,4,5,7,8,9,10,11&currencies=5,9",True
EVOCO0277,2020-08-07T12:30:00.000Z,USD,111086|111087|111088,Average Hourly Earnings m/m|Unemployment Rate|Non-Farm Employment Change,aug2.2020,"https://www.forexfactory.com/calendar?week=aug2.2020&permalink=true&impacts=3&event_types=1,2,3,4,5,7,8,9,10,11&currencies=5,9",True
EVOCO0278,2020-08-12T12:30:00.000Z,USD,114146|114147|128633|152984,CPI m/m|Core CPI m/m|CPI y/y|Core CPI y/y,aug9.2020,"https://www.forexfactory.com/calendar?week=aug9.2020&permalink=true&impacts=3&event_types=1,2,3,4,5,7,8,9,10,11&currencies=5,9",True
EVOCO0279,2020-08-14T12:30:00.000Z,USD,114256|114257,Retail Sales m/m|Core Retail Sales m/m,aug9.2020,"https://www.forexfactory.com/calendar?week=aug9.2020&permalink=true&impacts=3&event_types=1,2,3,4,5,7,8,9,10,11&currencies=5,9",True
EVOCO0280,2020-08-21T07:15:00.000Z,EUR,111639,French Flash Services PMI,aug16.2020,"https://www.forexfactory.com/calendar?week=aug16.2020&permalink=true&impacts=3&event_types=1,2,3,4,5,7,8,9,10,11&currencies=5,9",True
EVOCO0281,2020-08-21T07:30:00.000Z,EUR,111634|111635,German Flash Manufacturing PMI|German Flash Services PMI,aug16.2020,"https://www.forexfactory.com/calendar?week=aug16.2020&permalink=true&impacts=3&event_types=1,2,3,4,5,7,8,9,10,11&currencies=5,9",True
EVOCO0282,2020-09-01T14:00:00.000Z,USD,111455,ISM Manufacturing PMI,aug30.2020,"https://www.forexfactory.com/calendar?week=aug30.2020&permalink=true&impacts=3&event_types=1,2,3,4,5,7,8,9,10,11&currencies=5,9",True
EVOCO0283,2020-09-02T12:15:00.000Z,USD,111117,ADP Non-Farm Employment Change,aug30.2020,"https://www.forexfactory.com/calendar?week=aug30.2020&permalink=true&impacts=3&event_types=1,2,3,4,5,7,8,9,10,11&currencies=5,9",True
EVOCO0284,2020-09-03T14:00:00.000Z,USD,111555,ISM Services PMI,aug30.2020,"https://www.forexfactory.com/calendar?week=aug30.2020&permalink=true&impacts=3&event_types=1,2,3,4,5,7,8,9,10,11&currencies=5,9",True
EVOCO0285,2020-09-04T12:30:00.000Z,USD,111089|111090|111091,Unemployment Rate|Non-Farm Employment Change|Average Hourly Earnings m/m,aug30.2020,"https://www.forexfactory.com/calendar?week=aug30.2020&permalink=true&impacts=3&event_types=1,2,3,4,5,7,8,9,10,11&currencies=5,9",True
EVOCO0286,2020-09-10T11:45:00.000Z,EUR,112828|112829,Main Refinancing Rate|Monetary Policy Statement,sep6.2020,"https://www.forexfactory.com/calendar?week=sep6.2020&permalink=true&impacts=3&event_types=1,2,3,4,5,7,8,9,10,11&currencies=5,9",True
EVOCO0287,2020-09-11T12:30:00.000Z,USD,128634|152985,CPI y/y|Core CPI y/y,sep6.2020,"https://www.forexfactory.com/calendar?week=sep6.2020&permalink=true&impacts=3&event_types=1,2,3,4,5,7,8,9,10,11&currencies=5,9",True
EVOCO0288,2020-09-16T12:30:00.000Z,USD,114261,Core Retail Sales m/m,sep13.2020,"https://www.forexfactory.com/calendar?week=sep13.2020&permalink=true&impacts=3&event_types=1,2,3,4,5,7,8,9,10,11&currencies=5,9",True
EVOCO0289,2020-09-16T18:00:00.000Z,USD,111355|111356,FOMC Economic Projections|FOMC Statement,sep13.2020,"https://www.forexfactory.com/calendar?week=sep13.2020&permalink=true&impacts=3&event_types=1,2,3,4,5,7,8,9,10,11&currencies=5,9",True
EVOCO0290,2020-09-23T07:15:00.000Z,EUR,111650,French Flash Services PMI,sep20.2020,"https://www.forexfactory.com/calendar?week=sep20.2020&permalink=true&impacts=3&event_types=1,2,3,4,5,7,8,9,10,11&currencies=5,9",True
EVOCO0291,2020-09-23T07:30:00.000Z,EUR,111647|111649,German Flash Services PMI|German Flash Manufacturing PMI,sep20.2020,"https://www.forexfactory.com/calendar?week=sep20.2020&permalink=true&impacts=3&event_types=1,2,3,4,5,7,8,9,10,11&currencies=5,9",True
EVOCO0292,2020-09-23T13:45:00.000Z,USD,111648,Flash Manufacturing PMI,sep20.2020,"https://www.forexfactory.com/calendar?week=sep20.2020&permalink=true&impacts=3&event_types=1,2,3,4,5,7,8,9,10,11&currencies=5,9",True
EVOCO0293,2020-10-01T14:00:00.000Z,USD,111458,ISM Manufacturing PMI,sep27.2020,"https://www.forexfactory.com/calendar?week=sep27.2020&permalink=true&impacts=3&event_types=1,2,3,4,5,7,8,9,10,11&currencies=5,9",True
EVOCO0294,2020-10-02T12:30:00.000Z,USD,111092|111093|111094,Non-Farm Employment Change|Unemployment Rate|Average Hourly Earnings m/m,sep27.2020,"https://www.forexfactory.com/calendar?week=sep27.2020&permalink=true&impacts=3&event_types=1,2,3,4,5,7,8,9,10,11&currencies=5,9",True
EVOCO0295,2020-10-05T14:00:00.000Z,USD,111563,ISM Services PMI,oct4.2020,"https://www.forexfactory.com/calendar?week=oct4.2020&permalink=true&impacts=3&event_types=1,2,3,4,5,7,8,9,10,11&currencies=5,9",True
EVOCO0296,2020-10-07T18:00:00.000Z,USD,111370,FOMC Meeting Minutes,oct4.2020,"https://www.forexfactory.com/calendar?week=oct4.2020&permalink=true&impacts=3&event_types=1,2,3,4,5,7,8,9,10,11&currencies=5,9",True
EVOCO0297,2020-10-13T12:30:00.000Z,USD,128635|152986,CPI y/y|Core CPI y/y,oct11.2020,"https://www.forexfactory.com/calendar?week=oct11.2020&permalink=true&impacts=3&event_types=1,2,3,4,5,7,8,9,10,11&currencies=5,9",True
EVOCO0298,2020-10-16T12:30:00.000Z,USD,114258|114259,Retail Sales m/m|Core Retail Sales m/m,oct11.2020,"https://www.forexfactory.com/calendar?week=oct11.2020&permalink=true&impacts=3&event_types=1,2,3,4,5,7,8,9,10,11&currencies=5,9",True
EVOCO0299,2020-10-23T07:15:00.000Z,EUR,111659,French Flash Services PMI,oct18.2020,"https://www.forexfactory.com/calendar?week=oct18.2020&permalink=true&impacts=3&event_types=1,2,3,4,5,7,8,9,10,11&currencies=5,9",True
EVOCO0300,2020-10-23T07:30:00.000Z,EUR,111660|111661,German Flash Manufacturing PMI|German Flash Services PMI,oct18.2020,"https://www.forexfactory.com/calendar?week=oct18.2020&permalink=true&impacts=3&event_types=1,2,3,4,5,7,8,9,10,11&currencies=5,9",True
EVOCO0301,2020-10-29T12:30:00.000Z,USD,111254,Advance GDP q/q,oct25.2020,"https://www.forexfactory.com/calendar?week=oct25.2020&permalink=true&impacts=3&event_types=1,2,3,4,5,7,8,9,10,11&currencies=5,9",True
EVOCO0302,2020-10-29T12:45:00.000Z,EUR,112831|112832,Main Refinancing Rate|Monetary Policy Statement,oct25.2020,"https://www.forexfactory.com/calendar?week=oct25.2020&permalink=true&impacts=3&event_types=1,2,3,4,5,7,8,9,10,11&currencies=5,9",True
EVOCO0303,2020-10-30T15:00:00.000Z,USD,117243,Fed Announcement,oct25.2020,"https://www.forexfactory.com/calendar?week=oct25.2020&permalink=true&impacts=3&event_types=1,2,3,4,5,7,8,9,10,11&currencies=5,9",True
EVOCO0304,2020-11-02T15:00:00.000Z,USD,111467,ISM Manufacturing PMI,nov1.2020,"https://www.forexfactory.com/calendar?week=nov1.2020&permalink=true&impacts=3&event_types=1,2,3,4,5,7,8,9,10,11&currencies=5,9",True
EVOCO0305,2020-11-04T15:00:00.000Z,USD,111571,ISM Services PMI,nov1.2020,"https://www.forexfactory.com/calendar?week=nov1.2020&permalink=true&impacts=3&event_types=1,2,3,4,5,7,8,9,10,11&currencies=5,9",True
EVOCO0306,2020-11-05T19:00:00.000Z,USD,111358,FOMC Statement,nov1.2020,"https://www.forexfactory.com/calendar?week=nov1.2020&permalink=true&impacts=3&event_types=1,2,3,4,5,7,8,9,10,11&currencies=5,9",True
EVOCO0307,2020-11-06T13:30:00.000Z,USD,111095|111096|111097,Average Hourly Earnings m/m|Non-Farm Employment Change|Unemployment Rate,nov1.2020,"https://www.forexfactory.com/calendar?week=nov1.2020&permalink=true&impacts=3&event_types=1,2,3,4,5,7,8,9,10,11&currencies=5,9",True
EVOCO0308,2020-11-12T13:30:00.000Z,USD,128636|152987,CPI y/y|Core CPI y/y,nov8.2020,"https://www.forexfactory.com/calendar?week=nov8.2020&permalink=true&impacts=3&event_types=1,2,3,4,5,7,8,9,10,11&currencies=5,9",True
EVOCO0309,2020-11-17T13:30:00.000Z,USD,114264|114265,Retail Sales m/m|Core Retail Sales m/m,nov15.2020,"https://www.forexfactory.com/calendar?week=nov15.2020&permalink=true&impacts=3&event_types=1,2,3,4,5,7,8,9,10,11&currencies=5,9",True
EVOCO0310,2020-11-23T08:15:00.000Z,EUR,111665,French Flash Services PMI,nov22.2020,"https://www.forexfactory.com/calendar?week=nov22.2020&permalink=true&impacts=3&event_types=1,2,3,4,5,7,8,9,10,11&currencies=5,9",True
EVOCO0311,2020-11-23T08:30:00.000Z,EUR,111666|111667,German Flash Manufacturing PMI|German Flash Services PMI,nov22.2020,"https://www.forexfactory.com/calendar?week=nov22.2020&permalink=true&impacts=3&event_types=1,2,3,4,5,7,8,9,10,11&currencies=5,9",True
EVOCO0312,2020-11-25T19:00:00.000Z,USD,116522,FOMC Meeting Minutes,nov22.2020,"https://www.forexfactory.com/calendar?week=nov22.2020&permalink=true&impacts=3&event_types=1,2,3,4,5,7,8,9,10,11&currencies=5,9",True
EVOCO0313,2020-12-04T13:30:00.000Z,USD,111098|111099|111100,Non-Farm Employment Change|Unemployment Rate|Average Hourly Earnings m/m,nov29.2020,"https://www.forexfactory.com/calendar?week=nov29.2020&permalink=true&impacts=3&event_types=1,2,3,4,5,7,8,9,10,11&currencies=5,9",True
EVOCO0314,2020-12-10T12:45:00.000Z,EUR,112834|112835,Main Refinancing Rate|Monetary Policy Statement,dec6.2020,"https://www.forexfactory.com/calendar?week=dec6.2020&permalink=true&impacts=3&event_types=1,2,3,4,5,7,8,9,10,11&currencies=5,9",True
EVOCO0315,2020-12-16T08:15:00.000Z,EUR,111673,French Flash Services PMI,dec13.2020,"https://www.forexfactory.com/calendar?week=dec13.2020&permalink=true&impacts=3&event_types=1,2,3,4,5,7,8,9,10,11&currencies=5,9",True
EVOCO0316,2020-12-16T08:30:00.000Z,EUR,111674|111675,German Flash Manufacturing PMI|German Flash Services PMI,dec13.2020,"https://www.forexfactory.com/calendar?week=dec13.2020&permalink=true&impacts=3&event_types=1,2,3,4,5,7,8,9,10,11&currencies=5,9",True
EVOCO0317,2020-12-16T13:30:00.000Z,USD,114262|114263,Retail Sales m/m|Core Retail Sales m/m,dec13.2020,"https://www.forexfactory.com/calendar?week=dec13.2020&permalink=true&impacts=3&event_types=1,2,3,4,5,7,8,9,10,11&currencies=5,9",True
EVOCO0318,2020-12-16T14:45:00.000Z,USD,111676,Flash Manufacturing PMI,dec13.2020,"https://www.forexfactory.com/calendar?week=dec13.2020&permalink=true&impacts=3&event_types=1,2,3,4,5,7,8,9,10,11&currencies=5,9",True
EVOCO0319,2020-12-16T19:00:00.000Z,USD,111362|111363,FOMC Economic Projections|FOMC Statement,dec13.2020,"https://www.forexfactory.com/calendar?week=dec13.2020&permalink=true&impacts=3&event_types=1,2,3,4,5,7,8,9,10,11&currencies=5,9",True
